041807d9-694a-42c2-aa0f-6ccab5a9fe48.xml.macaon	0	1	vikidia	vikidia	nc	nc	_	_	_	_	_

041807d9-694a-42c2-aa0f-6ccab5a9fe48.xml.macaon	1	1	041807d9	041807d9	adj	adj	_	3	mod	_	_
041807d9-694a-42c2-aa0f-6ccab5a9fe48.xml.macaon	2	2	-	-	ponctw	ponctw	_	1	ponct	_	_
041807d9-694a-42c2-aa0f-6ccab5a9fe48.xml.macaon	3	3	694a	694a	nc	nc	_	_	_	_	_
041807d9-694a-42c2-aa0f-6ccab5a9fe48.xml.macaon	4	4	-	-	ponctw	ponctw	_	3	ponct	_	_
041807d9-694a-42c2-aa0f-6ccab5a9fe48.xml.macaon	5	5	42c2	42c2	nc	nc	_	3	mod	_	_
041807d9-694a-42c2-aa0f-6ccab5a9fe48.xml.macaon	6	6	-	-	ponctw	ponctw	_	5	ponct	_	_
041807d9-694a-42c2-aa0f-6ccab5a9fe48.xml.macaon	7	7	aa0f	aa0f	adj	adj	_	5	mod	_	_
041807d9-694a-42c2-aa0f-6ccab5a9fe48.xml.macaon	8	8	-	-	ponctw	ponctw	_	5	ponct	_	_
041807d9-694a-42c2-aa0f-6ccab5a9fe48.xml.macaon	9	9	6ccab5a9fe48	6ccab5a9fe48	adj	adj	_	5	mod	_	_

041807d9-694a-42c2-aa0f-6ccab5a9fe48.xml.macaon	10	1	ADDED	ADDED	nc	nc	_	_	_	_	_

041807d9-694a-42c2-aa0f-6ccab5a9fe48.xml.macaon	11	1	2016	2016	adj	adj	_	3	mod	_	_
041807d9-694a-42c2-aa0f-6ccab5a9fe48.xml.macaon	12	2	-	-	ponctw	ponctw	_	1	ponct	_	_
041807d9-694a-42c2-aa0f-6ccab5a9fe48.xml.macaon	13	3	06	06	nc	nc	_	_	_	_	_
041807d9-694a-42c2-aa0f-6ccab5a9fe48.xml.macaon	14	4	-	-	ponctw	ponctw	_	3	ponct	_	_
041807d9-694a-42c2-aa0f-6ccab5a9fe48.xml.macaon	15	5	15T14	15T14	nc	nc	_	3	mod	_	_
041807d9-694a-42c2-aa0f-6ccab5a9fe48.xml.macaon	16	6	:	:	ponctw	ponctw	_	5	ponct	_	_
041807d9-694a-42c2-aa0f-6ccab5a9fe48.xml.macaon	17	7	53	53	nc	nc	_	5	mod	_	_
041807d9-694a-42c2-aa0f-6ccab5a9fe48.xml.macaon	18	8	:	:	ponctw	ponctw	_	7	ponct	_	_
041807d9-694a-42c2-aa0f-6ccab5a9fe48.xml.macaon	19	9	05Z	05Z	nc	nc	_	7	mod	_	_

041807d9-694a-42c2-aa0f-6ccab5a9fe48.xml.macaon	20	1	Grèce	Grèce	np	np	_	_	_	_	_
041807d9-694a-42c2-aa0f-6ccab5a9fe48.xml.macaon	21	2	classique	classique	adj	adj	_	1	mod	_	_

041807d9-694a-42c2-aa0f-6ccab5a9fe48.xml.macaon	22	1	On	on	cln	cln	_	2	suj	_	_
041807d9-694a-42c2-aa0f-6ccab5a9fe48.xml.macaon	23	2	appelle	appeler	v	v	_	_	_	_	_	B:OTHER:G
041807d9-694a-42c2-aa0f-6ccab5a9fe48.xml.macaon	24	3	Grèce	Grèce	np	np	_	2	__JOKER__	_	_
041807d9-694a-42c2-aa0f-6ccab5a9fe48.xml.macaon	25	4	classique	classique	adj	adj	_	3	mod	_	_
041807d9-694a-42c2-aa0f-6ccab5a9fe48.xml.macaon	26	5	,	,	ponctw	ponctw	_	2	ponct	_	_
041807d9-694a-42c2-aa0f-6ccab5a9fe48.xml.macaon	27	6	la	le	det	det	_	7	det	_	_
041807d9-694a-42c2-aa0f-6ccab5a9fe48.xml.macaon	28	7	période	période	nc	nc	_	2	obj	_	_
041807d9-694a-42c2-aa0f-6ccab5a9fe48.xml.macaon	29	8	de#l'	de#l'	prep	prep	_	7	dep	_	_
041807d9-694a-42c2-aa0f-6ccab5a9fe48.xml.macaon	30	9	histoire#de	histoire#de	nc	nc	_	8	obj	_	_
041807d9-694a-42c2-aa0f-6ccab5a9fe48.xml.macaon	31	10	la	le	det	det	_	11	det	_	_
041807d9-694a-42c2-aa0f-6ccab5a9fe48.xml.macaon	32	11	Grèce	Grèce	np	np	_	8	obj	_	_
041807d9-694a-42c2-aa0f-6ccab5a9fe48.xml.macaon	33	12	antique	antique	adj	adj	_	11	mod	_	_
041807d9-694a-42c2-aa0f-6ccab5a9fe48.xml.macaon	34	13	,	,	ponctw	ponctw	_	7	ponct	_	_
041807d9-694a-42c2-aa0f-6ccab5a9fe48.xml.macaon	35	14	située	situer	vppart	vppart	_	7	mod	_	_
041807d9-694a-42c2-aa0f-6ccab5a9fe48.xml.macaon	36	15	entre	entre	prep	prep	_	14	mod	_	_
041807d9-694a-42c2-aa0f-6ccab5a9fe48.xml.macaon	37	16	l'	le	det	det	_	17	det	_	_
041807d9-694a-42c2-aa0f-6ccab5a9fe48.xml.macaon	38	17	époque	époque	nc	nc	_	15	obj	_	_
041807d9-694a-42c2-aa0f-6ccab5a9fe48.xml.macaon	39	18	archaïque	archaïque	adj	adj	_	17	mod	_	_
041807d9-694a-42c2-aa0f-6ccab5a9fe48.xml.macaon	40	19	et	et	coo	coo	_	17	coord	_	_
041807d9-694a-42c2-aa0f-6ccab5a9fe48.xml.macaon	41	20	l'	le	det	det	_	21	det	_	_
041807d9-694a-42c2-aa0f-6ccab5a9fe48.xml.macaon	42	21	époque	époque	nc	nc	_	19	dep_coord	_	_
041807d9-694a-42c2-aa0f-6ccab5a9fe48.xml.macaon	43	22	hellénistique	hellénistique	adj	adj	_	21	mod	_	_
041807d9-694a-42c2-aa0f-6ccab5a9fe48.xml.macaon	44	23	.	.	poncts	poncts	_	2	ponct	_	_

041807d9-694a-42c2-aa0f-6ccab5a9fe48.xml.macaon	45	1	Elle	elle	cln	cln	_	2	suj	_	_
041807d9-694a-42c2-aa0f-6ccab5a9fe48.xml.macaon	46	2	correspond	correspondre	v	v	_	_	_	_	_
041807d9-694a-42c2-aa0f-6ccab5a9fe48.xml.macaon	47	3	aux	aux	prep	prep	_	2	mod	_	_
041807d9-694a-42c2-aa0f-6ccab5a9fe48.xml.macaon	48	4	Ve	Ve	np	np	_	3	obj	_	_
041807d9-694a-42c2-aa0f-6ccab5a9fe48.xml.macaon	49	5	et	et	coo	coo	_	4	coord	_	_
041807d9-694a-42c2-aa0f-6ccab5a9fe48.xml.macaon	50	6	IVe	IVe	adj	adj	_	7	mod	_	_
041807d9-694a-42c2-aa0f-6ccab5a9fe48.xml.macaon	51	7	siècles	siècle	nc	nc	_	3	obj	_	_
041807d9-694a-42c2-aa0f-6ccab5a9fe48.xml.macaon	52	8	av.	av.	nc	nc	_	7	mod	_	_

041807d9-694a-42c2-aa0f-6ccab5a9fe48.xml.macaon	53	1	J.-C.	Jésus-Christ	np	np	_	_	_	_	_
041807d9-694a-42c2-aa0f-6ccab5a9fe48.xml.macaon	54	2	.	.	poncts	poncts	_	1	__JOKER__	_	_

041807d9-694a-42c2-aa0f-6ccab5a9fe48.xml.macaon	55	1	Elle	elle	cln	cln	_	3	suj	_	_
041807d9-694a-42c2-aa0f-6ccab5a9fe48.xml.macaon	56	2	se	se	clr	clr	_	3	aff	_	_
041807d9-694a-42c2-aa0f-6ccab5a9fe48.xml.macaon	57	3	déroule	dérouler	v	v	_	_	_	_	_
041807d9-694a-42c2-aa0f-6ccab5a9fe48.xml.macaon	58	4	depuis	depuis	prep	prep	_	3	mod	_	_
041807d9-694a-42c2-aa0f-6ccab5a9fe48.xml.macaon	59	5	la	le	det	det	_	6	det	_	_
041807d9-694a-42c2-aa0f-6ccab5a9fe48.xml.macaon	60	6	victoire	victoire	nc	nc	_	4	obj	_	_	B:Finish_competition:TARGET:victoire:G:60
041807d9-694a-42c2-aa0f-6ccab5a9fe48.xml.macaon	61	7	athénienne	athénien	adj	adj	_	6	mod	_	_	B:Finish_competition:FE:Competitor:G:60
041807d9-694a-42c2-aa0f-6ccab5a9fe48.xml.macaon	62	8	de	de	prep	prep	_	6	dep	_	_	B:Finish_competition:FE:Competition:G:60
041807d9-694a-42c2-aa0f-6ccab5a9fe48.xml.macaon	63	9	Salamine	Salamine	np	np	_	8	obj	_	_	I:Finish_competition:FE:Competition:G:60
041807d9-694a-42c2-aa0f-6ccab5a9fe48.xml.macaon	64	10	contre	contre	prep	prep	_	3	mod	_	_
041807d9-694a-42c2-aa0f-6ccab5a9fe48.xml.macaon	65	11	les	le	det	det	_	12	det	_	_	B:Finish_competition:FE:Opponent:G:60
041807d9-694a-42c2-aa0f-6ccab5a9fe48.xml.macaon	66	12	Perses	perse	nc	nc	_	10	obj	_	_	I:Finish_competition:FE:Opponent:G:60
041807d9-694a-42c2-aa0f-6ccab5a9fe48.xml.macaon	67	13	en	en	prep	prep	_	12	dep	_	_
041807d9-694a-42c2-aa0f-6ccab5a9fe48.xml.macaon	68	14	480	480	det	det	_	15	det	_	_
041807d9-694a-42c2-aa0f-6ccab5a9fe48.xml.macaon	69	15	av.	av.	nc	nc	_	13	obj	_	_

041807d9-694a-42c2-aa0f-6ccab5a9fe48.xml.macaon	70	1	J.-C.	J.-C.	nc	nc	_	_	_	_	_
041807d9-694a-42c2-aa0f-6ccab5a9fe48.xml.macaon	71	2	jusqu'à	jusqu'à	prep	prep	_	1	dep	_	_
041807d9-694a-42c2-aa0f-6ccab5a9fe48.xml.macaon	72	3	la	le	det	det	_	4	det	_	_
041807d9-694a-42c2-aa0f-6ccab5a9fe48.xml.macaon	73	4	mort	mort	nc	nc	_	2	obj	_	_	B:Death:TARGET:mort:G:73
041807d9-694a-42c2-aa0f-6ccab5a9fe48.xml.macaon	74	5	d'	de	prep	prep	_	4	dep	_	_
041807d9-694a-42c2-aa0f-6ccab5a9fe48.xml.macaon	75	6	Alexandre	Alexandre	np	np	_	5	obj	_	_	B:Death:FE:Protagonist:G:73
041807d9-694a-42c2-aa0f-6ccab5a9fe48.xml.macaon	76	7	le	le	det	det	_	8	det	_	_	I:Death:FE:Protagonist:G:73
041807d9-694a-42c2-aa0f-6ccab5a9fe48.xml.macaon	77	8	Grand	Grand	np	np	_	5	obj	_	_	I:Death:FE:Protagonist:G:73
041807d9-694a-42c2-aa0f-6ccab5a9fe48.xml.macaon	78	9	en	en	prep	prep	_	8	dep	_	_
041807d9-694a-42c2-aa0f-6ccab5a9fe48.xml.macaon	79	10	323	323	det	det	_	11	det	_	_
041807d9-694a-42c2-aa0f-6ccab5a9fe48.xml.macaon	80	11	av.	av.	nc	nc	_	9	obj	_	_

041807d9-694a-42c2-aa0f-6ccab5a9fe48.xml.macaon	81	1	J.-C.	J.-C.	nc	nc	_	_	_	_	_

041807d9-694a-42c2-aa0f-6ccab5a9fe48.xml.macaon	82	1	Antiquité	antiquité	nc	nc	_	_	_	_	_

041807d9-694a-42c2-aa0f-6ccab5a9fe48.xml.macaon	83	1	Grèce	Grèce	np	np	_	_	_	_	_
041807d9-694a-42c2-aa0f-6ccab5a9fe48.xml.macaon	84	2	classique	classique	adj	adj	_	1	mod	_	_

041807d9-694a-42c2-aa0f-6ccab5a9fe48.xml.macaon	85	1	On	on	cln	cln	_	2	suj	_	_
041807d9-694a-42c2-aa0f-6ccab5a9fe48.xml.macaon	86	2	appelle	appeler	v	v	_	_	_	_	_	B:OTHER:G
041807d9-694a-42c2-aa0f-6ccab5a9fe48.xml.macaon	87	3	Grèce	Grèce	np	np	_	2	__JOKER__	_	_
041807d9-694a-42c2-aa0f-6ccab5a9fe48.xml.macaon	88	4	classique	classique	adj	adj	_	3	mod	_	_
041807d9-694a-42c2-aa0f-6ccab5a9fe48.xml.macaon	89	5	,	,	ponctw	ponctw	_	2	ponct	_	_
041807d9-694a-42c2-aa0f-6ccab5a9fe48.xml.macaon	90	6	la	le	det	det	_	7	det	_	_
041807d9-694a-42c2-aa0f-6ccab5a9fe48.xml.macaon	91	7	période	période	nc	nc	_	2	obj	_	_
041807d9-694a-42c2-aa0f-6ccab5a9fe48.xml.macaon	92	8	de#l'	de#l'	prep	prep	_	7	dep	_	_
041807d9-694a-42c2-aa0f-6ccab5a9fe48.xml.macaon	93	9	histoire#de	histoire#de	nc	nc	_	8	obj	_	_
041807d9-694a-42c2-aa0f-6ccab5a9fe48.xml.macaon	94	10	la	le	det	det	_	11	det	_	_
041807d9-694a-42c2-aa0f-6ccab5a9fe48.xml.macaon	95	11	Grèce	Grèce	np	np	_	8	obj	_	_
041807d9-694a-42c2-aa0f-6ccab5a9fe48.xml.macaon	96	12	antique	antique	adj	adj	_	11	mod	_	_
041807d9-694a-42c2-aa0f-6ccab5a9fe48.xml.macaon	97	13	,	,	ponctw	ponctw	_	7	ponct	_	_
041807d9-694a-42c2-aa0f-6ccab5a9fe48.xml.macaon	98	14	située	situer	vppart	vppart	_	7	mod	_	_
041807d9-694a-42c2-aa0f-6ccab5a9fe48.xml.macaon	99	15	entre	entre	prep	prep	_	14	mod	_	_
041807d9-694a-42c2-aa0f-6ccab5a9fe48.xml.macaon	100	16	l'	le	det	det	_	17	det	_	_
041807d9-694a-42c2-aa0f-6ccab5a9fe48.xml.macaon	101	17	époque	époque	nc	nc	_	15	obj	_	_
041807d9-694a-42c2-aa0f-6ccab5a9fe48.xml.macaon	102	18	archaïque	archaïque	adj	adj	_	17	mod	_	_
041807d9-694a-42c2-aa0f-6ccab5a9fe48.xml.macaon	103	19	et	et	coo	coo	_	17	coord	_	_
041807d9-694a-42c2-aa0f-6ccab5a9fe48.xml.macaon	104	20	l'	le	det	det	_	21	det	_	_
041807d9-694a-42c2-aa0f-6ccab5a9fe48.xml.macaon	105	21	époque	époque	nc	nc	_	19	dep_coord	_	_
041807d9-694a-42c2-aa0f-6ccab5a9fe48.xml.macaon	106	22	hellénistique	hellénistique	adj	adj	_	21	mod	_	_
041807d9-694a-42c2-aa0f-6ccab5a9fe48.xml.macaon	107	23	.	.	poncts	poncts	_	2	ponct	_	_

041807d9-694a-42c2-aa0f-6ccab5a9fe48.xml.macaon	108	1	Elle	elle	cln	cln	_	2	suj	_	_
041807d9-694a-42c2-aa0f-6ccab5a9fe48.xml.macaon	109	2	correspond	correspondre	v	v	_	_	_	_	_
041807d9-694a-42c2-aa0f-6ccab5a9fe48.xml.macaon	110	3	aux	aux	prep	prep	_	2	mod	_	_
041807d9-694a-42c2-aa0f-6ccab5a9fe48.xml.macaon	111	4	Ve	Ve	np	np	_	3	obj	_	_
041807d9-694a-42c2-aa0f-6ccab5a9fe48.xml.macaon	112	5	et	et	coo	coo	_	4	coord	_	_
041807d9-694a-42c2-aa0f-6ccab5a9fe48.xml.macaon	113	6	IVe	IVe	adj	adj	_	7	mod	_	_
041807d9-694a-42c2-aa0f-6ccab5a9fe48.xml.macaon	114	7	siècles	siècle	nc	nc	_	3	obj	_	_
041807d9-694a-42c2-aa0f-6ccab5a9fe48.xml.macaon	115	8	av.	av.	nc	nc	_	7	mod	_	_

041807d9-694a-42c2-aa0f-6ccab5a9fe48.xml.macaon	116	1	J.-C.	Jésus-Christ	np	np	_	_	_	_	_
041807d9-694a-42c2-aa0f-6ccab5a9fe48.xml.macaon	117	2	.	.	poncts	poncts	_	1	__JOKER__	_	_

041807d9-694a-42c2-aa0f-6ccab5a9fe48.xml.macaon	118	1	Elle	elle	cln	cln	_	3	suj	_	_
041807d9-694a-42c2-aa0f-6ccab5a9fe48.xml.macaon	119	2	se	se	clr	clr	_	3	aff	_	_
041807d9-694a-42c2-aa0f-6ccab5a9fe48.xml.macaon	120	3	déroule	dérouler	v	v	_	_	_	_	_
041807d9-694a-42c2-aa0f-6ccab5a9fe48.xml.macaon	121	4	depuis	depuis	prep	prep	_	3	mod	_	_
041807d9-694a-42c2-aa0f-6ccab5a9fe48.xml.macaon	122	5	la	le	det	det	_	6	det	_	_
041807d9-694a-42c2-aa0f-6ccab5a9fe48.xml.macaon	123	6	victoire	victoire	nc	nc	_	4	obj	_	_	B:Finish_competition:TARGET:victoire:G:123
041807d9-694a-42c2-aa0f-6ccab5a9fe48.xml.macaon	124	7	athénienne	athénien	adj	adj	_	6	mod	_	_	B:Finish_competition:FE:Competitor:G:123
041807d9-694a-42c2-aa0f-6ccab5a9fe48.xml.macaon	125	8	de	de	prep	prep	_	6	dep	_	_	B:Finish_competition:FE:Competition:G:123
041807d9-694a-42c2-aa0f-6ccab5a9fe48.xml.macaon	126	9	Salamine	Salamine	np	np	_	8	obj	_	_	I:Finish_competition:FE:Competition:G:123
041807d9-694a-42c2-aa0f-6ccab5a9fe48.xml.macaon	127	10	contre	contre	prep	prep	_	3	mod	_	_
041807d9-694a-42c2-aa0f-6ccab5a9fe48.xml.macaon	128	11	les	le	det	det	_	12	det	_	_	B:Finish_competition:FE:Opponent:G:123
041807d9-694a-42c2-aa0f-6ccab5a9fe48.xml.macaon	129	12	Perses	perse	nc	nc	_	10	obj	_	_	I:Finish_competition:FE:Opponent:G:123
041807d9-694a-42c2-aa0f-6ccab5a9fe48.xml.macaon	130	13	en	en	prep	prep	_	12	dep	_	_
041807d9-694a-42c2-aa0f-6ccab5a9fe48.xml.macaon	131	14	480	480	det	det	_	15	det	_	_
041807d9-694a-42c2-aa0f-6ccab5a9fe48.xml.macaon	132	15	av.	av.	nc	nc	_	13	obj	_	_

041807d9-694a-42c2-aa0f-6ccab5a9fe48.xml.macaon	133	1	J.-C.	J.-C.	nc	nc	_	_	_	_	_
041807d9-694a-42c2-aa0f-6ccab5a9fe48.xml.macaon	134	2	jusqu'à	jusqu'à	prep	prep	_	1	dep	_	_
041807d9-694a-42c2-aa0f-6ccab5a9fe48.xml.macaon	135	3	la	le	det	det	_	4	det	_	_
041807d9-694a-42c2-aa0f-6ccab5a9fe48.xml.macaon	136	4	mort	mort	nc	nc	_	2	obj	_	_	B:Death:TARGET:mort:G:136
041807d9-694a-42c2-aa0f-6ccab5a9fe48.xml.macaon	137	5	d'	de	prep	prep	_	4	dep	_	_
041807d9-694a-42c2-aa0f-6ccab5a9fe48.xml.macaon	138	6	Alexandre	Alexandre	np	np	_	5	obj	_	_	B:Death:FE:Protagonist:G:136
041807d9-694a-42c2-aa0f-6ccab5a9fe48.xml.macaon	139	7	le	le	det	det	_	8	det	_	_	I:Death:FE:Protagonist:G:136
041807d9-694a-42c2-aa0f-6ccab5a9fe48.xml.macaon	140	8	Grand	Grand	np	np	_	5	obj	_	_	I:Death:FE:Protagonist:G:136
041807d9-694a-42c2-aa0f-6ccab5a9fe48.xml.macaon	141	9	en	en	prep	prep	_	8	dep	_	_
041807d9-694a-42c2-aa0f-6ccab5a9fe48.xml.macaon	142	10	323	323	det	det	_	11	det	_	_
041807d9-694a-42c2-aa0f-6ccab5a9fe48.xml.macaon	143	11	av.	av.	nc	nc	_	9	obj	_	_

041807d9-694a-42c2-aa0f-6ccab5a9fe48.xml.macaon	144	1	J.-C.	J.-C.	nc	nc	_	_	_	_	_
