0c3af1cd-6ced-4748-9682-ce77cd23aa03.xml.macaon	0	1	vikidia	vikidia	nc	nc	_	_	_	_	_

0c3af1cd-6ced-4748-9682-ce77cd23aa03.xml.macaon	1	1	0c3af1cd	0c3af1cd	adj	adj	_	3	dep	_	_
0c3af1cd-6ced-4748-9682-ce77cd23aa03.xml.macaon	2	2	-	-	ponctw	ponctw	_	1	ponct	_	_
0c3af1cd-6ced-4748-9682-ce77cd23aa03.xml.macaon	3	3	6ced	6ced	adj	adj	_	5	mod	_	_
0c3af1cd-6ced-4748-9682-ce77cd23aa03.xml.macaon	4	4	-	-	ponctw	ponctw	_	3	ponct	_	_
0c3af1cd-6ced-4748-9682-ce77cd23aa03.xml.macaon	5	5	4748	4748	nc	nc	_	_	_	_	_
0c3af1cd-6ced-4748-9682-ce77cd23aa03.xml.macaon	6	6	-	-	ponctw	ponctw	_	5	ponct	_	_
0c3af1cd-6ced-4748-9682-ce77cd23aa03.xml.macaon	7	7	9682	9682	adj	adj	_	5	mod	_	_
0c3af1cd-6ced-4748-9682-ce77cd23aa03.xml.macaon	8	8	-	-	ponctw	ponctw	_	5	ponct	_	_
0c3af1cd-6ced-4748-9682-ce77cd23aa03.xml.macaon	9	9	ce77cd23aa03	ce77cd23aa03	nc	nc	_	5	mod	_	_

0c3af1cd-6ced-4748-9682-ce77cd23aa03.xml.macaon	10	1	ADDED	ADDED	nc	nc	_	_	_	_	_

0c3af1cd-6ced-4748-9682-ce77cd23aa03.xml.macaon	11	1	2016	2016	adj	adj	_	3	mod	_	_
0c3af1cd-6ced-4748-9682-ce77cd23aa03.xml.macaon	12	2	-	-	ponctw	ponctw	_	1	ponct	_	_
0c3af1cd-6ced-4748-9682-ce77cd23aa03.xml.macaon	13	3	06	06	nc	nc	_	_	_	_	_
0c3af1cd-6ced-4748-9682-ce77cd23aa03.xml.macaon	14	4	-	-	ponctw	ponctw	_	3	ponct	_	_
0c3af1cd-6ced-4748-9682-ce77cd23aa03.xml.macaon	15	5	15T14	15T14	nc	nc	_	3	mod	_	_
0c3af1cd-6ced-4748-9682-ce77cd23aa03.xml.macaon	16	6	:	:	ponctw	ponctw	_	5	ponct	_	_
0c3af1cd-6ced-4748-9682-ce77cd23aa03.xml.macaon	17	7	53	53	nc	nc	_	5	mod	_	_
0c3af1cd-6ced-4748-9682-ce77cd23aa03.xml.macaon	18	8	:	:	ponctw	ponctw	_	7	ponct	_	_
0c3af1cd-6ced-4748-9682-ce77cd23aa03.xml.macaon	19	9	09Z	09Z	nc	nc	_	7	mod	_	_

0c3af1cd-6ced-4748-9682-ce77cd23aa03.xml.macaon	20	1	Antiquité	antiquité	nc	nc	_	_	_	_	_

0c3af1cd-6ced-4748-9682-ce77cd23aa03.xml.macaon	21	1	L'	L'	det	det	_	2	det	_	_
0c3af1cd-6ced-4748-9682-ce77cd23aa03.xml.macaon	22	2	Antiquité	antiquité	nc	nc	_	_	_	_	_
0c3af1cd-6ced-4748-9682-ce77cd23aa03.xml.macaon	23	3	(	(	ponctw	ponctw	_	2	ponct	_	_
0c3af1cd-6ced-4748-9682-ce77cd23aa03.xml.macaon	24	4	du	du	prep	prep	_	2	dep	_	_
0c3af1cd-6ced-4748-9682-ce77cd23aa03.xml.macaon	25	5	latin	latin	nc	nc	_	4	obj	_	_
0c3af1cd-6ced-4748-9682-ce77cd23aa03.xml.macaon	26	6	antiquitas	antiquitas	adj	adj	_	5	mod	_	_
0c3af1cd-6ced-4748-9682-ce77cd23aa03.xml.macaon	27	7	,	,	ponctw	ponctw	_	5	ponct	_	_
0c3af1cd-6ced-4748-9682-ce77cd23aa03.xml.macaon	28	8	"	"	ponctw	ponctw	_	5	ponct	_	_
0c3af1cd-6ced-4748-9682-ce77cd23aa03.xml.macaon	29	9	temps	temps	nc	nc	_	5	mod	_	_
0c3af1cd-6ced-4748-9682-ce77cd23aa03.xml.macaon	30	10	très	très	adv	adv	_	11	mod	_	_
0c3af1cd-6ced-4748-9682-ce77cd23aa03.xml.macaon	31	11	anciens	ancien	adj	adj	_	9	mod	_	_
0c3af1cd-6ced-4748-9682-ce77cd23aa03.xml.macaon	32	12	)	)	ponctw	ponctw	_	13	ponct	_	_
0c3af1cd-6ced-4748-9682-ce77cd23aa03.xml.macaon	33	13	est	être	v	v	_	_	_	_	_
0c3af1cd-6ced-4748-9682-ce77cd23aa03.xml.macaon	34	14	l'une	l'un	pro	pro	_	13	__JOKER__	_	_
0c3af1cd-6ced-4748-9682-ce77cd23aa03.xml.macaon	35	15	des	des	prep	prep	_	13	mod	_	_
0c3af1cd-6ced-4748-9682-ce77cd23aa03.xml.macaon	36	16	grandes	grand	adj	adj	_	17	mod	_	_
0c3af1cd-6ced-4748-9682-ce77cd23aa03.xml.macaon	37	17	périodes	période	nc	nc	_	15	obj	_	_
0c3af1cd-6ced-4748-9682-ce77cd23aa03.xml.macaon	38	18	de#l'	de#l'	prep	prep	_	17	dep	_	_
0c3af1cd-6ced-4748-9682-ce77cd23aa03.xml.macaon	39	19	Histoire	Histoire	np	np	_	18	obj	_	_
0c3af1cd-6ced-4748-9682-ce77cd23aa03.xml.macaon	40	20	.	.	poncts	poncts	_	13	ponct	_	_

0c3af1cd-6ced-4748-9682-ce77cd23aa03.xml.macaon	41	1	Elle	elle	cln	cln	_	2	suj	_	_
0c3af1cd-6ced-4748-9682-ce77cd23aa03.xml.macaon	42	2	concerne	concerner	v	v	_	_	_	_	_
0c3af1cd-6ced-4748-9682-ce77cd23aa03.xml.macaon	43	3	les	le	det	det	_	4	det	_	_
0c3af1cd-6ced-4748-9682-ce77cd23aa03.xml.macaon	44	4	pays	pays	nc	nc	_	2	obj	_	_
0c3af1cd-6ced-4748-9682-ce77cd23aa03.xml.macaon	45	5	autour#de	autour#de	prep	prep	_	2	mod	_	_
0c3af1cd-6ced-4748-9682-ce77cd23aa03.xml.macaon	46	6	la	le	det	det	_	7	det	_	_
0c3af1cd-6ced-4748-9682-ce77cd23aa03.xml.macaon	47	7	mer	mer	nc	nc	_	5	obj	_	_
0c3af1cd-6ced-4748-9682-ce77cd23aa03.xml.macaon	48	8	Méditerranée	Méditerranée	adj	adj	_	7	mod	_	_
0c3af1cd-6ced-4748-9682-ce77cd23aa03.xml.macaon	49	9	.	.	poncts	poncts	_	2	ponct	_	_

0c3af1cd-6ced-4748-9682-ce77cd23aa03.xml.macaon	50	1	Pour	pour	prep	prep	_	10	mod	_	_
0c3af1cd-6ced-4748-9682-ce77cd23aa03.xml.macaon	51	2	les#autres	les#autres	det	det	_	3	det	_	_
0c3af1cd-6ced-4748-9682-ce77cd23aa03.xml.macaon	52	3	continents	continent	nc	nc	_	1	obj	_	_
0c3af1cd-6ced-4748-9682-ce77cd23aa03.xml.macaon	53	4	,	,	ponctw	ponctw	_	10	ponct	_	_
0c3af1cd-6ced-4748-9682-ce77cd23aa03.xml.macaon	54	5	cette	ce	det	det	_	6	det	_	_
0c3af1cd-6ced-4748-9682-ce77cd23aa03.xml.macaon	55	6	période	période	nc	nc	_	10	suj	_	_
0c3af1cd-6ced-4748-9682-ce77cd23aa03.xml.macaon	56	7	n'	n'	advneg	advneg	_	10	mod	_	_
0c3af1cd-6ced-4748-9682-ce77cd23aa03.xml.macaon	57	8	est	être	v	v	_	10	aux_tps	_	_
0c3af1cd-6ced-4748-9682-ce77cd23aa03.xml.macaon	58	9	pas	pas	advneg	advneg	_	10	mod	_	_
0c3af1cd-6ced-4748-9682-ce77cd23aa03.xml.macaon	59	10	appelée	appeler	vppart	vppart	_	_	_	_	_	B:OTHER:G
0c3af1cd-6ced-4748-9682-ce77cd23aa03.xml.macaon	60	11	de	de	prep	prep	_	10	de_obj	_	_
0c3af1cd-6ced-4748-9682-ce77cd23aa03.xml.macaon	61	12	la	le	det	det	_	14	det	_	_
0c3af1cd-6ced-4748-9682-ce77cd23aa03.xml.macaon	62	13	même	même	adj	adj	_	14	mod	_	_
0c3af1cd-6ced-4748-9682-ce77cd23aa03.xml.macaon	63	14	façon	façon	nc	nc	_	11	obj	_	_
0c3af1cd-6ced-4748-9682-ce77cd23aa03.xml.macaon	64	15	.	.	poncts	poncts	_	10	__JOKER__	_	_

0c3af1cd-6ced-4748-9682-ce77cd23aa03.xml.macaon	65	1	Antiquité	antiquité	nc	nc	_	_	_	_	_

0c3af1cd-6ced-4748-9682-ce77cd23aa03.xml.macaon	66	1	Antiquité	antiquité	nc	nc	_	_	_	_	_

0c3af1cd-6ced-4748-9682-ce77cd23aa03.xml.macaon	67	1	L'	L'	det	det	_	2	det	_	_
0c3af1cd-6ced-4748-9682-ce77cd23aa03.xml.macaon	68	2	Antiquité	antiquité	nc	nc	_	_	_	_	_
0c3af1cd-6ced-4748-9682-ce77cd23aa03.xml.macaon	69	3	(	(	ponctw	ponctw	_	2	ponct	_	_
0c3af1cd-6ced-4748-9682-ce77cd23aa03.xml.macaon	70	4	du	du	prep	prep	_	2	dep	_	_
0c3af1cd-6ced-4748-9682-ce77cd23aa03.xml.macaon	71	5	latin	latin	nc	nc	_	4	obj	_	_
0c3af1cd-6ced-4748-9682-ce77cd23aa03.xml.macaon	72	6	antiquitas	antiquitas	adj	adj	_	5	mod	_	_
0c3af1cd-6ced-4748-9682-ce77cd23aa03.xml.macaon	73	7	,	,	ponctw	ponctw	_	5	ponct	_	_
0c3af1cd-6ced-4748-9682-ce77cd23aa03.xml.macaon	74	8	"	"	ponctw	ponctw	_	5	ponct	_	_
0c3af1cd-6ced-4748-9682-ce77cd23aa03.xml.macaon	75	9	temps	temps	nc	nc	_	5	mod	_	_
0c3af1cd-6ced-4748-9682-ce77cd23aa03.xml.macaon	76	10	très	très	adv	adv	_	11	mod	_	_
0c3af1cd-6ced-4748-9682-ce77cd23aa03.xml.macaon	77	11	anciens	ancien	adj	adj	_	9	mod	_	_
0c3af1cd-6ced-4748-9682-ce77cd23aa03.xml.macaon	78	12	)	)	ponctw	ponctw	_	13	ponct	_	_
0c3af1cd-6ced-4748-9682-ce77cd23aa03.xml.macaon	79	13	est	être	v	v	_	_	_	_	_
0c3af1cd-6ced-4748-9682-ce77cd23aa03.xml.macaon	80	14	l'une	l'un	pro	pro	_	13	__JOKER__	_	_
0c3af1cd-6ced-4748-9682-ce77cd23aa03.xml.macaon	81	15	des	des	prep	prep	_	13	mod	_	_
0c3af1cd-6ced-4748-9682-ce77cd23aa03.xml.macaon	82	16	grandes	grand	adj	adj	_	17	mod	_	_
0c3af1cd-6ced-4748-9682-ce77cd23aa03.xml.macaon	83	17	périodes	période	nc	nc	_	15	obj	_	_
0c3af1cd-6ced-4748-9682-ce77cd23aa03.xml.macaon	84	18	de#l'	de#l'	prep	prep	_	17	dep	_	_
0c3af1cd-6ced-4748-9682-ce77cd23aa03.xml.macaon	85	19	Histoire	Histoire	np	np	_	18	obj	_	_
0c3af1cd-6ced-4748-9682-ce77cd23aa03.xml.macaon	86	20	.	.	poncts	poncts	_	13	ponct	_	_

0c3af1cd-6ced-4748-9682-ce77cd23aa03.xml.macaon	87	1	Elle	elle	cln	cln	_	2	suj	_	_
0c3af1cd-6ced-4748-9682-ce77cd23aa03.xml.macaon	88	2	concerne	concerner	v	v	_	_	_	_	_
0c3af1cd-6ced-4748-9682-ce77cd23aa03.xml.macaon	89	3	les	le	det	det	_	4	det	_	_
0c3af1cd-6ced-4748-9682-ce77cd23aa03.xml.macaon	90	4	pays	pays	nc	nc	_	2	obj	_	_
0c3af1cd-6ced-4748-9682-ce77cd23aa03.xml.macaon	91	5	autour#de	autour#de	prep	prep	_	2	mod	_	_
0c3af1cd-6ced-4748-9682-ce77cd23aa03.xml.macaon	92	6	la	le	det	det	_	7	det	_	_
0c3af1cd-6ced-4748-9682-ce77cd23aa03.xml.macaon	93	7	mer	mer	nc	nc	_	5	obj	_	_
0c3af1cd-6ced-4748-9682-ce77cd23aa03.xml.macaon	94	8	Méditerranée	Méditerranée	adj	adj	_	7	mod	_	_
0c3af1cd-6ced-4748-9682-ce77cd23aa03.xml.macaon	95	9	.	.	poncts	poncts	_	2	ponct	_	_

0c3af1cd-6ced-4748-9682-ce77cd23aa03.xml.macaon	96	1	Pour	pour	prep	prep	_	10	mod	_	_
0c3af1cd-6ced-4748-9682-ce77cd23aa03.xml.macaon	97	2	les#autres	les#autres	det	det	_	3	det	_	_
0c3af1cd-6ced-4748-9682-ce77cd23aa03.xml.macaon	98	3	continents	continent	nc	nc	_	1	obj	_	_
0c3af1cd-6ced-4748-9682-ce77cd23aa03.xml.macaon	99	4	,	,	ponctw	ponctw	_	10	ponct	_	_
0c3af1cd-6ced-4748-9682-ce77cd23aa03.xml.macaon	100	5	cette	ce	det	det	_	6	det	_	_
0c3af1cd-6ced-4748-9682-ce77cd23aa03.xml.macaon	101	6	période	période	nc	nc	_	10	suj	_	_
0c3af1cd-6ced-4748-9682-ce77cd23aa03.xml.macaon	102	7	n'	n'	advneg	advneg	_	10	mod	_	_
0c3af1cd-6ced-4748-9682-ce77cd23aa03.xml.macaon	103	8	est	être	v	v	_	10	aux_tps	_	_
0c3af1cd-6ced-4748-9682-ce77cd23aa03.xml.macaon	104	9	pas	pas	advneg	advneg	_	10	mod	_	_
0c3af1cd-6ced-4748-9682-ce77cd23aa03.xml.macaon	105	10	appelée	appeler	vppart	vppart	_	_	_	_	_	B:OTHER:G
0c3af1cd-6ced-4748-9682-ce77cd23aa03.xml.macaon	106	11	de	de	prep	prep	_	10	de_obj	_	_
0c3af1cd-6ced-4748-9682-ce77cd23aa03.xml.macaon	107	12	la	le	det	det	_	14	det	_	_
0c3af1cd-6ced-4748-9682-ce77cd23aa03.xml.macaon	108	13	même	même	adj	adj	_	14	mod	_	_
0c3af1cd-6ced-4748-9682-ce77cd23aa03.xml.macaon	109	14	façon	façon	nc	nc	_	11	obj	_	_
0c3af1cd-6ced-4748-9682-ce77cd23aa03.xml.macaon	110	15	.	.	poncts	poncts	_	10	__JOKER__	_	_

0c3af1cd-6ced-4748-9682-ce77cd23aa03.xml.macaon	111	1	C'	C'	cln	cln	_	2	suj	_	_
0c3af1cd-6ced-4748-9682-ce77cd23aa03.xml.macaon	112	2	est	être	v	v	_	_	_	_	_
0c3af1cd-6ced-4748-9682-ce77cd23aa03.xml.macaon	113	3	la	le	det	det	_	5	det	_	_
0c3af1cd-6ced-4748-9682-ce77cd23aa03.xml.macaon	114	4	première	premier	adj	adj	_	5	mod	_	_
0c3af1cd-6ced-4748-9682-ce77cd23aa03.xml.macaon	115	5	période	période	nc	nc	_	2	obj	_	_
0c3af1cd-6ced-4748-9682-ce77cd23aa03.xml.macaon	116	6	de#l'	de#l'	prep	prep	_	5	dep	_	_
0c3af1cd-6ced-4748-9682-ce77cd23aa03.xml.macaon	117	7	Histoire	Histoire	np	np	_	6	obj	_	_
0c3af1cd-6ced-4748-9682-ce77cd23aa03.xml.macaon	118	8	;	;	ponctw	ponctw	_	10	ponct	_	_
0c3af1cd-6ced-4748-9682-ce77cd23aa03.xml.macaon	119	9	elle	elle	cln	cln	_	10	suj	_	_
0c3af1cd-6ced-4748-9682-ce77cd23aa03.xml.macaon	120	10	arrive	arriver	v	v	_	7	mod_rel	_	_	B:OTHER:G
0c3af1cd-6ced-4748-9682-ce77cd23aa03.xml.macaon	121	11	après	après	prep	prep	_	10	mod	_	_
0c3af1cd-6ced-4748-9682-ce77cd23aa03.xml.macaon	122	12	la	le	det	det	_	13	det	_	_
0c3af1cd-6ced-4748-9682-ce77cd23aa03.xml.macaon	123	13	Préhistoire	Préhistoire	np	np	_	11	obj	_	_
0c3af1cd-6ced-4748-9682-ce77cd23aa03.xml.macaon	124	14	et	et	coo	coo	_	10	coord	_	_
0c3af1cd-6ced-4748-9682-ce77cd23aa03.xml.macaon	125	15	précède	précéder	v	v	_	14	dep_coord	_	_
0c3af1cd-6ced-4748-9682-ce77cd23aa03.xml.macaon	126	16	le	le	det	det	_	17	det	_	_
0c3af1cd-6ced-4748-9682-ce77cd23aa03.xml.macaon	127	17	Moyen	Moyen	np	np	_	14	dep_coord	_	_
0c3af1cd-6ced-4748-9682-ce77cd23aa03.xml.macaon	128	18	Âge	Âge	v	v	_	14	dep_coord	_	_
0c3af1cd-6ced-4748-9682-ce77cd23aa03.xml.macaon	129	19	.	.	poncts	poncts	_	2	ponct	_	_

0c3af1cd-6ced-4748-9682-ce77cd23aa03.xml.macaon	130	1	Elle	elle	cln	cln	_	4	suj	_	_
0c3af1cd-6ced-4748-9682-ce77cd23aa03.xml.macaon	131	2	est	être	v	v	_	4	aux_tps	_	_
0c3af1cd-6ced-4748-9682-ce77cd23aa03.xml.macaon	132	3	généralement	généralement	adv	adv	_	4	mod	_	_
0c3af1cd-6ced-4748-9682-ce77cd23aa03.xml.macaon	133	4	délimitée	délimiter	vppart	vppart	_	_	_	_	_
0c3af1cd-6ced-4748-9682-ce77cd23aa03.xml.macaon	134	5	par	par	prep	prep	_	4	p_obj	_	_
0c3af1cd-6ced-4748-9682-ce77cd23aa03.xml.macaon	135	6	l'	le	det	det	_	7	det	_	_
0c3af1cd-6ced-4748-9682-ce77cd23aa03.xml.macaon	136	7	invention	invention	nc	nc	_	5	obj	_	_	B:Coming_up_with:TARGET:invention:G:136
0c3af1cd-6ced-4748-9682-ce77cd23aa03.xml.macaon	137	8	de#l'	de#l'	prep	prep	_	4	mod	_	_
0c3af1cd-6ced-4748-9682-ce77cd23aa03.xml.macaon	138	9	écriture	écriture	nc	nc	_	8	obj	_	_	B:Coming_up_with:FE:Idea:G:136
0c3af1cd-6ced-4748-9682-ce77cd23aa03.xml.macaon	139	10	,	,	ponctw	ponctw	_	9	ponct	_	_
0c3af1cd-6ced-4748-9682-ce77cd23aa03.xml.macaon	140	11	environ	environ	adv	adv	_	13	mod	_	_	B:Coming_up_with:FE:Time:G:136
0c3af1cd-6ced-4748-9682-ce77cd23aa03.xml.macaon	141	12	3#500	3#500	det	det	_	13	det	_	_	I:Coming_up_with:FE:Time:G:136
0c3af1cd-6ced-4748-9682-ce77cd23aa03.xml.macaon	142	13	ans	an	nc	nc	_	8	obj	_	_	I:Coming_up_with:FE:Time:G:136
0c3af1cd-6ced-4748-9682-ce77cd23aa03.xml.macaon	143	14	avant	avant	prep	prep	_	13	dep	_	_	I:Coming_up_with:FE:Time:G:136
0c3af1cd-6ced-4748-9682-ce77cd23aa03.xml.macaon	144	15	Jésus-Christ	Jésus-Christ	np	np	_	14	obj	_	_	I:Coming_up_with:FE:Time:G:136
0c3af1cd-6ced-4748-9682-ce77cd23aa03.xml.macaon	145	16	,	,	ponctw	ponctw	_	13	ponct	_	_
0c3af1cd-6ced-4748-9682-ce77cd23aa03.xml.macaon	146	17	et	et	coo	coo	_	13	coord	_	_
0c3af1cd-6ced-4748-9682-ce77cd23aa03.xml.macaon	147	18	la	le	det	det	_	19	det	_	_
0c3af1cd-6ced-4748-9682-ce77cd23aa03.xml.macaon	148	19	chute	chute	nc	nc	_	17	dep_coord	_	_
0c3af1cd-6ced-4748-9682-ce77cd23aa03.xml.macaon	149	20	de#l'	de#l'	prep	prep	_	19	dep	_	_
0c3af1cd-6ced-4748-9682-ce77cd23aa03.xml.macaon	150	21	Empire	Empire	nc	nc	_	20	obj	_	_
0c3af1cd-6ced-4748-9682-ce77cd23aa03.xml.macaon	151	22	romain	romain	adj	adj	_	21	mod	_	_
0c3af1cd-6ced-4748-9682-ce77cd23aa03.xml.macaon	152	23	,	,	ponctw	ponctw	_	21	ponct	_	_
0c3af1cd-6ced-4748-9682-ce77cd23aa03.xml.macaon	153	24	en	en	prep	prep	_	17	dep_coord	_	_
0c3af1cd-6ced-4748-9682-ce77cd23aa03.xml.macaon	154	25	476	476	nc	nc	_	24	obj	_	_
0c3af1cd-6ced-4748-9682-ce77cd23aa03.xml.macaon	155	26	.	.	poncts	poncts	_	4	ponct	_	_

0c3af1cd-6ced-4748-9682-ce77cd23aa03.xml.macaon	156	1	La	la	det	det	_	3	det	_	_
0c3af1cd-6ced-4748-9682-ce77cd23aa03.xml.macaon	157	2	haute	haut	adj	adj	_	3	mod	_	_
0c3af1cd-6ced-4748-9682-ce77cd23aa03.xml.macaon	158	3	antiquité	antiquité	nc	nc	_	_	_	_	_

0c3af1cd-6ced-4748-9682-ce77cd23aa03.xml.macaon	159	1	Masque	masque	adv	adv	_	2	mod	_	_
0c3af1cd-6ced-4748-9682-ce77cd23aa03.xml.macaon	160	2	funéraire	funéraire	adj	adj	_	_	_	_	_
0c3af1cd-6ced-4748-9682-ce77cd23aa03.xml.macaon	161	3	du	du	prep	prep	_	2	dep	_	_
0c3af1cd-6ced-4748-9682-ce77cd23aa03.xml.macaon	162	4	pharaon	pharaon	nc	nc	_	3	obj	_	_
0c3af1cd-6ced-4748-9682-ce77cd23aa03.xml.macaon	163	5	égyptien	égyptien	adj	adj	_	4	mod	_	_
0c3af1cd-6ced-4748-9682-ce77cd23aa03.xml.macaon	164	6	Toutânkhamon	Toutânkhamon	np	np	_	3	obj	_	_
0c3af1cd-6ced-4748-9682-ce77cd23aa03.xml.macaon	165	7	.	.	poncts	poncts	_	6	__JOKER__	_	_

0c3af1cd-6ced-4748-9682-ce77cd23aa03.xml.macaon	166	1	Du	du	prep	prep	_	_	_	_	_
0c3af1cd-6ced-4748-9682-ce77cd23aa03.xml.macaon	167	2	4e	4e	det	det	_	3	det	_	_
0c3af1cd-6ced-4748-9682-ce77cd23aa03.xml.macaon	168	3	millénaire	millénaire	nc	nc	_	1	obj	_	_
0c3af1cd-6ced-4748-9682-ce77cd23aa03.xml.macaon	169	4	au	au	prep	prep	_	3	dep	_	_
0c3af1cd-6ced-4748-9682-ce77cd23aa03.xml.macaon	170	5	8e	8e	det	det	_	6	det	_	_
0c3af1cd-6ced-4748-9682-ce77cd23aa03.xml.macaon	171	6	siècle	siècle	nc	nc	_	4	obj	_	_
0c3af1cd-6ced-4748-9682-ce77cd23aa03.xml.macaon	172	7	avant	avant	prep	prep	_	6	dep	_	_
0c3af1cd-6ced-4748-9682-ce77cd23aa03.xml.macaon	173	8	Jésus-Christ	Jésus-Christ	np	np	_	7	obj	_	_
0c3af1cd-6ced-4748-9682-ce77cd23aa03.xml.macaon	174	9	.	.	poncts	poncts	_	1	__JOKER__	_	_

0c3af1cd-6ced-4748-9682-ce77cd23aa03.xml.macaon	175	1	En	en	prep	prep	_	10	mod	_	_	B:Activity_start:FE:Place:G:184
0c3af1cd-6ced-4748-9682-ce77cd23aa03.xml.macaon	176	2	Egypte	Egypte	np	np	_	1	obj	_	_	I:Activity_start:FE:Place:G:184
0c3af1cd-6ced-4748-9682-ce77cd23aa03.xml.macaon	177	3	et	et	coo	coo	_	2	coord	_	_	I:Activity_start:FE:Place:G:184
0c3af1cd-6ced-4748-9682-ce77cd23aa03.xml.macaon	178	4	en	en	prep	prep	_	3	dep_coord	_	_	I:Activity_start:FE:Place:G:184
0c3af1cd-6ced-4748-9682-ce77cd23aa03.xml.macaon	179	5	Mésopotamie	Mésopotamie	np	np	_	4	obj	_	_	I:Activity_start:FE:Place:G:184
0c3af1cd-6ced-4748-9682-ce77cd23aa03.xml.macaon	180	6	(	(	ponctw	ponctw	_	5	ponct	_	_	I:Activity_start:FE:Place:G:184
0c3af1cd-6ced-4748-9682-ce77cd23aa03.xml.macaon	181	7	l'	le	det	det	_	8	det	_	_	I:Activity_start:FE:Place:G:184
0c3af1cd-6ced-4748-9682-ce77cd23aa03.xml.macaon	182	8	Irak	Irak	np	np	_	5	mod	_	_	I:Activity_start:FE:Place:G:184
0c3af1cd-6ced-4748-9682-ce77cd23aa03.xml.macaon	183	9	)	)	ponctw	ponctw	_	8	ponct	_	_	I:Activity_start:FE:Place:G:184
0c3af1cd-6ced-4748-9682-ce77cd23aa03.xml.macaon	184	10	commence	commencer	v	v	_	_	_	_	_	B:Activity_start:TARGET:commencer:G:184
0c3af1cd-6ced-4748-9682-ce77cd23aa03.xml.macaon	185	11	à	à	prep	prep	_	10	obj	_	_	B:Activity_start:FE:Activity:G:184
0c3af1cd-6ced-4748-9682-ce77cd23aa03.xml.macaon	186	12	émerger	émerger	vinf	vinf	_	11	obj	_	_	I:Activity_start:FE:Activity:G:184
0c3af1cd-6ced-4748-9682-ce77cd23aa03.xml.macaon	187	13	des	un	det	det	_	14	det	_	_	I:Activity_start:FE:Activity:G:184
0c3af1cd-6ced-4748-9682-ce77cd23aa03.xml.macaon	188	14	civilisations	civilisation	nc	nc	_	12	obj	_	_	I:Activity_start:FE:Activity:G:184
0c3af1cd-6ced-4748-9682-ce77cd23aa03.xml.macaon	189	15	agraires	agraire	adj	adj	_	14	mod	_	_	I:Activity_start:FE:Activity:G:184
0c3af1cd-6ced-4748-9682-ce77cd23aa03.xml.macaon	190	16	.	.	poncts	poncts	_	10	ponct	_	_

0c3af1cd-6ced-4748-9682-ce77cd23aa03.xml.macaon	191	1	Autour	autour	nc	nc	_	2	suj	_	_	B:Activity_start:FE:Place:G:192
0c3af1cd-6ced-4748-9682-ce77cd23aa03.xml.macaon	192	2	commencent	commencer	v	v	_	_	_	_	_	B:Activity_start:TARGET:commencer:G:192
0c3af1cd-6ced-4748-9682-ce77cd23aa03.xml.macaon	193	3	à	à	prep	prep	_	2	obj	_	_	B:Activity_start:FE:Activity:G:192
0c3af1cd-6ced-4748-9682-ce77cd23aa03.xml.macaon	194	4	apparaître	apparaître	vinf	vinf	_	3	obj	_	_	I:Activity_start:FE:Activity:G:192
0c3af1cd-6ced-4748-9682-ce77cd23aa03.xml.macaon	195	5	des	un	det	det	_	6	det	_	_	I:Activity_start:FE:Activity:G:192
0c3af1cd-6ced-4748-9682-ce77cd23aa03.xml.macaon	196	6	civilisations	civilisation	nc	nc	_	4	obj	_	_	I:Activity_start:FE:Activity:G:192
0c3af1cd-6ced-4748-9682-ce77cd23aa03.xml.macaon	197	7	en	en	prep	prep	_	6	dep	_	_	I:Activity_start:FE:Activity:G:192
0c3af1cd-6ced-4748-9682-ce77cd23aa03.xml.macaon	198	8	Syrie	Syrie	np	np	_	7	obj	_	_	I:Activity_start:FE:Activity:G:192
0c3af1cd-6ced-4748-9682-ce77cd23aa03.xml.macaon	199	9	,	,	ponctw	ponctw	_	6	ponct	_	_
0c3af1cd-6ced-4748-9682-ce77cd23aa03.xml.macaon	200	10	en	en	prep	prep	_	4	mod	_	_	B:Activity_start:FE:Place:G:192
0c3af1cd-6ced-4748-9682-ce77cd23aa03.xml.macaon	201	11	Asie	Asie	np	np	_	10	obj	_	_	I:Activity_start:FE:Place:G:192
0c3af1cd-6ced-4748-9682-ce77cd23aa03.xml.macaon	202	12	Mineure	Mineure	np	np	_	10	obj	_	_	I:Activity_start:FE:Place:G:192
0c3af1cd-6ced-4748-9682-ce77cd23aa03.xml.macaon	203	13	,	,	ponctw	ponctw	_	12	ponct	_	_	I:Activity_start:FE:Place:G:192
0c3af1cd-6ced-4748-9682-ce77cd23aa03.xml.macaon	204	14	sur	sur	prep	prep	_	4	mod	_	_	I:Activity_start:FE:Place:G:192
0c3af1cd-6ced-4748-9682-ce77cd23aa03.xml.macaon	205	15	les	le	det	det	_	16	det	_	_	I:Activity_start:FE:Place:G:192
0c3af1cd-6ced-4748-9682-ce77cd23aa03.xml.macaon	206	16	îles	île	nc	nc	_	14	obj	_	_	I:Activity_start:FE:Place:G:192
0c3af1cd-6ced-4748-9682-ce77cd23aa03.xml.macaon	207	17	de	de	prep	prep	_	16	dep	_	_	I:Activity_start:FE:Place:G:192
0c3af1cd-6ced-4748-9682-ce77cd23aa03.xml.macaon	208	18	la	le	det	det	_	19	det	_	_	I:Activity_start:FE:Place:G:192
0c3af1cd-6ced-4748-9682-ce77cd23aa03.xml.macaon	209	19	mer	mer	nc	nc	_	17	obj	_	_	I:Activity_start:FE:Place:G:192
0c3af1cd-6ced-4748-9682-ce77cd23aa03.xml.macaon	210	20	Egée	Egée	np	np	_	19	mod	_	_	I:Activity_start:FE:Place:G:192
0c3af1cd-6ced-4748-9682-ce77cd23aa03.xml.macaon	211	21	,	,	ponctw	ponctw	_	19	ponct	_	_	I:Activity_start:FE:Place:G:192
0c3af1cd-6ced-4748-9682-ce77cd23aa03.xml.macaon	212	22	sur	sur	prep	prep	_	19	dep	_	_	I:Activity_start:FE:Place:G:192
0c3af1cd-6ced-4748-9682-ce77cd23aa03.xml.macaon	213	23	le	le	det	det	_	24	det	_	_	I:Activity_start:FE:Place:G:192
0c3af1cd-6ced-4748-9682-ce77cd23aa03.xml.macaon	214	24	plateau	plateau	nc	nc	_	22	obj	_	_	I:Activity_start:FE:Place:G:192
0c3af1cd-6ced-4748-9682-ce77cd23aa03.xml.macaon	215	25	iranien	iranien	adj	adj	_	24	mod	_	_	I:Activity_start:FE:Place:G:192
0c3af1cd-6ced-4748-9682-ce77cd23aa03.xml.macaon	216	26	et	et	coo	coo	_	24	coord	_	_	I:Activity_start:FE:Place:G:192
0c3af1cd-6ced-4748-9682-ce77cd23aa03.xml.macaon	217	27	plus#tard	plus#tard	adv	adv	_	26	mod	_	_	I:Activity_start:FE:Place:G:192
0c3af1cd-6ced-4748-9682-ce77cd23aa03.xml.macaon	218	28	en	en	prep	prep	_	26	dep_coord	_	_	I:Activity_start:FE:Place:G:192
0c3af1cd-6ced-4748-9682-ce77cd23aa03.xml.macaon	219	29	Grèce	Grèce	np	np	_	28	obj	_	_	I:Activity_start:FE:Place:G:192
0c3af1cd-6ced-4748-9682-ce77cd23aa03.xml.macaon	220	30	Continentale	continental	adj	adj	_	29	mod	_	_	I:Activity_start:FE:Place:G:192
0c3af1cd-6ced-4748-9682-ce77cd23aa03.xml.macaon	221	31	qui	qui	prorel	prorel	_	33	suj	_	_
0c3af1cd-6ced-4748-9682-ce77cd23aa03.xml.macaon	222	32	se	se	clr	clr	_	33	aff	_	_
0c3af1cd-6ced-4748-9682-ce77cd23aa03.xml.macaon	223	33	sédentarisent	sédentariser	v	v	_	26	dep_coord	_	_
0c3af1cd-6ced-4748-9682-ce77cd23aa03.xml.macaon	224	34	et	et	coo	coo	_	33	coord	_	_
0c3af1cd-6ced-4748-9682-ce77cd23aa03.xml.macaon	225	35	se	se	clr	clr	_	36	aff	_	_
0c3af1cd-6ced-4748-9682-ce77cd23aa03.xml.macaon	226	36	regroupent	regrouper	v	v	_	34	dep_coord	_	_
0c3af1cd-6ced-4748-9682-ce77cd23aa03.xml.macaon	227	37	en	en	prep	prep	_	36	mod	_	_
0c3af1cd-6ced-4748-9682-ce77cd23aa03.xml.macaon	228	38	importants	important	adj	adj	_	39	mod	_	_
0c3af1cd-6ced-4748-9682-ce77cd23aa03.xml.macaon	229	39	villages	village	nc	nc	_	37	obj	_	_
0c3af1cd-6ced-4748-9682-ce77cd23aa03.xml.macaon	230	40	avec	avec	prep	prep	_	36	mod	_	_
0c3af1cd-6ced-4748-9682-ce77cd23aa03.xml.macaon	231	41	une	un	det	det	_	42	det	_	_
0c3af1cd-6ced-4748-9682-ce77cd23aa03.xml.macaon	232	42	organisation	organisation	nc	nc	_	40	obj	_	_
0c3af1cd-6ced-4748-9682-ce77cd23aa03.xml.macaon	233	43	sociale	social	adj	adj	_	42	mod	_	_
0c3af1cd-6ced-4748-9682-ce77cd23aa03.xml.macaon	234	44	.	.	poncts	poncts	_	2	ponct	_	_

0c3af1cd-6ced-4748-9682-ce77cd23aa03.xml.macaon	235	1	Vers	Vers	np	np	_	6	suj	_	_	B:Buildings:FE:Time:G:254
0c3af1cd-6ced-4748-9682-ce77cd23aa03.xml.macaon	236	2	l'	le	det	det	_	3	det	_	_	I:Buildings:FE:Time:G:254
0c3af1cd-6ced-4748-9682-ce77cd23aa03.xml.macaon	237	3	an	an	nc	nc	_	1	mod	_	_	I:Buildings:FE:Time:G:254
0c3af1cd-6ced-4748-9682-ce77cd23aa03.xml.macaon	238	4	-	-	ponctw	ponctw	_	3	ponct	_	_	I:Buildings:FE:Time:G:254
0c3af1cd-6ced-4748-9682-ce77cd23aa03.xml.macaon	239	5	3000	3000	nc	nc	_	3	mod	_	_	I:Buildings:FE:Time:G:254
0c3af1cd-6ced-4748-9682-ce77cd23aa03.xml.macaon	240	6	apparaît	apparaître	v	v	_	_	_	_	_
0c3af1cd-6ced-4748-9682-ce77cd23aa03.xml.macaon	241	7	l'	le	det	det	_	8	det	_	_
0c3af1cd-6ced-4748-9682-ce77cd23aa03.xml.macaon	242	8	écriture	écriture	nc	nc	_	6	obj	_	_
0c3af1cd-6ced-4748-9682-ce77cd23aa03.xml.macaon	243	9	en	en	prep	prep	_	8	dep	_	_	B:Buildings:FE:Place:G:254
0c3af1cd-6ced-4748-9682-ce77cd23aa03.xml.macaon	244	10	basse	basse	nc	nc	_	9	obj	_	_	I:Buildings:FE:Place:G:254
0c3af1cd-6ced-4748-9682-ce77cd23aa03.xml.macaon	245	11	Mésopotamie	Mésopotamie	np	np	_	10	mod	_	_	I:Buildings:FE:Place:G:254
0c3af1cd-6ced-4748-9682-ce77cd23aa03.xml.macaon	246	12	et	et	coo	coo	_	9	coord	_	_	I:Buildings:FE:Place:G:254
0c3af1cd-6ced-4748-9682-ce77cd23aa03.xml.macaon	247	13	en	en	prep	prep	_	12	dep_coord	_	_	B:Activity_start:FE:Place:G:252	I:Buildings:FE:Place:G:254
0c3af1cd-6ced-4748-9682-ce77cd23aa03.xml.macaon	248	14	Egypte	Egypte	np	np	_	13	obj	_	_	I:Activity_start:FE:Place:G:252	I:Buildings:FE:Place:G:254
0c3af1cd-6ced-4748-9682-ce77cd23aa03.xml.macaon	249	15	où	où	prorel	prorel	_	13	obj	_	_
0c3af1cd-6ced-4748-9682-ce77cd23aa03.xml.macaon	250	16	l'	l'	csu	csu	_	12	__JOKER__	_	_
0c3af1cd-6ced-4748-9682-ce77cd23aa03.xml.macaon	251	17	on	on	cln	cln	_	18	suj	_	_	B:Activity_start:FE:Agent:G:252	B:Buildings:FE:Agent:G:254
0c3af1cd-6ced-4748-9682-ce77cd23aa03.xml.macaon	252	18	commence	commencer	v	v	_	16	obj	_	_	B:Activity_start:TARGET:commencer:G:252
0c3af1cd-6ced-4748-9682-ce77cd23aa03.xml.macaon	253	19	à	à	prep	prep	_	18	obj	_	_	B:Activity_start:FE:Activity:G:252
0c3af1cd-6ced-4748-9682-ce77cd23aa03.xml.macaon	254	20	construire	construire	vinf	vinf	_	19	obj	_	_	I:Activity_start:FE:Activity:G:252	B:Buildings:TARGET:construire:G:254
0c3af1cd-6ced-4748-9682-ce77cd23aa03.xml.macaon	255	21	des	un	det	det	_	22	det	_	_	I:Activity_start:FE:Activity:G:252	B:Buildings:FE:Created_entity:G:254
0c3af1cd-6ced-4748-9682-ce77cd23aa03.xml.macaon	256	22	pyramides	pyramide	nc	nc	_	20	obj	_	_	I:Activity_start:FE:Activity:G:252	I:Buildings:FE:Created_entity:G:254
0c3af1cd-6ced-4748-9682-ce77cd23aa03.xml.macaon	257	23	entre	entre	prep	prep	_	20	mod	_	_	B:Activity_start:FE:Time:G:252	B:Buildings:FE:Time:G:254
0c3af1cd-6ced-4748-9682-ce77cd23aa03.xml.macaon	258	24	-	-	ponctw	ponctw	_	23	ponct	_	_	I:Activity_start:FE:Time:G:252	I:Buildings:FE:Time:G:254
0c3af1cd-6ced-4748-9682-ce77cd23aa03.xml.macaon	259	25	2600	2600	nc	nc	_	23	obj	_	_	I:Activity_start:FE:Time:G:252	I:Buildings:FE:Time:G:254
0c3af1cd-6ced-4748-9682-ce77cd23aa03.xml.macaon	260	26	et	et	coo	coo	_	25	coord	_	_	I:Activity_start:FE:Time:G:252	I:Buildings:FE:Time:G:254
0c3af1cd-6ced-4748-9682-ce77cd23aa03.xml.macaon	261	27	-	-	ponctw	ponctw	_	25	ponct	_	_	I:Activity_start:FE:Time:G:252	I:Buildings:FE:Time:G:254
0c3af1cd-6ced-4748-9682-ce77cd23aa03.xml.macaon	262	28	2500	2500	nc	nc	_	25	mod	_	_	I:Activity_start:FE:Time:G:252	I:Buildings:FE:Time:G:254
0c3af1cd-6ced-4748-9682-ce77cd23aa03.xml.macaon	263	29	.	.	poncts	poncts	_	6	ponct	_	_

0c3af1cd-6ced-4748-9682-ce77cd23aa03.xml.macaon	264	1	C'	C'	cln	cln	_	2	suj	_	_
0c3af1cd-6ced-4748-9682-ce77cd23aa03.xml.macaon	265	2	est	être	v	v	_	_	_	_	_
0c3af1cd-6ced-4748-9682-ce77cd23aa03.xml.macaon	266	3	le	le	det	det	_	4	det	_	_
0c3af1cd-6ced-4748-9682-ce77cd23aa03.xml.macaon	267	4	début	début	nc	nc	_	2	ats	_	_	B:Activity_start:TARGET:début:G:267
0c3af1cd-6ced-4748-9682-ce77cd23aa03.xml.macaon	268	5	de	de	prep	prep	_	4	dep	_	_	B:Activity_start:FE:Activity:G:267
0c3af1cd-6ced-4748-9682-ce77cd23aa03.xml.macaon	269	6	la	le	det	det	_	7	det	_	_	I:Activity_start:FE:Activity:G:267
0c3af1cd-6ced-4748-9682-ce77cd23aa03.xml.macaon	270	7	métallurgie	métallurgie	nc	nc	_	5	obj	_	_	I:Activity_start:FE:Activity:G:267
0c3af1cd-6ced-4748-9682-ce77cd23aa03.xml.macaon	271	8	,	,	ponctw	ponctw	_	11	ponct	_	_
0c3af1cd-6ced-4748-9682-ce77cd23aa03.xml.macaon	272	9	les	le	det	det	_	10	det	_	_	B:Activity_start:FE:Agent:G:274
0c3af1cd-6ced-4748-9682-ce77cd23aa03.xml.macaon	273	10	populations	population	nc	nc	_	11	suj	_	_	I:Activity_start:FE:Agent:G:274
0c3af1cd-6ced-4748-9682-ce77cd23aa03.xml.macaon	274	11	commencent	commencer	v	v	_	4	mod_rel	_	_	B:Activity_start:TARGET:commencer:G:274
0c3af1cd-6ced-4748-9682-ce77cd23aa03.xml.macaon	275	12	à	à	prep	prep	_	11	obj	_	_	B:Activity_start:FE:Activity:G:274
0c3af1cd-6ced-4748-9682-ce77cd23aa03.xml.macaon	276	13	travailler	travailler	vinf	vinf	_	12	obj	_	_	I:Activity_start:FE:Activity:G:274
0c3af1cd-6ced-4748-9682-ce77cd23aa03.xml.macaon	277	14	le	le	det	det	_	15	det	_	_	I:Activity_start:FE:Activity:G:274
0c3af1cd-6ced-4748-9682-ce77cd23aa03.xml.macaon	278	15	cuivre	cuivre	nc	nc	_	13	obj	_	_	I:Activity_start:FE:Activity:G:274
0c3af1cd-6ced-4748-9682-ce77cd23aa03.xml.macaon	279	16	puis	puis	coo	coo	_	15	coord	_	_
0c3af1cd-6ced-4748-9682-ce77cd23aa03.xml.macaon	280	17	le	le	det	det	_	18	det	_	_
0c3af1cd-6ced-4748-9682-ce77cd23aa03.xml.macaon	281	18	bronze	bronze	nc	nc	_	13	obj	_	_
0c3af1cd-6ced-4748-9682-ce77cd23aa03.xml.macaon	282	19	.	.	poncts	poncts	_	2	ponct	_	_

0c3af1cd-6ced-4748-9682-ce77cd23aa03.xml.macaon	283	1	En	en	prep	prep	_	4	mod	_	_
0c3af1cd-6ced-4748-9682-ce77cd23aa03.xml.macaon	284	2	Mésopotamie	Mésopotamie	nc	nc	_	1	obj	_	_
0c3af1cd-6ced-4748-9682-ce77cd23aa03.xml.macaon	285	3	se	se	clr	clr	_	4	aff	_	_
0c3af1cd-6ced-4748-9682-ce77cd23aa03.xml.macaon	286	4	développe	développer	v	v	_	_	_	_	_
0c3af1cd-6ced-4748-9682-ce77cd23aa03.xml.macaon	287	5	la	le	det	det	_	6	det	_	_	B:Buildings:FE:Agent#Components:G:292
0c3af1cd-6ced-4748-9682-ce77cd23aa03.xml.macaon	288	6	civilisation	civilisation	nc	nc	_	4	obj	_	_	I:Buildings:FE:Agent#Components:G:292
0c3af1cd-6ced-4748-9682-ce77cd23aa03.xml.macaon	289	7	sumérienne	sumérien	nc	nc	_	6	mod	_	_	I:Buildings:FE:Agent#Components:G:292
0c3af1cd-6ced-4748-9682-ce77cd23aa03.xml.macaon	290	8	qui	qui	prorel	prorel	_	9	suj	_	_
0c3af1cd-6ced-4748-9682-ce77cd23aa03.xml.macaon	291	9	va	aller	v	v	_	7	mod_rel	_	_
0c3af1cd-6ced-4748-9682-ce77cd23aa03.xml.macaon	292	10	construire	construire	vinf	vinf	_	9	obj	_	_	B:Buildings:TARGET:construire:G:292
0c3af1cd-6ced-4748-9682-ce77cd23aa03.xml.macaon	293	11	l'	le	det	det	_	12	det	_	_	B:Buildings:FE:Created_entity:G:292
0c3af1cd-6ced-4748-9682-ce77cd23aa03.xml.macaon	294	12	empire	empire	nc	nc	_	10	obj	_	_	I:Buildings:FE:Created_entity:G:292
0c3af1cd-6ced-4748-9682-ce77cd23aa03.xml.macaon	295	13	de	de	prep	prep	_	12	dep	_	_	I:Buildings:FE:Created_entity:G:292
0c3af1cd-6ced-4748-9682-ce77cd23aa03.xml.macaon	296	14	Babylone	Babylone	np	np	_	13	obj	_	_	I:Buildings:FE:Created_entity:G:292
0c3af1cd-6ced-4748-9682-ce77cd23aa03.xml.macaon	297	15	.	.	poncts	poncts	_	4	ponct	_	_

0c3af1cd-6ced-4748-9682-ce77cd23aa03.xml.macaon	298	1	-	-	ponctw	ponctw	_	2	ponct	_	_
0c3af1cd-6ced-4748-9682-ce77cd23aa03.xml.macaon	299	2	2800	2800	nc	nc	_	_	_	_	_
0c3af1cd-6ced-4748-9682-ce77cd23aa03.xml.macaon	300	3	-	-	ponctw	ponctw	_	2	ponct	_	_
0c3af1cd-6ced-4748-9682-ce77cd23aa03.xml.macaon	301	4	2200	2200	nc	nc	_	2	mod	_	_
0c3af1cd-6ced-4748-9682-ce77cd23aa03.xml.macaon	302	5	Ancien	Ancien	adj	adj	_	4	mod	_	_
0c3af1cd-6ced-4748-9682-ce77cd23aa03.xml.macaon	303	6	Empire	Empire	nc	nc	_	4	mod	_	_
0c3af1cd-6ced-4748-9682-ce77cd23aa03.xml.macaon	304	7	Egyptien	Egyptien	np	np	_	6	mod	_	_
0c3af1cd-6ced-4748-9682-ce77cd23aa03.xml.macaon	305	8	.	.	poncts	poncts	_	6	__JOKER__	_	_

0c3af1cd-6ced-4748-9682-ce77cd23aa03.xml.macaon	306	1	-	-	ponctw	ponctw	_	6	ponct	_	_
0c3af1cd-6ced-4748-9682-ce77cd23aa03.xml.macaon	307	2	2000	2000	nc	nc	_	6	suj	_	_
0c3af1cd-6ced-4748-9682-ce77cd23aa03.xml.macaon	308	3	La	La	det	det	_	4	det	_	_
0c3af1cd-6ced-4748-9682-ce77cd23aa03.xml.macaon	309	4	civilisation	civilisation	nc	nc	_	6	suj	_	_
0c3af1cd-6ced-4748-9682-ce77cd23aa03.xml.macaon	310	5	sumérienne	sumérien	nc	nc	_	4	mod	_	_
0c3af1cd-6ced-4748-9682-ce77cd23aa03.xml.macaon	311	6	arrive	arriver	v	v	_	_	_	_	_	B:OTHER:G
0c3af1cd-6ced-4748-9682-ce77cd23aa03.xml.macaon	312	7	à	à	prep	prep	_	6	a_obj	_	_
0c3af1cd-6ced-4748-9682-ce77cd23aa03.xml.macaon	313	8	son	son	det	det	_	9	det	_	_
0c3af1cd-6ced-4748-9682-ce77cd23aa03.xml.macaon	314	9	apogée	apogée	nc	nc	_	7	obj	_	_
0c3af1cd-6ced-4748-9682-ce77cd23aa03.xml.macaon	315	10	.	.	poncts	poncts	_	6	ponct	_	_

0c3af1cd-6ced-4748-9682-ce77cd23aa03.xml.macaon	316	1	-	-	ponctw	ponctw	_	2	ponct	_	_
0c3af1cd-6ced-4748-9682-ce77cd23aa03.xml.macaon	317	2	2000	2000	nc	nc	_	_	_	_	_
0c3af1cd-6ced-4748-9682-ce77cd23aa03.xml.macaon	318	3	-	-	ponctw	ponctw	_	2	ponct	_	_
0c3af1cd-6ced-4748-9682-ce77cd23aa03.xml.macaon	319	4	1800	1800	nc	nc	_	2	mod	_	_
0c3af1cd-6ced-4748-9682-ce77cd23aa03.xml.macaon	320	5	Moyen	Moyen	np	np	_	4	mod	_	_
0c3af1cd-6ced-4748-9682-ce77cd23aa03.xml.macaon	321	6	Empire	Empire	np	np	_	5	mod	_	_
0c3af1cd-6ced-4748-9682-ce77cd23aa03.xml.macaon	322	7	Egyptien	Egyptien	np	np	_	5	mod	_	_
0c3af1cd-6ced-4748-9682-ce77cd23aa03.xml.macaon	323	8	.	.	poncts	poncts	_	2	__JOKER__	_	_

0c3af1cd-6ced-4748-9682-ce77cd23aa03.xml.macaon	324	1	-	-	ponctw	ponctw	_	2	ponct	_	_
0c3af1cd-6ced-4748-9682-ce77cd23aa03.xml.macaon	325	2	1700	1700	nc	nc	_	_	_	_	_
0c3af1cd-6ced-4748-9682-ce77cd23aa03.xml.macaon	326	3	Nouvel	Nouvel	adj	adj	_	2	mod	_	_
0c3af1cd-6ced-4748-9682-ce77cd23aa03.xml.macaon	327	4	Empire	Empire	nc	nc	_	2	mod	_	_
0c3af1cd-6ced-4748-9682-ce77cd23aa03.xml.macaon	328	5	Egyptien	Egyptien	np	np	_	4	mod	_	_
0c3af1cd-6ced-4748-9682-ce77cd23aa03.xml.macaon	329	6	.	.	poncts	poncts	_	4	__JOKER__	_	_

0c3af1cd-6ced-4748-9682-ce77cd23aa03.xml.macaon	330	1	-	-	ponctw	ponctw	_	2	ponct	_	_
0c3af1cd-6ced-4748-9682-ce77cd23aa03.xml.macaon	331	2	1300	1300	nc	nc	_	_	_	_	_
0c3af1cd-6ced-4748-9682-ce77cd23aa03.xml.macaon	332	3	-	-	ponctw	ponctw	_	2	ponct	_	_
0c3af1cd-6ced-4748-9682-ce77cd23aa03.xml.macaon	333	4	1250	1250	adj	adj	_	5	mod	_	_
0c3af1cd-6ced-4748-9682-ce77cd23aa03.xml.macaon	334	5	exode	exode	nc	nc	_	2	mod	_	_
0c3af1cd-6ced-4748-9682-ce77cd23aa03.xml.macaon	335	6	des	des	prep	prep	_	5	dep	_	_
0c3af1cd-6ced-4748-9682-ce77cd23aa03.xml.macaon	336	7	hébreux	hébreu	adj	adj	_	6	obj	_	_
0c3af1cd-6ced-4748-9682-ce77cd23aa03.xml.macaon	337	8	vers	vers	prep	prep	_	6	obj	_	_
0c3af1cd-6ced-4748-9682-ce77cd23aa03.xml.macaon	338	9	la	le	det	det	_	10	det	_	_
0c3af1cd-6ced-4748-9682-ce77cd23aa03.xml.macaon	339	10	Palestine	Palestine	np	np	_	8	obj	_	_
0c3af1cd-6ced-4748-9682-ce77cd23aa03.xml.macaon	340	11	.	.	poncts	poncts	_	2	ponct	_	_

0c3af1cd-6ced-4748-9682-ce77cd23aa03.xml.macaon	341	1	Règne	règne	nc	nc	_	_	_	_	_
0c3af1cd-6ced-4748-9682-ce77cd23aa03.xml.macaon	342	2	de	de	prep	prep	_	1	dep	_	_
0c3af1cd-6ced-4748-9682-ce77cd23aa03.xml.macaon	343	3	Ramsès	Ramsès	np	np	_	2	obj	_	_
0c3af1cd-6ced-4748-9682-ce77cd23aa03.xml.macaon	344	4	II	II	np	np	_	3	mod	_	_
0c3af1cd-6ced-4748-9682-ce77cd23aa03.xml.macaon	345	5	.	.	poncts	poncts	_	6	__JOKER__	_	_
0c3af1cd-6ced-4748-9682-ce77cd23aa03.xml.macaon	346	6	Guerre	Guerre	np	np	_	3	mod	_	_
0c3af1cd-6ced-4748-9682-ce77cd23aa03.xml.macaon	347	7	de	de	prep	prep	_	1	dep	_	_
0c3af1cd-6ced-4748-9682-ce77cd23aa03.xml.macaon	348	8	Troie	Troie	np	np	_	7	obj	_	_
0c3af1cd-6ced-4748-9682-ce77cd23aa03.xml.macaon	349	9	.	.	poncts	poncts	_	1	ponct	_	_

0c3af1cd-6ced-4748-9682-ce77cd23aa03.xml.macaon	350	1	Construction	construction	nc	nc	_	_	_	_	_	B:Buildings:TARGET:construction:G:350
0c3af1cd-6ced-4748-9682-ce77cd23aa03.xml.macaon	351	2	du	du	prep	prep	_	1	dep	_	_	B:Buildings:FE:Created_entity:G:350
0c3af1cd-6ced-4748-9682-ce77cd23aa03.xml.macaon	352	3	temple	temple	nc	nc	_	2	obj	_	_	I:Buildings:FE:Created_entity:G:350
0c3af1cd-6ced-4748-9682-ce77cd23aa03.xml.macaon	353	4	de	de	prep	prep	_	3	dep	_	_	I:Buildings:FE:Created_entity:G:350
0c3af1cd-6ced-4748-9682-ce77cd23aa03.xml.macaon	354	5	Karnak	Karnak	np	np	_	4	obj	_	_	I:Buildings:FE:Created_entity:G:350
0c3af1cd-6ced-4748-9682-ce77cd23aa03.xml.macaon	355	6	à	à	prep	prep	_	3	dep	_	_	B:Buildings:FE:Place:G:350
0c3af1cd-6ced-4748-9682-ce77cd23aa03.xml.macaon	356	7	Louxor	Louxor	np	np	_	6	obj	_	_	I:Buildings:FE:Place:G:350
0c3af1cd-6ced-4748-9682-ce77cd23aa03.xml.macaon	357	8	.	.	poncts	poncts	_	3	__JOKER__	_	_

0c3af1cd-6ced-4748-9682-ce77cd23aa03.xml.macaon	358	1	-	-	ponctw	ponctw	_	2	ponct	_	_
0c3af1cd-6ced-4748-9682-ce77cd23aa03.xml.macaon	359	2	1000	1000	nc	nc	_	_	_	_	_
0c3af1cd-6ced-4748-9682-ce77cd23aa03.xml.macaon	360	3	Royaume	Royaume	np	np	_	2	mod	_	_
0c3af1cd-6ced-4748-9682-ce77cd23aa03.xml.macaon	361	4	hébreu	hébreu	adj	adj	_	3	mod	_	_
0c3af1cd-6ced-4748-9682-ce77cd23aa03.xml.macaon	362	5	.	.	poncts	poncts	_	3	__JOKER__	_	_

0c3af1cd-6ced-4748-9682-ce77cd23aa03.xml.macaon	363	1	-	-	ponctw	ponctw	_	3	ponct	_	_
0c3af1cd-6ced-4748-9682-ce77cd23aa03.xml.macaon	364	2	800	800	det	det	_	3	det	_	_
0c3af1cd-6ced-4748-9682-ce77cd23aa03.xml.macaon	365	3	naissance	naissance	nc	nc	_	_	_	_	_
0c3af1cd-6ced-4748-9682-ce77cd23aa03.xml.macaon	366	4	des	des	prep	prep	_	3	dep	_	_
0c3af1cd-6ced-4748-9682-ce77cd23aa03.xml.macaon	367	5	cités	cité	nc	nc	_	4	obj	_	_
0c3af1cd-6ced-4748-9682-ce77cd23aa03.xml.macaon	368	6	grecques	grec	adj	adj	_	5	mod	_	_
0c3af1cd-6ced-4748-9682-ce77cd23aa03.xml.macaon	369	7	.	.	poncts	poncts	_	4	__JOKER__	_	_

0c3af1cd-6ced-4748-9682-ce77cd23aa03.xml.macaon	370	1	-	-	ponctw	ponctw	_	3	ponct	_	_
0c3af1cd-6ced-4748-9682-ce77cd23aa03.xml.macaon	371	2	776	776	det	det	_	3	det	_	_
0c3af1cd-6ced-4748-9682-ce77cd23aa03.xml.macaon	372	3	Création	Création	nc	nc	_	_	_	_	_
0c3af1cd-6ced-4748-9682-ce77cd23aa03.xml.macaon	373	4	des	des	prep	prep	_	3	dep	_	_
0c3af1cd-6ced-4748-9682-ce77cd23aa03.xml.macaon	374	5	Jeux#Olympiques	Jeux#Olympiques	nc	nc	_	4	obj	_	_
0c3af1cd-6ced-4748-9682-ce77cd23aa03.xml.macaon	375	6	.	.	poncts	poncts	_	5	__JOKER__	_	_

0c3af1cd-6ced-4748-9682-ce77cd23aa03.xml.macaon	376	1	-	-	ponctw	ponctw	_	3	ponct	_	_
0c3af1cd-6ced-4748-9682-ce77cd23aa03.xml.macaon	377	2	753	753	det	det	_	3	det	_	_
0c3af1cd-6ced-4748-9682-ce77cd23aa03.xml.macaon	378	3	fondation	fondation	nc	nc	_	_	_	_	_
0c3af1cd-6ced-4748-9682-ce77cd23aa03.xml.macaon	379	4	de	de	prep	prep	_	3	dep	_	_
0c3af1cd-6ced-4748-9682-ce77cd23aa03.xml.macaon	380	5	Rome	Rome	np	np	_	4	obj	_	_
0c3af1cd-6ced-4748-9682-ce77cd23aa03.xml.macaon	381	6	.	.	poncts	poncts	_	5	__JOKER__	_	_

0c3af1cd-6ced-4748-9682-ce77cd23aa03.xml.macaon	382	1	L'	L'	det	det	_	2	det	_	_
0c3af1cd-6ced-4748-9682-ce77cd23aa03.xml.macaon	383	2	antiquité	antiquité	nc	nc	_	_	_	_	_
0c3af1cd-6ced-4748-9682-ce77cd23aa03.xml.macaon	384	3	classique	classique	adj	adj	_	2	mod	_	_

0c3af1cd-6ced-4748-9682-ce77cd23aa03.xml.macaon	385	1	L'	L'	det	det	_	2	det	_	_
0c3af1cd-6ced-4748-9682-ce77cd23aa03.xml.macaon	386	2	empire	empire	nc	nc	_	_	_	_	_
0c3af1cd-6ced-4748-9682-ce77cd23aa03.xml.macaon	387	3	d'	de	prep	prep	_	2	dep	_	_
0c3af1cd-6ced-4748-9682-ce77cd23aa03.xml.macaon	388	4	Alexandre	Alexandre	np	np	_	3	obj	_	_
0c3af1cd-6ced-4748-9682-ce77cd23aa03.xml.macaon	389	5	le	le	det	det	_	6	det	_	_
0c3af1cd-6ced-4748-9682-ce77cd23aa03.xml.macaon	390	6	Grand	Grand	np	np	_	3	obj	_	_
0c3af1cd-6ced-4748-9682-ce77cd23aa03.xml.macaon	391	7	.	.	poncts	poncts	_	2	__JOKER__	_	_

0c3af1cd-6ced-4748-9682-ce77cd23aa03.xml.macaon	392	1	Du	du	prep	prep	_	_	_	_	_
0c3af1cd-6ced-4748-9682-ce77cd23aa03.xml.macaon	393	2	8e	8e	det	det	_	3	det	_	_
0c3af1cd-6ced-4748-9682-ce77cd23aa03.xml.macaon	394	3	siècle	siècle	nc	nc	_	1	obj	_	_
0c3af1cd-6ced-4748-9682-ce77cd23aa03.xml.macaon	395	4	avant	avant	prep	prep	_	3	dep	_	_
0c3af1cd-6ced-4748-9682-ce77cd23aa03.xml.macaon	396	5	Jésus-Christ	Jésus-Christ	np	np	_	4	obj	_	_
0c3af1cd-6ced-4748-9682-ce77cd23aa03.xml.macaon	397	6	au	au	prep	prep	_	4	obj	_	_
0c3af1cd-6ced-4748-9682-ce77cd23aa03.xml.macaon	398	7	3e	3e	det	det	_	8	det	_	_
0c3af1cd-6ced-4748-9682-ce77cd23aa03.xml.macaon	399	8	siècle	siècle	nc	nc	_	6	obj	_	_
0c3af1cd-6ced-4748-9682-ce77cd23aa03.xml.macaon	400	9	après	après	prep	prep	_	8	dep	_	_
0c3af1cd-6ced-4748-9682-ce77cd23aa03.xml.macaon	401	10	Jésus-Christ	Jésus-Christ	np	np	_	9	obj	_	_
0c3af1cd-6ced-4748-9682-ce77cd23aa03.xml.macaon	402	11	.	.	poncts	poncts	_	3	ponct	_	_

0c3af1cd-6ced-4748-9682-ce77cd23aa03.xml.macaon	403	1	La	la	det	det	_	2	det	_	_
0c3af1cd-6ced-4748-9682-ce77cd23aa03.xml.macaon	404	2	civilisation	civilisation	nc	nc	_	4	suj	_	_
0c3af1cd-6ced-4748-9682-ce77cd23aa03.xml.macaon	405	3	grecque	grec	adj	adj	_	2	mod	_	_
0c3af1cd-6ced-4748-9682-ce77cd23aa03.xml.macaon	406	4	prend	prendre	v	v	_	_	_	_	_
0c3af1cd-6ced-4748-9682-ce77cd23aa03.xml.macaon	407	5	son	son	det	det	_	6	det	_	_
0c3af1cd-6ced-4748-9682-ce77cd23aa03.xml.macaon	408	6	essor	essor	nc	nc	_	4	obj	_	_
0c3af1cd-6ced-4748-9682-ce77cd23aa03.xml.macaon	409	7	et	et	coo	coo	_	6	coord	_	_
0c3af1cd-6ced-4748-9682-ce77cd23aa03.xml.macaon	410	8	son	son	det	det	_	9	det	_	_
0c3af1cd-6ced-4748-9682-ce77cd23aa03.xml.macaon	411	9	art	art	nc	nc	_	10	suj	_	_
0c3af1cd-6ced-4748-9682-ce77cd23aa03.xml.macaon	412	10	arrive	arriver	v	v	_	7	dep_coord	_	_	B:OTHER:G
0c3af1cd-6ced-4748-9682-ce77cd23aa03.xml.macaon	413	11	à	à	prep	prep	_	10	a_obj	_	_
0c3af1cd-6ced-4748-9682-ce77cd23aa03.xml.macaon	414	12	son	son	det	det	_	13	det	_	_
0c3af1cd-6ced-4748-9682-ce77cd23aa03.xml.macaon	415	13	apogée	apogée	nc	nc	_	11	obj	_	_
0c3af1cd-6ced-4748-9682-ce77cd23aa03.xml.macaon	416	14	,	,	ponctw	ponctw	_	16	ponct	_	_
0c3af1cd-6ced-4748-9682-ce77cd23aa03.xml.macaon	417	15	ensuite	ensuite	adv	adv	_	16	mod	_	_
0c3af1cd-6ced-4748-9682-ce77cd23aa03.xml.macaon	418	16	vient	venir	v	v	_	7	dep_coord	_	_
0c3af1cd-6ced-4748-9682-ce77cd23aa03.xml.macaon	419	17	la	le	det	det	_	18	det	_	_
0c3af1cd-6ced-4748-9682-ce77cd23aa03.xml.macaon	420	18	constitution	constitution	nc	nc	_	16	obj	_	_
0c3af1cd-6ced-4748-9682-ce77cd23aa03.xml.macaon	421	19	de#l'	de#l'	prep	prep	_	18	dep	_	_
0c3af1cd-6ced-4748-9682-ce77cd23aa03.xml.macaon	422	20	Empire	Empire	np	np	_	19	obj	_	_
0c3af1cd-6ced-4748-9682-ce77cd23aa03.xml.macaon	423	21	Romain	Romain	np	np	_	19	obj	_	_
0c3af1cd-6ced-4748-9682-ce77cd23aa03.xml.macaon	424	22	.	.	poncts	poncts	_	4	ponct	_	_

0c3af1cd-6ced-4748-9682-ce77cd23aa03.xml.macaon	425	1	C'	C'	cln	cln	_	2	suj	_	_
0c3af1cd-6ced-4748-9682-ce77cd23aa03.xml.macaon	426	2	est	être	v	v	_	_	_	_	_
0c3af1cd-6ced-4748-9682-ce77cd23aa03.xml.macaon	427	3	aussi	aussi	adv	adv	_	2	mod	_	_
0c3af1cd-6ced-4748-9682-ce77cd23aa03.xml.macaon	428	4	l'	le	det	det	_	5	det	_	_
0c3af1cd-6ced-4748-9682-ce77cd23aa03.xml.macaon	429	5	époque	époque	nc	nc	_	2	ats	_	_
0c3af1cd-6ced-4748-9682-ce77cd23aa03.xml.macaon	430	6	de	de	prep	prep	_	5	dep	_	_
0c3af1cd-6ced-4748-9682-ce77cd23aa03.xml.macaon	431	7	Pythagore	Pythagore	np	np	_	6	obj	_	_
0c3af1cd-6ced-4748-9682-ce77cd23aa03.xml.macaon	432	8	et	et	coo	coo	_	7	coord	_	_
0c3af1cd-6ced-4748-9682-ce77cd23aa03.xml.macaon	433	9	Thalès	Thalès	np	np	_	8	dep_coord	_	_
0c3af1cd-6ced-4748-9682-ce77cd23aa03.xml.macaon	434	10	ainsi#que	ainsi#que	v	v	_	8	dep_coord	_	_
0c3af1cd-6ced-4748-9682-ce77cd23aa03.xml.macaon	435	11	Socrate	Socrate	np	np	_	8	dep_coord	_	_
0c3af1cd-6ced-4748-9682-ce77cd23aa03.xml.macaon	436	12	,	,	ponctw	ponctw	_	11	ponct	_	_
0c3af1cd-6ced-4748-9682-ce77cd23aa03.xml.macaon	437	13	Hippocrate	Hippocrate	np	np	_	11	mod	_	_
0c3af1cd-6ced-4748-9682-ce77cd23aa03.xml.macaon	438	14	,	,	ponctw	ponctw	_	13	ponct	_	_
0c3af1cd-6ced-4748-9682-ce77cd23aa03.xml.macaon	439	15	Platon	Platon	np	np	_	13	mod	_	_
0c3af1cd-6ced-4748-9682-ce77cd23aa03.xml.macaon	440	16	,	,	ponctw	ponctw	_	15	ponct	_	_
0c3af1cd-6ced-4748-9682-ce77cd23aa03.xml.macaon	441	17	Diogène	Diogène	np	np	_	15	mod	_	_
0c3af1cd-6ced-4748-9682-ce77cd23aa03.xml.macaon	442	18	,	,	ponctw	ponctw	_	17	ponct	_	_
0c3af1cd-6ced-4748-9682-ce77cd23aa03.xml.macaon	443	19	Aristote	Aristote	np	np	_	17	mod	_	_
0c3af1cd-6ced-4748-9682-ce77cd23aa03.xml.macaon	444	20	,	,	ponctw	ponctw	_	19	ponct	_	_
0c3af1cd-6ced-4748-9682-ce77cd23aa03.xml.macaon	445	21	Pyrrhon	Pyrrhon	np	np	_	19	mod	_	_
0c3af1cd-6ced-4748-9682-ce77cd23aa03.xml.macaon	446	22	,	,	ponctw	ponctw	_	21	ponct	_	_
0c3af1cd-6ced-4748-9682-ce77cd23aa03.xml.macaon	447	23	Euclide	Euclide	np	np	_	21	mod	_	_
0c3af1cd-6ced-4748-9682-ce77cd23aa03.xml.macaon	448	24	,	,	ponctw	ponctw	_	23	ponct	_	_
0c3af1cd-6ced-4748-9682-ce77cd23aa03.xml.macaon	449	25	Archimède	Archimède	np	np	_	23	mod	_	_
0c3af1cd-6ced-4748-9682-ce77cd23aa03.xml.macaon	450	26	,	,	ponctw	ponctw	_	25	ponct	_	_
0c3af1cd-6ced-4748-9682-ce77cd23aa03.xml.macaon	451	27	Cicéron	Cicéron	np	np	_	25	mod	_	_
0c3af1cd-6ced-4748-9682-ce77cd23aa03.xml.macaon	452	28	...	...	poncts	poncts	_	2	ponct	_	_

0c3af1cd-6ced-4748-9682-ce77cd23aa03.xml.macaon	453	1	-	-	ponctw	ponctw	_	2	ponct	_	_
0c3af1cd-6ced-4748-9682-ce77cd23aa03.xml.macaon	454	2	600	600	nc	nc	_	_	_	_	_
0c3af1cd-6ced-4748-9682-ce77cd23aa03.xml.macaon	455	3	-	-	ponctw	ponctw	_	2	ponct	_	_
0c3af1cd-6ced-4748-9682-ce77cd23aa03.xml.macaon	456	4	500	500	det	det	_	5	det	_	_
0c3af1cd-6ced-4748-9682-ce77cd23aa03.xml.macaon	457	5	Empire	Empire	nc	nc	_	2	mod	_	_
0c3af1cd-6ced-4748-9682-ce77cd23aa03.xml.macaon	458	6	Perse	Perse	np	np	_	5	mod	_	_
0c3af1cd-6ced-4748-9682-ce77cd23aa03.xml.macaon	459	7	,	,	ponctw	ponctw	_	5	ponct	_	_
0c3af1cd-6ced-4748-9682-ce77cd23aa03.xml.macaon	460	8	réforme	réforme	nc	nc	_	5	mod	_	_
0c3af1cd-6ced-4748-9682-ce77cd23aa03.xml.macaon	461	9	de	de	prep	prep	_	8	dep	_	_
0c3af1cd-6ced-4748-9682-ce77cd23aa03.xml.macaon	462	10	Solon	Solon	np	np	_	9	obj	_	_
0c3af1cd-6ced-4748-9682-ce77cd23aa03.xml.macaon	463	11	à	à	prep	prep	_	5	dep	_	_
0c3af1cd-6ced-4748-9682-ce77cd23aa03.xml.macaon	464	12	Athènes	Athènes	np	np	_	11	obj	_	_
0c3af1cd-6ced-4748-9682-ce77cd23aa03.xml.macaon	465	13	.	.	poncts	poncts	_	2	ponct	_	_

0c3af1cd-6ced-4748-9682-ce77cd23aa03.xml.macaon	466	1	-	-	ponctw	ponctw	_	2	ponct	_	_
0c3af1cd-6ced-4748-9682-ce77cd23aa03.xml.macaon	467	2	490	490	nc	nc	_	_	_	_	_
0c3af1cd-6ced-4748-9682-ce77cd23aa03.xml.macaon	468	3	-	-	ponctw	ponctw	_	2	ponct	_	_
0c3af1cd-6ced-4748-9682-ce77cd23aa03.xml.macaon	469	4	478	478	det	det	_	5	det	_	_
0c3af1cd-6ced-4748-9682-ce77cd23aa03.xml.macaon	470	5	Guerres	guerre	nc	nc	_	2	mod	_	_
0c3af1cd-6ced-4748-9682-ce77cd23aa03.xml.macaon	471	6	médiques	médique	adj	adj	_	5	mod	_	_
0c3af1cd-6ced-4748-9682-ce77cd23aa03.xml.macaon	472	7	entre	entre	prep	prep	_	5	dep	_	_
0c3af1cd-6ced-4748-9682-ce77cd23aa03.xml.macaon	473	8	la	le	det	det	_	9	det	_	_
0c3af1cd-6ced-4748-9682-ce77cd23aa03.xml.macaon	474	9	Grèce	Grèce	np	np	_	7	obj	_	_
0c3af1cd-6ced-4748-9682-ce77cd23aa03.xml.macaon	475	10	et	et	coo	coo	_	9	coord	_	_
0c3af1cd-6ced-4748-9682-ce77cd23aa03.xml.macaon	476	11	l'	le	det	det	_	12	det	_	_
0c3af1cd-6ced-4748-9682-ce77cd23aa03.xml.macaon	477	12	Empire	Empire	nc	nc	_	7	obj	_	_
0c3af1cd-6ced-4748-9682-ce77cd23aa03.xml.macaon	478	13	Perse	Perse	np	np	_	12	mod	_	_
0c3af1cd-6ced-4748-9682-ce77cd23aa03.xml.macaon	479	14	.	.	poncts	poncts	_	2	ponct	_	_

0c3af1cd-6ced-4748-9682-ce77cd23aa03.xml.macaon	480	1	-	-	ponctw	ponctw	_	2	ponct	_	_
0c3af1cd-6ced-4748-9682-ce77cd23aa03.xml.macaon	481	2	431	431	nc	nc	_	_	_	_	_
0c3af1cd-6ced-4748-9682-ce77cd23aa03.xml.macaon	482	3	-	-	ponctw	ponctw	_	2	ponct	_	_
0c3af1cd-6ced-4748-9682-ce77cd23aa03.xml.macaon	483	4	404	404	det	det	_	5	det	_	_
0c3af1cd-6ced-4748-9682-ce77cd23aa03.xml.macaon	484	5	Guerre	Guerre	nc	nc	_	2	mod	_	_
0c3af1cd-6ced-4748-9682-ce77cd23aa03.xml.macaon	485	6	du	du	prep	prep	_	5	dep	_	_
0c3af1cd-6ced-4748-9682-ce77cd23aa03.xml.macaon	486	7	Péloponnèse	Péloponnèse	nc	nc	_	6	obj	_	_
0c3af1cd-6ced-4748-9682-ce77cd23aa03.xml.macaon	487	8	entre	entre	prep	prep	_	7	dep	_	_
0c3af1cd-6ced-4748-9682-ce77cd23aa03.xml.macaon	488	9	Athènes	Athènes	np	np	_	8	obj	_	_
0c3af1cd-6ced-4748-9682-ce77cd23aa03.xml.macaon	489	10	et	et	coo	coo	_	9	coord	_	_
0c3af1cd-6ced-4748-9682-ce77cd23aa03.xml.macaon	490	11	Sparte	Sparte	np	np	_	8	obj	_	_
0c3af1cd-6ced-4748-9682-ce77cd23aa03.xml.macaon	491	12	.	.	poncts	poncts	_	2	ponct	_	_

0c3af1cd-6ced-4748-9682-ce77cd23aa03.xml.macaon	492	1	-	-	ponctw	ponctw	_	3	ponct	_	_
0c3af1cd-6ced-4748-9682-ce77cd23aa03.xml.macaon	493	2	387	387	det	det	_	3	det	_	_
0c3af1cd-6ced-4748-9682-ce77cd23aa03.xml.macaon	494	3	Règne	règne	nc	nc	_	_	_	_	_
0c3af1cd-6ced-4748-9682-ce77cd23aa03.xml.macaon	495	4	de	de	prep	prep	_	3	dep	_	_
0c3af1cd-6ced-4748-9682-ce77cd23aa03.xml.macaon	496	5	Philippe	Philippe	np	np	_	4	obj	_	_
0c3af1cd-6ced-4748-9682-ce77cd23aa03.xml.macaon	497	6	II	II	np	np	_	4	obj	_	_
0c3af1cd-6ced-4748-9682-ce77cd23aa03.xml.macaon	498	7	de	de	prep	prep	_	3	dep	_	_
0c3af1cd-6ced-4748-9682-ce77cd23aa03.xml.macaon	499	8	Macédoine	Macédoine	np	np	_	7	obj	_	_
0c3af1cd-6ced-4748-9682-ce77cd23aa03.xml.macaon	500	9	.	.	poncts	poncts	_	3	__JOKER__	_	_

0c3af1cd-6ced-4748-9682-ce77cd23aa03.xml.macaon	501	1	-	-	ponctw	ponctw	_	2	ponct	_	_
0c3af1cd-6ced-4748-9682-ce77cd23aa03.xml.macaon	502	2	332	332	nc	nc	_	_	_	_	_
0c3af1cd-6ced-4748-9682-ce77cd23aa03.xml.macaon	503	3	-	-	ponctw	ponctw	_	2	ponct	_	_
0c3af1cd-6ced-4748-9682-ce77cd23aa03.xml.macaon	504	4	323	323	det	det	_	5	det	_	_
0c3af1cd-6ced-4748-9682-ce77cd23aa03.xml.macaon	505	5	Conquêtes	conquête	nc	nc	_	2	mod	_	_
0c3af1cd-6ced-4748-9682-ce77cd23aa03.xml.macaon	506	6	d'	de	prep	prep	_	5	dep	_	_
0c3af1cd-6ced-4748-9682-ce77cd23aa03.xml.macaon	507	7	Alexandre	Alexandre	np	np	_	6	obj	_	_
0c3af1cd-6ced-4748-9682-ce77cd23aa03.xml.macaon	508	8	le	le	det	det	_	9	det	_	_
0c3af1cd-6ced-4748-9682-ce77cd23aa03.xml.macaon	509	9	Grand	Grand	np	np	_	6	obj	_	_
0c3af1cd-6ced-4748-9682-ce77cd23aa03.xml.macaon	510	10	.	.	poncts	poncts	_	2	ponct	_	_

0c3af1cd-6ced-4748-9682-ce77cd23aa03.xml.macaon	511	1	-	-	ponctw	ponctw	_	3	ponct	_	_
0c3af1cd-6ced-4748-9682-ce77cd23aa03.xml.macaon	512	2	321	321	det	det	_	3	det	_	_
0c3af1cd-6ced-4748-9682-ce77cd23aa03.xml.macaon	513	3	Formation	Formation	nc	nc	_	_	_	_	_
0c3af1cd-6ced-4748-9682-ce77cd23aa03.xml.macaon	514	4	des	des	prep	prep	_	3	dep	_	_
0c3af1cd-6ced-4748-9682-ce77cd23aa03.xml.macaon	515	5	Royaumes	royaume	nc	nc	_	4	obj	_	_
0c3af1cd-6ced-4748-9682-ce77cd23aa03.xml.macaon	516	6	hellénistiques	hellénistique	adj	adj	_	5	mod	_	_
0c3af1cd-6ced-4748-9682-ce77cd23aa03.xml.macaon	517	7	.	.	poncts	poncts	_	4	__JOKER__	_	_

0c3af1cd-6ced-4748-9682-ce77cd23aa03.xml.macaon	518	1	Création	création	nc	nc	_	_	_	_	_
0c3af1cd-6ced-4748-9682-ce77cd23aa03.xml.macaon	519	2	de	de	prep	prep	_	1	dep	_	_
0c3af1cd-6ced-4748-9682-ce77cd23aa03.xml.macaon	520	3	la	le	det	det	_	4	det	_	_
0c3af1cd-6ced-4748-9682-ce77cd23aa03.xml.macaon	521	4	bibliothèque	bibliothèque	nc	nc	_	2	obj	_	_
0c3af1cd-6ced-4748-9682-ce77cd23aa03.xml.macaon	522	5	et	et	coo	coo	_	2	coord	_	_
0c3af1cd-6ced-4748-9682-ce77cd23aa03.xml.macaon	523	6	du	du	prep	prep	_	5	dep_coord	_	_
0c3af1cd-6ced-4748-9682-ce77cd23aa03.xml.macaon	524	7	musée	musée	nc	nc	_	6	obj	_	_
0c3af1cd-6ced-4748-9682-ce77cd23aa03.xml.macaon	525	8	d'	de	prep	prep	_	7	dep	_	_
0c3af1cd-6ced-4748-9682-ce77cd23aa03.xml.macaon	526	9	Alexandrie	Alexandrie	np	np	_	8	obj	_	_
0c3af1cd-6ced-4748-9682-ce77cd23aa03.xml.macaon	527	10	.	.	poncts	poncts	_	1	ponct	_	_

0c3af1cd-6ced-4748-9682-ce77cd23aa03.xml.macaon	528	1	-	-	ponctw	ponctw	_	2	ponct	_	_
0c3af1cd-6ced-4748-9682-ce77cd23aa03.xml.macaon	529	2	264	264	nc	nc	_	_	_	_	_
0c3af1cd-6ced-4748-9682-ce77cd23aa03.xml.macaon	530	3	-	-	ponctw	ponctw	_	2	ponct	_	_
0c3af1cd-6ced-4748-9682-ce77cd23aa03.xml.macaon	531	4	146	146	det	det	_	5	det	_	_
0c3af1cd-6ced-4748-9682-ce77cd23aa03.xml.macaon	532	5	Début	Début	nc	nc	_	2	mod	_	_
0c3af1cd-6ced-4748-9682-ce77cd23aa03.xml.macaon	533	6	des	des	prep	prep	_	5	dep	_	_
0c3af1cd-6ced-4748-9682-ce77cd23aa03.xml.macaon	534	7	conquêtes	conquête	nc	nc	_	6	obj	_	_
0c3af1cd-6ced-4748-9682-ce77cd23aa03.xml.macaon	535	8	romaines	romain	adj	adj	_	7	mod	_	_
0c3af1cd-6ced-4748-9682-ce77cd23aa03.xml.macaon	536	9	.	.	poncts	poncts	_	6	__JOKER__	_	_

0c3af1cd-6ced-4748-9682-ce77cd23aa03.xml.macaon	537	1	Construction	construction	nc	nc	_	_	_	_	_	B:Buildings:TARGET:construction:G:537
0c3af1cd-6ced-4748-9682-ce77cd23aa03.xml.macaon	538	2	du	du	prep	prep	_	1	dep	_	_	B:Buildings:FE:Created_entity:G:537
0c3af1cd-6ced-4748-9682-ce77cd23aa03.xml.macaon	539	3	phare	phare	nc	nc	_	2	obj	_	_	I:Buildings:FE:Created_entity:G:537
0c3af1cd-6ced-4748-9682-ce77cd23aa03.xml.macaon	540	4	d'	de	prep	prep	_	3	dep	_	_	I:Buildings:FE:Created_entity:G:537
0c3af1cd-6ced-4748-9682-ce77cd23aa03.xml.macaon	541	5	Alexandrie	Alexandrie	np	np	_	4	obj	_	_	I:Buildings:FE:Created_entity:G:537
0c3af1cd-6ced-4748-9682-ce77cd23aa03.xml.macaon	542	6	.	.	poncts	poncts	_	5	__JOKER__	_	_

0c3af1cd-6ced-4748-9682-ce77cd23aa03.xml.macaon	543	1	-	-	ponctw	ponctw	_	3	ponct	_	_
0c3af1cd-6ced-4748-9682-ce77cd23aa03.xml.macaon	544	2	88	88	det	det	_	3	det	_	_
0c3af1cd-6ced-4748-9682-ce77cd23aa03.xml.macaon	545	3	Début	Début	nc	nc	_	_	_	_	_
0c3af1cd-6ced-4748-9682-ce77cd23aa03.xml.macaon	546	4	des	des	prep	prep	_	3	dep	_	_
0c3af1cd-6ced-4748-9682-ce77cd23aa03.xml.macaon	547	5	troubles	trouble	nc	nc	_	4	obj	_	_
0c3af1cd-6ced-4748-9682-ce77cd23aa03.xml.macaon	548	6	civils	civil	adj	adj	_	5	mod	_	_
0c3af1cd-6ced-4748-9682-ce77cd23aa03.xml.macaon	549	7	à	à	prep	prep	_	5	dep	_	_
0c3af1cd-6ced-4748-9682-ce77cd23aa03.xml.macaon	550	8	Rome	Rome	np	np	_	7	obj	_	_
0c3af1cd-6ced-4748-9682-ce77cd23aa03.xml.macaon	551	9	.	.	poncts	poncts	_	8	__JOKER__	_	_

0c3af1cd-6ced-4748-9682-ce77cd23aa03.xml.macaon	552	1	-	-	ponctw	ponctw	_	2	__JOKER__	_	_
0c3af1cd-6ced-4748-9682-ce77cd23aa03.xml.macaon	553	2	58	58	det	det	_	5	det	_	_
0c3af1cd-6ced-4748-9682-ce77cd23aa03.xml.macaon	554	3	-	-	ponctw	ponctw	_	5	ponct	_	_
0c3af1cd-6ced-4748-9682-ce77cd23aa03.xml.macaon	555	4	51	51	det	det	_	5	det	_	_
0c3af1cd-6ced-4748-9682-ce77cd23aa03.xml.macaon	556	5	Conquête	conquête	nc	nc	_	_	_	_	_
0c3af1cd-6ced-4748-9682-ce77cd23aa03.xml.macaon	557	6	de	de	prep	prep	_	5	dep	_	_
0c3af1cd-6ced-4748-9682-ce77cd23aa03.xml.macaon	558	7	la	le	det	det	_	8	det	_	_
0c3af1cd-6ced-4748-9682-ce77cd23aa03.xml.macaon	559	8	Gaule	Gaule	np	np	_	6	obj	_	_
0c3af1cd-6ced-4748-9682-ce77cd23aa03.xml.macaon	560	9	.	.	poncts	poncts	_	5	__JOKER__	_	_

0c3af1cd-6ced-4748-9682-ce77cd23aa03.xml.macaon	561	1	-	-	ponctw	ponctw	_	3	ponct	_	_	B:Killing:FE:Time:G:563
0c3af1cd-6ced-4748-9682-ce77cd23aa03.xml.macaon	562	2	44	44	det	det	_	3	det	_	_	I:Killing:FE:Time:G:563
0c3af1cd-6ced-4748-9682-ce77cd23aa03.xml.macaon	563	3	Assassinat	assassinat	nc	nc	_	_	_	_	_	B:Killing:TARGET:assassinat:G:563
0c3af1cd-6ced-4748-9682-ce77cd23aa03.xml.macaon	564	4	de	de	prep	prep	_	3	dep	_	_	B:Killing:FE:Victim:G:563
0c3af1cd-6ced-4748-9682-ce77cd23aa03.xml.macaon	565	5	Jules	Jules	np	np	_	4	obj	_	_	I:Killing:FE:Victim:G:563
0c3af1cd-6ced-4748-9682-ce77cd23aa03.xml.macaon	566	6	César	César	np	np	_	4	obj	_	_	I:Killing:FE:Victim:G:563
0c3af1cd-6ced-4748-9682-ce77cd23aa03.xml.macaon	567	7	.	.	poncts	poncts	_	3	__JOKER__	_	_

0c3af1cd-6ced-4748-9682-ce77cd23aa03.xml.macaon	568	1	-	-	ponctw	ponctw	_	3	ponct	_	_
0c3af1cd-6ced-4748-9682-ce77cd23aa03.xml.macaon	569	2	27	27	det	det	_	3	det	_	_
0c3af1cd-6ced-4748-9682-ce77cd23aa03.xml.macaon	570	3	Début	Début	nc	nc	_	_	_	_	_
0c3af1cd-6ced-4748-9682-ce77cd23aa03.xml.macaon	571	4	de#l'	de#l'	prep	prep	_	3	dep	_	_
0c3af1cd-6ced-4748-9682-ce77cd23aa03.xml.macaon	572	5	Empire	Empire	np	np	_	4	obj	_	_
0c3af1cd-6ced-4748-9682-ce77cd23aa03.xml.macaon	573	6	Romain	Romain	np	np	_	4	obj	_	_
0c3af1cd-6ced-4748-9682-ce77cd23aa03.xml.macaon	574	7	,	,	ponctw	ponctw	_	8	ponct	_	_
0c3af1cd-6ced-4748-9682-ce77cd23aa03.xml.macaon	575	8	règne	régner	v	v	_	6	mod_rel	_	_
0c3af1cd-6ced-4748-9682-ce77cd23aa03.xml.macaon	576	9	d'	un	det	det	_	10	det	_	_
0c3af1cd-6ced-4748-9682-ce77cd23aa03.xml.macaon	577	10	Auguste	Auguste	np	np	_	3	mod	_	_
0c3af1cd-6ced-4748-9682-ce77cd23aa03.xml.macaon	578	11	.	.	poncts	poncts	_	3	ponct	_	_

0c3af1cd-6ced-4748-9682-ce77cd23aa03.xml.macaon	579	1	100#193	100#193	nc	nc	_	_	_	_	_
0c3af1cd-6ced-4748-9682-ce77cd23aa03.xml.macaon	580	2	Apogée	Apogée	vppart	vppart	_	1	mod	_	_
0c3af1cd-6ced-4748-9682-ce77cd23aa03.xml.macaon	581	3	de#l'	de#l'	prep	prep	_	2	mod	_	_
0c3af1cd-6ced-4748-9682-ce77cd23aa03.xml.macaon	582	4	Empire	Empire	np	np	_	3	obj	_	_
0c3af1cd-6ced-4748-9682-ce77cd23aa03.xml.macaon	583	5	Romain	Romain	np	np	_	3	obj	_	_
0c3af1cd-6ced-4748-9682-ce77cd23aa03.xml.macaon	584	6	284#305	284#305	adj	adj	_	7	mod	_	_
0c3af1cd-6ced-4748-9682-ce77cd23aa03.xml.macaon	585	7	Règne	règne	nc	nc	_	3	obj	_	_
0c3af1cd-6ced-4748-9682-ce77cd23aa03.xml.macaon	586	8	de	de	prep	prep	_	7	dep	_	_
0c3af1cd-6ced-4748-9682-ce77cd23aa03.xml.macaon	587	9	Dioclétien	Dioclétien	np	np	_	8	obj	_	_
0c3af1cd-6ced-4748-9682-ce77cd23aa03.xml.macaon	588	10	,	,	ponctw	ponctw	_	9	ponct	_	_
0c3af1cd-6ced-4748-9682-ce77cd23aa03.xml.macaon	589	11	réorganisation	réorganisation	nc	nc	_	8	obj	_	_
0c3af1cd-6ced-4748-9682-ce77cd23aa03.xml.macaon	590	12	de#l'	de#l'	prep	prep	_	11	dep	_	_
0c3af1cd-6ced-4748-9682-ce77cd23aa03.xml.macaon	591	13	Empire	Empire	np	np	_	12	obj	_	_
0c3af1cd-6ced-4748-9682-ce77cd23aa03.xml.macaon	592	14	et	et	coo	coo	_	13	coord	_	_
0c3af1cd-6ced-4748-9682-ce77cd23aa03.xml.macaon	593	15	persécutions	persécution	nc	nc	_	12	obj	_	_
0c3af1cd-6ced-4748-9682-ce77cd23aa03.xml.macaon	594	16	des	des	prep	prep	_	15	dep	_	_
0c3af1cd-6ced-4748-9682-ce77cd23aa03.xml.macaon	595	17	chrétiens	chrétien	nc	nc	_	16	obj	_	_
0c3af1cd-6ced-4748-9682-ce77cd23aa03.xml.macaon	596	18	.	.	poncts	poncts	_	7	ponct	_	_

0c3af1cd-6ced-4748-9682-ce77cd23aa03.xml.macaon	597	1	La	la	det	det	_	3	det	_	_
0c3af1cd-6ced-4748-9682-ce77cd23aa03.xml.macaon	598	2	basse	bas	adj	adj	_	3	mod	_	_
0c3af1cd-6ced-4748-9682-ce77cd23aa03.xml.macaon	599	3	antiquité	antiquité	nc	nc	_	_	_	_	_

0c3af1cd-6ced-4748-9682-ce77cd23aa03.xml.macaon	600	1	Monnaie	monnaie	nc	nc	_	_	_	_	_
0c3af1cd-6ced-4748-9682-ce77cd23aa03.xml.macaon	601	2	à	à	prep	prep	_	1	dep	_	_
0c3af1cd-6ced-4748-9682-ce77cd23aa03.xml.macaon	602	3	l'	le	det	det	_	4	det	_	_
0c3af1cd-6ced-4748-9682-ce77cd23aa03.xml.macaon	603	4	effigie	effigie	nc	nc	_	2	obj	_	_
0c3af1cd-6ced-4748-9682-ce77cd23aa03.xml.macaon	604	5	de#l'	de#l'	prep	prep	_	4	dep	_	_
0c3af1cd-6ced-4748-9682-ce77cd23aa03.xml.macaon	605	6	empereur	empereur	nc	nc	_	5	obj	_	_
0c3af1cd-6ced-4748-9682-ce77cd23aa03.xml.macaon	606	7	romain	romain	adj	adj	_	6	mod	_	_
0c3af1cd-6ced-4748-9682-ce77cd23aa03.xml.macaon	607	8	Théodose	Théodose	np	np	_	5	obj	_	_
0c3af1cd-6ced-4748-9682-ce77cd23aa03.xml.macaon	608	9	Ier	Ier	np	np	_	8	mod	_	_
0c3af1cd-6ced-4748-9682-ce77cd23aa03.xml.macaon	609	10	.	.	poncts	poncts	_	1	ponct	_	_

0c3af1cd-6ced-4748-9682-ce77cd23aa03.xml.macaon	610	1	Du	du	prep	prep	_	_	_	_	_
0c3af1cd-6ced-4748-9682-ce77cd23aa03.xml.macaon	611	2	3e	3e	det	det	_	5	det	_	_
0c3af1cd-6ced-4748-9682-ce77cd23aa03.xml.macaon	612	3	au	au	prep	prep	_	2	__JOKER__	_	_
0c3af1cd-6ced-4748-9682-ce77cd23aa03.xml.macaon	613	4	5e	5e	det	det	_	5	det	_	_
0c3af1cd-6ced-4748-9682-ce77cd23aa03.xml.macaon	614	5	siècle	siècle	nc	nc	_	1	obj	_	_
0c3af1cd-6ced-4748-9682-ce77cd23aa03.xml.macaon	615	6	après	après	prep	prep	_	5	dep	_	_
0c3af1cd-6ced-4748-9682-ce77cd23aa03.xml.macaon	616	7	Jésus-Christ	Jésus-Christ	np	np	_	6	obj	_	_
0c3af1cd-6ced-4748-9682-ce77cd23aa03.xml.macaon	617	8	.	.	poncts	poncts	_	1	__JOKER__	_	_

0c3af1cd-6ced-4748-9682-ce77cd23aa03.xml.macaon	618	1	L'	L'	det	det	_	2	det	_	_
0c3af1cd-6ced-4748-9682-ce77cd23aa03.xml.macaon	619	2	Empire	Empire	nc	nc	_	4	suj	_	_
0c3af1cd-6ced-4748-9682-ce77cd23aa03.xml.macaon	620	3	romain	romain	adj	adj	_	2	mod	_	_
0c3af1cd-6ced-4748-9682-ce77cd23aa03.xml.macaon	621	4	traverse	traverser	v	v	_	_	_	_	_
0c3af1cd-6ced-4748-9682-ce77cd23aa03.xml.macaon	622	5	une	un	det	det	_	6	det	_	_
0c3af1cd-6ced-4748-9682-ce77cd23aa03.xml.macaon	623	6	crise	crise	nc	nc	_	4	obj	_	_
0c3af1cd-6ced-4748-9682-ce77cd23aa03.xml.macaon	624	7	importante	important	adj	adj	_	6	mod	_	_
0c3af1cd-6ced-4748-9682-ce77cd23aa03.xml.macaon	625	8	à#cause#de	à#cause#de	prep	prep	_	4	mod	_	_
0c3af1cd-6ced-4748-9682-ce77cd23aa03.xml.macaon	626	9	ses	son	det	det	_	10	det	_	_
0c3af1cd-6ced-4748-9682-ce77cd23aa03.xml.macaon	627	10	bouleversements	bouleversement	nc	nc	_	8	obj	_	_
0c3af1cd-6ced-4748-9682-ce77cd23aa03.xml.macaon	628	11	politiques	politique	adj	adj	_	10	mod	_	_
0c3af1cd-6ced-4748-9682-ce77cd23aa03.xml.macaon	629	12	et	et	coo	coo	_	11	coord	_	_
0c3af1cd-6ced-4748-9682-ce77cd23aa03.xml.macaon	630	13	sociaux	social	adj	adj	_	12	dep_coord	_	_
0c3af1cd-6ced-4748-9682-ce77cd23aa03.xml.macaon	631	14	,	,	ponctw	ponctw	_	11	ponct	_	_
0c3af1cd-6ced-4748-9682-ce77cd23aa03.xml.macaon	632	15	le	le	det	det	_	16	det	_	_
0c3af1cd-6ced-4748-9682-ce77cd23aa03.xml.macaon	633	16	triomphe	triomphe	nc	nc	_	11	__JOKER__	_	_
0c3af1cd-6ced-4748-9682-ce77cd23aa03.xml.macaon	634	17	du	du	prep	prep	_	16	dep	_	_
0c3af1cd-6ced-4748-9682-ce77cd23aa03.xml.macaon	635	18	christianisme	christianisme	nc	nc	_	17	obj	_	_
0c3af1cd-6ced-4748-9682-ce77cd23aa03.xml.macaon	636	19	grâce#à	grâce#à	prep	prep	_	18	dep	_	_
0c3af1cd-6ced-4748-9682-ce77cd23aa03.xml.macaon	637	20	l'	le	det	det	_	21	det	_	_
0c3af1cd-6ced-4748-9682-ce77cd23aa03.xml.macaon	638	21	édit	édit	nc	nc	_	19	obj	_	_
0c3af1cd-6ced-4748-9682-ce77cd23aa03.xml.macaon	639	22	de	de	prep	prep	_	21	dep	_	_
0c3af1cd-6ced-4748-9682-ce77cd23aa03.xml.macaon	640	23	Milan	Milan	np	np	_	22	obj	_	_
0c3af1cd-6ced-4748-9682-ce77cd23aa03.xml.macaon	641	24	de	de	prep	prep	_	21	dep	_	_
0c3af1cd-6ced-4748-9682-ce77cd23aa03.xml.macaon	642	25	313	313	nc	nc	_	24	obj	_	_
0c3af1cd-6ced-4748-9682-ce77cd23aa03.xml.macaon	643	26	ainsi#que	ainsi#que	coo	coo	_	17	coord	_	_
0c3af1cd-6ced-4748-9682-ce77cd23aa03.xml.macaon	644	27	les	le	det	det	_	28	det	_	_
0c3af1cd-6ced-4748-9682-ce77cd23aa03.xml.macaon	645	28	invasions	invasion	nc	nc	_	26	dep_coord	_	_
0c3af1cd-6ced-4748-9682-ce77cd23aa03.xml.macaon	646	29	permanentes	permanent	adj	adj	_	28	mod	_	_
0c3af1cd-6ced-4748-9682-ce77cd23aa03.xml.macaon	647	30	des	des	prep	prep	_	28	dep	_	_
0c3af1cd-6ced-4748-9682-ce77cd23aa03.xml.macaon	648	31	peuples	peuple	nc	nc	_	30	obj	_	_
0c3af1cd-6ced-4748-9682-ce77cd23aa03.xml.macaon	649	32	barbares	barbare	adj	adj	_	31	mod	_	_
0c3af1cd-6ced-4748-9682-ce77cd23aa03.xml.macaon	650	33	qui	qui	prorel	prorel	_	34	suj	_	_
0c3af1cd-6ced-4748-9682-ce77cd23aa03.xml.macaon	651	34	vont	aller	v	v	_	31	mod_rel	_	_
0c3af1cd-6ced-4748-9682-ce77cd23aa03.xml.macaon	652	35	pousser	pousser	vinf	vinf	_	34	obj	_	_
0c3af1cd-6ced-4748-9682-ce77cd23aa03.xml.macaon	653	36	l'	le	det	det	_	37	det	_	_
0c3af1cd-6ced-4748-9682-ce77cd23aa03.xml.macaon	654	37	Empire	Empire	nc	nc	_	35	obj	_	_
0c3af1cd-6ced-4748-9682-ce77cd23aa03.xml.macaon	655	38	à	à	prep	prep	_	35	a_obj	_	_
0c3af1cd-6ced-4748-9682-ce77cd23aa03.xml.macaon	656	39	se	se	clr	clr	_	40	aff	_	_
0c3af1cd-6ced-4748-9682-ce77cd23aa03.xml.macaon	657	40	défendre	défendre	vinf	vinf	_	38	obj	_	_
0c3af1cd-6ced-4748-9682-ce77cd23aa03.xml.macaon	658	41	et	et	coo	coo	_	38	coord	_	_
0c3af1cd-6ced-4748-9682-ce77cd23aa03.xml.macaon	659	42	à	à	prep	prep	_	41	dep_coord	_	_
0c3af1cd-6ced-4748-9682-ce77cd23aa03.xml.macaon	660	43	se	se	clr	clr	_	44	aff	_	_
0c3af1cd-6ced-4748-9682-ce77cd23aa03.xml.macaon	661	44	fragiliser	fragiliser	vinf	vinf	_	42	obj	_	_
0c3af1cd-6ced-4748-9682-ce77cd23aa03.xml.macaon	662	45	économiquement	économiquement	adv	adv	_	44	mod	_	_
0c3af1cd-6ced-4748-9682-ce77cd23aa03.xml.macaon	663	46	et	et	coo	coo	_	38	coord	_	_
0c3af1cd-6ced-4748-9682-ce77cd23aa03.xml.macaon	664	47	financièrement	financièrement	adv	adv	_	46	mod	_	_
0c3af1cd-6ced-4748-9682-ce77cd23aa03.xml.macaon	665	48	.	.	poncts	poncts	_	4	ponct	_	_

0c3af1cd-6ced-4748-9682-ce77cd23aa03.xml.macaon	666	1	Tous	tous	adj	adj	_	3	mod	_	_	B:Participation:FE:Participant1:G:670
0c3af1cd-6ced-4748-9682-ce77cd23aa03.xml.macaon	667	2	ces	ce	det	det	_	3	det	_	_	I:Participation:FE:Participant1:G:670
0c3af1cd-6ced-4748-9682-ce77cd23aa03.xml.macaon	668	3	événements	événement	nc	nc	_	4	suj	_	_	I:Participation:FE:Participant1:G:670
0c3af1cd-6ced-4748-9682-ce77cd23aa03.xml.macaon	669	4	vont	aller	v	v	_	_	_	_	_
0c3af1cd-6ced-4748-9682-ce77cd23aa03.xml.macaon	670	5	participer	participer	vinf	vinf	_	4	obj	_	_	B:Participation:TARGET:participer:G:670
0c3af1cd-6ced-4748-9682-ce77cd23aa03.xml.macaon	671	6	à	à	prep	prep	_	5	a_obj	_	_
0c3af1cd-6ced-4748-9682-ce77cd23aa03.xml.macaon	672	7	la	le	det	det	_	8	det	_	_	B:Participation:FE:Event:G:670
0c3af1cd-6ced-4748-9682-ce77cd23aa03.xml.macaon	673	8	chute	chute	nc	nc	_	6	obj	_	_	I:Participation:FE:Event:G:670
0c3af1cd-6ced-4748-9682-ce77cd23aa03.xml.macaon	674	9	de#l'	de#l'	prep	prep	_	8	dep	_	_	I:Participation:FE:Event:G:670
0c3af1cd-6ced-4748-9682-ce77cd23aa03.xml.macaon	675	10	Empire	Empire	np	np	_	9	obj	_	_	I:Participation:FE:Event:G:670
0c3af1cd-6ced-4748-9682-ce77cd23aa03.xml.macaon	676	11	Romain	Romain	np	np	_	9	obj	_	_	I:Participation:FE:Event:G:670
0c3af1cd-6ced-4748-9682-ce77cd23aa03.xml.macaon	677	12	d'	de	prep	prep	_	8	dep	_	_	I:Participation:FE:Event:G:670
0c3af1cd-6ced-4748-9682-ce77cd23aa03.xml.macaon	678	13	Occident	Occident	np	np	_	12	obj	_	_	I:Participation:FE:Event:G:670
0c3af1cd-6ced-4748-9682-ce77cd23aa03.xml.macaon	679	14	en	en	prep	prep	_	5	mod	_	_	B:Participation:FE:Time:G:670
0c3af1cd-6ced-4748-9682-ce77cd23aa03.xml.macaon	680	15	476	476	nc	nc	_	14	obj	_	_	I:Participation:FE:Time:G:670
0c3af1cd-6ced-4748-9682-ce77cd23aa03.xml.macaon	681	16	,	,	ponctw	ponctw	_	18	ponct	_	_
0c3af1cd-6ced-4748-9682-ce77cd23aa03.xml.macaon	682	17	qui	qui	prorel	prorel	_	18	suj	_	_
0c3af1cd-6ced-4748-9682-ce77cd23aa03.xml.macaon	683	18	marquera	marquer	v	v	_	15	mod_rel	_	_
0c3af1cd-6ced-4748-9682-ce77cd23aa03.xml.macaon	684	19	la	le	det	det	_	20	det	_	_
0c3af1cd-6ced-4748-9682-ce77cd23aa03.xml.macaon	685	20	fin	fin	nc	nc	_	18	obj	_	_
0c3af1cd-6ced-4748-9682-ce77cd23aa03.xml.macaon	686	21	de#l'	de#l'	prep	prep	_	20	dep	_	_
0c3af1cd-6ced-4748-9682-ce77cd23aa03.xml.macaon	687	22	antiquité	antiquité	nc	nc	_	21	obj	_	_
0c3af1cd-6ced-4748-9682-ce77cd23aa03.xml.macaon	688	23	et	et	coo	coo	_	22	coord	_	_
0c3af1cd-6ced-4748-9682-ce77cd23aa03.xml.macaon	689	24	le	le	det	det	_	25	det	_	_
0c3af1cd-6ced-4748-9682-ce77cd23aa03.xml.macaon	690	25	début	début	nc	nc	_	23	dep_coord	_	_	B:Activity_start:TARGET:début:G:690
0c3af1cd-6ced-4748-9682-ce77cd23aa03.xml.macaon	691	26	du	du	prep	prep	_	25	dep	_	_	B:Activity_start:FE:Activity:G:690
0c3af1cd-6ced-4748-9682-ce77cd23aa03.xml.macaon	692	27	Moyen	Moyen	np	np	_	26	obj	_	_	I:Activity_start:FE:Activity:G:690
0c3af1cd-6ced-4748-9682-ce77cd23aa03.xml.macaon	693	28	Âge	Âge	v	v	_	23	dep_coord	_	_	I:Activity_start:FE:Activity:G:690
0c3af1cd-6ced-4748-9682-ce77cd23aa03.xml.macaon	694	29	.	.	poncts	poncts	_	4	ponct	_	_

0c3af1cd-6ced-4748-9682-ce77cd23aa03.xml.macaon	695	1	312	312	nc	nc	_	_	_	_	_
0c3af1cd-6ced-4748-9682-ce77cd23aa03.xml.macaon	696	2	-	-	ponctw	ponctw	_	1	ponct	_	_
0c3af1cd-6ced-4748-9682-ce77cd23aa03.xml.macaon	697	3	337	337	det	det	_	4	det	_	_
0c3af1cd-6ced-4748-9682-ce77cd23aa03.xml.macaon	698	4	Règne	règne	nc	nc	_	1	mod	_	_
0c3af1cd-6ced-4748-9682-ce77cd23aa03.xml.macaon	699	5	de	de	prep	prep	_	4	dep	_	_
0c3af1cd-6ced-4748-9682-ce77cd23aa03.xml.macaon	700	6	Constantin	Constantin	np	np	_	5	obj	_	_
0c3af1cd-6ced-4748-9682-ce77cd23aa03.xml.macaon	701	7	et	et	coo	coo	_	6	coord	_	_
0c3af1cd-6ced-4748-9682-ce77cd23aa03.xml.macaon	702	8	fondation	fondation	nc	nc	_	5	obj	_	_
0c3af1cd-6ced-4748-9682-ce77cd23aa03.xml.macaon	703	9	de	de	prep	prep	_	4	dep	_	_
0c3af1cd-6ced-4748-9682-ce77cd23aa03.xml.macaon	704	10	Constantinople	Constantinople	nc	nc	_	9	obj	_	_
0c3af1cd-6ced-4748-9682-ce77cd23aa03.xml.macaon	705	11	.	.	poncts	poncts	_	1	ponct	_	_

0c3af1cd-6ced-4748-9682-ce77cd23aa03.xml.macaon	706	1	361	361	det	det	_	2	det	_	_
0c3af1cd-6ced-4748-9682-ce77cd23aa03.xml.macaon	707	2	Réaction	réaction	nc	nc	_	_	_	_	_
0c3af1cd-6ced-4748-9682-ce77cd23aa03.xml.macaon	708	3	antichrétienne	antichrétienne	adj	adj	_	2	mod	_	_
0c3af1cd-6ced-4748-9682-ce77cd23aa03.xml.macaon	709	4	.	.	poncts	poncts	_	3	__JOKER__	_	_

0c3af1cd-6ced-4748-9682-ce77cd23aa03.xml.macaon	710	1	364	364	det	det	_	2	det	_	_
0c3af1cd-6ced-4748-9682-ce77cd23aa03.xml.macaon	711	2	Christianisation	christianisation	nc	nc	_	_	_	_	_
0c3af1cd-6ced-4748-9682-ce77cd23aa03.xml.macaon	712	3	de#l'	de#l'	prep	prep	_	2	dep	_	_
0c3af1cd-6ced-4748-9682-ce77cd23aa03.xml.macaon	713	4	Empire	Empire	np	np	_	3	obj	_	_
0c3af1cd-6ced-4748-9682-ce77cd23aa03.xml.macaon	714	5	Romain	Romain	np	np	_	3	obj	_	_
0c3af1cd-6ced-4748-9682-ce77cd23aa03.xml.macaon	715	6	.	.	poncts	poncts	_	2	__JOKER__	_	_

0c3af1cd-6ced-4748-9682-ce77cd23aa03.xml.macaon	716	1	392	392	det	det	_	2	det	_	_
0c3af1cd-6ced-4748-9682-ce77cd23aa03.xml.macaon	717	2	Théodose	Théodose	np	np	_	4	suj	_	_
0c3af1cd-6ced-4748-9682-ce77cd23aa03.xml.macaon	718	3	Ier	Ier	np	np	_	2	mod	_	_
0c3af1cd-6ced-4748-9682-ce77cd23aa03.xml.macaon	719	4	interdit	interdire	v	v	_	_	_	_	_
0c3af1cd-6ced-4748-9682-ce77cd23aa03.xml.macaon	720	5	les	le	det	det	_	6	det	_	_
0c3af1cd-6ced-4748-9682-ce77cd23aa03.xml.macaon	721	6	cultes	culte	nc	nc	_	4	obj	_	_
0c3af1cd-6ced-4748-9682-ce77cd23aa03.xml.macaon	722	7	païens	païen	nc	nc	_	6	mod	_	_
0c3af1cd-6ced-4748-9682-ce77cd23aa03.xml.macaon	723	8	.	.	poncts	poncts	_	4	ponct	_	_

0c3af1cd-6ced-4748-9682-ce77cd23aa03.xml.macaon	724	1	395	395	det	det	_	2	det	_	_
0c3af1cd-6ced-4748-9682-ce77cd23aa03.xml.macaon	725	2	Mort	Mort	np	np	_	_	_	_	_
0c3af1cd-6ced-4748-9682-ce77cd23aa03.xml.macaon	726	3	de	de	prep	prep	_	2	dep	_	_
0c3af1cd-6ced-4748-9682-ce77cd23aa03.xml.macaon	727	4	Théodose	Théodose	np	np	_	3	obj	_	_
0c3af1cd-6ced-4748-9682-ce77cd23aa03.xml.macaon	728	5	et	et	coo	coo	_	4	coord	_	_
0c3af1cd-6ced-4748-9682-ce77cd23aa03.xml.macaon	729	6	partage	partage	nc	nc	_	3	obj	_	_
0c3af1cd-6ced-4748-9682-ce77cd23aa03.xml.macaon	730	7	de#l'	de#l'	prep	prep	_	6	dep	_	_
0c3af1cd-6ced-4748-9682-ce77cd23aa03.xml.macaon	731	8	Empire	Empire	np	np	_	7	obj	_	_
0c3af1cd-6ced-4748-9682-ce77cd23aa03.xml.macaon	732	9	Romain	Romain	np	np	_	7	obj	_	_
0c3af1cd-6ced-4748-9682-ce77cd23aa03.xml.macaon	733	10	.	.	poncts	poncts	_	2	__JOKER__	_	_

0c3af1cd-6ced-4748-9682-ce77cd23aa03.xml.macaon	734	1	406	406	det	det	_	2	det	_	_
0c3af1cd-6ced-4748-9682-ce77cd23aa03.xml.macaon	735	2	Début	Début	nc	nc	_	_	_	_	_
0c3af1cd-6ced-4748-9682-ce77cd23aa03.xml.macaon	736	3	des	des	prep	prep	_	2	dep	_	_
0c3af1cd-6ced-4748-9682-ce77cd23aa03.xml.macaon	737	4	grandes	grand	adj	adj	_	5	mod	_	_
0c3af1cd-6ced-4748-9682-ce77cd23aa03.xml.macaon	738	5	invasions	invasion	nc	nc	_	3	obj	_	_
0c3af1cd-6ced-4748-9682-ce77cd23aa03.xml.macaon	739	6	.	.	poncts	poncts	_	5	__JOKER__	_	_

0c3af1cd-6ced-4748-9682-ce77cd23aa03.xml.macaon	740	1	Grandes	grand	adj	adj	_	2	mod	_	_
0c3af1cd-6ced-4748-9682-ce77cd23aa03.xml.macaon	741	2	civilisations	civilisation	nc	nc	_	_	_	_	_
0c3af1cd-6ced-4748-9682-ce77cd23aa03.xml.macaon	742	3	de#l'	de#l'	prep	prep	_	2	dep	_	_
0c3af1cd-6ced-4748-9682-ce77cd23aa03.xml.macaon	743	4	Antiquité	antiquité	nc	nc	_	3	obj	_	_

0c3af1cd-6ced-4748-9682-ce77cd23aa03.xml.macaon	744	1	Civilisations	civilisation	nc	nc	_	_	_	_	_
0c3af1cd-6ced-4748-9682-ce77cd23aa03.xml.macaon	745	2	méditerranéennes	méditerranéen	adj	adj	_	1	mod	_	_

0c3af1cd-6ced-4748-9682-ce77cd23aa03.xml.macaon	746	1	Certaines	certaines	det	det	_	3	det	_	_
0c3af1cd-6ced-4748-9682-ce77cd23aa03.xml.macaon	747	2	grandes	grand	adj	adj	_	3	mod	_	_
0c3af1cd-6ced-4748-9682-ce77cd23aa03.xml.macaon	748	3	civilisations	civilisation	nc	nc	_	7	suj	_	_
0c3af1cd-6ced-4748-9682-ce77cd23aa03.xml.macaon	749	4	de#l'	de#l'	prep	prep	_	3	dep	_	_
0c3af1cd-6ced-4748-9682-ce77cd23aa03.xml.macaon	750	5	Antiquité	Antiquité	np	np	_	4	obj	_	_
0c3af1cd-6ced-4748-9682-ce77cd23aa03.xml.macaon	751	6	étaient	étayer	v	v	_	7	aux_tps	_	_
0c3af1cd-6ced-4748-9682-ce77cd23aa03.xml.macaon	752	7	regroupées	regrouper	vppart	vppart	_	_	_	_	_
0c3af1cd-6ced-4748-9682-ce77cd23aa03.xml.macaon	753	8	près#de	près#de	prep	prep	_	7	mod	_	_
0c3af1cd-6ced-4748-9682-ce77cd23aa03.xml.macaon	754	9	la	le	det	det	_	10	det	_	_
0c3af1cd-6ced-4748-9682-ce77cd23aa03.xml.macaon	755	10	mer	mer	nc	nc	_	8	obj	_	_
0c3af1cd-6ced-4748-9682-ce77cd23aa03.xml.macaon	756	11	Méditerranée	Méditerranée	adj	adj	_	10	mod	_	_
0c3af1cd-6ced-4748-9682-ce77cd23aa03.xml.macaon	757	12	:	:	ponctw	ponctw	_	10	ponct	_	_

0c3af1cd-6ced-4748-9682-ce77cd23aa03.xml.macaon	758	1	la	le	det	det	_	2	det	_	_
0c3af1cd-6ced-4748-9682-ce77cd23aa03.xml.macaon	759	2	Mésopotamie	Mésopotamie	nc	nc	_	_	_	_	_
0c3af1cd-6ced-4748-9682-ce77cd23aa03.xml.macaon	760	3	(	(	ponctw	ponctw	_	2	ponct	_	_
0c3af1cd-6ced-4748-9682-ce77cd23aa03.xml.macaon	761	4	Sumériens	Sumériens	np	np	_	2	mod	_	_
0c3af1cd-6ced-4748-9682-ce77cd23aa03.xml.macaon	762	5	,	,	ponctw	ponctw	_	2	ponct	_	_
0c3af1cd-6ced-4748-9682-ce77cd23aa03.xml.macaon	763	6	Babyloniens	Babyloniens	np	np	_	2	mod	_	_
0c3af1cd-6ced-4748-9682-ce77cd23aa03.xml.macaon	764	7	et	et	coo	coo	_	6	coord	_	_
0c3af1cd-6ced-4748-9682-ce77cd23aa03.xml.macaon	765	8	Assyriens	assyrien	nc	nc	_	7	dep_coord	_	_
0c3af1cd-6ced-4748-9682-ce77cd23aa03.xml.macaon	766	9	)	)	ponctw	ponctw	_	8	ponct	_	_
0c3af1cd-6ced-4748-9682-ce77cd23aa03.xml.macaon	767	10	;	;	ponctw	ponctw	_	8	ponct	_	_
0c3af1cd-6ced-4748-9682-ce77cd23aa03.xml.macaon	768	11	les	le	det	det	_	12	det	_	_
0c3af1cd-6ced-4748-9682-ce77cd23aa03.xml.macaon	769	12	Égyptiens	égyptien	nc	nc	_	6	mod	_	_
0c3af1cd-6ced-4748-9682-ce77cd23aa03.xml.macaon	770	13	;	;	ponctw	ponctw	_	12	ponct	_	_
0c3af1cd-6ced-4748-9682-ce77cd23aa03.xml.macaon	771	14	les	le	det	det	_	15	det	_	_
0c3af1cd-6ced-4748-9682-ce77cd23aa03.xml.macaon	772	15	Hébreux	hébreu	adj	adj	_	12	mod	_	_
0c3af1cd-6ced-4748-9682-ce77cd23aa03.xml.macaon	773	16	;	;	ponctw	ponctw	_	18	ponct	_	_
0c3af1cd-6ced-4748-9682-ce77cd23aa03.xml.macaon	774	17	les	le	det	det	_	18	det	_	_
0c3af1cd-6ced-4748-9682-ce77cd23aa03.xml.macaon	775	18	Grecs	Grecs	np	np	_	12	mod	_	_
0c3af1cd-6ced-4748-9682-ce77cd23aa03.xml.macaon	776	19	;	;	ponctw	ponctw	_	18	ponct	_	_
0c3af1cd-6ced-4748-9682-ce77cd23aa03.xml.macaon	777	20	les	le	det	det	_	21	det	_	_
0c3af1cd-6ced-4748-9682-ce77cd23aa03.xml.macaon	778	21	Romains	romain	nc	nc	_	18	mod	_	_
0c3af1cd-6ced-4748-9682-ce77cd23aa03.xml.macaon	779	22	.	.	poncts	poncts	_	12	ponct	_	_

0c3af1cd-6ced-4748-9682-ce77cd23aa03.xml.macaon	780	1	En	en	prep	prep	_	_	_	_	_	B:Using:FE:Place:G:802
0c3af1cd-6ced-4748-9682-ce77cd23aa03.xml.macaon	781	2	Europe	Europe	np	np	_	1	obj	_	_	I:Using:FE:Place:G:802
0c3af1cd-6ced-4748-9682-ce77cd23aa03.xml.macaon	782	3	,	,	ponctw	ponctw	_	1	ponct	_	_
0c3af1cd-6ced-4748-9682-ce77cd23aa03.xml.macaon	783	4	depuis	depuis	prep	prep	_	1	obj	_	_	B:Using:FE:Time:G:802
0c3af1cd-6ced-4748-9682-ce77cd23aa03.xml.macaon	784	5	la	le	det	det	_	6	det	_	_	I:Using:FE:Time:G:802
0c3af1cd-6ced-4748-9682-ce77cd23aa03.xml.macaon	785	6	Renaissance	Renaissance	np	np	_	4	obj	_	_	I:Using:FE:Time:G:802
0c3af1cd-6ced-4748-9682-ce77cd23aa03.xml.macaon	786	7	,	,	ponctw	ponctw	_	6	ponct	_	_
0c3af1cd-6ced-4748-9682-ce77cd23aa03.xml.macaon	787	8	les	le	det	det	_	10	det	_	_	B:Using:FE:Instrument:G:802
0c3af1cd-6ced-4748-9682-ce77cd23aa03.xml.macaon	788	9	«	«	ponctw	ponctw	_	10	ponct	_	_	I:Using:FE:Instrument:G:802
0c3af1cd-6ced-4748-9682-ce77cd23aa03.xml.macaon	789	10	Anciens	ancien	nc	nc	_	6	mod	_	_	I:Using:FE:Instrument:G:802
0c3af1cd-6ced-4748-9682-ce77cd23aa03.xml.macaon	790	11	»	»	ponctw	ponctw	_	10	ponct	_	_
0c3af1cd-6ced-4748-9682-ce77cd23aa03.xml.macaon	791	12	(	(	ponctw	ponctw	_	10	ponct	_	_
0c3af1cd-6ced-4748-9682-ce77cd23aa03.xml.macaon	792	13	par	par	prep	prep	_	10	dep	_	_
0c3af1cd-6ced-4748-9682-ce77cd23aa03.xml.macaon	793	14	opposition	opposition	nc	nc	_	13	obj	_	_
0c3af1cd-6ced-4748-9682-ce77cd23aa03.xml.macaon	794	15	aux	aux	prep	prep	_	14	dep	_	_
0c3af1cd-6ced-4748-9682-ce77cd23aa03.xml.macaon	795	16	«	«	ponctw	ponctw	_	14	ponct	_	_
0c3af1cd-6ced-4748-9682-ce77cd23aa03.xml.macaon	796	17	Modernes	Modernes	np	np	_	14	mod	_	_
0c3af1cd-6ced-4748-9682-ce77cd23aa03.xml.macaon	797	18	»	»	ponctw	ponctw	_	17	ponct	_	_
0c3af1cd-6ced-4748-9682-ce77cd23aa03.xml.macaon	798	19	)	)	ponctw	ponctw	_	20	ponct	_	_
0c3af1cd-6ced-4748-9682-ce77cd23aa03.xml.macaon	799	20	est	être	v	v	_	17	mod_rel	_	_
0c3af1cd-6ced-4748-9682-ce77cd23aa03.xml.macaon	800	21	un	un	det	det	_	22	det	_	_	B:Using:FE:Instrument:G:802
0c3af1cd-6ced-4748-9682-ce77cd23aa03.xml.macaon	801	22	terme	terme	nc	nc	_	20	ats	_	_	I:Using:FE:Instrument:G:802
0c3af1cd-6ced-4748-9682-ce77cd23aa03.xml.macaon	802	23	utilisé	utiliser	vppart	vppart	_	22	mod	_	_	B:Using:TARGET:utiliser:G:802
0c3af1cd-6ced-4748-9682-ce77cd23aa03.xml.macaon	803	24	pour	pour	prep	prep	_	23	mod	_	_	B:Using:FE:Purpose:G:802
0c3af1cd-6ced-4748-9682-ce77cd23aa03.xml.macaon	804	25	désigner	désigner	vinf	vinf	_	24	obj	_	_	I:Using:FE:Purpose:G:802	B:OTHER:G
0c3af1cd-6ced-4748-9682-ce77cd23aa03.xml.macaon	805	26	les	le	det	det	_	27	det	_	_	I:Using:FE:Purpose:G:802
0c3af1cd-6ced-4748-9682-ce77cd23aa03.xml.macaon	806	27	membres	membre	nc	nc	_	25	obj	_	_	I:Using:FE:Purpose:G:802
0c3af1cd-6ced-4748-9682-ce77cd23aa03.xml.macaon	807	28	de	de	prep	prep	_	27	dep	_	_	I:Using:FE:Purpose:G:802
0c3af1cd-6ced-4748-9682-ce77cd23aa03.xml.macaon	808	29	ces	ce	det	det	_	30	det	_	_	I:Using:FE:Purpose:G:802
0c3af1cd-6ced-4748-9682-ce77cd23aa03.xml.macaon	809	30	civilisations	civilisation	nc	nc	_	28	obj	_	_	I:Using:FE:Purpose:G:802
0c3af1cd-6ced-4748-9682-ce77cd23aa03.xml.macaon	810	31	antiques	antique	adj	adj	_	30	mod	_	_	I:Using:FE:Purpose:G:802
0c3af1cd-6ced-4748-9682-ce77cd23aa03.xml.macaon	811	32	.	.	poncts	poncts	_	20	ponct	_	_

0c3af1cd-6ced-4748-9682-ce77cd23aa03.xml.macaon	812	1	Civilisations	civilisation	nc	nc	_	_	_	_	_
0c3af1cd-6ced-4748-9682-ce77cd23aa03.xml.macaon	813	2	asiatiques	asiatique	adj	adj	_	1	mod	_	_

0c3af1cd-6ced-4748-9682-ce77cd23aa03.xml.macaon	814	1	Civilisation	civilisation	nc	nc	_	_	_	_	_
0c3af1cd-6ced-4748-9682-ce77cd23aa03.xml.macaon	815	2	de#l'	de#l'	prep	prep	_	1	dep	_	_
0c3af1cd-6ced-4748-9682-ce77cd23aa03.xml.macaon	816	3	Indus	Indus	np	np	_	2	obj	_	_
0c3af1cd-6ced-4748-9682-ce77cd23aa03.xml.macaon	817	4	Civilisation	civilisation	nc	nc	_	2	obj	_	_
0c3af1cd-6ced-4748-9682-ce77cd23aa03.xml.macaon	818	5	chinoise	chinois	adj	adj	_	4	mod	_	_

0c3af1cd-6ced-4748-9682-ce77cd23aa03.xml.macaon	819	1	Références	référence	nc	nc	_	_	_	_	_
