0fcd5148-40de-4147-8d1d-00c41178c8f8.xml.macaon	0	1	vikidia	vikidia	nc	nc	_	_	_	_	_

0fcd5148-40de-4147-8d1d-00c41178c8f8.xml.macaon	1	1	0fcd5148	0fcd5148	adj	adj	_	3	mod	_	_
0fcd5148-40de-4147-8d1d-00c41178c8f8.xml.macaon	2	2	-	-	ponctw	ponctw	_	1	ponct	_	_
0fcd5148-40de-4147-8d1d-00c41178c8f8.xml.macaon	3	3	40de	40de	nc	nc	_	_	_	_	_
0fcd5148-40de-4147-8d1d-00c41178c8f8.xml.macaon	4	4	-	-	ponctw	ponctw	_	3	ponct	_	_
0fcd5148-40de-4147-8d1d-00c41178c8f8.xml.macaon	5	5	4147	4147	nc	nc	_	3	mod	_	_
0fcd5148-40de-4147-8d1d-00c41178c8f8.xml.macaon	6	6	-	-	ponctw	ponctw	_	5	ponct	_	_
0fcd5148-40de-4147-8d1d-00c41178c8f8.xml.macaon	7	7	8d1d	8d1d	adj	adj	_	5	mod	_	_
0fcd5148-40de-4147-8d1d-00c41178c8f8.xml.macaon	8	8	-	-	ponctw	ponctw	_	5	ponct	_	_
0fcd5148-40de-4147-8d1d-00c41178c8f8.xml.macaon	9	9	00c41178c8f8	00c41178c8f8	nc	nc	_	5	mod	_	_

0fcd5148-40de-4147-8d1d-00c41178c8f8.xml.macaon	10	1	ADDED	ADDED	nc	nc	_	_	_	_	_

0fcd5148-40de-4147-8d1d-00c41178c8f8.xml.macaon	11	1	2016	2016	adj	adj	_	3	mod	_	_
0fcd5148-40de-4147-8d1d-00c41178c8f8.xml.macaon	12	2	-	-	ponctw	ponctw	_	1	ponct	_	_
0fcd5148-40de-4147-8d1d-00c41178c8f8.xml.macaon	13	3	06	06	nc	nc	_	_	_	_	_
0fcd5148-40de-4147-8d1d-00c41178c8f8.xml.macaon	14	4	-	-	ponctw	ponctw	_	3	ponct	_	_
0fcd5148-40de-4147-8d1d-00c41178c8f8.xml.macaon	15	5	15T14	15T14	nc	nc	_	3	mod	_	_
0fcd5148-40de-4147-8d1d-00c41178c8f8.xml.macaon	16	6	:	:	ponctw	ponctw	_	5	ponct	_	_
0fcd5148-40de-4147-8d1d-00c41178c8f8.xml.macaon	17	7	52	52	det	det	_	9	det	_	_
0fcd5148-40de-4147-8d1d-00c41178c8f8.xml.macaon	18	8	:	:	ponctw	ponctw	_	9	ponct	_	_
0fcd5148-40de-4147-8d1d-00c41178c8f8.xml.macaon	19	9	58Z	58Z	nc	nc	_	5	mod	_	_

0fcd5148-40de-4147-8d1d-00c41178c8f8.xml.macaon	20	1	Haruspice	haruspice	nc	nc	_	_	_	_	_

0fcd5148-40de-4147-8d1d-00c41178c8f8.xml.macaon	21	1	Un	un	det	det	_	2	det	_	_
0fcd5148-40de-4147-8d1d-00c41178c8f8.xml.macaon	22	2	haruspice	haruspice	nc	nc	_	3	suj	_	_
0fcd5148-40de-4147-8d1d-00c41178c8f8.xml.macaon	23	3	est	être	v	v	_	_	_	_	_
0fcd5148-40de-4147-8d1d-00c41178c8f8.xml.macaon	24	4	un	un	det	det	_	5	det	_	_
0fcd5148-40de-4147-8d1d-00c41178c8f8.xml.macaon	25	5	devin	devin	nc	nc	_	3	ats	_	_
0fcd5148-40de-4147-8d1d-00c41178c8f8.xml.macaon	26	6	étrusque	étrusque	adj	adj	_	5	mod	_	_
0fcd5148-40de-4147-8d1d-00c41178c8f8.xml.macaon	27	7	qui	qui	prorel	prorel	_	8	suj	_	_
0fcd5148-40de-4147-8d1d-00c41178c8f8.xml.macaon	28	8	examinait	examiner	v	v	_	5	mod_rel	_	_
0fcd5148-40de-4147-8d1d-00c41178c8f8.xml.macaon	29	9	les	le	det	det	_	10	det	_	_
0fcd5148-40de-4147-8d1d-00c41178c8f8.xml.macaon	30	10	entrailles	entrailles	nc	nc	_	8	obj	_	_
0fcd5148-40de-4147-8d1d-00c41178c8f8.xml.macaon	31	11	d'	de	prep	prep	_	10	dep	_	_
0fcd5148-40de-4147-8d1d-00c41178c8f8.xml.macaon	32	12	un	un	det	det	_	13	det	_	_
0fcd5148-40de-4147-8d1d-00c41178c8f8.xml.macaon	33	13	animal	animal	nc	nc	_	11	obj	_	_
0fcd5148-40de-4147-8d1d-00c41178c8f8.xml.macaon	34	14	sacrifié	sacrifier	adj	adj	_	13	mod	_	_
0fcd5148-40de-4147-8d1d-00c41178c8f8.xml.macaon	35	15	pour	pour	prep	prep	_	13	dep	_	_
0fcd5148-40de-4147-8d1d-00c41178c8f8.xml.macaon	36	16	en	en	clo	clo	_	17	__JOKER__	_	_
0fcd5148-40de-4147-8d1d-00c41178c8f8.xml.macaon	37	17	tirer	tirer	vinf	vinf	_	15	obj	_	_	B:OTHER:G
0fcd5148-40de-4147-8d1d-00c41178c8f8.xml.macaon	38	18	des	un	det	det	_	19	det	_	_
0fcd5148-40de-4147-8d1d-00c41178c8f8.xml.macaon	39	19	présages	présage	nc	nc	_	17	obj	_	_
0fcd5148-40de-4147-8d1d-00c41178c8f8.xml.macaon	40	20	quant#à	quant#à	prep	prep	_	17	p_obj	_	_
0fcd5148-40de-4147-8d1d-00c41178c8f8.xml.macaon	41	21	l'	le	det	det	_	22	det	_	_
0fcd5148-40de-4147-8d1d-00c41178c8f8.xml.macaon	42	22	avenir	avenir	nc	nc	_	20	obj	_	_
0fcd5148-40de-4147-8d1d-00c41178c8f8.xml.macaon	43	23	ou	ou	coo	coo	_	20	coord	_	_
0fcd5148-40de-4147-8d1d-00c41178c8f8.xml.macaon	44	24	à	à	prep	prep	_	23	dep_coord	_	_
0fcd5148-40de-4147-8d1d-00c41178c8f8.xml.macaon	45	25	une	un	det	det	_	26	det	_	_
0fcd5148-40de-4147-8d1d-00c41178c8f8.xml.macaon	46	26	décision	décision	nc	nc	_	24	obj	_	_
0fcd5148-40de-4147-8d1d-00c41178c8f8.xml.macaon	47	27	à	à	prep	prep	_	26	dep	_	_
0fcd5148-40de-4147-8d1d-00c41178c8f8.xml.macaon	48	28	prendre.Les	prendre.Les	nc	nc	_	27	obj	_	_
0fcd5148-40de-4147-8d1d-00c41178c8f8.xml.macaon	49	29	Romains	Romains	np	np	_	28	mod	_	_
0fcd5148-40de-4147-8d1d-00c41178c8f8.xml.macaon	50	30	,	,	ponctw	ponctw	_	26	ponct	_	_
0fcd5148-40de-4147-8d1d-00c41178c8f8.xml.macaon	51	31	dont	dont	prorel	prorel	_	34	__JOKER__	_	_
0fcd5148-40de-4147-8d1d-00c41178c8f8.xml.macaon	52	32	la	le	det	det	_	33	det	_	_	B:Subjective_influence:FE:Cognizer:G:56
0fcd5148-40de-4147-8d1d-00c41178c8f8.xml.macaon	53	33	religion	religion	nc	nc	_	34	suj	_	_	I:Subjective_influence:FE:Cognizer:G:56
0fcd5148-40de-4147-8d1d-00c41178c8f8.xml.macaon	54	34	est	être	v	v	_	36	aux_tps	_	_
0fcd5148-40de-4147-8d1d-00c41178c8f8.xml.macaon	55	35	fortement	fortement	adv	adv	_	36	mod	_	_
0fcd5148-40de-4147-8d1d-00c41178c8f8.xml.macaon	56	36	inspirée	inspirer	vppart	vppart	_	26	mod	_	_	B:Subjective_influence:TARGET:inspirer:G:56
0fcd5148-40de-4147-8d1d-00c41178c8f8.xml.macaon	57	37	de	de	prep	prep	_	36	de_obj	_	_
0fcd5148-40de-4147-8d1d-00c41178c8f8.xml.macaon	58	38	celle	celui	pro	pro	_	37	obj	_	_	B:Subjective_influence:FE:Entity:G:56
0fcd5148-40de-4147-8d1d-00c41178c8f8.xml.macaon	59	39	des	des	prep	prep	_	38	dep	_	_	I:Subjective_influence:FE:Entity:G:56
0fcd5148-40de-4147-8d1d-00c41178c8f8.xml.macaon	60	40	Étrusques	étrusque	nc	nc	_	39	obj	_	_	I:Subjective_influence:FE:Entity:G:56
0fcd5148-40de-4147-8d1d-00c41178c8f8.xml.macaon	61	41	,	,	ponctw	ponctw	_	42	ponct	_	_
0fcd5148-40de-4147-8d1d-00c41178c8f8.xml.macaon	62	42	avaient	avoir	v	v	_	38	mod_rel	_	_
0fcd5148-40de-4147-8d1d-00c41178c8f8.xml.macaon	63	43	des	un	det	det	_	44	det	_	_
0fcd5148-40de-4147-8d1d-00c41178c8f8.xml.macaon	64	44	haruspices	haruspice	nc	nc	_	42	obj	_	_
0fcd5148-40de-4147-8d1d-00c41178c8f8.xml.macaon	65	45	qui	qui	prorel	prorel	_	47	suj	_	_
0fcd5148-40de-4147-8d1d-00c41178c8f8.xml.macaon	66	46	étaient	étayer	v	v	_	47	aux_tps	_	_
0fcd5148-40de-4147-8d1d-00c41178c8f8.xml.macaon	67	47	consultés	consulter	vppart	vppart	_	44	mod	_	_
0fcd5148-40de-4147-8d1d-00c41178c8f8.xml.macaon	68	48	par	par	prep	prep	_	47	mod	_	_
0fcd5148-40de-4147-8d1d-00c41178c8f8.xml.macaon	69	49	les	le	det	det	_	50	det	_	_
0fcd5148-40de-4147-8d1d-00c41178c8f8.xml.macaon	70	50	magistrats	magistrat	nc	nc	_	48	obj	_	_
0fcd5148-40de-4147-8d1d-00c41178c8f8.xml.macaon	71	51	.	.	poncts	poncts	_	3	ponct	_	_

0fcd5148-40de-4147-8d1d-00c41178c8f8.xml.macaon	72	1	Antiquité	antiquité	nc	nc	_	_	_	_	_

0fcd5148-40de-4147-8d1d-00c41178c8f8.xml.macaon	73	1	Haruspice	haruspice	nc	nc	_	_	_	_	_

0fcd5148-40de-4147-8d1d-00c41178c8f8.xml.macaon	74	1	Un	un	det	det	_	2	det	_	_
0fcd5148-40de-4147-8d1d-00c41178c8f8.xml.macaon	75	2	haruspice	haruspice	nc	nc	_	3	suj	_	_
0fcd5148-40de-4147-8d1d-00c41178c8f8.xml.macaon	76	3	est	être	v	v	_	_	_	_	_
0fcd5148-40de-4147-8d1d-00c41178c8f8.xml.macaon	77	4	un	un	det	det	_	5	det	_	_
0fcd5148-40de-4147-8d1d-00c41178c8f8.xml.macaon	78	5	devin	devin	nc	nc	_	3	ats	_	_
0fcd5148-40de-4147-8d1d-00c41178c8f8.xml.macaon	79	6	étrusque	étrusque	adj	adj	_	5	mod	_	_
0fcd5148-40de-4147-8d1d-00c41178c8f8.xml.macaon	80	7	qui	qui	prorel	prorel	_	8	suj	_	_
0fcd5148-40de-4147-8d1d-00c41178c8f8.xml.macaon	81	8	examinait	examiner	v	v	_	5	mod_rel	_	_
0fcd5148-40de-4147-8d1d-00c41178c8f8.xml.macaon	82	9	les	le	det	det	_	10	det	_	_
0fcd5148-40de-4147-8d1d-00c41178c8f8.xml.macaon	83	10	entrailles	entrailles	nc	nc	_	8	obj	_	_
0fcd5148-40de-4147-8d1d-00c41178c8f8.xml.macaon	84	11	d'	de	prep	prep	_	10	dep	_	_
0fcd5148-40de-4147-8d1d-00c41178c8f8.xml.macaon	85	12	un	un	det	det	_	13	det	_	_
0fcd5148-40de-4147-8d1d-00c41178c8f8.xml.macaon	86	13	animal	animal	nc	nc	_	11	obj	_	_
0fcd5148-40de-4147-8d1d-00c41178c8f8.xml.macaon	87	14	sacrifié	sacrifier	adj	adj	_	13	mod	_	_
0fcd5148-40de-4147-8d1d-00c41178c8f8.xml.macaon	88	15	pour	pour	prep	prep	_	13	dep	_	_
0fcd5148-40de-4147-8d1d-00c41178c8f8.xml.macaon	89	16	en	en	clo	clo	_	17	__JOKER__	_	_
0fcd5148-40de-4147-8d1d-00c41178c8f8.xml.macaon	90	17	tirer	tirer	vinf	vinf	_	15	obj	_	_	B:OTHER:G
0fcd5148-40de-4147-8d1d-00c41178c8f8.xml.macaon	91	18	des	un	det	det	_	19	det	_	_
0fcd5148-40de-4147-8d1d-00c41178c8f8.xml.macaon	92	19	présages	présage	nc	nc	_	17	obj	_	_
0fcd5148-40de-4147-8d1d-00c41178c8f8.xml.macaon	93	20	quant#à	quant#à	prep	prep	_	17	p_obj	_	_
0fcd5148-40de-4147-8d1d-00c41178c8f8.xml.macaon	94	21	l'	le	det	det	_	22	det	_	_
0fcd5148-40de-4147-8d1d-00c41178c8f8.xml.macaon	95	22	avenir	avenir	nc	nc	_	20	obj	_	_
0fcd5148-40de-4147-8d1d-00c41178c8f8.xml.macaon	96	23	ou	ou	coo	coo	_	20	coord	_	_
0fcd5148-40de-4147-8d1d-00c41178c8f8.xml.macaon	97	24	à	à	prep	prep	_	23	dep_coord	_	_
0fcd5148-40de-4147-8d1d-00c41178c8f8.xml.macaon	98	25	une	un	det	det	_	26	det	_	_
0fcd5148-40de-4147-8d1d-00c41178c8f8.xml.macaon	99	26	décision	décision	nc	nc	_	24	obj	_	_
0fcd5148-40de-4147-8d1d-00c41178c8f8.xml.macaon	100	27	à	à	prep	prep	_	26	dep	_	_
0fcd5148-40de-4147-8d1d-00c41178c8f8.xml.macaon	101	28	prendre.Les	prendre.Les	nc	nc	_	27	obj	_	_
0fcd5148-40de-4147-8d1d-00c41178c8f8.xml.macaon	102	29	Romains	Romains	np	np	_	28	mod	_	_
0fcd5148-40de-4147-8d1d-00c41178c8f8.xml.macaon	103	30	,	,	ponctw	ponctw	_	26	ponct	_	_
0fcd5148-40de-4147-8d1d-00c41178c8f8.xml.macaon	104	31	dont	dont	prorel	prorel	_	34	__JOKER__	_	_
0fcd5148-40de-4147-8d1d-00c41178c8f8.xml.macaon	105	32	la	le	det	det	_	33	det	_	_	B:Subjective_influence:FE:Cognizer:G:109
0fcd5148-40de-4147-8d1d-00c41178c8f8.xml.macaon	106	33	religion	religion	nc	nc	_	34	suj	_	_	I:Subjective_influence:FE:Cognizer:G:109
0fcd5148-40de-4147-8d1d-00c41178c8f8.xml.macaon	107	34	est	être	v	v	_	36	aux_tps	_	_
0fcd5148-40de-4147-8d1d-00c41178c8f8.xml.macaon	108	35	fortement	fortement	adv	adv	_	36	mod	_	_
0fcd5148-40de-4147-8d1d-00c41178c8f8.xml.macaon	109	36	inspirée	inspirer	vppart	vppart	_	26	mod	_	_	B:Subjective_influence:TARGET:inspirer:G:109
0fcd5148-40de-4147-8d1d-00c41178c8f8.xml.macaon	110	37	de	de	prep	prep	_	36	de_obj	_	_
0fcd5148-40de-4147-8d1d-00c41178c8f8.xml.macaon	111	38	celle	celui	pro	pro	_	37	obj	_	_	B:Subjective_influence:FE:Entity:G:109
0fcd5148-40de-4147-8d1d-00c41178c8f8.xml.macaon	112	39	des	des	prep	prep	_	38	dep	_	_	I:Subjective_influence:FE:Entity:G:109
0fcd5148-40de-4147-8d1d-00c41178c8f8.xml.macaon	113	40	Étrusques	étrusque	nc	nc	_	39	obj	_	_	I:Subjective_influence:FE:Entity:G:109
0fcd5148-40de-4147-8d1d-00c41178c8f8.xml.macaon	114	41	,	,	ponctw	ponctw	_	42	ponct	_	_
0fcd5148-40de-4147-8d1d-00c41178c8f8.xml.macaon	115	42	avaient	avoir	v	v	_	38	mod_rel	_	_
0fcd5148-40de-4147-8d1d-00c41178c8f8.xml.macaon	116	43	des	un	det	det	_	44	det	_	_
0fcd5148-40de-4147-8d1d-00c41178c8f8.xml.macaon	117	44	haruspices	haruspice	nc	nc	_	42	obj	_	_
0fcd5148-40de-4147-8d1d-00c41178c8f8.xml.macaon	118	45	qui	qui	prorel	prorel	_	47	suj	_	_
0fcd5148-40de-4147-8d1d-00c41178c8f8.xml.macaon	119	46	étaient	étayer	v	v	_	47	aux_tps	_	_
0fcd5148-40de-4147-8d1d-00c41178c8f8.xml.macaon	120	47	consultés	consulter	vppart	vppart	_	44	mod	_	_
0fcd5148-40de-4147-8d1d-00c41178c8f8.xml.macaon	121	48	par	par	prep	prep	_	47	mod	_	_
0fcd5148-40de-4147-8d1d-00c41178c8f8.xml.macaon	122	49	les	le	det	det	_	50	det	_	_
0fcd5148-40de-4147-8d1d-00c41178c8f8.xml.macaon	123	50	magistrats	magistrat	nc	nc	_	48	obj	_	_
0fcd5148-40de-4147-8d1d-00c41178c8f8.xml.macaon	124	51	.	.	poncts	poncts	_	3	ponct	_	_
