24616a5f-a675-44fd-9cd8-7c9e84438d67.xml.macaon	0	1	vikidia	vikidia	nc	nc	_	_	_	_	_

24616a5f-a675-44fd-9cd8-7c9e84438d67.xml.macaon	1	1	24616a5f	24616a5f	adj	adj	_	3	mod	_	_
24616a5f-a675-44fd-9cd8-7c9e84438d67.xml.macaon	2	2	-	-	ponctw	ponctw	_	1	ponct	_	_
24616a5f-a675-44fd-9cd8-7c9e84438d67.xml.macaon	3	3	a675	a675	nc	nc	_	_	_	_	_
24616a5f-a675-44fd-9cd8-7c9e84438d67.xml.macaon	4	4	-	-	ponctw	ponctw	_	3	ponct	_	_
24616a5f-a675-44fd-9cd8-7c9e84438d67.xml.macaon	5	5	44fd	44fd	nc	nc	_	3	mod	_	_
24616a5f-a675-44fd-9cd8-7c9e84438d67.xml.macaon	6	6	-	-	ponctw	ponctw	_	5	ponct	_	_
24616a5f-a675-44fd-9cd8-7c9e84438d67.xml.macaon	7	7	9cd8	9cd8	adj	adj	_	5	mod	_	_
24616a5f-a675-44fd-9cd8-7c9e84438d67.xml.macaon	8	8	-	-	ponctw	ponctw	_	5	ponct	_	_
24616a5f-a675-44fd-9cd8-7c9e84438d67.xml.macaon	9	9	7c9e84438d67	7c9e84438d67	adj	adj	_	5	mod	_	_

24616a5f-a675-44fd-9cd8-7c9e84438d67.xml.macaon	10	1	ADDED	ADDED	nc	nc	_	_	_	_	_

24616a5f-a675-44fd-9cd8-7c9e84438d67.xml.macaon	11	1	2016	2016	adj	adj	_	3	mod	_	_
24616a5f-a675-44fd-9cd8-7c9e84438d67.xml.macaon	12	2	-	-	ponctw	ponctw	_	1	ponct	_	_
24616a5f-a675-44fd-9cd8-7c9e84438d67.xml.macaon	13	3	06	06	nc	nc	_	_	_	_	_
24616a5f-a675-44fd-9cd8-7c9e84438d67.xml.macaon	14	4	-	-	ponctw	ponctw	_	3	ponct	_	_
24616a5f-a675-44fd-9cd8-7c9e84438d67.xml.macaon	15	5	15T14	15T14	nc	nc	_	3	mod	_	_
24616a5f-a675-44fd-9cd8-7c9e84438d67.xml.macaon	16	6	:	:	ponctw	ponctw	_	5	ponct	_	_
24616a5f-a675-44fd-9cd8-7c9e84438d67.xml.macaon	17	7	52	52	det	det	_	9	det	_	_
24616a5f-a675-44fd-9cd8-7c9e84438d67.xml.macaon	18	8	:	:	ponctw	ponctw	_	9	ponct	_	_
24616a5f-a675-44fd-9cd8-7c9e84438d67.xml.macaon	19	9	59Z	59Z	nc	nc	_	5	mod	_	_

24616a5f-a675-44fd-9cd8-7c9e84438d67.xml.macaon	20	1	Exil	exil	nc	nc	_	_	_	_	_
24616a5f-a675-44fd-9cd8-7c9e84438d67.xml.macaon	21	2	des	des	prep	prep	_	1	dep	_	_
24616a5f-a675-44fd-9cd8-7c9e84438d67.xml.macaon	22	3	Hébreux	Hébreux	nc	nc	_	2	obj	_	_
24616a5f-a675-44fd-9cd8-7c9e84438d67.xml.macaon	23	4	à	à	prep	prep	_	3	dep	_	_
24616a5f-a675-44fd-9cd8-7c9e84438d67.xml.macaon	24	5	Babylone	Babylone	np	np	_	4	obj	_	_

24616a5f-a675-44fd-9cd8-7c9e84438d67.xml.macaon	25	1	L'	L'	det	det	_	2	det	_	_
24616a5f-a675-44fd-9cd8-7c9e84438d67.xml.macaon	26	2	exil	exil	nc	nc	_	_	_	_	_
24616a5f-a675-44fd-9cd8-7c9e84438d67.xml.macaon	27	3	à	à	prep	prep	_	2	dep	_	_
24616a5f-a675-44fd-9cd8-7c9e84438d67.xml.macaon	28	4	Babylone	Babylone	np	np	_	3	obj	_	_
24616a5f-a675-44fd-9cd8-7c9e84438d67.xml.macaon	29	5	(	(	ponctw	ponctw	_	2	ponct	_	_
24616a5f-a675-44fd-9cd8-7c9e84438d67.xml.macaon	30	6	ou	ou	coo	coo	_	2	coord	_	_
24616a5f-a675-44fd-9cd8-7c9e84438d67.xml.macaon	31	7	captivité	captivité	nc	nc	_	6	dep_coord	_	_
24616a5f-a675-44fd-9cd8-7c9e84438d67.xml.macaon	32	8	à	à	prep	prep	_	7	dep	_	_
24616a5f-a675-44fd-9cd8-7c9e84438d67.xml.macaon	33	9	Babylone	Babylone	np	np	_	8	obj	_	_
24616a5f-a675-44fd-9cd8-7c9e84438d67.xml.macaon	34	10	)	)	ponctw	ponctw	_	7	ponct	_	_
24616a5f-a675-44fd-9cd8-7c9e84438d67.xml.macaon	35	11	est	être	v	v	_	6	dep_coord	_	_
24616a5f-a675-44fd-9cd8-7c9e84438d67.xml.macaon	36	12	un	un	det	det	_	13	det	_	_
24616a5f-a675-44fd-9cd8-7c9e84438d67.xml.macaon	37	13	épisode	épisode	nc	nc	_	11	obj	_	_
24616a5f-a675-44fd-9cd8-7c9e84438d67.xml.macaon	38	14	de#l'	de#l'	prep	prep	_	13	dep	_	_
24616a5f-a675-44fd-9cd8-7c9e84438d67.xml.macaon	39	15	histoire	histoire	nc	nc	_	14	obj	_	_
24616a5f-a675-44fd-9cd8-7c9e84438d67.xml.macaon	40	16	des	des	prep	prep	_	15	dep	_	_
24616a5f-a675-44fd-9cd8-7c9e84438d67.xml.macaon	41	17	Hébreux	hébreu	adj	adj	_	15	mod	_	_
24616a5f-a675-44fd-9cd8-7c9e84438d67.xml.macaon	42	18	ou	ou	coo	coo	_	15	coord	_	_
24616a5f-a675-44fd-9cd8-7c9e84438d67.xml.macaon	43	19	Israélites	Israélites	np	np	_	18	dep_coord	_	_
24616a5f-a675-44fd-9cd8-7c9e84438d67.xml.macaon	44	20	.	.	poncts	poncts	_	11	ponct	_	_

24616a5f-a675-44fd-9cd8-7c9e84438d67.xml.macaon	45	1	Il	il	cln	cln	_	3	suj	_	_
24616a5f-a675-44fd-9cd8-7c9e84438d67.xml.macaon	46	2	a	avoir	v	v	_	3	aux_tps	_	_
24616a5f-a675-44fd-9cd8-7c9e84438d67.xml.macaon	47	3	eu	avoir	vppart	vppart	_	_	_	_	_
24616a5f-a675-44fd-9cd8-7c9e84438d67.xml.macaon	48	4	lieu	lieu	nc	nc	_	3	obj	_	_
24616a5f-a675-44fd-9cd8-7c9e84438d67.xml.macaon	49	5	au	au	prep	prep	_	3	mod	_	_
24616a5f-a675-44fd-9cd8-7c9e84438d67.xml.macaon	50	6	VIe	VIe	adj	adj	_	7	mod	_	_
24616a5f-a675-44fd-9cd8-7c9e84438d67.xml.macaon	51	7	siècle	siècle	nc	nc	_	5	obj	_	_
24616a5f-a675-44fd-9cd8-7c9e84438d67.xml.macaon	52	8	av.	av.	nc	nc	_	7	mod	_	_

24616a5f-a675-44fd-9cd8-7c9e84438d67.xml.macaon	53	1	J.-C.	Jésus-Christ	np	np	_	_	_	_	_
24616a5f-a675-44fd-9cd8-7c9e84438d67.xml.macaon	54	2	.	.	poncts	poncts	_	1	__JOKER__	_	_

24616a5f-a675-44fd-9cd8-7c9e84438d67.xml.macaon	55	1	Pendant	pendant	prep	prep	_	8	mod	_	_
24616a5f-a675-44fd-9cd8-7c9e84438d67.xml.macaon	56	2	cet	ce	det	det	_	3	det	_	_
24616a5f-a675-44fd-9cd8-7c9e84438d67.xml.macaon	57	3	exil	exil	nc	nc	_	1	obj	_	_
24616a5f-a675-44fd-9cd8-7c9e84438d67.xml.macaon	58	4	,	,	ponctw	ponctw	_	8	ponct	_	_
24616a5f-a675-44fd-9cd8-7c9e84438d67.xml.macaon	59	5	les	le	det	det	_	6	det	_	_
24616a5f-a675-44fd-9cd8-7c9e84438d67.xml.macaon	60	6	déportés	déporté	nc	nc	_	8	suj	_	_
24616a5f-a675-44fd-9cd8-7c9e84438d67.xml.macaon	61	7	juifs	juif	adj	adj	_	6	mod	_	_
24616a5f-a675-44fd-9cd8-7c9e84438d67.xml.macaon	62	8	approfondissent	approfondir	v	v	_	_	_	_	_
24616a5f-a675-44fd-9cd8-7c9e84438d67.xml.macaon	63	9	leur	son	det	det	_	10	det	_	_
24616a5f-a675-44fd-9cd8-7c9e84438d67.xml.macaon	64	10	religion	religion	nc	nc	_	8	obj	_	_
24616a5f-a675-44fd-9cd8-7c9e84438d67.xml.macaon	65	11	et	et	coo	coo	_	8	coord	_	_
24616a5f-a675-44fd-9cd8-7c9e84438d67.xml.macaon	66	12	codifient	codifier	v	v	_	11	dep_coord	_	_
24616a5f-a675-44fd-9cd8-7c9e84438d67.xml.macaon	67	13	leurs	son	det	det	_	14	det	_	_
24616a5f-a675-44fd-9cd8-7c9e84438d67.xml.macaon	68	14	pratiques	pratique	nc	nc	_	12	obj	_	_
24616a5f-a675-44fd-9cd8-7c9e84438d67.xml.macaon	69	15	religieuses	religieux	adj	adj	_	14	mod	_	_
24616a5f-a675-44fd-9cd8-7c9e84438d67.xml.macaon	70	16	.	.	poncts	poncts	_	8	ponct	_	_

24616a5f-a675-44fd-9cd8-7c9e84438d67.xml.macaon	71	1	Cette	cette	det	det	_	2	det	_	_
24616a5f-a675-44fd-9cd8-7c9e84438d67.xml.macaon	72	2	déportation	déportation	nc	nc	_	_	_	_	_
24616a5f-a675-44fd-9cd8-7c9e84438d67.xml.macaon	73	3	,	,	ponctw	ponctw	_	2	ponct	_	_
24616a5f-a675-44fd-9cd8-7c9e84438d67.xml.macaon	74	4	qui	qui	prorel	prorel	_	5	suj	_	_
24616a5f-a675-44fd-9cd8-7c9e84438d67.xml.macaon	75	5	dure	durer	v	v	_	2	mod_rel	_	_
24616a5f-a675-44fd-9cd8-7c9e84438d67.xml.macaon	76	6	une	un	det	det	_	7	det	_	_
24616a5f-a675-44fd-9cd8-7c9e84438d67.xml.macaon	77	7	cinquantaine	cinquantaine	nc	nc	_	5	obj	_	_
24616a5f-a675-44fd-9cd8-7c9e84438d67.xml.macaon	78	8	d'	de	prep	prep	_	7	dep	_	_
24616a5f-a675-44fd-9cd8-7c9e84438d67.xml.macaon	79	9	années	année	nc	nc	_	8	obj	_	_
24616a5f-a675-44fd-9cd8-7c9e84438d67.xml.macaon	80	10	,	,	ponctw	ponctw	_	11	ponct	_	_
24616a5f-a675-44fd-9cd8-7c9e84438d67.xml.macaon	81	11	est	être	v	v	_	5	mod	_	_
24616a5f-a675-44fd-9cd8-7c9e84438d67.xml.macaon	82	12	la	le	det	det	_	14	det	_	_
24616a5f-a675-44fd-9cd8-7c9e84438d67.xml.macaon	83	13	première	premier	adj	adj	_	14	mod	_	_
24616a5f-a675-44fd-9cd8-7c9e84438d67.xml.macaon	84	14	étape	étape	nc	nc	_	11	obj	_	_
24616a5f-a675-44fd-9cd8-7c9e84438d67.xml.macaon	85	15	de	de	prep	prep	_	14	dep	_	_
24616a5f-a675-44fd-9cd8-7c9e84438d67.xml.macaon	86	16	la	le	det	det	_	17	det	_	_
24616a5f-a675-44fd-9cd8-7c9e84438d67.xml.macaon	87	17	diaspora	diaspora	nc	nc	_	15	obj	_	_
24616a5f-a675-44fd-9cd8-7c9e84438d67.xml.macaon	88	18	des	des	prep	prep	_	17	dep	_	_
24616a5f-a675-44fd-9cd8-7c9e84438d67.xml.macaon	89	19	juifs	juif	nc	nc	_	18	obj	_	_
24616a5f-a675-44fd-9cd8-7c9e84438d67.xml.macaon	90	20	dans	dans	prep	prep	_	19	dep	_	_
24616a5f-a675-44fd-9cd8-7c9e84438d67.xml.macaon	91	21	le	le	det	det	_	22	det	_	_
24616a5f-a675-44fd-9cd8-7c9e84438d67.xml.macaon	92	22	monde	monde	nc	nc	_	20	obj	_	_
24616a5f-a675-44fd-9cd8-7c9e84438d67.xml.macaon	93	23	antique	antique	adj	adj	_	22	mod	_	_
24616a5f-a675-44fd-9cd8-7c9e84438d67.xml.macaon	94	24	(	(	ponctw	ponctw	_	22	ponct	_	_
24616a5f-a675-44fd-9cd8-7c9e84438d67.xml.macaon	95	25	car	car	coo	coo	_	22	coord	_	_
24616a5f-a675-44fd-9cd8-7c9e84438d67.xml.macaon	96	26	une	un	det	det	_	27	det	_	_
24616a5f-a675-44fd-9cd8-7c9e84438d67.xml.macaon	97	27	partie	partie	nc	nc	_	25	dep_coord	_	_
24616a5f-a675-44fd-9cd8-7c9e84438d67.xml.macaon	98	28	des	des	prep	prep	_	27	dep	_	_
24616a5f-a675-44fd-9cd8-7c9e84438d67.xml.macaon	99	29	exilés	exilé	nc	nc	_	28	obj	_	_
24616a5f-a675-44fd-9cd8-7c9e84438d67.xml.macaon	100	30	se	se	clr	clr	_	31	aff	_	_
24616a5f-a675-44fd-9cd8-7c9e84438d67.xml.macaon	101	31	fixent	fixer	v	v	_	25	dep_coord	_	_
24616a5f-a675-44fd-9cd8-7c9e84438d67.xml.macaon	102	32	définitivement	définitivement	adv	adv	_	31	mod	_	_
24616a5f-a675-44fd-9cd8-7c9e84438d67.xml.macaon	103	33	en	en	prep	prep	_	31	mod	_	_
24616a5f-a675-44fd-9cd8-7c9e84438d67.xml.macaon	104	34	Babylonie	Babylonie	np	np	_	33	obj	_	_
24616a5f-a675-44fd-9cd8-7c9e84438d67.xml.macaon	105	35	)	)	ponctw	ponctw	_	31	ponct	_	_
24616a5f-a675-44fd-9cd8-7c9e84438d67.xml.macaon	106	36	.	.	poncts	poncts	_	11	ponct	_	_

24616a5f-a675-44fd-9cd8-7c9e84438d67.xml.macaon	107	1	Antiquité	antiquité	nc	nc	_	_	_	_	_

24616a5f-a675-44fd-9cd8-7c9e84438d67.xml.macaon	108	1	Exil	exil	nc	nc	_	_	_	_	_
24616a5f-a675-44fd-9cd8-7c9e84438d67.xml.macaon	109	2	des	des	prep	prep	_	1	dep	_	_
24616a5f-a675-44fd-9cd8-7c9e84438d67.xml.macaon	110	3	Hébreux	Hébreux	nc	nc	_	2	obj	_	_
24616a5f-a675-44fd-9cd8-7c9e84438d67.xml.macaon	111	4	à	à	prep	prep	_	3	dep	_	_
24616a5f-a675-44fd-9cd8-7c9e84438d67.xml.macaon	112	5	Babylone	Babylone	np	np	_	4	obj	_	_

24616a5f-a675-44fd-9cd8-7c9e84438d67.xml.macaon	113	1	L'	L'	det	det	_	2	det	_	_
24616a5f-a675-44fd-9cd8-7c9e84438d67.xml.macaon	114	2	exil	exil	nc	nc	_	_	_	_	_
24616a5f-a675-44fd-9cd8-7c9e84438d67.xml.macaon	115	3	à	à	prep	prep	_	2	dep	_	_
24616a5f-a675-44fd-9cd8-7c9e84438d67.xml.macaon	116	4	Babylone	Babylone	np	np	_	3	obj	_	_
24616a5f-a675-44fd-9cd8-7c9e84438d67.xml.macaon	117	5	(	(	ponctw	ponctw	_	2	ponct	_	_
24616a5f-a675-44fd-9cd8-7c9e84438d67.xml.macaon	118	6	ou	ou	coo	coo	_	2	coord	_	_
24616a5f-a675-44fd-9cd8-7c9e84438d67.xml.macaon	119	7	captivité	captivité	nc	nc	_	6	dep_coord	_	_
24616a5f-a675-44fd-9cd8-7c9e84438d67.xml.macaon	120	8	à	à	prep	prep	_	7	dep	_	_
24616a5f-a675-44fd-9cd8-7c9e84438d67.xml.macaon	121	9	Babylone	Babylone	np	np	_	8	obj	_	_
24616a5f-a675-44fd-9cd8-7c9e84438d67.xml.macaon	122	10	)	)	ponctw	ponctw	_	7	ponct	_	_
24616a5f-a675-44fd-9cd8-7c9e84438d67.xml.macaon	123	11	est	être	v	v	_	6	dep_coord	_	_
24616a5f-a675-44fd-9cd8-7c9e84438d67.xml.macaon	124	12	un	un	det	det	_	13	det	_	_
24616a5f-a675-44fd-9cd8-7c9e84438d67.xml.macaon	125	13	épisode	épisode	nc	nc	_	11	obj	_	_
24616a5f-a675-44fd-9cd8-7c9e84438d67.xml.macaon	126	14	de#l'	de#l'	prep	prep	_	13	dep	_	_
24616a5f-a675-44fd-9cd8-7c9e84438d67.xml.macaon	127	15	histoire	histoire	nc	nc	_	14	obj	_	_
24616a5f-a675-44fd-9cd8-7c9e84438d67.xml.macaon	128	16	des	des	prep	prep	_	15	dep	_	_
24616a5f-a675-44fd-9cd8-7c9e84438d67.xml.macaon	129	17	Hébreux	hébreu	adj	adj	_	15	mod	_	_
24616a5f-a675-44fd-9cd8-7c9e84438d67.xml.macaon	130	18	ou	ou	coo	coo	_	15	coord	_	_
24616a5f-a675-44fd-9cd8-7c9e84438d67.xml.macaon	131	19	Israélites	Israélites	np	np	_	18	dep_coord	_	_
24616a5f-a675-44fd-9cd8-7c9e84438d67.xml.macaon	132	20	.	.	poncts	poncts	_	11	ponct	_	_

24616a5f-a675-44fd-9cd8-7c9e84438d67.xml.macaon	133	1	Il	il	cln	cln	_	3	suj	_	_
24616a5f-a675-44fd-9cd8-7c9e84438d67.xml.macaon	134	2	a	avoir	v	v	_	3	aux_tps	_	_
24616a5f-a675-44fd-9cd8-7c9e84438d67.xml.macaon	135	3	eu	avoir	vppart	vppart	_	_	_	_	_
24616a5f-a675-44fd-9cd8-7c9e84438d67.xml.macaon	136	4	lieu	lieu	nc	nc	_	3	obj	_	_
24616a5f-a675-44fd-9cd8-7c9e84438d67.xml.macaon	137	5	au	au	prep	prep	_	3	mod	_	_
24616a5f-a675-44fd-9cd8-7c9e84438d67.xml.macaon	138	6	VIe	VIe	adj	adj	_	7	mod	_	_
24616a5f-a675-44fd-9cd8-7c9e84438d67.xml.macaon	139	7	siècle	siècle	nc	nc	_	5	obj	_	_
24616a5f-a675-44fd-9cd8-7c9e84438d67.xml.macaon	140	8	av.	av.	nc	nc	_	7	mod	_	_

24616a5f-a675-44fd-9cd8-7c9e84438d67.xml.macaon	141	1	J.-C.	Jésus-Christ	np	np	_	_	_	_	_
24616a5f-a675-44fd-9cd8-7c9e84438d67.xml.macaon	142	2	.	.	poncts	poncts	_	1	__JOKER__	_	_

24616a5f-a675-44fd-9cd8-7c9e84438d67.xml.macaon	143	1	Pendant	pendant	prep	prep	_	8	mod	_	_
24616a5f-a675-44fd-9cd8-7c9e84438d67.xml.macaon	144	2	cet	ce	det	det	_	3	det	_	_
24616a5f-a675-44fd-9cd8-7c9e84438d67.xml.macaon	145	3	exil	exil	nc	nc	_	1	obj	_	_
24616a5f-a675-44fd-9cd8-7c9e84438d67.xml.macaon	146	4	,	,	ponctw	ponctw	_	8	ponct	_	_
24616a5f-a675-44fd-9cd8-7c9e84438d67.xml.macaon	147	5	les	le	det	det	_	6	det	_	_
24616a5f-a675-44fd-9cd8-7c9e84438d67.xml.macaon	148	6	déportés	déporté	nc	nc	_	8	suj	_	_
24616a5f-a675-44fd-9cd8-7c9e84438d67.xml.macaon	149	7	juifs	juif	adj	adj	_	6	mod	_	_
24616a5f-a675-44fd-9cd8-7c9e84438d67.xml.macaon	150	8	approfondissent	approfondir	v	v	_	_	_	_	_
24616a5f-a675-44fd-9cd8-7c9e84438d67.xml.macaon	151	9	leur	son	det	det	_	10	det	_	_
24616a5f-a675-44fd-9cd8-7c9e84438d67.xml.macaon	152	10	religion	religion	nc	nc	_	8	obj	_	_
24616a5f-a675-44fd-9cd8-7c9e84438d67.xml.macaon	153	11	et	et	coo	coo	_	8	coord	_	_
24616a5f-a675-44fd-9cd8-7c9e84438d67.xml.macaon	154	12	codifient	codifier	v	v	_	11	dep_coord	_	_
24616a5f-a675-44fd-9cd8-7c9e84438d67.xml.macaon	155	13	leurs	son	det	det	_	14	det	_	_
24616a5f-a675-44fd-9cd8-7c9e84438d67.xml.macaon	156	14	pratiques	pratique	nc	nc	_	12	obj	_	_
24616a5f-a675-44fd-9cd8-7c9e84438d67.xml.macaon	157	15	religieuses	religieux	adj	adj	_	14	mod	_	_
24616a5f-a675-44fd-9cd8-7c9e84438d67.xml.macaon	158	16	.	.	poncts	poncts	_	8	ponct	_	_

24616a5f-a675-44fd-9cd8-7c9e84438d67.xml.macaon	159	1	Cette	cette	det	det	_	2	det	_	_
24616a5f-a675-44fd-9cd8-7c9e84438d67.xml.macaon	160	2	déportation	déportation	nc	nc	_	_	_	_	_
24616a5f-a675-44fd-9cd8-7c9e84438d67.xml.macaon	161	3	,	,	ponctw	ponctw	_	2	ponct	_	_
24616a5f-a675-44fd-9cd8-7c9e84438d67.xml.macaon	162	4	qui	qui	prorel	prorel	_	5	suj	_	_
24616a5f-a675-44fd-9cd8-7c9e84438d67.xml.macaon	163	5	dure	durer	v	v	_	2	mod_rel	_	_
24616a5f-a675-44fd-9cd8-7c9e84438d67.xml.macaon	164	6	une	un	det	det	_	7	det	_	_
24616a5f-a675-44fd-9cd8-7c9e84438d67.xml.macaon	165	7	cinquantaine	cinquantaine	nc	nc	_	5	obj	_	_
24616a5f-a675-44fd-9cd8-7c9e84438d67.xml.macaon	166	8	d'	de	prep	prep	_	7	dep	_	_
24616a5f-a675-44fd-9cd8-7c9e84438d67.xml.macaon	167	9	années	année	nc	nc	_	8	obj	_	_
24616a5f-a675-44fd-9cd8-7c9e84438d67.xml.macaon	168	10	,	,	ponctw	ponctw	_	11	ponct	_	_
24616a5f-a675-44fd-9cd8-7c9e84438d67.xml.macaon	169	11	est	être	v	v	_	5	mod	_	_
24616a5f-a675-44fd-9cd8-7c9e84438d67.xml.macaon	170	12	la	le	det	det	_	14	det	_	_
24616a5f-a675-44fd-9cd8-7c9e84438d67.xml.macaon	171	13	première	premier	adj	adj	_	14	mod	_	_
24616a5f-a675-44fd-9cd8-7c9e84438d67.xml.macaon	172	14	étape	étape	nc	nc	_	11	obj	_	_
24616a5f-a675-44fd-9cd8-7c9e84438d67.xml.macaon	173	15	de	de	prep	prep	_	14	dep	_	_
24616a5f-a675-44fd-9cd8-7c9e84438d67.xml.macaon	174	16	la	le	det	det	_	17	det	_	_
24616a5f-a675-44fd-9cd8-7c9e84438d67.xml.macaon	175	17	diaspora	diaspora	nc	nc	_	15	obj	_	_
24616a5f-a675-44fd-9cd8-7c9e84438d67.xml.macaon	176	18	des	des	prep	prep	_	17	dep	_	_
24616a5f-a675-44fd-9cd8-7c9e84438d67.xml.macaon	177	19	juifs	juif	nc	nc	_	18	obj	_	_
24616a5f-a675-44fd-9cd8-7c9e84438d67.xml.macaon	178	20	dans	dans	prep	prep	_	19	dep	_	_
24616a5f-a675-44fd-9cd8-7c9e84438d67.xml.macaon	179	21	le	le	det	det	_	22	det	_	_
24616a5f-a675-44fd-9cd8-7c9e84438d67.xml.macaon	180	22	monde	monde	nc	nc	_	20	obj	_	_
24616a5f-a675-44fd-9cd8-7c9e84438d67.xml.macaon	181	23	antique	antique	adj	adj	_	22	mod	_	_
24616a5f-a675-44fd-9cd8-7c9e84438d67.xml.macaon	182	24	(	(	ponctw	ponctw	_	22	ponct	_	_
24616a5f-a675-44fd-9cd8-7c9e84438d67.xml.macaon	183	25	car	car	coo	coo	_	22	coord	_	_
24616a5f-a675-44fd-9cd8-7c9e84438d67.xml.macaon	184	26	une	un	det	det	_	27	det	_	_
24616a5f-a675-44fd-9cd8-7c9e84438d67.xml.macaon	185	27	partie	partie	nc	nc	_	25	dep_coord	_	_
24616a5f-a675-44fd-9cd8-7c9e84438d67.xml.macaon	186	28	des	des	prep	prep	_	27	dep	_	_
24616a5f-a675-44fd-9cd8-7c9e84438d67.xml.macaon	187	29	exilés	exilé	nc	nc	_	28	obj	_	_
24616a5f-a675-44fd-9cd8-7c9e84438d67.xml.macaon	188	30	se	se	clr	clr	_	31	aff	_	_
24616a5f-a675-44fd-9cd8-7c9e84438d67.xml.macaon	189	31	fixent	fixer	v	v	_	25	dep_coord	_	_
24616a5f-a675-44fd-9cd8-7c9e84438d67.xml.macaon	190	32	définitivement	définitivement	adv	adv	_	31	mod	_	_
24616a5f-a675-44fd-9cd8-7c9e84438d67.xml.macaon	191	33	en	en	prep	prep	_	31	mod	_	_
24616a5f-a675-44fd-9cd8-7c9e84438d67.xml.macaon	192	34	Babylonie	Babylonie	np	np	_	33	obj	_	_
24616a5f-a675-44fd-9cd8-7c9e84438d67.xml.macaon	193	35	)	)	ponctw	ponctw	_	31	ponct	_	_
24616a5f-a675-44fd-9cd8-7c9e84438d67.xml.macaon	194	36	.	.	poncts	poncts	_	11	ponct	_	_

24616a5f-a675-44fd-9cd8-7c9e84438d67.xml.macaon	195	1	Les	les	det	det	_	3	det	_	_
24616a5f-a675-44fd-9cd8-7c9e84438d67.xml.macaon	196	2	premières	premier	adj	adj	_	3	mod	_	_
24616a5f-a675-44fd-9cd8-7c9e84438d67.xml.macaon	197	3	déportations	déportation	nc	nc	_	_	_	_	_
24616a5f-a675-44fd-9cd8-7c9e84438d67.xml.macaon	198	4	des	des	prep	prep	_	3	dep	_	_
24616a5f-a675-44fd-9cd8-7c9e84438d67.xml.macaon	199	5	Hébreux	Hébreux	nc	nc	_	4	obj	_	_

24616a5f-a675-44fd-9cd8-7c9e84438d67.xml.macaon	200	1	En	en	prep	prep	_	9	__JOKER__	_	_
24616a5f-a675-44fd-9cd8-7c9e84438d67.xml.macaon	201	2	772	772	nc	nc	_	1	obj	_	_
24616a5f-a675-44fd-9cd8-7c9e84438d67.xml.macaon	202	3	,	,	ponctw	ponctw	_	2	ponct	_	_
24616a5f-a675-44fd-9cd8-7c9e84438d67.xml.macaon	203	4	le	le	det	det	_	5	det	_	_
24616a5f-a675-44fd-9cd8-7c9e84438d67.xml.macaon	204	5	royaume	royaume	nc	nc	_	2	mod	_	_
24616a5f-a675-44fd-9cd8-7c9e84438d67.xml.macaon	205	6	d'	de	prep	prep	_	5	dep	_	_
24616a5f-a675-44fd-9cd8-7c9e84438d67.xml.macaon	206	7	Israël	Israël	np	np	_	6	obj	_	_
24616a5f-a675-44fd-9cd8-7c9e84438d67.xml.macaon	207	8	,	,	ponctw	ponctw	_	5	ponct	_	_
24616a5f-a675-44fd-9cd8-7c9e84438d67.xml.macaon	208	9	regroupant	regrouper	vprespart	vprespart	_	_	_	_	_
24616a5f-a675-44fd-9cd8-7c9e84438d67.xml.macaon	209	10	les	le	det	det	_	11	det	_	_
24616a5f-a675-44fd-9cd8-7c9e84438d67.xml.macaon	210	11	populations	population	nc	nc	_	9	__JOKER__	_	_
24616a5f-a675-44fd-9cd8-7c9e84438d67.xml.macaon	211	12	israélites	israélite	adj	adj	_	11	mod	_	_
24616a5f-a675-44fd-9cd8-7c9e84438d67.xml.macaon	212	13	du	du	prep	prep	_	11	dep	_	_
24616a5f-a675-44fd-9cd8-7c9e84438d67.xml.macaon	213	14	nord	nord	nc	nc	_	13	obj	_	_
24616a5f-a675-44fd-9cd8-7c9e84438d67.xml.macaon	214	15	de	de	prep	prep	_	14	dep	_	_
24616a5f-a675-44fd-9cd8-7c9e84438d67.xml.macaon	215	16	la	le	det	det	_	17	det	_	_
24616a5f-a675-44fd-9cd8-7c9e84438d67.xml.macaon	216	17	zone	zone	nc	nc	_	15	obj	_	_
24616a5f-a675-44fd-9cd8-7c9e84438d67.xml.macaon	217	18	montagneuse	montagneux	adj	adj	_	17	mod	_	_
24616a5f-a675-44fd-9cd8-7c9e84438d67.xml.macaon	218	19	de	de	prep	prep	_	17	dep	_	_
24616a5f-a675-44fd-9cd8-7c9e84438d67.xml.macaon	219	20	la	le	det	det	_	21	det	_	_
24616a5f-a675-44fd-9cd8-7c9e84438d67.xml.macaon	220	21	Palestine	Palestine	np	np	_	19	obj	_	_
24616a5f-a675-44fd-9cd8-7c9e84438d67.xml.macaon	221	22	,	,	ponctw	ponctw	_	24	ponct	_	_
24616a5f-a675-44fd-9cd8-7c9e84438d67.xml.macaon	222	23	est	être	v	v	_	24	aux_tps	_	_
24616a5f-a675-44fd-9cd8-7c9e84438d67.xml.macaon	223	24	détruit	détruire	vppart	vppart	_	21	mod	_	_
24616a5f-a675-44fd-9cd8-7c9e84438d67.xml.macaon	224	25	par	par	prep	prep	_	24	mod	_	_
24616a5f-a675-44fd-9cd8-7c9e84438d67.xml.macaon	225	26	les	le	det	det	_	27	det	_	_
24616a5f-a675-44fd-9cd8-7c9e84438d67.xml.macaon	226	27	Assyriens	assyrien	nc	nc	_	25	obj	_	_
24616a5f-a675-44fd-9cd8-7c9e84438d67.xml.macaon	227	28	.	.	poncts	poncts	_	9	__JOKER__	_	_

24616a5f-a675-44fd-9cd8-7c9e84438d67.xml.macaon	228	1	Une	une	det	det	_	2	det	_	_
24616a5f-a675-44fd-9cd8-7c9e84438d67.xml.macaon	229	2	partie	partie	nc	nc	_	_	_	_	_
24616a5f-a675-44fd-9cd8-7c9e84438d67.xml.macaon	230	3	de	de	prep	prep	_	2	dep	_	_
24616a5f-a675-44fd-9cd8-7c9e84438d67.xml.macaon	231	4	la	le	det	det	_	5	det	_	_
24616a5f-a675-44fd-9cd8-7c9e84438d67.xml.macaon	232	5	population	population	nc	nc	_	3	obj	_	_
24616a5f-a675-44fd-9cd8-7c9e84438d67.xml.macaon	233	6	est	être	v	v	_	7	aux_tps	_	_
24616a5f-a675-44fd-9cd8-7c9e84438d67.xml.macaon	234	7	déportée	déporter	vppart	vppart	_	2	mod_rel	_	_
24616a5f-a675-44fd-9cd8-7c9e84438d67.xml.macaon	235	8	à	à	prep	prep	_	7	mod	_	_
24616a5f-a675-44fd-9cd8-7c9e84438d67.xml.macaon	236	9	Ninive	Ninive	np	np	_	8	obj	_	_
24616a5f-a675-44fd-9cd8-7c9e84438d67.xml.macaon	237	10	,	,	ponctw	ponctw	_	9	ponct	_	_
24616a5f-a675-44fd-9cd8-7c9e84438d67.xml.macaon	238	11	capitale	capitale	nc	nc	_	8	obj	_	_
24616a5f-a675-44fd-9cd8-7c9e84438d67.xml.macaon	239	12	des	des	prep	prep	_	7	mod	_	_
24616a5f-a675-44fd-9cd8-7c9e84438d67.xml.macaon	240	13	Assyriens	assyrien	nc	nc	_	12	obj	_	_
24616a5f-a675-44fd-9cd8-7c9e84438d67.xml.macaon	241	14	.	.	poncts	poncts	_	2	ponct	_	_

24616a5f-a675-44fd-9cd8-7c9e84438d67.xml.macaon	242	1	Selon	selon	prep	prep	_	7	mod	_	_
24616a5f-a675-44fd-9cd8-7c9e84438d67.xml.macaon	243	2	leur	son	det	det	_	3	det	_	_
24616a5f-a675-44fd-9cd8-7c9e84438d67.xml.macaon	244	3	coutume	coutume	nc	nc	_	1	obj	_	_
24616a5f-a675-44fd-9cd8-7c9e84438d67.xml.macaon	245	4	,	,	ponctw	ponctw	_	7	ponct	_	_
24616a5f-a675-44fd-9cd8-7c9e84438d67.xml.macaon	246	5	les	le	det	det	_	6	det	_	_
24616a5f-a675-44fd-9cd8-7c9e84438d67.xml.macaon	247	6	Assyriens	assyrien	nc	nc	_	7	suj	_	_
24616a5f-a675-44fd-9cd8-7c9e84438d67.xml.macaon	248	7	repeuplent	repeupler	v	v	_	_	_	_	_
24616a5f-a675-44fd-9cd8-7c9e84438d67.xml.macaon	249	8	les	le	det	det	_	9	det	_	_
24616a5f-a675-44fd-9cd8-7c9e84438d67.xml.macaon	250	9	régions	région	nc	nc	_	7	obj	_	_
24616a5f-a675-44fd-9cd8-7c9e84438d67.xml.macaon	251	10	qu'	que	prorel	prorel	_	13	suj	_	_
24616a5f-a675-44fd-9cd8-7c9e84438d67.xml.macaon	252	11	ils	ils	cln	cln	_	13	suj	_	_
24616a5f-a675-44fd-9cd8-7c9e84438d67.xml.macaon	253	12	ont	avoir	v	v	_	13	aux_tps	_	_
24616a5f-a675-44fd-9cd8-7c9e84438d67.xml.macaon	254	13	vidées	vider	vppart	vppart	_	9	mod_rel	_	_
24616a5f-a675-44fd-9cd8-7c9e84438d67.xml.macaon	255	14	par	par	prep	prep	_	13	mod	_	_
24616a5f-a675-44fd-9cd8-7c9e84438d67.xml.macaon	256	15	des	un	det	det	_	16	det	_	_
24616a5f-a675-44fd-9cd8-7c9e84438d67.xml.macaon	257	16	populations	population	nc	nc	_	14	obj	_	_
24616a5f-a675-44fd-9cd8-7c9e84438d67.xml.macaon	258	17	venues	venir	vppart	vppart	_	16	mod	_	_
24616a5f-a675-44fd-9cd8-7c9e84438d67.xml.macaon	259	18	d'autres	d'autres	det	det	_	19	det	_	_
24616a5f-a675-44fd-9cd8-7c9e84438d67.xml.macaon	260	19	parties	partie	nc	nc	_	16	mod	_	_
24616a5f-a675-44fd-9cd8-7c9e84438d67.xml.macaon	261	20	de	de	prep	prep	_	19	dep	_	_
24616a5f-a675-44fd-9cd8-7c9e84438d67.xml.macaon	262	21	leur	son	det	det	_	22	det	_	_
24616a5f-a675-44fd-9cd8-7c9e84438d67.xml.macaon	263	22	empire	empire	nc	nc	_	20	obj	_	_
24616a5f-a675-44fd-9cd8-7c9e84438d67.xml.macaon	264	23	.	.	poncts	poncts	_	7	ponct	_	_

24616a5f-a675-44fd-9cd8-7c9e84438d67.xml.macaon	265	1	Après	après	prep	prep	_	10	mod	_	_
24616a5f-a675-44fd-9cd8-7c9e84438d67.xml.macaon	266	2	la	le	det	det	_	3	det	_	_
24616a5f-a675-44fd-9cd8-7c9e84438d67.xml.macaon	267	3	disparition	disparition	nc	nc	_	1	obj	_	_
24616a5f-a675-44fd-9cd8-7c9e84438d67.xml.macaon	268	4	du	du	prep	prep	_	3	dep	_	_
24616a5f-a675-44fd-9cd8-7c9e84438d67.xml.macaon	269	5	royaume	royaume	nc	nc	_	4	obj	_	_
24616a5f-a675-44fd-9cd8-7c9e84438d67.xml.macaon	270	6	d'	de	prep	prep	_	5	dep	_	_
24616a5f-a675-44fd-9cd8-7c9e84438d67.xml.macaon	271	7	Israël	Israël	np	np	_	6	obj	_	_
24616a5f-a675-44fd-9cd8-7c9e84438d67.xml.macaon	272	8	,	,	ponctw	ponctw	_	5	ponct	_	_
24616a5f-a675-44fd-9cd8-7c9e84438d67.xml.macaon	273	9	seul	seul	adj	adj	_	5	mod	_	_
24616a5f-a675-44fd-9cd8-7c9e84438d67.xml.macaon	274	10	subsiste	subsister	v	v	_	_	_	_	_
24616a5f-a675-44fd-9cd8-7c9e84438d67.xml.macaon	275	11	le	le	det	det	_	12	det	_	_
24616a5f-a675-44fd-9cd8-7c9e84438d67.xml.macaon	276	12	royaume	royaume	nc	nc	_	10	obj	_	_
24616a5f-a675-44fd-9cd8-7c9e84438d67.xml.macaon	277	13	de	de	prep	prep	_	12	dep	_	_
24616a5f-a675-44fd-9cd8-7c9e84438d67.xml.macaon	278	14	Juda	Juda	np	np	_	13	obj	_	_
24616a5f-a675-44fd-9cd8-7c9e84438d67.xml.macaon	279	15	qui	qui	prorel	prorel	_	13	obj	_	_
24616a5f-a675-44fd-9cd8-7c9e84438d67.xml.macaon	280	16	,	,	ponctw	ponctw	_	10	ponct	_	_
24616a5f-a675-44fd-9cd8-7c9e84438d67.xml.macaon	281	17	au	au	prep	prep	_	10	mod	_	_
24616a5f-a675-44fd-9cd8-7c9e84438d67.xml.macaon	282	18	sud	sud	nc	nc	_	17	obj	_	_
24616a5f-a675-44fd-9cd8-7c9e84438d67.xml.macaon	283	19	de	de	prep	prep	_	18	dep	_	_
24616a5f-a675-44fd-9cd8-7c9e84438d67.xml.macaon	284	20	la	le	det	det	_	21	det	_	_
24616a5f-a675-44fd-9cd8-7c9e84438d67.xml.macaon	285	21	zone	zone	nc	nc	_	19	obj	_	_
24616a5f-a675-44fd-9cd8-7c9e84438d67.xml.macaon	286	22	montagneuse	montagneux	adj	adj	_	21	mod	_	_
24616a5f-a675-44fd-9cd8-7c9e84438d67.xml.macaon	287	23	,	,	ponctw	ponctw	_	24	ponct	_	_
24616a5f-a675-44fd-9cd8-7c9e84438d67.xml.macaon	288	24	regroupe	regrouper	v	v	_	18	mod_rel	_	_
24616a5f-a675-44fd-9cd8-7c9e84438d67.xml.macaon	289	25	une	un	det	det	_	27	det	_	_
24616a5f-a675-44fd-9cd8-7c9e84438d67.xml.macaon	290	26	autre	autre	adj	adj	_	27	mod	_	_
24616a5f-a675-44fd-9cd8-7c9e84438d67.xml.macaon	291	27	partie	partie	nc	nc	_	24	obj	_	_
24616a5f-a675-44fd-9cd8-7c9e84438d67.xml.macaon	292	28	,	,	ponctw	ponctw	_	27	ponct	_	_
24616a5f-a675-44fd-9cd8-7c9e84438d67.xml.macaon	293	29	moins	moins	adv	adv	_	30	mod	_	_
24616a5f-a675-44fd-9cd8-7c9e84438d67.xml.macaon	294	30	nombreuse	nombreux	adj	adj	_	27	mod	_	_
24616a5f-a675-44fd-9cd8-7c9e84438d67.xml.macaon	295	31	,	,	ponctw	ponctw	_	30	ponct	_	_
24616a5f-a675-44fd-9cd8-7c9e84438d67.xml.macaon	296	32	de	de	prep	prep	_	27	dep	_	_
24616a5f-a675-44fd-9cd8-7c9e84438d67.xml.macaon	297	33	la	le	det	det	_	34	det	_	_
24616a5f-a675-44fd-9cd8-7c9e84438d67.xml.macaon	298	34	population	population	nc	nc	_	32	obj	_	_
24616a5f-a675-44fd-9cd8-7c9e84438d67.xml.macaon	299	35	israélite	israélite	adj	adj	_	34	mod	_	_
24616a5f-a675-44fd-9cd8-7c9e84438d67.xml.macaon	300	36	.	.	poncts	poncts	_	10	ponct	_	_

24616a5f-a675-44fd-9cd8-7c9e84438d67.xml.macaon	301	1	Sa	sa	det	det	_	2	det	_	_
24616a5f-a675-44fd-9cd8-7c9e84438d67.xml.macaon	302	2	capitale	capitale	nc	nc	_	3	suj	_	_
24616a5f-a675-44fd-9cd8-7c9e84438d67.xml.macaon	303	3	est	être	v	v	_	_	_	_	_
24616a5f-a675-44fd-9cd8-7c9e84438d67.xml.macaon	304	4	Jérusalem	Jérusalem	np	np	_	7	suj	_	_
24616a5f-a675-44fd-9cd8-7c9e84438d67.xml.macaon	305	5	où	où	prorel	prorel	_	7	mod	_	_
24616a5f-a675-44fd-9cd8-7c9e84438d67.xml.macaon	306	6	se	se	clr	clr	_	7	aff	_	_
24616a5f-a675-44fd-9cd8-7c9e84438d67.xml.macaon	307	7	trouve	trouver	v	v	_	3	mod	_	_	B:OTHER:G
24616a5f-a675-44fd-9cd8-7c9e84438d67.xml.macaon	308	8	le	le	det	det	_	9	det	_	_
24616a5f-a675-44fd-9cd8-7c9e84438d67.xml.macaon	309	9	Temple	Temple	np	np	_	7	__JOKER__	_	_
24616a5f-a675-44fd-9cd8-7c9e84438d67.xml.macaon	310	10	.	.	poncts	poncts	_	3	ponct	_	_

24616a5f-a675-44fd-9cd8-7c9e84438d67.xml.macaon	311	1	La	la	det	det	_	2	det	_	_
24616a5f-a675-44fd-9cd8-7c9e84438d67.xml.macaon	312	2	déportation	déportation	nc	nc	_	_	_	_	_
24616a5f-a675-44fd-9cd8-7c9e84438d67.xml.macaon	313	3	à	à	prep	prep	_	2	dep	_	_
24616a5f-a675-44fd-9cd8-7c9e84438d67.xml.macaon	314	4	Babylone	Babylone	np	np	_	3	obj	_	_

24616a5f-a675-44fd-9cd8-7c9e84438d67.xml.macaon	315	1	Par	par	prep	prep	_	12	mod	_	_	B:Attack:FE:Frequency:G:326
24616a5f-a675-44fd-9cd8-7c9e84438d67.xml.macaon	316	2	trois	trois	det	det	_	3	det	_	_	I:Attack:FE:Frequency:G:326
24616a5f-a675-44fd-9cd8-7c9e84438d67.xml.macaon	317	3	fois	foi	nc	nc	_	1	obj	_	_	I:Attack:FE:Frequency:G:326
24616a5f-a675-44fd-9cd8-7c9e84438d67.xml.macaon	318	4	,	,	ponctw	ponctw	_	3	ponct	_	_
24616a5f-a675-44fd-9cd8-7c9e84438d67.xml.macaon	319	5	Nabuchodonosor	Nabuchodonosor	np	np	_	3	mod	_	_	B:Attack:FE:Assaillant:G:326
24616a5f-a675-44fd-9cd8-7c9e84438d67.xml.macaon	320	6	II	II	np	np	_	5	mod	_	_	I:Attack:FE:Assaillant:G:326
24616a5f-a675-44fd-9cd8-7c9e84438d67.xml.macaon	321	7	,	,	ponctw	ponctw	_	6	ponct	_	_	I:Attack:FE:Assaillant:G:326
24616a5f-a675-44fd-9cd8-7c9e84438d67.xml.macaon	322	8	roi	roi	nc	nc	_	6	mod	_	_	I:Attack:FE:Assaillant:G:326
24616a5f-a675-44fd-9cd8-7c9e84438d67.xml.macaon	323	9	de	de	prep	prep	_	8	dep	_	_	I:Attack:FE:Assaillant:G:326
24616a5f-a675-44fd-9cd8-7c9e84438d67.xml.macaon	324	10	Babylone	Babylone	np	np	_	9	obj	_	_	I:Attack:FE:Assaillant:G:326
24616a5f-a675-44fd-9cd8-7c9e84438d67.xml.macaon	325	11	,	,	ponctw	ponctw	_	12	ponct	_	_
24616a5f-a675-44fd-9cd8-7c9e84438d67.xml.macaon	326	12	attaque	attaquer	v	v	_	_	_	_	_	B:Attack:TARGET:attaquer:G:326
24616a5f-a675-44fd-9cd8-7c9e84438d67.xml.macaon	327	13	et	et	coo	coo	_	12	coord	_	_
24616a5f-a675-44fd-9cd8-7c9e84438d67.xml.macaon	328	14	vainc	vaincre	v	v	_	13	dep_coord	_	_	B:Attack:FE:Result:G:326
24616a5f-a675-44fd-9cd8-7c9e84438d67.xml.macaon	329	15	le	le	det	det	_	16	det	_	_	B:Attack:FE:Victim:G:326
24616a5f-a675-44fd-9cd8-7c9e84438d67.xml.macaon	330	16	royaume	royaume	nc	nc	_	14	obj	_	_	I:Attack:FE:Victim:G:326
24616a5f-a675-44fd-9cd8-7c9e84438d67.xml.macaon	331	17	de	de	prep	prep	_	16	dep	_	_	I:Attack:FE:Victim:G:326
24616a5f-a675-44fd-9cd8-7c9e84438d67.xml.macaon	332	18	Juda	Juda	np	np	_	17	obj	_	_	I:Attack:FE:Victim:G:326
24616a5f-a675-44fd-9cd8-7c9e84438d67.xml.macaon	333	19	.	.	poncts	poncts	_	12	ponct	_	_

24616a5f-a675-44fd-9cd8-7c9e84438d67.xml.macaon	334	1	Selon	selon	prep	prep	_	8	mod	_	_
24616a5f-a675-44fd-9cd8-7c9e84438d67.xml.macaon	335	2	les	le	det	det	_	3	det	_	_
24616a5f-a675-44fd-9cd8-7c9e84438d67.xml.macaon	336	3	usages	usage	nc	nc	_	1	obj	_	_	B:OTHER:G
24616a5f-a675-44fd-9cd8-7c9e84438d67.xml.macaon	337	4	de#l'	de#l'	prep	prep	_	3	dep	_	_
24616a5f-a675-44fd-9cd8-7c9e84438d67.xml.macaon	338	5	époque	époque	nc	nc	_	4	obj	_	_
24616a5f-a675-44fd-9cd8-7c9e84438d67.xml.macaon	339	6	,	,	ponctw	ponctw	_	8	ponct	_	_
24616a5f-a675-44fd-9cd8-7c9e84438d67.xml.macaon	340	7	il	il	cln	cln	_	8	suj	_	_
24616a5f-a675-44fd-9cd8-7c9e84438d67.xml.macaon	341	8	prend	prendre	v	v	_	_	_	_	_
24616a5f-a675-44fd-9cd8-7c9e84438d67.xml.macaon	342	9	en	en	prep	prep	_	8	mod	_	_
24616a5f-a675-44fd-9cd8-7c9e84438d67.xml.macaon	343	10	otage	otage	nc	nc	_	9	obj	_	_
24616a5f-a675-44fd-9cd8-7c9e84438d67.xml.macaon	344	11	une	un	det	det	_	12	det	_	_
24616a5f-a675-44fd-9cd8-7c9e84438d67.xml.macaon	345	12	partie	partie	nc	nc	_	10	mod	_	_
24616a5f-a675-44fd-9cd8-7c9e84438d67.xml.macaon	346	13	de	de	prep	prep	_	12	dep	_	_
24616a5f-a675-44fd-9cd8-7c9e84438d67.xml.macaon	347	14	la	le	det	det	_	15	det	_	_
24616a5f-a675-44fd-9cd8-7c9e84438d67.xml.macaon	348	15	population	population	nc	nc	_	13	obj	_	_
24616a5f-a675-44fd-9cd8-7c9e84438d67.xml.macaon	349	16	,	,	ponctw	ponctw	_	15	ponct	_	_
24616a5f-a675-44fd-9cd8-7c9e84438d67.xml.macaon	350	17	surtout	surtout	adv	adv	_	15	mod	_	_
24616a5f-a675-44fd-9cd8-7c9e84438d67.xml.macaon	351	18	les	le	det	det	_	19	det	_	_
24616a5f-a675-44fd-9cd8-7c9e84438d67.xml.macaon	352	19	dirigeants	dirigeant	nc	nc	_	13	obj	_	_
24616a5f-a675-44fd-9cd8-7c9e84438d67.xml.macaon	353	20	et	et	coo	coo	_	19	coord	_	_
24616a5f-a675-44fd-9cd8-7c9e84438d67.xml.macaon	354	21	leurs	son	det	det	_	22	det	_	_
24616a5f-a675-44fd-9cd8-7c9e84438d67.xml.macaon	355	22	familles	famille	nc	nc	_	20	dep_coord	_	_
24616a5f-a675-44fd-9cd8-7c9e84438d67.xml.macaon	356	23	et	et	coo	coo	_	13	coord	_	_
24616a5f-a675-44fd-9cd8-7c9e84438d67.xml.macaon	357	24	les	les	clo	clo	_	25	__JOKER__	_	_
24616a5f-a675-44fd-9cd8-7c9e84438d67.xml.macaon	358	25	déporte	déporter	v	v	_	23	dep_coord	_	_
24616a5f-a675-44fd-9cd8-7c9e84438d67.xml.macaon	359	26	loin#de	loin#de	prep	prep	_	25	mod	_	_
24616a5f-a675-44fd-9cd8-7c9e84438d67.xml.macaon	360	27	leur	son	det	det	_	28	det	_	_
24616a5f-a675-44fd-9cd8-7c9e84438d67.xml.macaon	361	28	région	région	nc	nc	_	26	obj	_	_
24616a5f-a675-44fd-9cd8-7c9e84438d67.xml.macaon	362	29	d'origine	d'origine	adj	adj	_	28	mod	_	_
24616a5f-a675-44fd-9cd8-7c9e84438d67.xml.macaon	363	30	.	.	poncts	poncts	_	8	ponct	_	_

24616a5f-a675-44fd-9cd8-7c9e84438d67.xml.macaon	364	1	La	la	det	det	_	3	det	_	_
24616a5f-a675-44fd-9cd8-7c9e84438d67.xml.macaon	365	2	première	premier	adj	adj	_	3	mod	_	_
24616a5f-a675-44fd-9cd8-7c9e84438d67.xml.macaon	366	3	déportation	déportation	nc	nc	_	4	suj	_	_
24616a5f-a675-44fd-9cd8-7c9e84438d67.xml.macaon	367	4	a	avoir	v	v	_	_	_	_	_
24616a5f-a675-44fd-9cd8-7c9e84438d67.xml.macaon	368	5	lieu	lieu	nc	nc	_	4	obj	_	_
24616a5f-a675-44fd-9cd8-7c9e84438d67.xml.macaon	369	6	en	en	prep	prep	_	4	mod	_	_
24616a5f-a675-44fd-9cd8-7c9e84438d67.xml.macaon	370	7	597	597	det	det	_	8	det	_	_
24616a5f-a675-44fd-9cd8-7c9e84438d67.xml.macaon	371	8	av.	av.	nc	nc	_	6	obj	_	_

24616a5f-a675-44fd-9cd8-7c9e84438d67.xml.macaon	372	1	J.-C.	Jésus-Christ	np	np	_	_	_	_	_
24616a5f-a675-44fd-9cd8-7c9e84438d67.xml.macaon	373	2	,	,	ponctw	ponctw	_	1	ponct	_	_
24616a5f-a675-44fd-9cd8-7c9e84438d67.xml.macaon	374	3	pendant	pendant	prep	prep	_	1	dep	_	_
24616a5f-a675-44fd-9cd8-7c9e84438d67.xml.macaon	375	4	le	le	det	det	_	5	det	_	_
24616a5f-a675-44fd-9cd8-7c9e84438d67.xml.macaon	376	5	règne	règne	nc	nc	_	3	obj	_	_
24616a5f-a675-44fd-9cd8-7c9e84438d67.xml.macaon	377	6	de	de	prep	prep	_	5	dep	_	_
24616a5f-a675-44fd-9cd8-7c9e84438d67.xml.macaon	378	7	Joaquim	Joaquim	np	np	_	6	obj	_	_
24616a5f-a675-44fd-9cd8-7c9e84438d67.xml.macaon	379	8	,	,	ponctw	ponctw	_	7	ponct	_	_
24616a5f-a675-44fd-9cd8-7c9e84438d67.xml.macaon	380	9	roi	roi	nc	nc	_	6	obj	_	_
24616a5f-a675-44fd-9cd8-7c9e84438d67.xml.macaon	381	10	de	de	prep	prep	_	5	dep	_	_
24616a5f-a675-44fd-9cd8-7c9e84438d67.xml.macaon	382	11	Juda	Juda	np	np	_	10	obj	_	_
24616a5f-a675-44fd-9cd8-7c9e84438d67.xml.macaon	383	12	.	.	poncts	poncts	_	1	__JOKER__	_	_

24616a5f-a675-44fd-9cd8-7c9e84438d67.xml.macaon	384	1	La	la	det	det	_	2	det	_	_
24616a5f-a675-44fd-9cd8-7c9e84438d67.xml.macaon	385	2	Bible	Bible	np	np	_	3	suj	_	_
24616a5f-a675-44fd-9cd8-7c9e84438d67.xml.macaon	386	3	parle	parler	v	v	_	_	_	_	_
24616a5f-a675-44fd-9cd8-7c9e84438d67.xml.macaon	387	4	de	de	prep	prep	_	3	de_obj	_	_
24616a5f-a675-44fd-9cd8-7c9e84438d67.xml.macaon	388	5	10#000	10#000	nc	nc	_	4	obj	_	_
24616a5f-a675-44fd-9cd8-7c9e84438d67.xml.macaon	389	6	personnes	personne	nc	nc	_	5	mod	_	_
24616a5f-a675-44fd-9cd8-7c9e84438d67.xml.macaon	390	7	déportées	déporter	vppart	vppart	_	6	mod	_	_
24616a5f-a675-44fd-9cd8-7c9e84438d67.xml.macaon	391	8	en	en	prep	prep	_	7	mod	_	_
24616a5f-a675-44fd-9cd8-7c9e84438d67.xml.macaon	392	9	Babylonie	Babylonie	np	np	_	8	obj	_	_
24616a5f-a675-44fd-9cd8-7c9e84438d67.xml.macaon	393	10	après#que	après#que	v	v	_	9	mod_rel	_	_
24616a5f-a675-44fd-9cd8-7c9e84438d67.xml.macaon	394	11	le	le	det	det	_	12	det	_	_
24616a5f-a675-44fd-9cd8-7c9e84438d67.xml.macaon	395	12	Temple	Temple	np	np	_	6	mod	_	_
24616a5f-a675-44fd-9cd8-7c9e84438d67.xml.macaon	396	13	de	de	prep	prep	_	6	dep	_	_
24616a5f-a675-44fd-9cd8-7c9e84438d67.xml.macaon	397	14	Jérusalem	Jérusalem	np	np	_	13	obj	_	_
24616a5f-a675-44fd-9cd8-7c9e84438d67.xml.macaon	398	15	eut	avoir	v	v	_	18	aux_tps	_	_
24616a5f-a675-44fd-9cd8-7c9e84438d67.xml.macaon	399	16	été	être	vppart	vppart	_	18	aux_pass	_	_
24616a5f-a675-44fd-9cd8-7c9e84438d67.xml.macaon	400	17	partiellement	partiellement	adv	adv	_	18	mod	_	_
24616a5f-a675-44fd-9cd8-7c9e84438d67.xml.macaon	401	18	pillé	piller	vppart	vppart	_	14	__JOKER__	_	_
24616a5f-a675-44fd-9cd8-7c9e84438d67.xml.macaon	402	19	et	et	coo	coo	_	14	coord	_	_
24616a5f-a675-44fd-9cd8-7c9e84438d67.xml.macaon	403	20	ses	son	det	det	_	21	det	_	_
24616a5f-a675-44fd-9cd8-7c9e84438d67.xml.macaon	404	21	trésors	trésor	nc	nc	_	19	dep_coord	_	_
24616a5f-a675-44fd-9cd8-7c9e84438d67.xml.macaon	405	22	emmenés	emmener	vppart	vppart	_	21	mod	_	_
24616a5f-a675-44fd-9cd8-7c9e84438d67.xml.macaon	406	23	à	à	prep	prep	_	22	a_obj	_	_
24616a5f-a675-44fd-9cd8-7c9e84438d67.xml.macaon	407	24	Babylone	Babylone	np	np	_	23	obj	_	_
24616a5f-a675-44fd-9cd8-7c9e84438d67.xml.macaon	408	25	.	.	poncts	poncts	_	3	ponct	_	_

24616a5f-a675-44fd-9cd8-7c9e84438d67.xml.macaon	409	1	La	la	det	det	_	3	det	_	_
24616a5f-a675-44fd-9cd8-7c9e84438d67.xml.macaon	410	2	seconde	seconde	adj	adj	_	3	mod	_	_
24616a5f-a675-44fd-9cd8-7c9e84438d67.xml.macaon	411	3	attaque	attaque	nc	nc	_	4	suj	_	_	B:Attack:TARGET:attaque:G:411
24616a5f-a675-44fd-9cd8-7c9e84438d67.xml.macaon	412	4	a	avoir	v	v	_	_	_	_	_
24616a5f-a675-44fd-9cd8-7c9e84438d67.xml.macaon	413	5	lieu	lieu	nc	nc	_	4	obj	_	_
24616a5f-a675-44fd-9cd8-7c9e84438d67.xml.macaon	414	6	en	en	prep	prep	_	4	mod	_	_
24616a5f-a675-44fd-9cd8-7c9e84438d67.xml.macaon	415	7	587	587	det	det	_	10	det	_	_
24616a5f-a675-44fd-9cd8-7c9e84438d67.xml.macaon	416	8	ou	ou	coo	coo	_	7	__JOKER__	_	_
24616a5f-a675-44fd-9cd8-7c9e84438d67.xml.macaon	417	9	586	586	det	det	_	10	det	_	_
24616a5f-a675-44fd-9cd8-7c9e84438d67.xml.macaon	418	10	av.	av.	nc	nc	_	6	obj	_	_

24616a5f-a675-44fd-9cd8-7c9e84438d67.xml.macaon	419	1	J.-C.	Jésus-Christ	np	np	_	_	_	_	_
24616a5f-a675-44fd-9cd8-7c9e84438d67.xml.macaon	420	2	pendant	pendant	prep	prep	_	1	dep	_	_
24616a5f-a675-44fd-9cd8-7c9e84438d67.xml.macaon	421	3	le	le	det	det	_	4	det	_	_
24616a5f-a675-44fd-9cd8-7c9e84438d67.xml.macaon	422	4	règne	règne	nc	nc	_	2	obj	_	_
24616a5f-a675-44fd-9cd8-7c9e84438d67.xml.macaon	423	5	de	de	prep	prep	_	4	dep	_	_
24616a5f-a675-44fd-9cd8-7c9e84438d67.xml.macaon	424	6	Sédécias	Sédécias	np	np	_	5	obj	_	_
24616a5f-a675-44fd-9cd8-7c9e84438d67.xml.macaon	425	7	,	,	ponctw	ponctw	_	6	ponct	_	_
24616a5f-a675-44fd-9cd8-7c9e84438d67.xml.macaon	426	8	roi	roi	nc	nc	_	5	obj	_	_
24616a5f-a675-44fd-9cd8-7c9e84438d67.xml.macaon	427	9	de	de	prep	prep	_	4	dep	_	_
24616a5f-a675-44fd-9cd8-7c9e84438d67.xml.macaon	428	10	Juda	Juda	np	np	_	9	obj	_	_
24616a5f-a675-44fd-9cd8-7c9e84438d67.xml.macaon	429	11	.	.	poncts	poncts	_	1	__JOKER__	_	_

24616a5f-a675-44fd-9cd8-7c9e84438d67.xml.macaon	430	1	La	la	det	det	_	2	det	_	_
24616a5f-a675-44fd-9cd8-7c9e84438d67.xml.macaon	431	2	ville	ville	nc	nc	_	5	suj	_	_
24616a5f-a675-44fd-9cd8-7c9e84438d67.xml.macaon	432	3	de	de	prep	prep	_	2	dep	_	_
24616a5f-a675-44fd-9cd8-7c9e84438d67.xml.macaon	433	4	Jérusalem	Jérusalem	np	np	_	3	obj	_	_
24616a5f-a675-44fd-9cd8-7c9e84438d67.xml.macaon	434	5	est	être	v	v	_	7	aux_tps	_	_
24616a5f-a675-44fd-9cd8-7c9e84438d67.xml.macaon	435	6	totalement	totalement	adv	adv	_	7	mod	_	_
24616a5f-a675-44fd-9cd8-7c9e84438d67.xml.macaon	436	7	rasée	raser	vppart	vppart	_	_	_	_	_
24616a5f-a675-44fd-9cd8-7c9e84438d67.xml.macaon	437	8	et	et	coo	coo	_	7	__JOKER__	_	_
24616a5f-a675-44fd-9cd8-7c9e84438d67.xml.macaon	438	9	ses	son	det	det	_	10	det	_	_
24616a5f-a675-44fd-9cd8-7c9e84438d67.xml.macaon	439	10	habitants	habitant	nc	nc	_	8	dep_coord	_	_
24616a5f-a675-44fd-9cd8-7c9e84438d67.xml.macaon	440	11	sont	être	v	v	_	12	aux_tps	_	_
24616a5f-a675-44fd-9cd8-7c9e84438d67.xml.macaon	441	12	déportés	déporter	vppart	vppart	_	10	mod	_	_
24616a5f-a675-44fd-9cd8-7c9e84438d67.xml.macaon	442	13	.	.	poncts	poncts	_	12	ponct	_	_

24616a5f-a675-44fd-9cd8-7c9e84438d67.xml.macaon	443	1	En	en	prep	prep	_	_	_	_	_
24616a5f-a675-44fd-9cd8-7c9e84438d67.xml.macaon	444	2	581	581	det	det	_	3	det	_	_
24616a5f-a675-44fd-9cd8-7c9e84438d67.xml.macaon	445	3	av.	av.	nc	nc	_	1	obj	_	_

24616a5f-a675-44fd-9cd8-7c9e84438d67.xml.macaon	446	1	J.-C.	Jésus-Christ	np	np	_	3	suj	_	_
24616a5f-a675-44fd-9cd8-7c9e84438d67.xml.macaon	447	2	se	se	clr	clr	_	3	aff	_	_
24616a5f-a675-44fd-9cd8-7c9e84438d67.xml.macaon	448	3	déroule	dérouler	v	v	_	_	_	_	_
24616a5f-a675-44fd-9cd8-7c9e84438d67.xml.macaon	449	4	une	un	det	det	_	6	det	_	_
24616a5f-a675-44fd-9cd8-7c9e84438d67.xml.macaon	450	5	dernière	dernier	adj	adj	_	6	mod	_	_
24616a5f-a675-44fd-9cd8-7c9e84438d67.xml.macaon	451	6	déportation	déportation	nc	nc	_	3	obj	_	_
24616a5f-a675-44fd-9cd8-7c9e84438d67.xml.macaon	452	7	des	des	prep	prep	_	6	dep	_	_
24616a5f-a675-44fd-9cd8-7c9e84438d67.xml.macaon	453	8	Israélites	Israélites	np	np	_	7	obj	_	_
24616a5f-a675-44fd-9cd8-7c9e84438d67.xml.macaon	454	9	.	.	poncts	poncts	_	3	ponct	_	_

24616a5f-a675-44fd-9cd8-7c9e84438d67.xml.macaon	455	1	Au#total	au#total	adv	adv	_	8	mod	_	_
24616a5f-a675-44fd-9cd8-7c9e84438d67.xml.macaon	456	2	,	,	ponctw	ponctw	_	8	ponct	_	_
24616a5f-a675-44fd-9cd8-7c9e84438d67.xml.macaon	457	3	près#de	près#de	prep	prep	_	8	mod	_	_
24616a5f-a675-44fd-9cd8-7c9e84438d67.xml.macaon	458	4	20#000	20#000	det	det	_	5	det	_	_
24616a5f-a675-44fd-9cd8-7c9e84438d67.xml.macaon	459	5	personnes	personne	nc	nc	_	3	obj	_	_
24616a5f-a675-44fd-9cd8-7c9e84438d67.xml.macaon	460	6	auraient	avoir	v	v	_	8	aux_tps	_	_
24616a5f-a675-44fd-9cd8-7c9e84438d67.xml.macaon	461	7	été	être	vppart	vppart	_	8	aux_pass	_	_
24616a5f-a675-44fd-9cd8-7c9e84438d67.xml.macaon	462	8	déportées	déporter	vppart	vppart	_	_	_	_	_
24616a5f-a675-44fd-9cd8-7c9e84438d67.xml.macaon	463	9	en	en	prep	prep	_	8	mod	_	_
24616a5f-a675-44fd-9cd8-7c9e84438d67.xml.macaon	464	10	Babylonie	Babylonie	np	np	_	9	obj	_	_
24616a5f-a675-44fd-9cd8-7c9e84438d67.xml.macaon	465	11	.	.	poncts	poncts	_	8	ponct	_	_

24616a5f-a675-44fd-9cd8-7c9e84438d67.xml.macaon	466	1	Cependant	cependant	adv	adv	_	9	mod	_	_
24616a5f-a675-44fd-9cd8-7c9e84438d67.xml.macaon	467	2	,	,	ponctw	ponctw	_	7	ponct	_	_
24616a5f-a675-44fd-9cd8-7c9e84438d67.xml.macaon	468	3	les	le	det	det	_	4	det	_	_
24616a5f-a675-44fd-9cd8-7c9e84438d67.xml.macaon	469	4	habitants	habitant	nc	nc	_	7	suj	_	_
24616a5f-a675-44fd-9cd8-7c9e84438d67.xml.macaon	470	5	des	des	prep	prep	_	4	dep	_	_
24616a5f-a675-44fd-9cd8-7c9e84438d67.xml.macaon	471	6	campagnes	campagne	nc	nc	_	5	obj	_	_
24616a5f-a675-44fd-9cd8-7c9e84438d67.xml.macaon	472	7	semblent	sembler	v	v	_	9	aux_tps	_	_
24616a5f-a675-44fd-9cd8-7c9e84438d67.xml.macaon	473	8	peu	peu	adv	adv	_	9	mod	_	_
24616a5f-a675-44fd-9cd8-7c9e84438d67.xml.macaon	474	9	touchés	toucher	vppart	vppart	_	_	_	_	_
24616a5f-a675-44fd-9cd8-7c9e84438d67.xml.macaon	475	10	et	et	coo	coo	_	9	__JOKER__	_	_
24616a5f-a675-44fd-9cd8-7c9e84438d67.xml.macaon	476	11	restent	rester	v	v	_	10	dep_coord	_	_
24616a5f-a675-44fd-9cd8-7c9e84438d67.xml.macaon	477	12	sur	sur	prep	prep	_	11	mod	_	_
24616a5f-a675-44fd-9cd8-7c9e84438d67.xml.macaon	478	13	place	place	nc	nc	_	12	obj	_	_
24616a5f-a675-44fd-9cd8-7c9e84438d67.xml.macaon	479	14	.	.	poncts	poncts	_	11	ponct	_	_

24616a5f-a675-44fd-9cd8-7c9e84438d67.xml.macaon	480	1	À	À	prep	prep	_	8	mod	_	_
24616a5f-a675-44fd-9cd8-7c9e84438d67.xml.macaon	481	2	Babylone	Babylone	np	np	_	1	obj	_	_
24616a5f-a675-44fd-9cd8-7c9e84438d67.xml.macaon	482	3	,	,	ponctw	ponctw	_	6	ponct	_	_
24616a5f-a675-44fd-9cd8-7c9e84438d67.xml.macaon	483	4	les	le	det	det	_	5	det	_	_
24616a5f-a675-44fd-9cd8-7c9e84438d67.xml.macaon	484	5	déportés	déporté	nc	nc	_	6	suj	_	_
24616a5f-a675-44fd-9cd8-7c9e84438d67.xml.macaon	485	6	sont	être	v	v	_	8	aux_tps	_	_
24616a5f-a675-44fd-9cd8-7c9e84438d67.xml.macaon	486	7	bien	bien	adv	adv	_	8	mod	_	_
24616a5f-a675-44fd-9cd8-7c9e84438d67.xml.macaon	487	8	traités	traiter	vppart	vppart	_	_	_	_	_
24616a5f-a675-44fd-9cd8-7c9e84438d67.xml.macaon	488	9	et	et	coo	coo	_	8	__JOKER__	_	_
24616a5f-a675-44fd-9cd8-7c9e84438d67.xml.macaon	489	10	conservent	conserver	v	v	_	9	dep_coord	_	_
24616a5f-a675-44fd-9cd8-7c9e84438d67.xml.macaon	490	11	une	un	det	det	_	12	det	_	_
24616a5f-a675-44fd-9cd8-7c9e84438d67.xml.macaon	491	12	autonomie	autonomie	nc	nc	_	10	obj	_	_
24616a5f-a675-44fd-9cd8-7c9e84438d67.xml.macaon	492	13	administrative	administratif	adj	adj	_	12	mod	_	_
24616a5f-a675-44fd-9cd8-7c9e84438d67.xml.macaon	493	14	.	.	poncts	poncts	_	10	ponct	_	_

24616a5f-a675-44fd-9cd8-7c9e84438d67.xml.macaon	494	1	Malgré	malgré	prep	prep	_	_	_	_	_
24616a5f-a675-44fd-9cd8-7c9e84438d67.xml.macaon	495	2	leurs	son	det	det	_	4	det	_	_	B:Request:FE:Speaker:G:497
24616a5f-a675-44fd-9cd8-7c9e84438d67.xml.macaon	496	3	multiples	multiple	adj	adj	_	4	mod	_	_
24616a5f-a675-44fd-9cd8-7c9e84438d67.xml.macaon	497	4	demandes	demande	nc	nc	_	1	obj	_	_	B:Request:TARGET:demande:G:497
24616a5f-a675-44fd-9cd8-7c9e84438d67.xml.macaon	498	5	(	(	ponctw	ponctw	_	4	ponct	_	_
24616a5f-a675-44fd-9cd8-7c9e84438d67.xml.macaon	499	6	comme	comme	prep	prep	_	4	dep	_	_
24616a5f-a675-44fd-9cd8-7c9e84438d67.xml.macaon	500	7	celles	celui	pro	pro	_	6	obj	_	_
24616a5f-a675-44fd-9cd8-7c9e84438d67.xml.macaon	501	8	d'	de	prep	prep	_	7	dep	_	_
24616a5f-a675-44fd-9cd8-7c9e84438d67.xml.macaon	502	9	Ézéchiel	Ézéchiel	nc	nc	_	8	obj	_	_
24616a5f-a675-44fd-9cd8-7c9e84438d67.xml.macaon	503	10	ou	ou	coo	coo	_	8	coord	_	_
24616a5f-a675-44fd-9cd8-7c9e84438d67.xml.macaon	504	11	de	de	prep	prep	_	10	dep_coord	_	_
24616a5f-a675-44fd-9cd8-7c9e84438d67.xml.macaon	505	12	Baruch	Baruch	np	np	_	11	obj	_	_
24616a5f-a675-44fd-9cd8-7c9e84438d67.xml.macaon	506	13	)	)	ponctw	ponctw	_	12	ponct	_	_
24616a5f-a675-44fd-9cd8-7c9e84438d67.xml.macaon	507	14	,	,	ponctw	ponctw	_	19	ponct	_	_
24616a5f-a675-44fd-9cd8-7c9e84438d67.xml.macaon	508	15	ils	ils	cln	cln	_	16	__JOKER__	_	_
24616a5f-a675-44fd-9cd8-7c9e84438d67.xml.macaon	509	16	ne	ne	advneg	advneg	_	19	mod	_	_
24616a5f-a675-44fd-9cd8-7c9e84438d67.xml.macaon	510	17	sont	être	v	v	_	19	aux_tps	_	_
24616a5f-a675-44fd-9cd8-7c9e84438d67.xml.macaon	511	18	pas	pas	advneg	advneg	_	19	mod	_	_
24616a5f-a675-44fd-9cd8-7c9e84438d67.xml.macaon	512	19	autorisés	autoriser	vppart	vppart	_	12	__JOKER__	_	_
24616a5f-a675-44fd-9cd8-7c9e84438d67.xml.macaon	513	20	à	à	prep	prep	_	19	a_obj	_	_
24616a5f-a675-44fd-9cd8-7c9e84438d67.xml.macaon	514	21	regagner	regagner	vinf	vinf	_	20	obj	_	_
24616a5f-a675-44fd-9cd8-7c9e84438d67.xml.macaon	515	22	leur	son	det	det	_	23	det	_	_
24616a5f-a675-44fd-9cd8-7c9e84438d67.xml.macaon	516	23	pays	pays	nc	nc	_	21	obj	_	_
24616a5f-a675-44fd-9cd8-7c9e84438d67.xml.macaon	517	24	d'origine	d'origine	adj	adj	_	23	mod	_	_
24616a5f-a675-44fd-9cd8-7c9e84438d67.xml.macaon	518	25	.	.	poncts	poncts	_	7	__JOKER__	_	_

24616a5f-a675-44fd-9cd8-7c9e84438d67.xml.macaon	519	1	Méditant	méditer	vprespart	vprespart	_	9	__JOKER__	_	_
24616a5f-a675-44fd-9cd8-7c9e84438d67.xml.macaon	520	2	sur	sur	prep	prep	_	1	mod	_	_
24616a5f-a675-44fd-9cd8-7c9e84438d67.xml.macaon	521	3	les	le	det	det	_	5	det	_	_
24616a5f-a675-44fd-9cd8-7c9e84438d67.xml.macaon	522	4	grands	grand	adj	adj	_	5	mod	_	_
24616a5f-a675-44fd-9cd8-7c9e84438d67.xml.macaon	523	5	malheurs	malheur	nc	nc	_	2	obj	_	_
24616a5f-a675-44fd-9cd8-7c9e84438d67.xml.macaon	524	6	qui	qui	prorel	prorel	_	9	suj	_	_
24616a5f-a675-44fd-9cd8-7c9e84438d67.xml.macaon	525	7	leurs	leurs	pro	pro	_	9	suj	_	_
24616a5f-a675-44fd-9cd8-7c9e84438d67.xml.macaon	526	8	sont	être	v	v	_	9	aux_tps	_	_
24616a5f-a675-44fd-9cd8-7c9e84438d67.xml.macaon	527	9	arrivés	arriver	vppart	vppart	_	_	_	_	_	B:OTHER:G
24616a5f-a675-44fd-9cd8-7c9e84438d67.xml.macaon	528	10	,	,	ponctw	ponctw	_	9	ponct	_	_
24616a5f-a675-44fd-9cd8-7c9e84438d67.xml.macaon	529	11	les	le	det	det	_	12	det	_	_	B:Leadership:FE:Governed:G:544
24616a5f-a675-44fd-9cd8-7c9e84438d67.xml.macaon	530	12	penseurs	penseur	nc	nc	_	14	suj	_	_	I:Leadership:FE:Governed:G:544
24616a5f-a675-44fd-9cd8-7c9e84438d67.xml.macaon	531	13	juifs	juif	adj	adj	_	12	mod	_	_	I:Leadership:FE:Governed:G:544
24616a5f-a675-44fd-9cd8-7c9e84438d67.xml.macaon	532	14	approfondissent	approfondir	v	v	_	33	__JOKER__	_	_
24616a5f-a675-44fd-9cd8-7c9e84438d67.xml.macaon	533	15	la	le	det	det	_	16	det	_	_
24616a5f-a675-44fd-9cd8-7c9e84438d67.xml.macaon	534	16	religion	religion	nc	nc	_	14	obj	_	_
24616a5f-a675-44fd-9cd8-7c9e84438d67.xml.macaon	535	17	judaïque	judaïque	adj	adj	_	16	mod	_	_
24616a5f-a675-44fd-9cd8-7c9e84438d67.xml.macaon	536	18	et	et	coo	coo	_	14	coord	_	_
24616a5f-a675-44fd-9cd8-7c9e84438d67.xml.macaon	537	19	renforcent	renforcer	v	v	_	18	dep_coord	_	_
24616a5f-a675-44fd-9cd8-7c9e84438d67.xml.macaon	538	20	le	le	det	det	_	21	det	_	_
24616a5f-a675-44fd-9cd8-7c9e84438d67.xml.macaon	539	21	monothéisme	monothéisme	nc	nc	_	19	obj	_	_
24616a5f-a675-44fd-9cd8-7c9e84438d67.xml.macaon	540	22	et	et	coo	coo	_	21	coord	_	_
24616a5f-a675-44fd-9cd8-7c9e84438d67.xml.macaon	541	23	la	le	det	det	_	24	det	_	_
24616a5f-a675-44fd-9cd8-7c9e84438d67.xml.macaon	542	24	soumission	soumission	nc	nc	_	22	dep_coord	_	_
24616a5f-a675-44fd-9cd8-7c9e84438d67.xml.macaon	543	25	aux	aux	prep	prep	_	24	dep	_	_
24616a5f-a675-44fd-9cd8-7c9e84438d67.xml.macaon	544	26	commandements	commandement	nc	nc	_	25	obj	_	_	B:Leadership:TARGET:commandement:G:544
24616a5f-a675-44fd-9cd8-7c9e84438d67.xml.macaon	545	27	de	de	prep	prep	_	26	dep	_	_
24616a5f-a675-44fd-9cd8-7c9e84438d67.xml.macaon	546	28	Dieu	Dieu	np	np	_	27	obj	_	_	B:Leadership:FE:Leader:G:544
24616a5f-a675-44fd-9cd8-7c9e84438d67.xml.macaon	547	29	,	,	ponctw	ponctw	_	24	ponct	_	_
24616a5f-a675-44fd-9cd8-7c9e84438d67.xml.macaon	548	30	qui	qui	prorel	prorel	_	31	suj	_	_
24616a5f-a675-44fd-9cd8-7c9e84438d67.xml.macaon	549	31	punit	punir	v	v	_	22	dep_coord	_	_
24616a5f-a675-44fd-9cd8-7c9e84438d67.xml.macaon	550	32	durement	durement	adv	adv	_	31	mod	_	_
24616a5f-a675-44fd-9cd8-7c9e84438d67.xml.macaon	551	33	ceux	celui	pro	pro	_	9	__JOKER__	_	_
24616a5f-a675-44fd-9cd8-7c9e84438d67.xml.macaon	552	34	qui	qui	prorel	prorel	_	37	suj	_	_
24616a5f-a675-44fd-9cd8-7c9e84438d67.xml.macaon	553	35	ne	ne	advneg	advneg	_	37	mod	_	_
24616a5f-a675-44fd-9cd8-7c9e84438d67.xml.macaon	554	36	les	les	clo	clo	_	37	__JOKER__	_	_
24616a5f-a675-44fd-9cd8-7c9e84438d67.xml.macaon	555	37	respectent	respecter	v	v	_	33	mod_rel	_	_
24616a5f-a675-44fd-9cd8-7c9e84438d67.xml.macaon	556	38	pas	pas	advneg	advneg	_	37	mod	_	_
24616a5f-a675-44fd-9cd8-7c9e84438d67.xml.macaon	557	39	.	.	poncts	poncts	_	9	ponct	_	_

24616a5f-a675-44fd-9cd8-7c9e84438d67.xml.macaon	558	1	Face	face	nc	nc	_	_	_	_	_
24616a5f-a675-44fd-9cd8-7c9e84438d67.xml.macaon	559	2	aux	aux	prep	prep	_	1	dep	_	_
24616a5f-a675-44fd-9cd8-7c9e84438d67.xml.macaon	560	3	coutumes	coutume	nc	nc	_	2	obj	_	_
24616a5f-a675-44fd-9cd8-7c9e84438d67.xml.macaon	561	4	de	de	prep	prep	_	3	dep	_	_
24616a5f-a675-44fd-9cd8-7c9e84438d67.xml.macaon	562	5	la	le	det	det	_	6	det	_	_
24616a5f-a675-44fd-9cd8-7c9e84438d67.xml.macaon	563	6	Babylonie	Babylonie	np	np	_	4	obj	_	_
24616a5f-a675-44fd-9cd8-7c9e84438d67.xml.macaon	564	7	,	,	ponctw	ponctw	_	14	ponct	_	_
24616a5f-a675-44fd-9cd8-7c9e84438d67.xml.macaon	565	8	afin#de	afin#de	prep	prep	_	14	mod	_	_
24616a5f-a675-44fd-9cd8-7c9e84438d67.xml.macaon	566	9	conserver	conserver	vinf	vinf	_	8	obj	_	_
24616a5f-a675-44fd-9cd8-7c9e84438d67.xml.macaon	567	10	leur	son	det	det	_	11	det	_	_
24616a5f-a675-44fd-9cd8-7c9e84438d67.xml.macaon	568	11	originalité	originalité	nc	nc	_	9	obj	_	_
24616a5f-a675-44fd-9cd8-7c9e84438d67.xml.macaon	569	12	,	,	ponctw	ponctw	_	14	ponct	_	_
24616a5f-a675-44fd-9cd8-7c9e84438d67.xml.macaon	570	13	ils	ils	cln	cln	_	14	suj	_	_
24616a5f-a675-44fd-9cd8-7c9e84438d67.xml.macaon	571	14	précisent	préciser	v	v	_	3	mod_rel	_	_
24616a5f-a675-44fd-9cd8-7c9e84438d67.xml.macaon	572	15	leurs	son	det	det	_	16	det	_	_
24616a5f-a675-44fd-9cd8-7c9e84438d67.xml.macaon	573	16	pratiques	pratique	nc	nc	_	14	obj	_	_
24616a5f-a675-44fd-9cd8-7c9e84438d67.xml.macaon	574	17	religieuses	religieux	adj	adj	_	16	mod	_	_
24616a5f-a675-44fd-9cd8-7c9e84438d67.xml.macaon	575	18	,	,	ponctw	ponctw	_	16	ponct	_	_
24616a5f-a675-44fd-9cd8-7c9e84438d67.xml.macaon	576	19	en#particulier	en#particulier	adv	adv	_	16	mod	_	_
24616a5f-a675-44fd-9cd8-7c9e84438d67.xml.macaon	577	20	,	,	ponctw	ponctw	_	14	ponct	_	_
24616a5f-a675-44fd-9cd8-7c9e84438d67.xml.macaon	578	21	la	le	det	det	_	22	det	_	_
24616a5f-a675-44fd-9cd8-7c9e84438d67.xml.macaon	579	22	circoncision	circoncision	nc	nc	_	20	dep_coord	_	_
24616a5f-a675-44fd-9cd8-7c9e84438d67.xml.macaon	580	23	et	et	coo	coo	_	22	coord	_	_
24616a5f-a675-44fd-9cd8-7c9e84438d67.xml.macaon	581	24	leur	son	det	det	_	25	det	_	_
24616a5f-a675-44fd-9cd8-7c9e84438d67.xml.macaon	582	25	calendrier	calendrier	nc	nc	_	23	dep_coord	_	_
24616a5f-a675-44fd-9cd8-7c9e84438d67.xml.macaon	583	26	.	.	poncts	poncts	_	14	ponct	_	_

24616a5f-a675-44fd-9cd8-7c9e84438d67.xml.macaon	584	1	Le	le	det	det	_	2	det	_	_
24616a5f-a675-44fd-9cd8-7c9e84438d67.xml.macaon	585	2	retour	retour	nc	nc	_	_	_	_	_
24616a5f-a675-44fd-9cd8-7c9e84438d67.xml.macaon	586	3	de#l'	de#l'	prep	prep	_	2	dep	_	_
24616a5f-a675-44fd-9cd8-7c9e84438d67.xml.macaon	587	4	exil	exil	nc	nc	_	3	obj	_	_

24616a5f-a675-44fd-9cd8-7c9e84438d67.xml.macaon	588	1	En	en	prep	prep	_	11	mod	_	_
24616a5f-a675-44fd-9cd8-7c9e84438d67.xml.macaon	589	2	539	539	nc	nc	_	1	obj	_	_
24616a5f-a675-44fd-9cd8-7c9e84438d67.xml.macaon	590	3	,	,	ponctw	ponctw	_	2	ponct	_	_
24616a5f-a675-44fd-9cd8-7c9e84438d67.xml.macaon	591	4	Cyrus	Cyrus	np	np	_	1	obj	_	_
24616a5f-a675-44fd-9cd8-7c9e84438d67.xml.macaon	592	5	,	,	ponctw	ponctw	_	4	ponct	_	_
24616a5f-a675-44fd-9cd8-7c9e84438d67.xml.macaon	593	6	roi	roi	nc	nc	_	4	mod	_	_
24616a5f-a675-44fd-9cd8-7c9e84438d67.xml.macaon	594	7	des	des	prep	prep	_	6	dep	_	_
24616a5f-a675-44fd-9cd8-7c9e84438d67.xml.macaon	595	8	Perses	perse	nc	nc	_	7	obj	_	_
24616a5f-a675-44fd-9cd8-7c9e84438d67.xml.macaon	596	9	achéménides	achéménide	adj	adj	_	8	mod	_	_
24616a5f-a675-44fd-9cd8-7c9e84438d67.xml.macaon	597	10	,	,	ponctw	ponctw	_	11	ponct	_	_
24616a5f-a675-44fd-9cd8-7c9e84438d67.xml.macaon	598	11	détruit	détruire	v	v	_	_	_	_	_
24616a5f-a675-44fd-9cd8-7c9e84438d67.xml.macaon	599	12	l'	le	det	det	_	13	det	_	_
24616a5f-a675-44fd-9cd8-7c9e84438d67.xml.macaon	600	13	empire	empire	nc	nc	_	11	obj	_	_
24616a5f-a675-44fd-9cd8-7c9e84438d67.xml.macaon	601	14	néo	néo	nc	nc	_	13	mod	_	_
24616a5f-a675-44fd-9cd8-7c9e84438d67.xml.macaon	602	15	-	-	ponctw	ponctw	_	13	ponct	_	_
24616a5f-a675-44fd-9cd8-7c9e84438d67.xml.macaon	603	16	babylonien	babylonien	nc	nc	_	13	mod	_	_
24616a5f-a675-44fd-9cd8-7c9e84438d67.xml.macaon	604	17	.	.	poncts	poncts	_	11	ponct	_	_

24616a5f-a675-44fd-9cd8-7c9e84438d67.xml.macaon	605	1	Selon	selon	prep	prep	_	6	mod	_	_
24616a5f-a675-44fd-9cd8-7c9e84438d67.xml.macaon	606	2	son	son	det	det	_	3	det	_	_
24616a5f-a675-44fd-9cd8-7c9e84438d67.xml.macaon	607	3	habitude	habitude	nc	nc	_	1	obj	_	_
24616a5f-a675-44fd-9cd8-7c9e84438d67.xml.macaon	608	4	,	,	ponctw	ponctw	_	6	ponct	_	_
24616a5f-a675-44fd-9cd8-7c9e84438d67.xml.macaon	609	5	il	il	cln	cln	_	6	suj	_	_
24616a5f-a675-44fd-9cd8-7c9e84438d67.xml.macaon	610	6	renvoie	renvoyer	v	v	_	_	_	_	_
24616a5f-a675-44fd-9cd8-7c9e84438d67.xml.macaon	611	7	les	le	det	det	_	8	det	_	_
24616a5f-a675-44fd-9cd8-7c9e84438d67.xml.macaon	612	8	peuples	peuple	nc	nc	_	6	obj	_	_
24616a5f-a675-44fd-9cd8-7c9e84438d67.xml.macaon	613	9	captifs	captif	adj	adj	_	8	mod	_	_
24616a5f-a675-44fd-9cd8-7c9e84438d67.xml.macaon	614	10	dans	dans	prep	prep	_	6	mod	_	_
24616a5f-a675-44fd-9cd8-7c9e84438d67.xml.macaon	615	11	leurs	son	det	det	_	12	det	_	_
24616a5f-a675-44fd-9cd8-7c9e84438d67.xml.macaon	616	12	pays	pays	nc	nc	_	10	obj	_	_
24616a5f-a675-44fd-9cd8-7c9e84438d67.xml.macaon	617	13	d'origine	d'origine	adj	adj	_	12	mod	_	_
24616a5f-a675-44fd-9cd8-7c9e84438d67.xml.macaon	618	14	.	.	poncts	poncts	_	6	ponct	_	_

24616a5f-a675-44fd-9cd8-7c9e84438d67.xml.macaon	619	1	Sous	sous	prep	prep	_	13	__JOKER__	_	_
24616a5f-a675-44fd-9cd8-7c9e84438d67.xml.macaon	620	2	la	le	det	det	_	3	det	_	_
24616a5f-a675-44fd-9cd8-7c9e84438d67.xml.macaon	621	3	direction	direction	nc	nc	_	1	obj	_	_
24616a5f-a675-44fd-9cd8-7c9e84438d67.xml.macaon	622	4	de	de	prep	prep	_	3	dep	_	_
24616a5f-a675-44fd-9cd8-7c9e84438d67.xml.macaon	623	5	Zorobabel	Zorobabel	np	np	_	4	obj	_	_
24616a5f-a675-44fd-9cd8-7c9e84438d67.xml.macaon	624	6	,	,	ponctw	ponctw	_	3	ponct	_	_
24616a5f-a675-44fd-9cd8-7c9e84438d67.xml.macaon	625	7	petit-fils	petit-fils	adj	adj	_	3	mod	_	_
24616a5f-a675-44fd-9cd8-7c9e84438d67.xml.macaon	626	8	du	du	prep	prep	_	3	dep	_	_
24616a5f-a675-44fd-9cd8-7c9e84438d67.xml.macaon	627	9	roi	roi	nc	nc	_	8	obj	_	_
24616a5f-a675-44fd-9cd8-7c9e84438d67.xml.macaon	628	10	Joaquim	Joaquim	np	np	_	9	mod	_	_
24616a5f-a675-44fd-9cd8-7c9e84438d67.xml.macaon	629	11	,	,	ponctw	ponctw	_	9	ponct	_	_
24616a5f-a675-44fd-9cd8-7c9e84438d67.xml.macaon	630	12	les	le	det	det	_	13	det	_	_
24616a5f-a675-44fd-9cd8-7c9e84438d67.xml.macaon	631	13	juifs	juif	nc	nc	_	14	suj	_	_
24616a5f-a675-44fd-9cd8-7c9e84438d67.xml.macaon	632	14	retournent	retourner	v	v	_	_	_	_	_
24616a5f-a675-44fd-9cd8-7c9e84438d67.xml.macaon	633	15	donc	donc	adv	adv	_	14	mod	_	_
24616a5f-a675-44fd-9cd8-7c9e84438d67.xml.macaon	634	16	dans	dans	prep	prep	_	14	mod	_	_
24616a5f-a675-44fd-9cd8-7c9e84438d67.xml.macaon	635	17	la	le	det	det	_	18	det	_	_
24616a5f-a675-44fd-9cd8-7c9e84438d67.xml.macaon	636	18	région	région	nc	nc	_	16	obj	_	_
24616a5f-a675-44fd-9cd8-7c9e84438d67.xml.macaon	637	19	de	de	prep	prep	_	18	dep	_	_
24616a5f-a675-44fd-9cd8-7c9e84438d67.xml.macaon	638	20	Jérusalem	Jérusalem	np	np	_	19	obj	_	_
24616a5f-a675-44fd-9cd8-7c9e84438d67.xml.macaon	639	21	,	,	ponctw	ponctw	_	18	ponct	_	_
24616a5f-a675-44fd-9cd8-7c9e84438d67.xml.macaon	640	22	passée	passer	vppart	vppart	_	18	mod	_	_
24616a5f-a675-44fd-9cd8-7c9e84438d67.xml.macaon	641	23	elle	lui	pro	pro	_	22	__JOKER__	_	_
24616a5f-a675-44fd-9cd8-7c9e84438d67.xml.macaon	642	24	aussi	aussi	adv	adv	_	22	mod	_	_
24616a5f-a675-44fd-9cd8-7c9e84438d67.xml.macaon	643	25	sous	sous	prep	prep	_	22	mod	_	_
24616a5f-a675-44fd-9cd8-7c9e84438d67.xml.macaon	644	26	la	le	det	det	_	27	det	_	_
24616a5f-a675-44fd-9cd8-7c9e84438d67.xml.macaon	645	27	domination	domination	nc	nc	_	25	obj	_	_
24616a5f-a675-44fd-9cd8-7c9e84438d67.xml.macaon	646	28	de#l'	de#l'	prep	prep	_	22	mod	_	_
24616a5f-a675-44fd-9cd8-7c9e84438d67.xml.macaon	647	29	empire	empire	nc	nc	_	28	obj	_	_
24616a5f-a675-44fd-9cd8-7c9e84438d67.xml.macaon	648	30	perse	pers	adj	adj	_	29	mod	_	_
24616a5f-a675-44fd-9cd8-7c9e84438d67.xml.macaon	649	31	.	.	poncts	poncts	_	14	ponct	_	_

24616a5f-a675-44fd-9cd8-7c9e84438d67.xml.macaon	650	1	Cependant	cependant	adv	adv	_	5	mod	_	_
24616a5f-a675-44fd-9cd8-7c9e84438d67.xml.macaon	651	2	,	,	ponctw	ponctw	_	5	ponct	_	_
24616a5f-a675-44fd-9cd8-7c9e84438d67.xml.macaon	652	3	une	un	det	det	_	4	det	_	_
24616a5f-a675-44fd-9cd8-7c9e84438d67.xml.macaon	653	4	partie	partie	nc	nc	_	5	suj	_	_
24616a5f-a675-44fd-9cd8-7c9e84438d67.xml.macaon	654	5	reste	rester	v	v	_	_	_	_	_
24616a5f-a675-44fd-9cd8-7c9e84438d67.xml.macaon	655	6	en	en	prep	prep	_	5	mod	_	_
24616a5f-a675-44fd-9cd8-7c9e84438d67.xml.macaon	656	7	Babylonie	Babylonie	np	np	_	6	obj	_	_
24616a5f-a675-44fd-9cd8-7c9e84438d67.xml.macaon	657	8	.	.	poncts	poncts	_	5	ponct	_	_

24616a5f-a675-44fd-9cd8-7c9e84438d67.xml.macaon	658	1	On	on	cln	cln	_	2	suj	_	_
24616a5f-a675-44fd-9cd8-7c9e84438d67.xml.macaon	659	2	estime	estimer	v	v	_	_	_	_	_
24616a5f-a675-44fd-9cd8-7c9e84438d67.xml.macaon	660	3	qu'	qu'	csu	csu	_	2	obj	_	_
24616a5f-a675-44fd-9cd8-7c9e84438d67.xml.macaon	661	4	il	il	cln	cln	_	7	suj	_	_
24616a5f-a675-44fd-9cd8-7c9e84438d67.xml.macaon	662	5	y	y	clo	clo	_	7	a_obj	_	_
24616a5f-a675-44fd-9cd8-7c9e84438d67.xml.macaon	663	6	aurait	avoir	v	v	_	7	aux_tps	_	_
24616a5f-a675-44fd-9cd8-7c9e84438d67.xml.macaon	664	7	eu	avoir	vppart	vppart	_	3	obj	_	_
24616a5f-a675-44fd-9cd8-7c9e84438d67.xml.macaon	665	8	environ	environ	adv	adv	_	9	mod	_	_
24616a5f-a675-44fd-9cd8-7c9e84438d67.xml.macaon	666	9	42#000	42#000	adj	adj	_	10	mod	_	_
24616a5f-a675-44fd-9cd8-7c9e84438d67.xml.macaon	667	10	retours	retour	nc	nc	_	7	obj	_	_
24616a5f-a675-44fd-9cd8-7c9e84438d67.xml.macaon	668	11	.	.	poncts	poncts	_	2	ponct	_	_

24616a5f-a675-44fd-9cd8-7c9e84438d67.xml.macaon	669	1	À	À	prep	prep	_	7	mod	_	_
24616a5f-a675-44fd-9cd8-7c9e84438d67.xml.macaon	670	2	leur	son	det	det	_	3	det	_	_
24616a5f-a675-44fd-9cd8-7c9e84438d67.xml.macaon	671	3	retour	retour	nc	nc	_	1	obj	_	_
24616a5f-a675-44fd-9cd8-7c9e84438d67.xml.macaon	672	4	,	,	ponctw	ponctw	_	7	ponct	_	_
24616a5f-a675-44fd-9cd8-7c9e84438d67.xml.macaon	673	5	les	le	det	det	_	6	det	_	_	B:Locating:FE:Perceiver:G:675
24616a5f-a675-44fd-9cd8-7c9e84438d67.xml.macaon	674	6	exilés	exilé	nc	nc	_	7	suj	_	_	I:Locating:FE:Perceiver:G:675
24616a5f-a675-44fd-9cd8-7c9e84438d67.xml.macaon	675	7	retrouvent	retrouver	v	v	_	_	_	_	_	B:Locating:TARGET:retrouver:G:675
24616a5f-a675-44fd-9cd8-7c9e84438d67.xml.macaon	676	8	les	le	det	det	_	9	det	_	_	B:Locating:FE:Sought_entity:G:675	B:Awareness:FE:Cognizer:G:687
24616a5f-a675-44fd-9cd8-7c9e84438d67.xml.macaon	677	9	populations	population	nc	nc	_	7	obj	_	_	I:Locating:FE:Sought_entity:G:675	I:Awareness:FE:Cognizer:G:687
24616a5f-a675-44fd-9cd8-7c9e84438d67.xml.macaon	678	10	qui	qui	prorel	prorel	_	15	suj	_	_
24616a5f-a675-44fd-9cd8-7c9e84438d67.xml.macaon	679	11	n'	n'	advneg	advneg	_	15	mod	_	_
24616a5f-a675-44fd-9cd8-7c9e84438d67.xml.macaon	680	12	avaient	avoir	v	v	_	15	aux_tps	_	_
24616a5f-a675-44fd-9cd8-7c9e84438d67.xml.macaon	681	13	pas	pas	advneg	advneg	_	14	mod	_	_
24616a5f-a675-44fd-9cd8-7c9e84438d67.xml.macaon	682	14	été	être	vppart	vppart	_	15	aux_pass	_	_
24616a5f-a675-44fd-9cd8-7c9e84438d67.xml.macaon	683	15	déportées	déporter	vppart	vppart	_	9	mod	_	_
24616a5f-a675-44fd-9cd8-7c9e84438d67.xml.macaon	684	16	et	et	coo	coo	_	15	__JOKER__	_	_
24616a5f-a675-44fd-9cd8-7c9e84438d67.xml.macaon	685	17	qui	qui	prorel	prorel	_	19	suj	_	_
24616a5f-a675-44fd-9cd8-7c9e84438d67.xml.macaon	686	18	avaient	avoir	v	v	_	19	aux_tps	_	_
24616a5f-a675-44fd-9cd8-7c9e84438d67.xml.macaon	687	19	connu	connaître	vppart	vppart	_	16	dep_coord	_	_	B:Awareness:TARGET:connaître:G:687
24616a5f-a675-44fd-9cd8-7c9e84438d67.xml.macaon	688	20	une	un	det	det	_	21	det	_	_	B:Awareness:FE:Content:G:687
24616a5f-a675-44fd-9cd8-7c9e84438d67.xml.macaon	689	21	évolution	évolution	nc	nc	_	19	obj	_	_	I:Awareness:FE:Content:G:687
24616a5f-a675-44fd-9cd8-7c9e84438d67.xml.macaon	690	22	différente	différent	adj	adj	_	21	mod	_	_	I:Awareness:FE:Content:G:687
24616a5f-a675-44fd-9cd8-7c9e84438d67.xml.macaon	691	23	,	,	ponctw	ponctw	_	15	ponct	_	_
24616a5f-a675-44fd-9cd8-7c9e84438d67.xml.macaon	692	24	en#particulier	en#particulier	vinf	vinf	_	15	__JOKER__	_	_
24616a5f-a675-44fd-9cd8-7c9e84438d67.xml.macaon	693	25	sur	sur	prep	prep	_	24	mod	_	_
24616a5f-a675-44fd-9cd8-7c9e84438d67.xml.macaon	694	26	les	le	det	det	_	27	det	_	_
24616a5f-a675-44fd-9cd8-7c9e84438d67.xml.macaon	695	27	idées	idée	nc	nc	_	25	obj	_	_
24616a5f-a675-44fd-9cd8-7c9e84438d67.xml.macaon	696	28	et	et	coo	coo	_	27	coord	_	_
24616a5f-a675-44fd-9cd8-7c9e84438d67.xml.macaon	697	29	les	le	det	det	_	30	det	_	_
24616a5f-a675-44fd-9cd8-7c9e84438d67.xml.macaon	698	30	pratiques	pratique	nc	nc	_	24	obj	_	_
24616a5f-a675-44fd-9cd8-7c9e84438d67.xml.macaon	699	31	religieuses	religieux	adj	adj	_	30	mod	_	_
24616a5f-a675-44fd-9cd8-7c9e84438d67.xml.macaon	700	32	.	.	poncts	poncts	_	7	ponct	_	_

24616a5f-a675-44fd-9cd8-7c9e84438d67.xml.macaon	701	1	Les	les	det	det	_	2	det	_	_
24616a5f-a675-44fd-9cd8-7c9e84438d67.xml.macaon	702	2	exilés	exilé	nc	nc	_	3	suj	_	_
24616a5f-a675-44fd-9cd8-7c9e84438d67.xml.macaon	703	3	accusent	accuser	v	v	_	_	_	_	_
24616a5f-a675-44fd-9cd8-7c9e84438d67.xml.macaon	704	4	ces	ce	det	det	_	5	det	_	_
24616a5f-a675-44fd-9cd8-7c9e84438d67.xml.macaon	705	5	indigènes	indigène	nc	nc	_	3	obj	_	_
24616a5f-a675-44fd-9cd8-7c9e84438d67.xml.macaon	706	6	de	de	prep	prep	_	5	dep	_	_
24616a5f-a675-44fd-9cd8-7c9e84438d67.xml.macaon	707	7	ne	ne	advneg	advneg	_	9	mod	_	_
24616a5f-a675-44fd-9cd8-7c9e84438d67.xml.macaon	708	8	pas	pas	advneg	advneg	_	9	mod	_	_
24616a5f-a675-44fd-9cd8-7c9e84438d67.xml.macaon	709	9	pratiquer	pratiquer	vinf	vinf	_	6	obj	_	_
24616a5f-a675-44fd-9cd8-7c9e84438d67.xml.macaon	710	10	la	le	det	det	_	12	det	_	_
24616a5f-a675-44fd-9cd8-7c9e84438d67.xml.macaon	711	11	vraie	vrai	adj	adj	_	12	mod	_	_
24616a5f-a675-44fd-9cd8-7c9e84438d67.xml.macaon	712	12	religion	religion	nc	nc	_	6	obj	_	_
24616a5f-a675-44fd-9cd8-7c9e84438d67.xml.macaon	713	13	et	et	coo	coo	_	6	coord	_	_
24616a5f-a675-44fd-9cd8-7c9e84438d67.xml.macaon	714	14	de	de	prep	prep	_	13	dep_coord	_	_
24616a5f-a675-44fd-9cd8-7c9e84438d67.xml.macaon	715	15	s'	s'	clo	clo	_	16	__JOKER__	_	_
24616a5f-a675-44fd-9cd8-7c9e84438d67.xml.macaon	716	16	être	être	vinf	vinf	_	14	obj	_	_
24616a5f-a675-44fd-9cd8-7c9e84438d67.xml.macaon	717	17	laissés	laisser	vppart	vppart	_	14	obj	_	_
24616a5f-a675-44fd-9cd8-7c9e84438d67.xml.macaon	718	18	contaminer	contaminer	vinf	vinf	_	17	obj	_	_
24616a5f-a675-44fd-9cd8-7c9e84438d67.xml.macaon	719	19	par	par	prep	prep	_	18	p_obj	_	_
24616a5f-a675-44fd-9cd8-7c9e84438d67.xml.macaon	720	20	les	le	det	det	_	21	det	_	_
24616a5f-a675-44fd-9cd8-7c9e84438d67.xml.macaon	721	21	Assyriens	assyrien	nc	nc	_	19	obj	_	_
24616a5f-a675-44fd-9cd8-7c9e84438d67.xml.macaon	722	22	et	et	coo	coo	_	21	coord	_	_
24616a5f-a675-44fd-9cd8-7c9e84438d67.xml.macaon	723	23	les	le	det	det	_	24	det	_	_
24616a5f-a675-44fd-9cd8-7c9e84438d67.xml.macaon	724	24	Babyloniens	babylonien	nc	nc	_	18	obj	_	_
24616a5f-a675-44fd-9cd8-7c9e84438d67.xml.macaon	725	25	.	.	poncts	poncts	_	3	ponct	_	_

24616a5f-a675-44fd-9cd8-7c9e84438d67.xml.macaon	726	1	Un	un	det	det	_	2	det	_	_
24616a5f-a675-44fd-9cd8-7c9e84438d67.xml.macaon	727	2	fossé	fossé	nc	nc	_	4	suj	_	_
24616a5f-a675-44fd-9cd8-7c9e84438d67.xml.macaon	728	3	se	se	clr	clr	_	4	aff	_	_
24616a5f-a675-44fd-9cd8-7c9e84438d67.xml.macaon	729	4	creuse	creuser	v	v	_	_	_	_	_
24616a5f-a675-44fd-9cd8-7c9e84438d67.xml.macaon	730	5	alors	alors	adv	adv	_	4	mod	_	_
24616a5f-a675-44fd-9cd8-7c9e84438d67.xml.macaon	731	6	entre	entre	prep	prep	_	4	mod	_	_
24616a5f-a675-44fd-9cd8-7c9e84438d67.xml.macaon	732	7	les	le	det	det	_	8	det	_	_
24616a5f-a675-44fd-9cd8-7c9e84438d67.xml.macaon	733	8	juifs	juif	nc	nc	_	6	obj	_	_
24616a5f-a675-44fd-9cd8-7c9e84438d67.xml.macaon	734	9	qui	qui	prorel	prorel	_	11	suj	_	_
24616a5f-a675-44fd-9cd8-7c9e84438d67.xml.macaon	735	10	se	se	clr	clr	_	11	aff	_	_
24616a5f-a675-44fd-9cd8-7c9e84438d67.xml.macaon	736	11	considèrent	considérer	v	v	_	8	mod_rel	_	_
24616a5f-a675-44fd-9cd8-7c9e84438d67.xml.macaon	737	12	comme	comme	prep	prep	_	11	mod	_	_
24616a5f-a675-44fd-9cd8-7c9e84438d67.xml.macaon	738	13	orthodoxes	orthodoxe	nc	nc	_	12	obj	_	_
24616a5f-a675-44fd-9cd8-7c9e84438d67.xml.macaon	739	14	(	(	ponctw	ponctw	_	11	ponct	_	_
24616a5f-a675-44fd-9cd8-7c9e84438d67.xml.macaon	740	15	les	le	det	det	_	16	det	_	_
24616a5f-a675-44fd-9cd8-7c9e84438d67.xml.macaon	741	16	descendants	descendant	nc	nc	_	11	obj	_	_
24616a5f-a675-44fd-9cd8-7c9e84438d67.xml.macaon	742	17	des	des	prep	prep	_	16	dep	_	_
24616a5f-a675-44fd-9cd8-7c9e84438d67.xml.macaon	743	18	exilés	exilé	nc	nc	_	17	obj	_	_
24616a5f-a675-44fd-9cd8-7c9e84438d67.xml.macaon	744	19	)	)	ponctw	ponctw	_	16	ponct	_	_
24616a5f-a675-44fd-9cd8-7c9e84438d67.xml.macaon	745	20	et	et	coo	coo	_	16	coord	_	_
24616a5f-a675-44fd-9cd8-7c9e84438d67.xml.macaon	746	21	les	le	det	det	_	22	det	_	_
24616a5f-a675-44fd-9cd8-7c9e84438d67.xml.macaon	747	22	Samaritains	samaritain	nc	nc	_	20	dep_coord	_	_
24616a5f-a675-44fd-9cd8-7c9e84438d67.xml.macaon	748	23	,	,	ponctw	ponctw	_	22	ponct	_	_
24616a5f-a675-44fd-9cd8-7c9e84438d67.xml.macaon	749	24	descendants	descendant	nc	nc	_	22	mod	_	_
24616a5f-a675-44fd-9cd8-7c9e84438d67.xml.macaon	750	25	des	des	prep	prep	_	24	dep	_	_
24616a5f-a675-44fd-9cd8-7c9e84438d67.xml.macaon	751	26	populations	population	nc	nc	_	25	obj	_	_
24616a5f-a675-44fd-9cd8-7c9e84438d67.xml.macaon	752	27	restées	rester	vppart	vppart	_	26	mod	_	_
24616a5f-a675-44fd-9cd8-7c9e84438d67.xml.macaon	753	28	sur	sur	prep	prep	_	27	mod	_	_
24616a5f-a675-44fd-9cd8-7c9e84438d67.xml.macaon	754	29	place	place	nc	nc	_	28	obj	_	_
24616a5f-a675-44fd-9cd8-7c9e84438d67.xml.macaon	755	30	.	.	poncts	poncts	_	4	ponct	_	_

24616a5f-a675-44fd-9cd8-7c9e84438d67.xml.macaon	756	1	Vikiliens	vikiliens	nc	nc	_	_	_	_	_
24616a5f-a675-44fd-9cd8-7c9e84438d67.xml.macaon	757	2	pour	pour	prep	prep	_	1	dep	_	_
24616a5f-a675-44fd-9cd8-7c9e84438d67.xml.macaon	758	3	compléter	compléter	vinf	vinf	_	2	obj	_	_

24616a5f-a675-44fd-9cd8-7c9e84438d67.xml.macaon	759	1	Nabucco	Nabucco	np	np	_	6	suj	_	_
24616a5f-a675-44fd-9cd8-7c9e84438d67.xml.macaon	760	2	,	,	ponctw	ponctw	_	1	ponct	_	_
24616a5f-a675-44fd-9cd8-7c9e84438d67.xml.macaon	761	3	(	(	ponctw	ponctw	_	1	ponct	_	_
24616a5f-a675-44fd-9cd8-7c9e84438d67.xml.macaon	762	4	1842	1842	nc	nc	_	1	mod	_	_
24616a5f-a675-44fd-9cd8-7c9e84438d67.xml.macaon	763	5	)	)	ponctw	ponctw	_	6	ponct	_	_
24616a5f-a675-44fd-9cd8-7c9e84438d67.xml.macaon	764	6	opéra	opérer	v	v	_	_	_	_	_
24616a5f-a675-44fd-9cd8-7c9e84438d67.xml.macaon	765	7	de	de	prep	prep	_	6	de_obj	_	_
24616a5f-a675-44fd-9cd8-7c9e84438d67.xml.macaon	766	8	Giuseppe	Giuseppe	np	np	_	7	obj	_	_
24616a5f-a675-44fd-9cd8-7c9e84438d67.xml.macaon	767	9	Verdi	Verdi	np	np	_	7	obj	_	_
24616a5f-a675-44fd-9cd8-7c9e84438d67.xml.macaon	768	10	qui	qui	prorel	prorel	_	11	suj	_	_
24616a5f-a675-44fd-9cd8-7c9e84438d67.xml.macaon	769	11	a	avoir	v	v	_	6	mod	_	_
24616a5f-a675-44fd-9cd8-7c9e84438d67.xml.macaon	770	12	pour	pour	prep	prep	_	11	mod	_	_
24616a5f-a675-44fd-9cd8-7c9e84438d67.xml.macaon	771	13	sujet	sujet	nc	nc	_	12	obj	_	_
24616a5f-a675-44fd-9cd8-7c9e84438d67.xml.macaon	772	14	la	le	det	det	_	15	det	_	_
24616a5f-a675-44fd-9cd8-7c9e84438d67.xml.macaon	773	15	captivité	captivité	nc	nc	_	13	mod	_	_
24616a5f-a675-44fd-9cd8-7c9e84438d67.xml.macaon	774	16	à	à	prep	prep	_	15	dep	_	_
24616a5f-a675-44fd-9cd8-7c9e84438d67.xml.macaon	775	17	Babylone	Babylone	np	np	_	16	obj	_	_
24616a5f-a675-44fd-9cd8-7c9e84438d67.xml.macaon	776	18	.	.	poncts	poncts	_	6	ponct	_	_
