2e4e385e-3fcc-49c6-9b73-79eff9ba2554.xml.macaon	0	1	vikidia	vikidia	nc	nc	_	_	_	_	_

2e4e385e-3fcc-49c6-9b73-79eff9ba2554.xml.macaon	1	1	2e4e385e	2e4e385e	adj	adj	_	3	mod	_	_
2e4e385e-3fcc-49c6-9b73-79eff9ba2554.xml.macaon	2	2	-	-	ponctw	ponctw	_	1	ponct	_	_
2e4e385e-3fcc-49c6-9b73-79eff9ba2554.xml.macaon	3	3	3fcc	3fcc	nc	nc	_	_	_	_	_
2e4e385e-3fcc-49c6-9b73-79eff9ba2554.xml.macaon	4	4	-	-	ponctw	ponctw	_	3	ponct	_	_
2e4e385e-3fcc-49c6-9b73-79eff9ba2554.xml.macaon	5	5	49c6	49c6	nc	nc	_	3	mod	_	_
2e4e385e-3fcc-49c6-9b73-79eff9ba2554.xml.macaon	6	6	-	-	ponctw	ponctw	_	5	ponct	_	_
2e4e385e-3fcc-49c6-9b73-79eff9ba2554.xml.macaon	7	7	9b73	9b73	nc	nc	_	5	mod	_	_
2e4e385e-3fcc-49c6-9b73-79eff9ba2554.xml.macaon	8	8	-	-	ponctw	ponctw	_	7	ponct	_	_
2e4e385e-3fcc-49c6-9b73-79eff9ba2554.xml.macaon	9	9	79eff9ba2554	79eff9ba2554	nc	nc	_	7	mod	_	_

2e4e385e-3fcc-49c6-9b73-79eff9ba2554.xml.macaon	10	1	ADDED	ADDED	nc	nc	_	_	_	_	_

2e4e385e-3fcc-49c6-9b73-79eff9ba2554.xml.macaon	11	1	2016	2016	adj	adj	_	3	mod	_	_
2e4e385e-3fcc-49c6-9b73-79eff9ba2554.xml.macaon	12	2	-	-	ponctw	ponctw	_	1	ponct	_	_
2e4e385e-3fcc-49c6-9b73-79eff9ba2554.xml.macaon	13	3	06	06	nc	nc	_	_	_	_	_
2e4e385e-3fcc-49c6-9b73-79eff9ba2554.xml.macaon	14	4	-	-	ponctw	ponctw	_	3	ponct	_	_
2e4e385e-3fcc-49c6-9b73-79eff9ba2554.xml.macaon	15	5	15T14	15T14	nc	nc	_	3	mod	_	_
2e4e385e-3fcc-49c6-9b73-79eff9ba2554.xml.macaon	16	6	:	:	ponctw	ponctw	_	5	ponct	_	_
2e4e385e-3fcc-49c6-9b73-79eff9ba2554.xml.macaon	17	7	52	52	det	det	_	9	det	_	_
2e4e385e-3fcc-49c6-9b73-79eff9ba2554.xml.macaon	18	8	:	:	ponctw	ponctw	_	9	ponct	_	_
2e4e385e-3fcc-49c6-9b73-79eff9ba2554.xml.macaon	19	9	31Z	31Z	nc	nc	_	5	mod	_	_

2e4e385e-3fcc-49c6-9b73-79eff9ba2554.xml.macaon	20	1	Arc	arc	nc	nc	_	_	_	_	_
2e4e385e-3fcc-49c6-9b73-79eff9ba2554.xml.macaon	21	2	de	de	prep	prep	_	1	dep	_	_
2e4e385e-3fcc-49c6-9b73-79eff9ba2554.xml.macaon	22	3	Constantin	Constantin	np	np	_	2	obj	_	_

2e4e385e-3fcc-49c6-9b73-79eff9ba2554.xml.macaon	23	1	L'	L'	det	det	_	2	det	_	_
2e4e385e-3fcc-49c6-9b73-79eff9ba2554.xml.macaon	24	2	arc	arc	nc	nc	_	5	suj	_	_
2e4e385e-3fcc-49c6-9b73-79eff9ba2554.xml.macaon	25	3	de	de	prep	prep	_	2	dep	_	_
2e4e385e-3fcc-49c6-9b73-79eff9ba2554.xml.macaon	26	4	Constantin	Constantin	np	np	_	3	obj	_	_
2e4e385e-3fcc-49c6-9b73-79eff9ba2554.xml.macaon	27	5	est	être	v	v	_	_	_	_	_
2e4e385e-3fcc-49c6-9b73-79eff9ba2554.xml.macaon	28	6	un	un	det	det	_	7	det	_	_
2e4e385e-3fcc-49c6-9b73-79eff9ba2554.xml.macaon	29	7	arc	arc	nc	nc	_	5	obj	_	_
2e4e385e-3fcc-49c6-9b73-79eff9ba2554.xml.macaon	30	8	de	de	prep	prep	_	7	dep	_	_
2e4e385e-3fcc-49c6-9b73-79eff9ba2554.xml.macaon	31	9	triomphe	triomphe	nc	nc	_	8	obj	_	_
2e4e385e-3fcc-49c6-9b73-79eff9ba2554.xml.macaon	32	10	romain	romain	adj	adj	_	9	mod	_	_
2e4e385e-3fcc-49c6-9b73-79eff9ba2554.xml.macaon	33	11	,	,	ponctw	ponctw	_	7	ponct	_	_
2e4e385e-3fcc-49c6-9b73-79eff9ba2554.xml.macaon	34	12	situé	situer	vppart	vppart	_	7	mod	_	_
2e4e385e-3fcc-49c6-9b73-79eff9ba2554.xml.macaon	35	13	entre	entre	prep	prep	_	12	mod	_	_
2e4e385e-3fcc-49c6-9b73-79eff9ba2554.xml.macaon	36	14	le	le	det	det	_	15	det	_	_
2e4e385e-3fcc-49c6-9b73-79eff9ba2554.xml.macaon	37	15	Colisée	Colisée	np	np	_	13	obj	_	_
2e4e385e-3fcc-49c6-9b73-79eff9ba2554.xml.macaon	38	16	et	et	coo	coo	_	15	coord	_	_
2e4e385e-3fcc-49c6-9b73-79eff9ba2554.xml.macaon	39	17	le	le	det	det	_	18	det	_	_
2e4e385e-3fcc-49c6-9b73-79eff9ba2554.xml.macaon	40	18	Palatin	palatin	nc	nc	_	16	dep_coord	_	_
2e4e385e-3fcc-49c6-9b73-79eff9ba2554.xml.macaon	41	19	.	.	poncts	poncts	_	5	ponct	_	_

2e4e385e-3fcc-49c6-9b73-79eff9ba2554.xml.macaon	42	1	Ce	ce	det	det	_	2	det	_	_
2e4e385e-3fcc-49c6-9b73-79eff9ba2554.xml.macaon	43	2	monument	monument	nc	nc	_	4	suj	_	_
2e4e385e-3fcc-49c6-9b73-79eff9ba2554.xml.macaon	44	3	se	se	clr	clr	_	4	aff	_	_
2e4e385e-3fcc-49c6-9b73-79eff9ba2554.xml.macaon	45	4	caractérise	caractériser	v	v	_	_	_	_	_
2e4e385e-3fcc-49c6-9b73-79eff9ba2554.xml.macaon	46	5	par	par	prep	prep	_	4	p_obj	_	_
2e4e385e-3fcc-49c6-9b73-79eff9ba2554.xml.macaon	47	6	le	le	det	det	_	7	det	_	_
2e4e385e-3fcc-49c6-9b73-79eff9ba2554.xml.macaon	48	7	remploi	remploi	nc	nc	_	5	obj	_	_
2e4e385e-3fcc-49c6-9b73-79eff9ba2554.xml.macaon	49	8	de	de	prep	prep	_	7	dep	_	_
2e4e385e-3fcc-49c6-9b73-79eff9ba2554.xml.macaon	50	9	monuments	monument	nc	nc	_	8	obj	_	_
2e4e385e-3fcc-49c6-9b73-79eff9ba2554.xml.macaon	51	10	antérieurs	antérieur	adj	adj	_	9	mod	_	_
2e4e385e-3fcc-49c6-9b73-79eff9ba2554.xml.macaon	52	11	(	(	ponctw	ponctw	_	9	ponct	_	_
2e4e385e-3fcc-49c6-9b73-79eff9ba2554.xml.macaon	53	12	colonne	colonne	nc	nc	_	8	obj	_	_
2e4e385e-3fcc-49c6-9b73-79eff9ba2554.xml.macaon	54	13	Trajane	Trajane	np	np	_	12	mod	_	_
2e4e385e-3fcc-49c6-9b73-79eff9ba2554.xml.macaon	55	14	,	,	ponctw	ponctw	_	12	ponct	_	_
2e4e385e-3fcc-49c6-9b73-79eff9ba2554.xml.macaon	56	15	etc.	etc.	np	np	_	12	mod	_	_
2e4e385e-3fcc-49c6-9b73-79eff9ba2554.xml.macaon	57	16	)	)	ponctw	ponctw	_	7	ponct	_	_
2e4e385e-3fcc-49c6-9b73-79eff9ba2554.xml.macaon	58	17	.	.	poncts	poncts	_	4	ponct	_	_

2e4e385e-3fcc-49c6-9b73-79eff9ba2554.xml.macaon	59	1	Antiquité	antiquité	nc	nc	_	_	_	_	_

2e4e385e-3fcc-49c6-9b73-79eff9ba2554.xml.macaon	60	1	Arc	arc	nc	nc	_	_	_	_	_
2e4e385e-3fcc-49c6-9b73-79eff9ba2554.xml.macaon	61	2	de	de	prep	prep	_	1	dep	_	_
2e4e385e-3fcc-49c6-9b73-79eff9ba2554.xml.macaon	62	3	Constantin	Constantin	np	np	_	2	obj	_	_

2e4e385e-3fcc-49c6-9b73-79eff9ba2554.xml.macaon	63	1	L'	L'	det	det	_	2	det	_	_
2e4e385e-3fcc-49c6-9b73-79eff9ba2554.xml.macaon	64	2	arc	arc	nc	nc	_	5	suj	_	_
2e4e385e-3fcc-49c6-9b73-79eff9ba2554.xml.macaon	65	3	de	de	prep	prep	_	2	dep	_	_
2e4e385e-3fcc-49c6-9b73-79eff9ba2554.xml.macaon	66	4	Constantin	Constantin	np	np	_	3	obj	_	_
2e4e385e-3fcc-49c6-9b73-79eff9ba2554.xml.macaon	67	5	est	être	v	v	_	_	_	_	_
2e4e385e-3fcc-49c6-9b73-79eff9ba2554.xml.macaon	68	6	un	un	det	det	_	7	det	_	_
2e4e385e-3fcc-49c6-9b73-79eff9ba2554.xml.macaon	69	7	arc	arc	nc	nc	_	5	obj	_	_
2e4e385e-3fcc-49c6-9b73-79eff9ba2554.xml.macaon	70	8	de	de	prep	prep	_	7	dep	_	_
2e4e385e-3fcc-49c6-9b73-79eff9ba2554.xml.macaon	71	9	triomphe	triomphe	nc	nc	_	8	obj	_	_
2e4e385e-3fcc-49c6-9b73-79eff9ba2554.xml.macaon	72	10	romain	romain	adj	adj	_	9	mod	_	_
2e4e385e-3fcc-49c6-9b73-79eff9ba2554.xml.macaon	73	11	,	,	ponctw	ponctw	_	7	ponct	_	_
2e4e385e-3fcc-49c6-9b73-79eff9ba2554.xml.macaon	74	12	situé	situer	vppart	vppart	_	7	mod	_	_
2e4e385e-3fcc-49c6-9b73-79eff9ba2554.xml.macaon	75	13	entre	entre	prep	prep	_	12	mod	_	_
2e4e385e-3fcc-49c6-9b73-79eff9ba2554.xml.macaon	76	14	le	le	det	det	_	15	det	_	_
2e4e385e-3fcc-49c6-9b73-79eff9ba2554.xml.macaon	77	15	Colisée	Colisée	np	np	_	13	obj	_	_
2e4e385e-3fcc-49c6-9b73-79eff9ba2554.xml.macaon	78	16	et	et	coo	coo	_	15	coord	_	_
2e4e385e-3fcc-49c6-9b73-79eff9ba2554.xml.macaon	79	17	le	le	det	det	_	18	det	_	_
2e4e385e-3fcc-49c6-9b73-79eff9ba2554.xml.macaon	80	18	Palatin	palatin	nc	nc	_	16	dep_coord	_	_
2e4e385e-3fcc-49c6-9b73-79eff9ba2554.xml.macaon	81	19	.	.	poncts	poncts	_	5	ponct	_	_

2e4e385e-3fcc-49c6-9b73-79eff9ba2554.xml.macaon	82	1	Ce	ce	det	det	_	2	det	_	_
2e4e385e-3fcc-49c6-9b73-79eff9ba2554.xml.macaon	83	2	monument	monument	nc	nc	_	4	suj	_	_
2e4e385e-3fcc-49c6-9b73-79eff9ba2554.xml.macaon	84	3	se	se	clr	clr	_	4	aff	_	_
2e4e385e-3fcc-49c6-9b73-79eff9ba2554.xml.macaon	85	4	caractérise	caractériser	v	v	_	_	_	_	_
2e4e385e-3fcc-49c6-9b73-79eff9ba2554.xml.macaon	86	5	par	par	prep	prep	_	4	p_obj	_	_
2e4e385e-3fcc-49c6-9b73-79eff9ba2554.xml.macaon	87	6	le	le	det	det	_	7	det	_	_
2e4e385e-3fcc-49c6-9b73-79eff9ba2554.xml.macaon	88	7	remploi	remploi	nc	nc	_	5	obj	_	_
2e4e385e-3fcc-49c6-9b73-79eff9ba2554.xml.macaon	89	8	de	de	prep	prep	_	7	dep	_	_
2e4e385e-3fcc-49c6-9b73-79eff9ba2554.xml.macaon	90	9	monuments	monument	nc	nc	_	8	obj	_	_
2e4e385e-3fcc-49c6-9b73-79eff9ba2554.xml.macaon	91	10	antérieurs	antérieur	adj	adj	_	9	mod	_	_
2e4e385e-3fcc-49c6-9b73-79eff9ba2554.xml.macaon	92	11	(	(	ponctw	ponctw	_	9	ponct	_	_
2e4e385e-3fcc-49c6-9b73-79eff9ba2554.xml.macaon	93	12	colonne	colonne	nc	nc	_	8	obj	_	_
2e4e385e-3fcc-49c6-9b73-79eff9ba2554.xml.macaon	94	13	Trajane	Trajane	np	np	_	12	mod	_	_
2e4e385e-3fcc-49c6-9b73-79eff9ba2554.xml.macaon	95	14	,	,	ponctw	ponctw	_	12	ponct	_	_
2e4e385e-3fcc-49c6-9b73-79eff9ba2554.xml.macaon	96	15	etc.	etc.	np	np	_	12	mod	_	_
2e4e385e-3fcc-49c6-9b73-79eff9ba2554.xml.macaon	97	16	)	)	ponctw	ponctw	_	7	ponct	_	_
2e4e385e-3fcc-49c6-9b73-79eff9ba2554.xml.macaon	98	17	.	.	poncts	poncts	_	4	ponct	_	_

2e4e385e-3fcc-49c6-9b73-79eff9ba2554.xml.macaon	99	1	L'	L'	det	det	_	2	det	_	_	B:Dimension:FE:Object:G:103
2e4e385e-3fcc-49c6-9b73-79eff9ba2554.xml.macaon	100	2	arc	arc	nc	nc	_	5	suj	_	_	I:Dimension:FE:Object:G:103
2e4e385e-3fcc-49c6-9b73-79eff9ba2554.xml.macaon	101	3	de	de	prep	prep	_	2	dep	_	_	I:Dimension:FE:Object:G:103
2e4e385e-3fcc-49c6-9b73-79eff9ba2554.xml.macaon	102	4	Constantin	Constantin	np	np	_	3	obj	_	_	I:Dimension:FE:Object:G:103
2e4e385e-3fcc-49c6-9b73-79eff9ba2554.xml.macaon	103	5	mesure	mesurer	v	v	_	_	_	_	_	B:Dimension:TARGET:mesurer:G:103
2e4e385e-3fcc-49c6-9b73-79eff9ba2554.xml.macaon	104	6	environ	environ	adv	adv	_	5	mod	_	_	B:Dimension:FE:Measurement:G:103
2e4e385e-3fcc-49c6-9b73-79eff9ba2554.xml.macaon	105	7	21	21	det	det	_	8	det	_	_	I:Dimension:FE:Measurement:G:103
2e4e385e-3fcc-49c6-9b73-79eff9ba2554.xml.macaon	106	8	m	m	nc	nc	_	5	obj	_	_	I:Dimension:FE:Measurement:G:103
2e4e385e-3fcc-49c6-9b73-79eff9ba2554.xml.macaon	107	9	de	de	prep	prep	_	8	dep	_	_	I:Dimension:FE:Measurement:G:103
2e4e385e-3fcc-49c6-9b73-79eff9ba2554.xml.macaon	108	10	haut	haut	nc	nc	_	9	obj	_	_	I:Dimension:FE:Measurement:G:103
2e4e385e-3fcc-49c6-9b73-79eff9ba2554.xml.macaon	109	11	,	,	ponctw	ponctw	_	10	ponct	_	_	I:Dimension:FE:Measurement:G:103
2e4e385e-3fcc-49c6-9b73-79eff9ba2554.xml.macaon	110	12	25	25	det	det	_	13	det	_	_	I:Dimension:FE:Measurement:G:103
2e4e385e-3fcc-49c6-9b73-79eff9ba2554.xml.macaon	111	13	m	m	nc	nc	_	9	obj	_	_	I:Dimension:FE:Measurement:G:103
2e4e385e-3fcc-49c6-9b73-79eff9ba2554.xml.macaon	112	14	de	de	prep	prep	_	13	dep	_	_	I:Dimension:FE:Measurement:G:103
2e4e385e-3fcc-49c6-9b73-79eff9ba2554.xml.macaon	113	15	large	large	nc	nc	_	14	obj	_	_	I:Dimension:FE:Measurement:G:103
2e4e385e-3fcc-49c6-9b73-79eff9ba2554.xml.macaon	114	16	et	et	coo	coo	_	15	coord	_	_	I:Dimension:FE:Measurement:G:103
2e4e385e-3fcc-49c6-9b73-79eff9ba2554.xml.macaon	115	17	7	7	det	det	_	18	det	_	_	I:Dimension:FE:Measurement:G:103
2e4e385e-3fcc-49c6-9b73-79eff9ba2554.xml.macaon	116	18	m	m	nc	nc	_	16	dep_coord	_	_	I:Dimension:FE:Measurement:G:103
2e4e385e-3fcc-49c6-9b73-79eff9ba2554.xml.macaon	117	19	de	de	prep	prep	_	18	dep	_	_	I:Dimension:FE:Measurement:G:103
2e4e385e-3fcc-49c6-9b73-79eff9ba2554.xml.macaon	118	20	profondeur	profondeur	nc	nc	_	19	obj	_	_	I:Dimension:FE:Measurement:G:103
2e4e385e-3fcc-49c6-9b73-79eff9ba2554.xml.macaon	119	21	.	.	poncts	poncts	_	5	ponct	_	_

2e4e385e-3fcc-49c6-9b73-79eff9ba2554.xml.macaon	120	1	La	la	det	det	_	4	det	_	_	B:Dimension:FE:Object:G:124
2e4e385e-3fcc-49c6-9b73-79eff9ba2554.xml.macaon	121	2	plus	plus	adv	adv	_	3	mod	_	_	I:Dimension:FE:Object:G:124
2e4e385e-3fcc-49c6-9b73-79eff9ba2554.xml.macaon	122	3	grande	grand	adj	adj	_	4	mod	_	_	I:Dimension:FE:Object:G:124
2e4e385e-3fcc-49c6-9b73-79eff9ba2554.xml.macaon	123	4	ouverture	ouverture	nc	nc	_	5	suj	_	_	I:Dimension:FE:Object:G:124
2e4e385e-3fcc-49c6-9b73-79eff9ba2554.xml.macaon	124	5	mesure	mesurer	v	v	_	_	_	_	_	B:Dimension:TARGET:mesurer:G:124
2e4e385e-3fcc-49c6-9b73-79eff9ba2554.xml.macaon	125	6	11	11	det	det	_	7	det	_	_	B:Dimension:FE:Measurement:G:124
2e4e385e-3fcc-49c6-9b73-79eff9ba2554.xml.macaon	126	7	m	m	nc	nc	_	5	obj	_	_	I:Dimension:FE:Measurement:G:124
2e4e385e-3fcc-49c6-9b73-79eff9ba2554.xml.macaon	127	8	de	de	prep	prep	_	7	dep	_	_	I:Dimension:FE:Measurement:G:124
2e4e385e-3fcc-49c6-9b73-79eff9ba2554.xml.macaon	128	9	haut	haut	nc	nc	_	8	obj	_	_	I:Dimension:FE:Measurement:G:124
2e4e385e-3fcc-49c6-9b73-79eff9ba2554.xml.macaon	129	10	et	et	coo	coo	_	9	coord	_	_	I:Dimension:FE:Measurement:G:124
2e4e385e-3fcc-49c6-9b73-79eff9ba2554.xml.macaon	130	11	6	6	det	det	_	12	det	_	_	I:Dimension:FE:Measurement:G:124
2e4e385e-3fcc-49c6-9b73-79eff9ba2554.xml.macaon	131	12	m	m	nc	nc	_	10	dep_coord	_	_	I:Dimension:FE:Measurement:G:124
2e4e385e-3fcc-49c6-9b73-79eff9ba2554.xml.macaon	132	13	de	de	prep	prep	_	12	dep	_	_	I:Dimension:FE:Measurement:G:124
2e4e385e-3fcc-49c6-9b73-79eff9ba2554.xml.macaon	133	14	large	large	nc	nc	_	13	obj	_	_	I:Dimension:FE:Measurement:G:124
2e4e385e-3fcc-49c6-9b73-79eff9ba2554.xml.macaon	134	15	et	et	coo	coo	_	14	coord	_	_
2e4e385e-3fcc-49c6-9b73-79eff9ba2554.xml.macaon	135	16	les	le	det	det	_	17	det	_	_	B:Dimension:FE:Object:G:139
2e4e385e-3fcc-49c6-9b73-79eff9ba2554.xml.macaon	136	17	deux	deux	adj	adj	_	15	dep_coord	_	_	I:Dimension:FE:Object:G:139
2e4e385e-3fcc-49c6-9b73-79eff9ba2554.xml.macaon	137	18	plus	plus	adv	adv	_	19	mod	_	_	I:Dimension:FE:Object:G:139
2e4e385e-3fcc-49c6-9b73-79eff9ba2554.xml.macaon	138	19	petites	petit	adj	adj	_	14	mod	_	_	I:Dimension:FE:Object:G:139
2e4e385e-3fcc-49c6-9b73-79eff9ba2554.xml.macaon	139	20	mesurent	mesurer	v	v	_	10	dep_coord	_	_	B:Dimension:TARGET:mesurer:G:139
2e4e385e-3fcc-49c6-9b73-79eff9ba2554.xml.macaon	140	21	7,4	7,4	det	det	_	22	det	_	_	B:Dimension:FE:Measurement:G:139
2e4e385e-3fcc-49c6-9b73-79eff9ba2554.xml.macaon	141	22	m	m	nc	nc	_	20	obj	_	_	I:Dimension:FE:Measurement:G:139
2e4e385e-3fcc-49c6-9b73-79eff9ba2554.xml.macaon	142	23	de	de	prep	prep	_	22	dep	_	_	I:Dimension:FE:Measurement:G:139
2e4e385e-3fcc-49c6-9b73-79eff9ba2554.xml.macaon	143	24	haut	haut	nc	nc	_	23	obj	_	_	I:Dimension:FE:Measurement:G:139
2e4e385e-3fcc-49c6-9b73-79eff9ba2554.xml.macaon	144	25	et	et	coo	coo	_	24	coord	_	_	I:Dimension:FE:Measurement:G:139
2e4e385e-3fcc-49c6-9b73-79eff9ba2554.xml.macaon	145	26	4,4	4,4	det	det	_	27	det	_	_	I:Dimension:FE:Measurement:G:139
2e4e385e-3fcc-49c6-9b73-79eff9ba2554.xml.macaon	146	27	m	m	nc	nc	_	25	dep_coord	_	_	I:Dimension:FE:Measurement:G:139
2e4e385e-3fcc-49c6-9b73-79eff9ba2554.xml.macaon	147	28	de	de	prep	prep	_	27	dep	_	_	I:Dimension:FE:Measurement:G:139
2e4e385e-3fcc-49c6-9b73-79eff9ba2554.xml.macaon	148	29	large	large	nc	nc	_	28	obj	_	_	I:Dimension:FE:Measurement:G:139
2e4e385e-3fcc-49c6-9b73-79eff9ba2554.xml.macaon	149	30	.	.	poncts	poncts	_	5	ponct	_	_

2e4e385e-3fcc-49c6-9b73-79eff9ba2554.xml.macaon	150	1	Le	le	det	det	_	2	det	_	_
2e4e385e-3fcc-49c6-9b73-79eff9ba2554.xml.macaon	151	2	décor	décor	nc	nc	_	4	suj	_	_
2e4e385e-3fcc-49c6-9b73-79eff9ba2554.xml.macaon	152	3	est	être	v	v	_	4	aux_tps	_	_
2e4e385e-3fcc-49c6-9b73-79eff9ba2554.xml.macaon	153	4	caractérisé	caractériser	vppart	vppart	_	_	_	_	_
2e4e385e-3fcc-49c6-9b73-79eff9ba2554.xml.macaon	154	5	par	par	prep	prep	_	4	mod	_	_
2e4e385e-3fcc-49c6-9b73-79eff9ba2554.xml.macaon	155	6	le	le	det	det	_	7	det	_	_
2e4e385e-3fcc-49c6-9b73-79eff9ba2554.xml.macaon	156	7	réemploi	réemploi	nc	nc	_	5	obj	_	_
2e4e385e-3fcc-49c6-9b73-79eff9ba2554.xml.macaon	157	8	de	de	prep	prep	_	7	dep	_	_
2e4e385e-3fcc-49c6-9b73-79eff9ba2554.xml.macaon	158	9	décors	décor	nc	nc	_	8	obj	_	_
2e4e385e-3fcc-49c6-9b73-79eff9ba2554.xml.macaon	159	10	et	et	coo	coo	_	8	coord	_	_
2e4e385e-3fcc-49c6-9b73-79eff9ba2554.xml.macaon	160	11	de	de	prep	prep	_	10	dep_coord	_	_
2e4e385e-3fcc-49c6-9b73-79eff9ba2554.xml.macaon	161	12	frises	frise	nc	nc	_	11	obj	_	_
2e4e385e-3fcc-49c6-9b73-79eff9ba2554.xml.macaon	162	13	d'autres	d'autres	adj	adj	_	12	mod	_	_
2e4e385e-3fcc-49c6-9b73-79eff9ba2554.xml.macaon	163	14	monuments	monument	nc	nc	_	11	obj	_	_
2e4e385e-3fcc-49c6-9b73-79eff9ba2554.xml.macaon	164	15	.	.	poncts	poncts	_	4	ponct	_	_

2e4e385e-3fcc-49c6-9b73-79eff9ba2554.xml.macaon	165	1	Ce	ce	pro	pro	_	_	_	_	_
2e4e385e-3fcc-49c6-9b73-79eff9ba2554.xml.macaon	166	2	qui	qui	prorel	prorel	_	3	suj	_	_
2e4e385e-3fcc-49c6-9b73-79eff9ba2554.xml.macaon	167	3	fait	faire	v	v	_	1	mod_rel	_	_
2e4e385e-3fcc-49c6-9b73-79eff9ba2554.xml.macaon	168	4	que	que	csu	csu	_	3	obj	_	_
2e4e385e-3fcc-49c6-9b73-79eff9ba2554.xml.macaon	169	5	ce	ce	det	det	_	6	det	_	_	B:Creating:FE:Created_entity:G:175
2e4e385e-3fcc-49c6-9b73-79eff9ba2554.xml.macaon	170	6	monument	monument	nc	nc	_	8	suj	_	_	I:Creating:FE:Created_entity:G:175
2e4e385e-3fcc-49c6-9b73-79eff9ba2554.xml.macaon	171	7	n'	n'	advneg	advneg	_	8	mod	_	_
2e4e385e-3fcc-49c6-9b73-79eff9ba2554.xml.macaon	172	8	est	être	v	v	_	4	obj	_	_
2e4e385e-3fcc-49c6-9b73-79eff9ba2554.xml.macaon	173	9	pas	pas	advneg	advneg	_	8	mod	_	_
2e4e385e-3fcc-49c6-9b73-79eff9ba2554.xml.macaon	174	10	une	un	det	det	_	11	det	_	_
2e4e385e-3fcc-49c6-9b73-79eff9ba2554.xml.macaon	175	11	réalisation	réalisation	nc	nc	_	8	ats	_	_	B:Creating:TARGET:réalisation:G:175
2e4e385e-3fcc-49c6-9b73-79eff9ba2554.xml.macaon	176	12	unique	unique	adj	adj	_	11	mod	_	_
2e4e385e-3fcc-49c6-9b73-79eff9ba2554.xml.macaon	177	13	en	en	prep	prep	_	8	mod	_	_
2e4e385e-3fcc-49c6-9b73-79eff9ba2554.xml.macaon	178	14	son	son	det	det	_	15	det	_	_
2e4e385e-3fcc-49c6-9b73-79eff9ba2554.xml.macaon	179	15	genre	genre	nc	nc	_	13	obj	_	_
2e4e385e-3fcc-49c6-9b73-79eff9ba2554.xml.macaon	180	16	.	.	poncts	poncts	_	3	ponct	_	_

2e4e385e-3fcc-49c6-9b73-79eff9ba2554.xml.macaon	181	1	La	la	det	det	_	2	det	_	_
2e4e385e-3fcc-49c6-9b73-79eff9ba2554.xml.macaon	182	2	rapidité	rapidité	nc	nc	_	6	suj	_	_
2e4e385e-3fcc-49c6-9b73-79eff9ba2554.xml.macaon	183	3	de	de	prep	prep	_	2	dep	_	_
2e4e385e-3fcc-49c6-9b73-79eff9ba2554.xml.macaon	184	4	la	le	det	det	_	5	det	_	_
2e4e385e-3fcc-49c6-9b73-79eff9ba2554.xml.macaon	185	5	construction	construction	nc	nc	_	3	obj	_	_	B:Buildings:TARGET:construction:G:185
2e4e385e-3fcc-49c6-9b73-79eff9ba2554.xml.macaon	186	6	est	être	v	v	_	_	_	_	_
2e4e385e-3fcc-49c6-9b73-79eff9ba2554.xml.macaon	187	7	peut-être	peut-être	adv	adv	_	8	mod	_	_
2e4e385e-3fcc-49c6-9b73-79eff9ba2554.xml.macaon	188	8	aussi	aussi	adv	adv	_	6	mod	_	_
2e4e385e-3fcc-49c6-9b73-79eff9ba2554.xml.macaon	189	9	en	en	prep	prep	_	6	mod	_	_
2e4e385e-3fcc-49c6-9b73-79eff9ba2554.xml.macaon	190	10	cause	cause	nc	nc	_	9	obj	_	_
2e4e385e-3fcc-49c6-9b73-79eff9ba2554.xml.macaon	191	11	:	:	ponctw	ponctw	_	15	ponct	_	_
2e4e385e-3fcc-49c6-9b73-79eff9ba2554.xml.macaon	192	12	le	le	det	det	_	13	det	_	_	B:Buildings:FE:Created_entity:G:185	B:Activity_start:FE:Activity:G:195
2e4e385e-3fcc-49c6-9b73-79eff9ba2554.xml.macaon	193	13	monument	monument	nc	nc	_	15	suj	_	_	I:Buildings:FE:Created_entity:G:185	I:Activity_start:FE:Activity:G:195
2e4e385e-3fcc-49c6-9b73-79eff9ba2554.xml.macaon	194	14	est	être	v	v	_	15	aux_tps	_	_
2e4e385e-3fcc-49c6-9b73-79eff9ba2554.xml.macaon	195	15	commencé	commencer	vppart	vppart	_	10	mod_rel	_	_	B:Activity_start:TARGET:commencer:G:195
2e4e385e-3fcc-49c6-9b73-79eff9ba2554.xml.macaon	196	16	en	en	prep	prep	_	15	mod	_	_	B:Buildings:FE:Time:G:185	B:Activity_start:FE:Time:G:195
2e4e385e-3fcc-49c6-9b73-79eff9ba2554.xml.macaon	197	17	313	313	nc	nc	_	16	obj	_	_	I:Buildings:FE:Time:G:185	I:Activity_start:FE:Time:G:195
2e4e385e-3fcc-49c6-9b73-79eff9ba2554.xml.macaon	198	18	et	et	coo	coo	_	17	coord	_	_
2e4e385e-3fcc-49c6-9b73-79eff9ba2554.xml.macaon	199	19	fini	finir	vppart	vppart	_	18	dep_coord	_	_
2e4e385e-3fcc-49c6-9b73-79eff9ba2554.xml.macaon	200	20	en	en	prep	prep	_	19	mod	_	_	B:Buildings:FE:Time:G:185
2e4e385e-3fcc-49c6-9b73-79eff9ba2554.xml.macaon	201	21	315	315	nc	nc	_	20	obj	_	_	I:Buildings:FE:Time:G:185
2e4e385e-3fcc-49c6-9b73-79eff9ba2554.xml.macaon	202	22	.	.	poncts	poncts	_	6	ponct	_	_

2e4e385e-3fcc-49c6-9b73-79eff9ba2554.xml.macaon	203	1	Faute#de	faute#de	prep	prep	_	10	mod	_	_
2e4e385e-3fcc-49c6-9b73-79eff9ba2554.xml.macaon	204	2	sculpteurs	sculpteur	nc	nc	_	1	obj	_	_
2e4e385e-3fcc-49c6-9b73-79eff9ba2554.xml.macaon	205	3	et	et	coo	coo	_	1	coord	_	_
2e4e385e-3fcc-49c6-9b73-79eff9ba2554.xml.macaon	206	4	de	de	prep	prep	_	3	dep_coord	_	_
2e4e385e-3fcc-49c6-9b73-79eff9ba2554.xml.macaon	207	5	temps	temps	nc	nc	_	4	obj	_	_
2e4e385e-3fcc-49c6-9b73-79eff9ba2554.xml.macaon	208	6	,	,	ponctw	ponctw	_	10	ponct	_	_
2e4e385e-3fcc-49c6-9b73-79eff9ba2554.xml.macaon	209	7	cette	ce	det	det	_	8	det	_	_
2e4e385e-3fcc-49c6-9b73-79eff9ba2554.xml.macaon	210	8	méthode	méthode	nc	nc	_	10	suj	_	_
2e4e385e-3fcc-49c6-9b73-79eff9ba2554.xml.macaon	211	9	s'	s'	clr	clr	_	10	aff	_	_
2e4e385e-3fcc-49c6-9b73-79eff9ba2554.xml.macaon	212	10	avéra	avérer	v	v	_	_	_	_	_
2e4e385e-3fcc-49c6-9b73-79eff9ba2554.xml.macaon	213	11	la	le	det	det	_	13	det	_	_
2e4e385e-3fcc-49c6-9b73-79eff9ba2554.xml.macaon	214	12	plus	plus	adv	adv	_	13	mod	_	_
2e4e385e-3fcc-49c6-9b73-79eff9ba2554.xml.macaon	215	13	efficace	efficace	adj	adj	_	10	ats	_	_
2e4e385e-3fcc-49c6-9b73-79eff9ba2554.xml.macaon	216	14	.	.	poncts	poncts	_	10	ponct	_	_

2e4e385e-3fcc-49c6-9b73-79eff9ba2554.xml.macaon	217	1	Détail	détail	nc	nc	_	_	_	_	_
2e4e385e-3fcc-49c6-9b73-79eff9ba2554.xml.macaon	218	2	(	(	ponctw	ponctw	_	1	ponct	_	_
2e4e385e-3fcc-49c6-9b73-79eff9ba2554.xml.macaon	219	3	face	face	nc	nc	_	1	mod	_	_
2e4e385e-3fcc-49c6-9b73-79eff9ba2554.xml.macaon	220	4	sud	sud	adj	adj	_	3	mod	_	_
2e4e385e-3fcc-49c6-9b73-79eff9ba2554.xml.macaon	221	5	,	,	ponctw	ponctw	_	3	ponct	_	_
2e4e385e-3fcc-49c6-9b73-79eff9ba2554.xml.macaon	222	6	partie	partie	nc	nc	_	3	mod	_	_
2e4e385e-3fcc-49c6-9b73-79eff9ba2554.xml.macaon	223	7	gauche	gauche	nc	nc	_	6	mod	_	_
2e4e385e-3fcc-49c6-9b73-79eff9ba2554.xml.macaon	224	8	)	)	ponctw	ponctw	_	6	ponct	_	_

2e4e385e-3fcc-49c6-9b73-79eff9ba2554.xml.macaon	225	1	Schéma	Schéma	np	np	_	_	_	_	_
2e4e385e-3fcc-49c6-9b73-79eff9ba2554.xml.macaon	226	2	de	de	prep	prep	_	1	dep	_	_
2e4e385e-3fcc-49c6-9b73-79eff9ba2554.xml.macaon	227	3	datation	datation	nc	nc	_	2	obj	_	_	B:Age:TARGET:datation:G:227
2e4e385e-3fcc-49c6-9b73-79eff9ba2554.xml.macaon	228	4	des	des	prep	prep	_	3	dep	_	_
2e4e385e-3fcc-49c6-9b73-79eff9ba2554.xml.macaon	229	5	différentes	différent	adj	adj	_	6	mod	_	_	B:Age:FE:Entity:G:227
2e4e385e-3fcc-49c6-9b73-79eff9ba2554.xml.macaon	230	6	sculptures	sculpture	nc	nc	_	4	obj	_	_	I:Age:FE:Entity:G:227
