32fd6260-c5f1-4d6e-bce4-c80bf9be58cd.xml.macaon	0	1	vikidia	vikidia	nc	nc	_	_	_	_	_

32fd6260-c5f1-4d6e-bce4-c80bf9be58cd.xml.macaon	1	1	32fd6260	32fd6260	nc	nc	_	_	_	_	_
32fd6260-c5f1-4d6e-bce4-c80bf9be58cd.xml.macaon	2	2	-	-	ponctw	ponctw	_	1	ponct	_	_
32fd6260-c5f1-4d6e-bce4-c80bf9be58cd.xml.macaon	3	3	c5f1	c5f1	nc	nc	_	1	mod	_	_
32fd6260-c5f1-4d6e-bce4-c80bf9be58cd.xml.macaon	4	4	-	-	ponctw	ponctw	_	3	ponct	_	_
32fd6260-c5f1-4d6e-bce4-c80bf9be58cd.xml.macaon	5	5	4d6e	4d6e	nc	nc	_	3	mod	_	_
32fd6260-c5f1-4d6e-bce4-c80bf9be58cd.xml.macaon	6	6	-	-	ponctw	ponctw	_	5	ponct	_	_
32fd6260-c5f1-4d6e-bce4-c80bf9be58cd.xml.macaon	7	7	bce4	bce4	nc	nc	_	5	mod	_	_
32fd6260-c5f1-4d6e-bce4-c80bf9be58cd.xml.macaon	8	8	-	-	ponctw	ponctw	_	7	ponct	_	_
32fd6260-c5f1-4d6e-bce4-c80bf9be58cd.xml.macaon	9	9	c80bf9be58cd	c80bf9be58cd	nc	nc	_	7	mod	_	_

32fd6260-c5f1-4d6e-bce4-c80bf9be58cd.xml.macaon	10	1	ADDED	ADDED	nc	nc	_	_	_	_	_

32fd6260-c5f1-4d6e-bce4-c80bf9be58cd.xml.macaon	11	1	2016	2016	adj	adj	_	3	mod	_	_
32fd6260-c5f1-4d6e-bce4-c80bf9be58cd.xml.macaon	12	2	-	-	ponctw	ponctw	_	1	ponct	_	_
32fd6260-c5f1-4d6e-bce4-c80bf9be58cd.xml.macaon	13	3	06	06	nc	nc	_	_	_	_	_
32fd6260-c5f1-4d6e-bce4-c80bf9be58cd.xml.macaon	14	4	-	-	ponctw	ponctw	_	3	ponct	_	_
32fd6260-c5f1-4d6e-bce4-c80bf9be58cd.xml.macaon	15	5	15T14	15T14	nc	nc	_	3	mod	_	_
32fd6260-c5f1-4d6e-bce4-c80bf9be58cd.xml.macaon	16	6	:	:	ponctw	ponctw	_	5	ponct	_	_
32fd6260-c5f1-4d6e-bce4-c80bf9be58cd.xml.macaon	17	7	52	52	det	det	_	9	det	_	_
32fd6260-c5f1-4d6e-bce4-c80bf9be58cd.xml.macaon	18	8	:	:	ponctw	ponctw	_	9	ponct	_	_
32fd6260-c5f1-4d6e-bce4-c80bf9be58cd.xml.macaon	19	9	54Z	54Z	nc	nc	_	5	mod	_	_

32fd6260-c5f1-4d6e-bce4-c80bf9be58cd.xml.macaon	20	1	Vercingétorix	Vercingétorix	np	np	_	_	_	_	_

32fd6260-c5f1-4d6e-bce4-c80bf9be58cd.xml.macaon	21	1	Vercingétorix	Vercingétorix	np	np	_	2	suj	_	_	B:Awareness:FE:Content:G:24
32fd6260-c5f1-4d6e-bce4-c80bf9be58cd.xml.macaon	22	2	est	être	v	v	_	4	aux_tps	_	_
32fd6260-c5f1-4d6e-bce4-c80bf9be58cd.xml.macaon	23	3	le#plus	le#plus	adv	adv	_	4	mod	_	_
32fd6260-c5f1-4d6e-bce4-c80bf9be58cd.xml.macaon	24	4	connu	connaître	vppart	vppart	_	_	_	_	_	B:Awareness:TARGET:connaître:G:24
32fd6260-c5f1-4d6e-bce4-c80bf9be58cd.xml.macaon	25	5	des	un	det	det	_	6	det	_	_	B:Awareness:FE:Topic:G:24
32fd6260-c5f1-4d6e-bce4-c80bf9be58cd.xml.macaon	26	6	chefs	chef	nc	nc	_	4	obj	_	_	I:Awareness:FE:Topic:G:24
32fd6260-c5f1-4d6e-bce4-c80bf9be58cd.xml.macaon	27	7	gaulois	gaulois	adj	adj	_	6	mod	_	_	I:Awareness:FE:Topic:G:24
32fd6260-c5f1-4d6e-bce4-c80bf9be58cd.xml.macaon	28	8	.	.	poncts	poncts	_	4	__JOKER__	_	_

32fd6260-c5f1-4d6e-bce4-c80bf9be58cd.xml.macaon	29	1	Il	il	cln	cln	_	3	suj	_	_
32fd6260-c5f1-4d6e-bce4-c80bf9be58cd.xml.macaon	30	2	est	être	v	v	_	3	aux_tps	_	_
32fd6260-c5f1-4d6e-bce4-c80bf9be58cd.xml.macaon	31	3	né	naître	vppart	vppart	_	_	_	_	_
32fd6260-c5f1-4d6e-bce4-c80bf9be58cd.xml.macaon	32	4	en	en	prep	prep	_	3	mod	_	_
32fd6260-c5f1-4d6e-bce4-c80bf9be58cd.xml.macaon	33	5	72	72	det	det	_	6	det	_	_
32fd6260-c5f1-4d6e-bce4-c80bf9be58cd.xml.macaon	34	6	av.	av.	nc	nc	_	4	obj	_	_

32fd6260-c5f1-4d6e-bce4-c80bf9be58cd.xml.macaon	35	1	J.-C.	J.-C.	nc	nc	_	_	_	_	_
32fd6260-c5f1-4d6e-bce4-c80bf9be58cd.xml.macaon	36	2	en	en	prep	prep	_	1	dep	_	_
32fd6260-c5f1-4d6e-bce4-c80bf9be58cd.xml.macaon	37	3	Auvergne	Auvergne	np	np	_	2	obj	_	_
32fd6260-c5f1-4d6e-bce4-c80bf9be58cd.xml.macaon	38	4	et	et	coo	coo	_	3	coord	_	_
32fd6260-c5f1-4d6e-bce4-c80bf9be58cd.xml.macaon	39	5	mort	mort	nc	nc	_	2	obj	_	_	B:Death:TARGET:mort:G:39
32fd6260-c5f1-4d6e-bce4-c80bf9be58cd.xml.macaon	40	6	en	en	prep	prep	_	5	dep	_	_
32fd6260-c5f1-4d6e-bce4-c80bf9be58cd.xml.macaon	41	7	46	46	det	det	_	8	det	_	_
32fd6260-c5f1-4d6e-bce4-c80bf9be58cd.xml.macaon	42	8	av.	av.	nc	nc	_	6	obj	_	_

32fd6260-c5f1-4d6e-bce4-c80bf9be58cd.xml.macaon	43	1	J.-C.	J.-C.	nc	nc	_	_	_	_	_
32fd6260-c5f1-4d6e-bce4-c80bf9be58cd.xml.macaon	44	2	à	à	prep	prep	_	1	dep	_	_
32fd6260-c5f1-4d6e-bce4-c80bf9be58cd.xml.macaon	45	3	Rome	Rome	np	np	_	2	obj	_	_
32fd6260-c5f1-4d6e-bce4-c80bf9be58cd.xml.macaon	46	4	.	.	poncts	poncts	_	3	__JOKER__	_	_

32fd6260-c5f1-4d6e-bce4-c80bf9be58cd.xml.macaon	47	1	Il	il	cln	cln	_	2	suj	_	_
32fd6260-c5f1-4d6e-bce4-c80bf9be58cd.xml.macaon	48	2	est	être	v	v	_	_	_	_	_
32fd6260-c5f1-4d6e-bce4-c80bf9be58cd.xml.macaon	49	3	un	un	det	det	_	4	__JOKER__	_	_
32fd6260-c5f1-4d6e-bce4-c80bf9be58cd.xml.macaon	50	4	des	des	prep	prep	_	2	mod	_	_
32fd6260-c5f1-4d6e-bce4-c80bf9be58cd.xml.macaon	51	5	chefs	chef	nc	nc	_	4	obj	_	_
32fd6260-c5f1-4d6e-bce4-c80bf9be58cd.xml.macaon	52	6	de	de	prep	prep	_	5	dep	_	_
32fd6260-c5f1-4d6e-bce4-c80bf9be58cd.xml.macaon	53	7	la	le	det	det	_	8	det	_	_
32fd6260-c5f1-4d6e-bce4-c80bf9be58cd.xml.macaon	54	8	résistance	résistance	nc	nc	_	6	obj	_	_
32fd6260-c5f1-4d6e-bce4-c80bf9be58cd.xml.macaon	55	9	des	des	prep	prep	_	8	dep	_	_
32fd6260-c5f1-4d6e-bce4-c80bf9be58cd.xml.macaon	56	10	Gaulois	gaulois	nc	nc	_	9	obj	_	_
32fd6260-c5f1-4d6e-bce4-c80bf9be58cd.xml.macaon	57	11	contre	contre	prep	prep	_	10	dep	_	_
32fd6260-c5f1-4d6e-bce4-c80bf9be58cd.xml.macaon	58	12	la	le	det	det	_	13	det	_	_
32fd6260-c5f1-4d6e-bce4-c80bf9be58cd.xml.macaon	59	13	conquête	conquête	nc	nc	_	11	obj	_	_
32fd6260-c5f1-4d6e-bce4-c80bf9be58cd.xml.macaon	60	14	de	de	prep	prep	_	13	dep	_	_
32fd6260-c5f1-4d6e-bce4-c80bf9be58cd.xml.macaon	61	15	la	le	det	det	_	16	det	_	_
32fd6260-c5f1-4d6e-bce4-c80bf9be58cd.xml.macaon	62	16	Gaule	Gaule	np	np	_	14	obj	_	_
32fd6260-c5f1-4d6e-bce4-c80bf9be58cd.xml.macaon	63	17	par	par	prep	prep	_	14	obj	_	_
32fd6260-c5f1-4d6e-bce4-c80bf9be58cd.xml.macaon	64	18	Jules	Jules	np	np	_	17	obj	_	_
32fd6260-c5f1-4d6e-bce4-c80bf9be58cd.xml.macaon	65	19	César	César	np	np	_	17	obj	_	_
32fd6260-c5f1-4d6e-bce4-c80bf9be58cd.xml.macaon	66	20	.	.	poncts	poncts	_	2	ponct	_	_

32fd6260-c5f1-4d6e-bce4-c80bf9be58cd.xml.macaon	67	1	Il	il	cln	cln	_	2	suj	_	_
32fd6260-c5f1-4d6e-bce4-c80bf9be58cd.xml.macaon	68	2	bat	battre	v	v	_	_	_	_	_
32fd6260-c5f1-4d6e-bce4-c80bf9be58cd.xml.macaon	69	3	César	César	np	np	_	2	__JOKER__	_	_
32fd6260-c5f1-4d6e-bce4-c80bf9be58cd.xml.macaon	70	4	à	à	prep	prep	_	2	a_obj	_	_
32fd6260-c5f1-4d6e-bce4-c80bf9be58cd.xml.macaon	71	5	Gergovie	Gergovie	np	np	_	4	obj	_	_
32fd6260-c5f1-4d6e-bce4-c80bf9be58cd.xml.macaon	72	6	et	et	coo	coo	_	2	coord	_	_
32fd6260-c5f1-4d6e-bce4-c80bf9be58cd.xml.macaon	73	7	à	à	prep	prep	_	6	dep_coord	_	_
32fd6260-c5f1-4d6e-bce4-c80bf9be58cd.xml.macaon	74	8	Bibracte	Bibracte	np	np	_	7	obj	_	_
32fd6260-c5f1-4d6e-bce4-c80bf9be58cd.xml.macaon	75	9	en	en	prep	prep	_	6	dep_coord	_	_
32fd6260-c5f1-4d6e-bce4-c80bf9be58cd.xml.macaon	76	10	52	52	det	det	_	11	det	_	_
32fd6260-c5f1-4d6e-bce4-c80bf9be58cd.xml.macaon	77	11	av.	av.	nc	nc	_	9	obj	_	_

32fd6260-c5f1-4d6e-bce4-c80bf9be58cd.xml.macaon	78	1	J.-C.	Jésus-Christ	np	np	_	_	_	_	_
32fd6260-c5f1-4d6e-bce4-c80bf9be58cd.xml.macaon	79	2	,	,	ponctw	ponctw	_	1	ponct	_	_
32fd6260-c5f1-4d6e-bce4-c80bf9be58cd.xml.macaon	80	3	mais	mais	coo	coo	_	1	coord	_	_
32fd6260-c5f1-4d6e-bce4-c80bf9be58cd.xml.macaon	81	4	est	être	v	v	_	5	aux_tps	_	_
32fd6260-c5f1-4d6e-bce4-c80bf9be58cd.xml.macaon	82	5	battu	battre	vppart	vppart	_	3	dep_coord	_	_
32fd6260-c5f1-4d6e-bce4-c80bf9be58cd.xml.macaon	83	6	et	et	coo	coo	_	1	coord	_	_
32fd6260-c5f1-4d6e-bce4-c80bf9be58cd.xml.macaon	84	7	fait	faire	v	v	_	6	dep_coord	_	_
32fd6260-c5f1-4d6e-bce4-c80bf9be58cd.xml.macaon	85	8	prisonnier	prisonnier	adj	adj	_	7	ats	_	_
32fd6260-c5f1-4d6e-bce4-c80bf9be58cd.xml.macaon	86	9	à	à	prep	prep	_	7	a_obj	_	_
32fd6260-c5f1-4d6e-bce4-c80bf9be58cd.xml.macaon	87	10	Alésia	Alésia	np	np	_	9	obj	_	_
32fd6260-c5f1-4d6e-bce4-c80bf9be58cd.xml.macaon	88	11	la	le	det	det	_	13	det	_	_
32fd6260-c5f1-4d6e-bce4-c80bf9be58cd.xml.macaon	89	12	même	même	adj	adj	_	13	mod	_	_
32fd6260-c5f1-4d6e-bce4-c80bf9be58cd.xml.macaon	90	13	année	année	nc	nc	_	9	obj	_	_
32fd6260-c5f1-4d6e-bce4-c80bf9be58cd.xml.macaon	91	14	.	.	poncts	poncts	_	7	ponct	_	_

32fd6260-c5f1-4d6e-bce4-c80bf9be58cd.xml.macaon	92	1	Il	il	cln	cln	_	3	suj	_	_	B:Becoming:FE:Entity:G:94	B:Awareness:FE:Content:G:95
32fd6260-c5f1-4d6e-bce4-c80bf9be58cd.xml.macaon	93	2	est	être	v	v	_	3	aux_tps	_	_
32fd6260-c5f1-4d6e-bce4-c80bf9be58cd.xml.macaon	94	3	devenu	devenir	vppart	vppart	_	4	aux_pass	_	_	B:Becoming:TARGET:devenir:G:94
32fd6260-c5f1-4d6e-bce4-c80bf9be58cd.xml.macaon	95	4	connu	connaître	vppart	vppart	_	_	_	_	_	B:Becoming:FE:Final_quality:G:94	B:Awareness:TARGET:connaître:G:95
32fd6260-c5f1-4d6e-bce4-c80bf9be58cd.xml.macaon	96	5	car	car	coo	coo	_	4	__JOKER__	_	_	B:Becoming:FE:Explanation:G:94	B:Awareness:FE:Explanation:G:95
32fd6260-c5f1-4d6e-bce4-c80bf9be58cd.xml.macaon	97	6	en	en	prep	prep	_	12	mod	_	_	I:Becoming:FE:Explanation:G:94	I:Awareness:FE:Explanation:G:95
32fd6260-c5f1-4d6e-bce4-c80bf9be58cd.xml.macaon	98	7	se	se	clr	clr	_	12	__JOKER__	_	_	I:Becoming:FE:Explanation:G:94	I:Awareness:FE:Explanation:G:95
32fd6260-c5f1-4d6e-bce4-c80bf9be58cd.xml.macaon	99	8	rendant	rendre	vprespart	vprespart	_	7	__JOKER__	_	_	I:Becoming:FE:Explanation:G:94	I:Awareness:FE:Explanation:G:95
32fd6260-c5f1-4d6e-bce4-c80bf9be58cd.xml.macaon	100	9	,	,	ponctw	ponctw	_	12	ponct	_	_	I:Becoming:FE:Explanation:G:94	I:Awareness:FE:Explanation:G:95
32fd6260-c5f1-4d6e-bce4-c80bf9be58cd.xml.macaon	101	10	il	il	cln	cln	_	12	suj	_	_	I:Becoming:FE:Explanation:G:94	I:Awareness:FE:Explanation:G:95
32fd6260-c5f1-4d6e-bce4-c80bf9be58cd.xml.macaon	102	11	a	avoir	v	v	_	12	aux_tps	_	_	I:Becoming:FE:Explanation:G:94	I:Awareness:FE:Explanation:G:95
32fd6260-c5f1-4d6e-bce4-c80bf9be58cd.xml.macaon	103	12	sauvé	sauver	vppart	vppart	_	5	__JOKER__	_	_	I:Becoming:FE:Explanation:G:94	I:Awareness:FE:Explanation:G:95
32fd6260-c5f1-4d6e-bce4-c80bf9be58cd.xml.macaon	104	13	des	des	prep	prep	_	12	mod	_	_	I:Becoming:FE:Explanation:G:94	I:Awareness:FE:Explanation:G:95
32fd6260-c5f1-4d6e-bce4-c80bf9be58cd.xml.macaon	105	14	vies	vie	nc	nc	_	13	obj	_	_	I:Becoming:FE:Explanation:G:94	I:Awareness:FE:Explanation:G:95
32fd6260-c5f1-4d6e-bce4-c80bf9be58cd.xml.macaon	106	15	de	de	prep	prep	_	14	dep	_	_	I:Becoming:FE:Explanation:G:94	I:Awareness:FE:Explanation:G:95
32fd6260-c5f1-4d6e-bce4-c80bf9be58cd.xml.macaon	107	16	son	son	det	det	_	17	det	_	_	I:Becoming:FE:Explanation:G:94	I:Awareness:FE:Explanation:G:95
32fd6260-c5f1-4d6e-bce4-c80bf9be58cd.xml.macaon	108	17	peuple	peuple	nc	nc	_	15	obj	_	_	I:Becoming:FE:Explanation:G:94	I:Awareness:FE:Explanation:G:95
32fd6260-c5f1-4d6e-bce4-c80bf9be58cd.xml.macaon	109	18	.	.	poncts	poncts	_	4	ponct	_	_

32fd6260-c5f1-4d6e-bce4-c80bf9be58cd.xml.macaon	110	1	Antiquité	antiquité	nc	nc	_	_	_	_	_

32fd6260-c5f1-4d6e-bce4-c80bf9be58cd.xml.macaon	111	1	Vercingétorix	Vercingétorix	np	np	_	_	_	_	_

32fd6260-c5f1-4d6e-bce4-c80bf9be58cd.xml.macaon	112	1	Vercingétorix	Vercingétorix	np	np	_	2	suj	_	_	B:Awareness:FE:Content:G:115
32fd6260-c5f1-4d6e-bce4-c80bf9be58cd.xml.macaon	113	2	est	être	v	v	_	4	aux_tps	_	_
32fd6260-c5f1-4d6e-bce4-c80bf9be58cd.xml.macaon	114	3	le#plus	le#plus	adv	adv	_	4	mod	_	_
32fd6260-c5f1-4d6e-bce4-c80bf9be58cd.xml.macaon	115	4	connu	connaître	vppart	vppart	_	_	_	_	_	B:Awareness:TARGET:connaître:G:115
32fd6260-c5f1-4d6e-bce4-c80bf9be58cd.xml.macaon	116	5	des	un	det	det	_	6	det	_	_	B:Awareness:FE:Topic:G:115
32fd6260-c5f1-4d6e-bce4-c80bf9be58cd.xml.macaon	117	6	chefs	chef	nc	nc	_	4	obj	_	_	I:Awareness:FE:Topic:G:115
32fd6260-c5f1-4d6e-bce4-c80bf9be58cd.xml.macaon	118	7	gaulois	gaulois	adj	adj	_	6	mod	_	_	I:Awareness:FE:Topic:G:115
32fd6260-c5f1-4d6e-bce4-c80bf9be58cd.xml.macaon	119	8	.	.	poncts	poncts	_	4	__JOKER__	_	_

32fd6260-c5f1-4d6e-bce4-c80bf9be58cd.xml.macaon	120	1	Il	il	cln	cln	_	3	suj	_	_
32fd6260-c5f1-4d6e-bce4-c80bf9be58cd.xml.macaon	121	2	est	être	v	v	_	3	aux_tps	_	_
32fd6260-c5f1-4d6e-bce4-c80bf9be58cd.xml.macaon	122	3	né	naître	vppart	vppart	_	_	_	_	_
32fd6260-c5f1-4d6e-bce4-c80bf9be58cd.xml.macaon	123	4	en	en	prep	prep	_	3	mod	_	_
32fd6260-c5f1-4d6e-bce4-c80bf9be58cd.xml.macaon	124	5	72	72	det	det	_	6	det	_	_
32fd6260-c5f1-4d6e-bce4-c80bf9be58cd.xml.macaon	125	6	av.	av.	nc	nc	_	4	obj	_	_

32fd6260-c5f1-4d6e-bce4-c80bf9be58cd.xml.macaon	126	1	J.-C.	J.-C.	nc	nc	_	_	_	_	_
32fd6260-c5f1-4d6e-bce4-c80bf9be58cd.xml.macaon	127	2	en	en	prep	prep	_	1	dep	_	_
32fd6260-c5f1-4d6e-bce4-c80bf9be58cd.xml.macaon	128	3	Auvergne	Auvergne	np	np	_	2	obj	_	_
32fd6260-c5f1-4d6e-bce4-c80bf9be58cd.xml.macaon	129	4	et	et	coo	coo	_	3	coord	_	_
32fd6260-c5f1-4d6e-bce4-c80bf9be58cd.xml.macaon	130	5	mort	mort	nc	nc	_	2	obj	_	_	B:Death:TARGET:mort:G:130
32fd6260-c5f1-4d6e-bce4-c80bf9be58cd.xml.macaon	131	6	en	en	prep	prep	_	5	dep	_	_
32fd6260-c5f1-4d6e-bce4-c80bf9be58cd.xml.macaon	132	7	46	46	det	det	_	8	det	_	_
32fd6260-c5f1-4d6e-bce4-c80bf9be58cd.xml.macaon	133	8	av.	av.	nc	nc	_	6	obj	_	_

32fd6260-c5f1-4d6e-bce4-c80bf9be58cd.xml.macaon	134	1	J.-C.	J.-C.	nc	nc	_	_	_	_	_
32fd6260-c5f1-4d6e-bce4-c80bf9be58cd.xml.macaon	135	2	à	à	prep	prep	_	1	dep	_	_
32fd6260-c5f1-4d6e-bce4-c80bf9be58cd.xml.macaon	136	3	Rome	Rome	np	np	_	2	obj	_	_
32fd6260-c5f1-4d6e-bce4-c80bf9be58cd.xml.macaon	137	4	.	.	poncts	poncts	_	3	__JOKER__	_	_

32fd6260-c5f1-4d6e-bce4-c80bf9be58cd.xml.macaon	138	1	Il	il	cln	cln	_	2	suj	_	_
32fd6260-c5f1-4d6e-bce4-c80bf9be58cd.xml.macaon	139	2	est	être	v	v	_	_	_	_	_
32fd6260-c5f1-4d6e-bce4-c80bf9be58cd.xml.macaon	140	3	un	un	det	det	_	4	__JOKER__	_	_
32fd6260-c5f1-4d6e-bce4-c80bf9be58cd.xml.macaon	141	4	des	des	prep	prep	_	2	mod	_	_
32fd6260-c5f1-4d6e-bce4-c80bf9be58cd.xml.macaon	142	5	chefs	chef	nc	nc	_	4	obj	_	_
32fd6260-c5f1-4d6e-bce4-c80bf9be58cd.xml.macaon	143	6	de	de	prep	prep	_	5	dep	_	_
32fd6260-c5f1-4d6e-bce4-c80bf9be58cd.xml.macaon	144	7	la	le	det	det	_	8	det	_	_
32fd6260-c5f1-4d6e-bce4-c80bf9be58cd.xml.macaon	145	8	résistance	résistance	nc	nc	_	6	obj	_	_
32fd6260-c5f1-4d6e-bce4-c80bf9be58cd.xml.macaon	146	9	des	des	prep	prep	_	8	dep	_	_
32fd6260-c5f1-4d6e-bce4-c80bf9be58cd.xml.macaon	147	10	Gaulois	gaulois	nc	nc	_	9	obj	_	_
32fd6260-c5f1-4d6e-bce4-c80bf9be58cd.xml.macaon	148	11	contre	contre	prep	prep	_	10	dep	_	_
32fd6260-c5f1-4d6e-bce4-c80bf9be58cd.xml.macaon	149	12	la	le	det	det	_	13	det	_	_
32fd6260-c5f1-4d6e-bce4-c80bf9be58cd.xml.macaon	150	13	conquête	conquête	nc	nc	_	11	obj	_	_
32fd6260-c5f1-4d6e-bce4-c80bf9be58cd.xml.macaon	151	14	de	de	prep	prep	_	13	dep	_	_
32fd6260-c5f1-4d6e-bce4-c80bf9be58cd.xml.macaon	152	15	la	le	det	det	_	16	det	_	_
32fd6260-c5f1-4d6e-bce4-c80bf9be58cd.xml.macaon	153	16	Gaule	Gaule	np	np	_	14	obj	_	_
32fd6260-c5f1-4d6e-bce4-c80bf9be58cd.xml.macaon	154	17	par	par	prep	prep	_	14	obj	_	_
32fd6260-c5f1-4d6e-bce4-c80bf9be58cd.xml.macaon	155	18	Jules	Jules	np	np	_	17	obj	_	_
32fd6260-c5f1-4d6e-bce4-c80bf9be58cd.xml.macaon	156	19	César	César	np	np	_	17	obj	_	_
32fd6260-c5f1-4d6e-bce4-c80bf9be58cd.xml.macaon	157	20	.	.	poncts	poncts	_	2	ponct	_	_

32fd6260-c5f1-4d6e-bce4-c80bf9be58cd.xml.macaon	158	1	Il	il	cln	cln	_	2	suj	_	_
32fd6260-c5f1-4d6e-bce4-c80bf9be58cd.xml.macaon	159	2	bat	battre	v	v	_	_	_	_	_
32fd6260-c5f1-4d6e-bce4-c80bf9be58cd.xml.macaon	160	3	César	César	np	np	_	2	__JOKER__	_	_
32fd6260-c5f1-4d6e-bce4-c80bf9be58cd.xml.macaon	161	4	à	à	prep	prep	_	2	a_obj	_	_
32fd6260-c5f1-4d6e-bce4-c80bf9be58cd.xml.macaon	162	5	Gergovie	Gergovie	np	np	_	4	obj	_	_
32fd6260-c5f1-4d6e-bce4-c80bf9be58cd.xml.macaon	163	6	et	et	coo	coo	_	2	coord	_	_
32fd6260-c5f1-4d6e-bce4-c80bf9be58cd.xml.macaon	164	7	à	à	prep	prep	_	6	dep_coord	_	_
32fd6260-c5f1-4d6e-bce4-c80bf9be58cd.xml.macaon	165	8	Bibracte	Bibracte	np	np	_	7	obj	_	_
32fd6260-c5f1-4d6e-bce4-c80bf9be58cd.xml.macaon	166	9	en	en	prep	prep	_	6	dep_coord	_	_
32fd6260-c5f1-4d6e-bce4-c80bf9be58cd.xml.macaon	167	10	52	52	det	det	_	11	det	_	_
32fd6260-c5f1-4d6e-bce4-c80bf9be58cd.xml.macaon	168	11	av.	av.	nc	nc	_	9	obj	_	_

32fd6260-c5f1-4d6e-bce4-c80bf9be58cd.xml.macaon	169	1	J.-C.	Jésus-Christ	np	np	_	_	_	_	_
32fd6260-c5f1-4d6e-bce4-c80bf9be58cd.xml.macaon	170	2	,	,	ponctw	ponctw	_	1	ponct	_	_
32fd6260-c5f1-4d6e-bce4-c80bf9be58cd.xml.macaon	171	3	mais	mais	coo	coo	_	1	coord	_	_
32fd6260-c5f1-4d6e-bce4-c80bf9be58cd.xml.macaon	172	4	est	être	v	v	_	5	aux_tps	_	_
32fd6260-c5f1-4d6e-bce4-c80bf9be58cd.xml.macaon	173	5	battu	battre	vppart	vppart	_	3	dep_coord	_	_
32fd6260-c5f1-4d6e-bce4-c80bf9be58cd.xml.macaon	174	6	et	et	coo	coo	_	1	coord	_	_
32fd6260-c5f1-4d6e-bce4-c80bf9be58cd.xml.macaon	175	7	fait	faire	v	v	_	6	dep_coord	_	_
32fd6260-c5f1-4d6e-bce4-c80bf9be58cd.xml.macaon	176	8	prisonnier	prisonnier	adj	adj	_	7	ats	_	_
32fd6260-c5f1-4d6e-bce4-c80bf9be58cd.xml.macaon	177	9	à	à	prep	prep	_	7	a_obj	_	_
32fd6260-c5f1-4d6e-bce4-c80bf9be58cd.xml.macaon	178	10	Alésia	Alésia	np	np	_	9	obj	_	_
32fd6260-c5f1-4d6e-bce4-c80bf9be58cd.xml.macaon	179	11	la	le	det	det	_	13	det	_	_
32fd6260-c5f1-4d6e-bce4-c80bf9be58cd.xml.macaon	180	12	même	même	adj	adj	_	13	mod	_	_
32fd6260-c5f1-4d6e-bce4-c80bf9be58cd.xml.macaon	181	13	année	année	nc	nc	_	9	obj	_	_
32fd6260-c5f1-4d6e-bce4-c80bf9be58cd.xml.macaon	182	14	.	.	poncts	poncts	_	7	ponct	_	_

32fd6260-c5f1-4d6e-bce4-c80bf9be58cd.xml.macaon	183	1	Il	il	cln	cln	_	3	suj	_	_	B:Becoming:FE:Entity:G:185	B:Awareness:FE:Content:G:186
32fd6260-c5f1-4d6e-bce4-c80bf9be58cd.xml.macaon	184	2	est	être	v	v	_	3	aux_tps	_	_
32fd6260-c5f1-4d6e-bce4-c80bf9be58cd.xml.macaon	185	3	devenu	devenir	vppart	vppart	_	4	aux_pass	_	_	B:Becoming:TARGET:devenir:G:185
32fd6260-c5f1-4d6e-bce4-c80bf9be58cd.xml.macaon	186	4	connu	connaître	vppart	vppart	_	_	_	_	_	B:Becoming:FE:Final_quality:G:185	B:Awareness:TARGET:connaître:G:186
32fd6260-c5f1-4d6e-bce4-c80bf9be58cd.xml.macaon	187	5	car	car	coo	coo	_	4	__JOKER__	_	_	B:Becoming:FE:Explanation:G:185	B:Awareness:FE:Explanation:G:186
32fd6260-c5f1-4d6e-bce4-c80bf9be58cd.xml.macaon	188	6	en	en	prep	prep	_	12	mod	_	_	I:Becoming:FE:Explanation:G:185	I:Awareness:FE:Explanation:G:186
32fd6260-c5f1-4d6e-bce4-c80bf9be58cd.xml.macaon	189	7	se	se	clr	clr	_	12	__JOKER__	_	_	I:Becoming:FE:Explanation:G:185	I:Awareness:FE:Explanation:G:186
32fd6260-c5f1-4d6e-bce4-c80bf9be58cd.xml.macaon	190	8	rendant	rendre	vprespart	vprespart	_	7	__JOKER__	_	_	I:Becoming:FE:Explanation:G:185	I:Awareness:FE:Explanation:G:186
32fd6260-c5f1-4d6e-bce4-c80bf9be58cd.xml.macaon	191	9	,	,	ponctw	ponctw	_	12	ponct	_	_	I:Becoming:FE:Explanation:G:185	I:Awareness:FE:Explanation:G:186
32fd6260-c5f1-4d6e-bce4-c80bf9be58cd.xml.macaon	192	10	il	il	cln	cln	_	12	suj	_	_	I:Becoming:FE:Explanation:G:185	I:Awareness:FE:Explanation:G:186
32fd6260-c5f1-4d6e-bce4-c80bf9be58cd.xml.macaon	193	11	a	avoir	v	v	_	12	aux_tps	_	_	I:Becoming:FE:Explanation:G:185	I:Awareness:FE:Explanation:G:186
32fd6260-c5f1-4d6e-bce4-c80bf9be58cd.xml.macaon	194	12	sauvé	sauver	vppart	vppart	_	5	__JOKER__	_	_	I:Becoming:FE:Explanation:G:185	I:Awareness:FE:Explanation:G:186
32fd6260-c5f1-4d6e-bce4-c80bf9be58cd.xml.macaon	195	13	des	des	prep	prep	_	12	mod	_	_	I:Becoming:FE:Explanation:G:185	I:Awareness:FE:Explanation:G:186
32fd6260-c5f1-4d6e-bce4-c80bf9be58cd.xml.macaon	196	14	vies	vie	nc	nc	_	13	obj	_	_	I:Becoming:FE:Explanation:G:185	I:Awareness:FE:Explanation:G:186
32fd6260-c5f1-4d6e-bce4-c80bf9be58cd.xml.macaon	197	15	de	de	prep	prep	_	14	dep	_	_	I:Becoming:FE:Explanation:G:185	I:Awareness:FE:Explanation:G:186
32fd6260-c5f1-4d6e-bce4-c80bf9be58cd.xml.macaon	198	16	son	son	det	det	_	17	det	_	_	I:Becoming:FE:Explanation:G:185	I:Awareness:FE:Explanation:G:186
32fd6260-c5f1-4d6e-bce4-c80bf9be58cd.xml.macaon	199	17	peuple	peuple	nc	nc	_	15	obj	_	_	I:Becoming:FE:Explanation:G:185	I:Awareness:FE:Explanation:G:186
32fd6260-c5f1-4d6e-bce4-c80bf9be58cd.xml.macaon	200	18	.	.	poncts	poncts	_	4	ponct	_	_

32fd6260-c5f1-4d6e-bce4-c80bf9be58cd.xml.macaon	201	1	La	la	det	det	_	2	det	_	_
32fd6260-c5f1-4d6e-bce4-c80bf9be58cd.xml.macaon	202	2	Gaule	Gaule	np	np	_	_	_	_	_
32fd6260-c5f1-4d6e-bce4-c80bf9be58cd.xml.macaon	203	3	au	au	prep	prep	_	2	dep	_	_
32fd6260-c5f1-4d6e-bce4-c80bf9be58cd.xml.macaon	204	4	premier	premier	adj	adj	_	5	mod	_	_
32fd6260-c5f1-4d6e-bce4-c80bf9be58cd.xml.macaon	205	5	siècle	siècle	nc	nc	_	3	obj	_	_
32fd6260-c5f1-4d6e-bce4-c80bf9be58cd.xml.macaon	206	6	av.	av.	nc	nc	_	5	mod	_	_

32fd6260-c5f1-4d6e-bce4-c80bf9be58cd.xml.macaon	207	1	J.-C.	J.-C.	nc	nc	_	_	_	_	_

32fd6260-c5f1-4d6e-bce4-c80bf9be58cd.xml.macaon	208	1	À	À	prep	prep	_	10	mod	_	_	B:Creating:FE:Time:G:227
32fd6260-c5f1-4d6e-bce4-c80bf9be58cd.xml.macaon	209	2	cette	ce	det	det	_	3	det	_	_	I:Creating:FE:Time:G:227
32fd6260-c5f1-4d6e-bce4-c80bf9be58cd.xml.macaon	210	3	époque	époque	nc	nc	_	1	obj	_	_	I:Creating:FE:Time:G:227
32fd6260-c5f1-4d6e-bce4-c80bf9be58cd.xml.macaon	211	4	,	,	ponctw	ponctw	_	10	ponct	_	_
32fd6260-c5f1-4d6e-bce4-c80bf9be58cd.xml.macaon	212	5	le	le	det	det	_	6	det	_	_	B:Creating:FE:Place:G:227
32fd6260-c5f1-4d6e-bce4-c80bf9be58cd.xml.macaon	213	6	sud	sud	nc	nc	_	10	suj	_	_	I:Creating:FE:Place:G:227
32fd6260-c5f1-4d6e-bce4-c80bf9be58cd.xml.macaon	214	7	de	de	prep	prep	_	6	dep	_	_	I:Creating:FE:Place:G:227
32fd6260-c5f1-4d6e-bce4-c80bf9be58cd.xml.macaon	215	8	la	le	det	det	_	9	det	_	_	I:Creating:FE:Place:G:227
32fd6260-c5f1-4d6e-bce4-c80bf9be58cd.xml.macaon	216	9	France	France	np	np	_	7	obj	_	_	I:Creating:FE:Place:G:227
32fd6260-c5f1-4d6e-bce4-c80bf9be58cd.xml.macaon	217	10	est	être	v	v	_	_	_	_	_
32fd6260-c5f1-4d6e-bce4-c80bf9be58cd.xml.macaon	218	11	déjà	déjà	adv	adv	_	10	mod	_	_
32fd6260-c5f1-4d6e-bce4-c80bf9be58cd.xml.macaon	219	12	sous	sous	prep	prep	_	10	mod	_	_
32fd6260-c5f1-4d6e-bce4-c80bf9be58cd.xml.macaon	220	13	domination	domination	nc	nc	_	12	obj	_	_
32fd6260-c5f1-4d6e-bce4-c80bf9be58cd.xml.macaon	221	14	des	des	prep	prep	_	20	mod	_	_	B:Creating:FE:Creator:G:227
32fd6260-c5f1-4d6e-bce4-c80bf9be58cd.xml.macaon	222	15	Romains	romain	nc	nc	_	14	obj	_	_	I:Creating:FE:Creator:G:227
32fd6260-c5f1-4d6e-bce4-c80bf9be58cd.xml.macaon	223	16	,	,	ponctw	ponctw	_	15	ponct	_	_
32fd6260-c5f1-4d6e-bce4-c80bf9be58cd.xml.macaon	224	17	qui	qui	prorel	prorel	_	20	suj	_	_
32fd6260-c5f1-4d6e-bce4-c80bf9be58cd.xml.macaon	225	18	y	y	clo	clo	_	20	a_obj	_	_
32fd6260-c5f1-4d6e-bce4-c80bf9be58cd.xml.macaon	226	19	avaient	avoir	v	v	_	20	aux_tps	_	_
32fd6260-c5f1-4d6e-bce4-c80bf9be58cd.xml.macaon	227	20	créé	créer	vppart	vppart	_	13	mod_rel	_	_	B:Creating:TARGET:créer:G:227
32fd6260-c5f1-4d6e-bce4-c80bf9be58cd.xml.macaon	228	21	des	des	prep	prep	_	20	mod	_	_	B:Creating:FE:Created_entity:G:227
32fd6260-c5f1-4d6e-bce4-c80bf9be58cd.xml.macaon	229	22	villes	ville	nc	nc	_	21	obj	_	_	I:Creating:FE:Created_entity:G:227
32fd6260-c5f1-4d6e-bce4-c80bf9be58cd.xml.macaon	230	23	afin#de	afin#de	prep	prep	_	20	mod	_	_	B:Creating:FE:Purpose:G:227
32fd6260-c5f1-4d6e-bce4-c80bf9be58cd.xml.macaon	231	24	contrôler	contrôler	vinf	vinf	_	23	obj	_	_	I:Creating:FE:Purpose:G:227
32fd6260-c5f1-4d6e-bce4-c80bf9be58cd.xml.macaon	232	25	les	le	det	det	_	26	det	_	_	I:Creating:FE:Purpose:G:227
32fd6260-c5f1-4d6e-bce4-c80bf9be58cd.xml.macaon	233	26	tribus	tribu	nc	nc	_	24	obj	_	_	I:Creating:FE:Purpose:G:227
32fd6260-c5f1-4d6e-bce4-c80bf9be58cd.xml.macaon	234	27	indigènes	indigène	adj	adj	_	26	mod	_	_	I:Creating:FE:Purpose:G:227
32fd6260-c5f1-4d6e-bce4-c80bf9be58cd.xml.macaon	235	28	.	.	poncts	poncts	_	10	ponct	_	_

32fd6260-c5f1-4d6e-bce4-c80bf9be58cd.xml.macaon	236	1	On	on	cln	cln	_	2	suj	_	_
32fd6260-c5f1-4d6e-bce4-c80bf9be58cd.xml.macaon	237	2	appelle	appeler	v	v	_	_	_	_	_	B:OTHER:G
32fd6260-c5f1-4d6e-bce4-c80bf9be58cd.xml.macaon	238	3	ces	ce	det	det	_	4	det	_	_
32fd6260-c5f1-4d6e-bce4-c80bf9be58cd.xml.macaon	239	4	régions	région	nc	nc	_	2	obj	_	_
32fd6260-c5f1-4d6e-bce4-c80bf9be58cd.xml.macaon	240	5	la	le	det	det	_	6	det	_	_
32fd6260-c5f1-4d6e-bce4-c80bf9be58cd.xml.macaon	241	6	Gaule	Gaule	np	np	_	4	mod	_	_
32fd6260-c5f1-4d6e-bce4-c80bf9be58cd.xml.macaon	242	7	narbonnaise	narbonnaise	adj	adj	_	4	mod	_	_
32fd6260-c5f1-4d6e-bce4-c80bf9be58cd.xml.macaon	243	8	.	.	poncts	poncts	_	2	ponct	_	_

32fd6260-c5f1-4d6e-bce4-c80bf9be58cd.xml.macaon	244	1	Le	le	det	det	_	2	det	_	_	B:Colonization:FE:Homeland:G:260
32fd6260-c5f1-4d6e-bce4-c80bf9be58cd.xml.macaon	245	2	nord	nord	nc	nc	_	_	_	_	_	I:Colonization:FE:Homeland:G:260
32fd6260-c5f1-4d6e-bce4-c80bf9be58cd.xml.macaon	246	3	et	et	coo	coo	_	2	coord	_	_	I:Colonization:FE:Homeland:G:260
32fd6260-c5f1-4d6e-bce4-c80bf9be58cd.xml.macaon	247	4	l'	le	det	det	_	5	det	_	_	I:Colonization:FE:Homeland:G:260
32fd6260-c5f1-4d6e-bce4-c80bf9be58cd.xml.macaon	248	5	ouest	ouest	nc	nc	_	3	dep_coord	_	_	I:Colonization:FE:Homeland:G:260
32fd6260-c5f1-4d6e-bce4-c80bf9be58cd.xml.macaon	249	6	de	de	prep	prep	_	5	dep	_	_	I:Colonization:FE:Homeland:G:260
32fd6260-c5f1-4d6e-bce4-c80bf9be58cd.xml.macaon	250	7	la	le	det	det	_	8	det	_	_	I:Colonization:FE:Homeland:G:260
32fd6260-c5f1-4d6e-bce4-c80bf9be58cd.xml.macaon	251	8	Gaule	Gaule	np	np	_	6	obj	_	_	I:Colonization:FE:Homeland:G:260
32fd6260-c5f1-4d6e-bce4-c80bf9be58cd.xml.macaon	252	9	(	(	ponctw	ponctw	_	5	ponct	_	_	I:Colonization:FE:Homeland:G:260
32fd6260-c5f1-4d6e-bce4-c80bf9be58cd.xml.macaon	253	10	France	France	np	np	_	5	mod	_	_	I:Colonization:FE:Homeland:G:260
32fd6260-c5f1-4d6e-bce4-c80bf9be58cd.xml.macaon	254	11	et	et	coo	coo	_	10	coord	_	_	I:Colonization:FE:Homeland:G:260
32fd6260-c5f1-4d6e-bce4-c80bf9be58cd.xml.macaon	255	12	Belgique	Belgique	np	np	_	11	dep_coord	_	_	I:Colonization:FE:Homeland:G:260
32fd6260-c5f1-4d6e-bce4-c80bf9be58cd.xml.macaon	256	13	actuelles	actuel	adj	adj	_	12	mod	_	_	I:Colonization:FE:Homeland:G:260
32fd6260-c5f1-4d6e-bce4-c80bf9be58cd.xml.macaon	257	14	)	)	ponctw	ponctw	_	12	ponct	_	_	I:Colonization:FE:Homeland:G:260
32fd6260-c5f1-4d6e-bce4-c80bf9be58cd.xml.macaon	258	15	,	,	ponctw	ponctw	_	17	ponct	_	_
32fd6260-c5f1-4d6e-bce4-c80bf9be58cd.xml.macaon	259	16	sont	être	v	v	_	17	aux_tps	_	_
32fd6260-c5f1-4d6e-bce4-c80bf9be58cd.xml.macaon	260	17	peuplés	peupler	vppart	vppart	_	12	__JOKER__	_	_	B:Colonization:TARGET:peupler:G:260
32fd6260-c5f1-4d6e-bce4-c80bf9be58cd.xml.macaon	261	18	de	de	prep	prep	_	17	mod	_	_
32fd6260-c5f1-4d6e-bce4-c80bf9be58cd.xml.macaon	262	19	peuples	peuple	nc	nc	_	18	obj	_	_	B:Colonization:FE:Colonists:G:260
32fd6260-c5f1-4d6e-bce4-c80bf9be58cd.xml.macaon	263	20	celtes	celte	adj	adj	_	19	mod	_	_	I:Colonization:FE:Colonists:G:260
32fd6260-c5f1-4d6e-bce4-c80bf9be58cd.xml.macaon	264	21	que	que	csu	csu	_	19	mod	_	_
32fd6260-c5f1-4d6e-bce4-c80bf9be58cd.xml.macaon	265	22	les	le	det	det	_	23	det	_	_
32fd6260-c5f1-4d6e-bce4-c80bf9be58cd.xml.macaon	266	23	Romains	romain	nc	nc	_	24	suj	_	_
32fd6260-c5f1-4d6e-bce4-c80bf9be58cd.xml.macaon	267	24	appellent	appeler	v	v	_	21	obj	_	_	B:OTHER:G
32fd6260-c5f1-4d6e-bce4-c80bf9be58cd.xml.macaon	268	25	les	le	det	det	_	26	det	_	_
32fd6260-c5f1-4d6e-bce4-c80bf9be58cd.xml.macaon	269	26	Gaulois	Gaulois	np	np	_	19	mod	_	_
32fd6260-c5f1-4d6e-bce4-c80bf9be58cd.xml.macaon	270	27	.	.	poncts	poncts	_	17	ponct	_	_

32fd6260-c5f1-4d6e-bce4-c80bf9be58cd.xml.macaon	271	1	Les	les	det	det	_	2	det	_	_
32fd6260-c5f1-4d6e-bce4-c80bf9be58cd.xml.macaon	272	2	Gaulois	gaulois	nc	nc	_	4	suj	_	_
32fd6260-c5f1-4d6e-bce4-c80bf9be58cd.xml.macaon	273	3	sont	être	v	v	_	4	aux_tps	_	_
32fd6260-c5f1-4d6e-bce4-c80bf9be58cd.xml.macaon	274	4	divisés	diviser	vppart	vppart	_	_	_	_	_
32fd6260-c5f1-4d6e-bce4-c80bf9be58cd.xml.macaon	275	5	en	en	prep	prep	_	4	mod	_	_
32fd6260-c5f1-4d6e-bce4-c80bf9be58cd.xml.macaon	276	6	tribus	tribu	nc	nc	_	5	obj	_	_
32fd6260-c5f1-4d6e-bce4-c80bf9be58cd.xml.macaon	277	7	indépendantes	indépendant	adj	adj	_	6	mod	_	_
32fd6260-c5f1-4d6e-bce4-c80bf9be58cd.xml.macaon	278	8	et	et	coo	coo	_	7	coord	_	_
32fd6260-c5f1-4d6e-bce4-c80bf9be58cd.xml.macaon	279	9	rivales	rival	adj	adj	_	8	dep_coord	_	_
32fd6260-c5f1-4d6e-bce4-c80bf9be58cd.xml.macaon	280	10	.	.	poncts	poncts	_	4	__JOKER__	_	_

32fd6260-c5f1-4d6e-bce4-c80bf9be58cd.xml.macaon	281	1	Origine	Origine	np	np	_	_	_	_	_

32fd6260-c5f1-4d6e-bce4-c80bf9be58cd.xml.macaon	282	1	Il	il	cln	cln	_	2	suj	_	_
32fd6260-c5f1-4d6e-bce4-c80bf9be58cd.xml.macaon	283	2	est	être	v	v	_	_	_	_	_
32fd6260-c5f1-4d6e-bce4-c80bf9be58cd.xml.macaon	284	3	le	le	det	det	_	4	det	_	_
32fd6260-c5f1-4d6e-bce4-c80bf9be58cd.xml.macaon	285	4	fils	fil	nc	nc	_	2	ats	_	_
32fd6260-c5f1-4d6e-bce4-c80bf9be58cd.xml.macaon	286	5	de	de	prep	prep	_	4	dep	_	_
32fd6260-c5f1-4d6e-bce4-c80bf9be58cd.xml.macaon	287	6	Celtillos	Celtillos	np	np	_	5	obj	_	_
32fd6260-c5f1-4d6e-bce4-c80bf9be58cd.xml.macaon	288	7	,	,	ponctw	ponctw	_	4	ponct	_	_
32fd6260-c5f1-4d6e-bce4-c80bf9be58cd.xml.macaon	289	8	le	le	det	det	_	9	det	_	_
32fd6260-c5f1-4d6e-bce4-c80bf9be58cd.xml.macaon	290	9	chef	chef	nc	nc	_	2	obj	_	_
32fd6260-c5f1-4d6e-bce4-c80bf9be58cd.xml.macaon	291	10	de	de	prep	prep	_	9	dep	_	_
32fd6260-c5f1-4d6e-bce4-c80bf9be58cd.xml.macaon	292	11	la	le	det	det	_	12	det	_	_
32fd6260-c5f1-4d6e-bce4-c80bf9be58cd.xml.macaon	293	12	tribu	tribu	nc	nc	_	10	obj	_	_	B:Giving:FE:Donor:G:305
32fd6260-c5f1-4d6e-bce4-c80bf9be58cd.xml.macaon	294	13	des	des	prep	prep	_	12	dep	_	_	I:Giving:FE:Donor:G:305
32fd6260-c5f1-4d6e-bce4-c80bf9be58cd.xml.macaon	295	14	Arvernes	Arvernes	np	np	_	13	obj	_	_	I:Giving:FE:Donor:G:305
32fd6260-c5f1-4d6e-bce4-c80bf9be58cd.xml.macaon	296	15	(	(	ponctw	ponctw	_	14	ponct	_	_
32fd6260-c5f1-4d6e-bce4-c80bf9be58cd.xml.macaon	297	16	tribu	tribu	nc	nc	_	13	obj	_	_
32fd6260-c5f1-4d6e-bce4-c80bf9be58cd.xml.macaon	298	17	qui	qui	prorel	prorel	_	18	suj	_	_
32fd6260-c5f1-4d6e-bce4-c80bf9be58cd.xml.macaon	299	18	habite	habiter	v	v	_	16	mod_rel	_	_
32fd6260-c5f1-4d6e-bce4-c80bf9be58cd.xml.macaon	300	19	en	en	prep	prep	_	24	mod	_	_
32fd6260-c5f1-4d6e-bce4-c80bf9be58cd.xml.macaon	301	20	Auvergne	Auvergne	np	np	_	19	obj	_	_
32fd6260-c5f1-4d6e-bce4-c80bf9be58cd.xml.macaon	302	21	et	et	coo	coo	_	20	coord	_	_
32fd6260-c5f1-4d6e-bce4-c80bf9be58cd.xml.macaon	303	22	qui	qui	prorel	prorel	_	24	suj	_	_
32fd6260-c5f1-4d6e-bce4-c80bf9be58cd.xml.macaon	304	23	a	avoir	v	v	_	24	aux_tps	_	_
32fd6260-c5f1-4d6e-bce4-c80bf9be58cd.xml.macaon	305	24	donné	donner	vppart	vppart	_	16	mod_rel	_	_	B:Giving:TARGET:donner:G:305
32fd6260-c5f1-4d6e-bce4-c80bf9be58cd.xml.macaon	306	25	son	son	det	det	_	26	det	_	_	B:Giving:FE:Theme:G:305
32fd6260-c5f1-4d6e-bce4-c80bf9be58cd.xml.macaon	307	26	nom	nom	nc	nc	_	24	obj	_	_	I:Giving:FE:Theme:G:305
32fd6260-c5f1-4d6e-bce4-c80bf9be58cd.xml.macaon	308	27	à	à	prep	prep	_	24	mod	_	_	B:Giving:FE:Recipient:G:305
32fd6260-c5f1-4d6e-bce4-c80bf9be58cd.xml.macaon	309	28	cette	ce	det	det	_	29	det	_	_	I:Giving:FE:Recipient:G:305
32fd6260-c5f1-4d6e-bce4-c80bf9be58cd.xml.macaon	310	29	région	région	nc	nc	_	27	obj	_	_	I:Giving:FE:Recipient:G:305
32fd6260-c5f1-4d6e-bce4-c80bf9be58cd.xml.macaon	311	30	)	)	ponctw	ponctw	_	29	ponct	_	_
32fd6260-c5f1-4d6e-bce4-c80bf9be58cd.xml.macaon	312	31	.	.	poncts	poncts	_	2	__JOKER__	_	_

32fd6260-c5f1-4d6e-bce4-c80bf9be58cd.xml.macaon	313	1	Comme	comme	prep	prep	_	9	mod	_	_
32fd6260-c5f1-4d6e-bce4-c80bf9be58cd.xml.macaon	314	2	beaucoup#d'	beaucoup#de	det	det	_	3	det	_	_
32fd6260-c5f1-4d6e-bce4-c80bf9be58cd.xml.macaon	315	3	enfants	enfant	nc	nc	_	1	obj	_	_
32fd6260-c5f1-4d6e-bce4-c80bf9be58cd.xml.macaon	316	4	des	des	prep	prep	_	9	mod	_	_
32fd6260-c5f1-4d6e-bce4-c80bf9be58cd.xml.macaon	317	5	chefs	chef	nc	nc	_	4	obj	_	_
32fd6260-c5f1-4d6e-bce4-c80bf9be58cd.xml.macaon	318	6	gaulois	gaulois	adj	adj	_	5	mod	_	_
32fd6260-c5f1-4d6e-bce4-c80bf9be58cd.xml.macaon	319	7	Vercingétorix	Vercingétorix	np	np	_	4	obj	_	_
32fd6260-c5f1-4d6e-bce4-c80bf9be58cd.xml.macaon	320	8	a	avoir	v	v	_	9	aux_tps	_	_
32fd6260-c5f1-4d6e-bce4-c80bf9be58cd.xml.macaon	321	9	reçu	recevoir	vppart	vppart	_	_	_	_	_
32fd6260-c5f1-4d6e-bce4-c80bf9be58cd.xml.macaon	322	10	une	un	det	det	_	11	det	_	_
32fd6260-c5f1-4d6e-bce4-c80bf9be58cd.xml.macaon	323	11	éducation	éducation	nc	nc	_	9	obj	_	_
32fd6260-c5f1-4d6e-bce4-c80bf9be58cd.xml.macaon	324	12	"	"	ponctw	ponctw	_	9	ponct	_	_
32fd6260-c5f1-4d6e-bce4-c80bf9be58cd.xml.macaon	325	13	à	à	prep	prep	_	9	mod	_	_
32fd6260-c5f1-4d6e-bce4-c80bf9be58cd.xml.macaon	326	14	la	le	det	det	_	15	det	_	_
32fd6260-c5f1-4d6e-bce4-c80bf9be58cd.xml.macaon	327	15	romaine	romain	nc	nc	_	13	obj	_	_
32fd6260-c5f1-4d6e-bce4-c80bf9be58cd.xml.macaon	328	16	"	"	ponctw	ponctw	_	15	ponct	_	_
32fd6260-c5f1-4d6e-bce4-c80bf9be58cd.xml.macaon	329	17	.	.	poncts	poncts	_	9	ponct	_	_

32fd6260-c5f1-4d6e-bce4-c80bf9be58cd.xml.macaon	330	1	En	en	prep	prep	_	_	_	_	_
32fd6260-c5f1-4d6e-bce4-c80bf9be58cd.xml.macaon	331	2	58	58	det	det	_	3	det	_	_
32fd6260-c5f1-4d6e-bce4-c80bf9be58cd.xml.macaon	332	3	av.	av.	nc	nc	_	1	obj	_	_

32fd6260-c5f1-4d6e-bce4-c80bf9be58cd.xml.macaon	333	1	J.-C.	Jésus-Christ	np	np	_	4	__JOKER__	_	_
32fd6260-c5f1-4d6e-bce4-c80bf9be58cd.xml.macaon	334	2	,	,	ponctw	ponctw	_	1	ponct	_	_
32fd6260-c5f1-4d6e-bce4-c80bf9be58cd.xml.macaon	335	3	Vercingétorix	Vercingétorix	np	np	_	1	mod	_	_
32fd6260-c5f1-4d6e-bce4-c80bf9be58cd.xml.macaon	336	4	est	être	v	v	_	_	_	_	_
32fd6260-c5f1-4d6e-bce4-c80bf9be58cd.xml.macaon	337	5	un	un	det	det	_	7	det	_	_
32fd6260-c5f1-4d6e-bce4-c80bf9be58cd.xml.macaon	338	6	jeune	jeune	adj	adj	_	7	mod	_	_
32fd6260-c5f1-4d6e-bce4-c80bf9be58cd.xml.macaon	339	7	homme	homme	nc	nc	_	4	obj	_	_
32fd6260-c5f1-4d6e-bce4-c80bf9be58cd.xml.macaon	340	8	de#l'	de#l'	prep	prep	_	7	dep	_	_
32fd6260-c5f1-4d6e-bce4-c80bf9be58cd.xml.macaon	341	9	aristocratie	aristocratie	nc	nc	_	8	obj	_	_
32fd6260-c5f1-4d6e-bce4-c80bf9be58cd.xml.macaon	342	10	en#âge#de	en#âge#de	prep	prep	_	9	dep	_	_
32fd6260-c5f1-4d6e-bce4-c80bf9be58cd.xml.macaon	343	11	se	se	clr	clr	_	12	aff	_	_
32fd6260-c5f1-4d6e-bce4-c80bf9be58cd.xml.macaon	344	12	battre	battre	vinf	vinf	_	10	obj	_	_
32fd6260-c5f1-4d6e-bce4-c80bf9be58cd.xml.macaon	345	13	lorsque	lorsque	csu	csu	_	12	obj	_	_
32fd6260-c5f1-4d6e-bce4-c80bf9be58cd.xml.macaon	346	14	Jules	Jules	np	np	_	16	suj	_	_
32fd6260-c5f1-4d6e-bce4-c80bf9be58cd.xml.macaon	347	15	César	César	np	np	_	14	mod	_	_
32fd6260-c5f1-4d6e-bce4-c80bf9be58cd.xml.macaon	348	16	envahit	envahir	v	v	_	13	obj	_	_
32fd6260-c5f1-4d6e-bce4-c80bf9be58cd.xml.macaon	349	17	la	le	det	det	_	18	det	_	_
32fd6260-c5f1-4d6e-bce4-c80bf9be58cd.xml.macaon	350	18	Gaule	Gaule	np	np	_	16	__JOKER__	_	_
32fd6260-c5f1-4d6e-bce4-c80bf9be58cd.xml.macaon	351	19	à	à	prep	prep	_	12	a_obj	_	_
32fd6260-c5f1-4d6e-bce4-c80bf9be58cd.xml.macaon	352	20	la	le	det	det	_	21	det	_	_
32fd6260-c5f1-4d6e-bce4-c80bf9be58cd.xml.macaon	353	21	tête	tête	nc	nc	_	19	obj	_	_
32fd6260-c5f1-4d6e-bce4-c80bf9be58cd.xml.macaon	354	22	de	de	prep	prep	_	21	dep	_	_
32fd6260-c5f1-4d6e-bce4-c80bf9be58cd.xml.macaon	355	23	ses	son	det	det	_	24	det	_	_
32fd6260-c5f1-4d6e-bce4-c80bf9be58cd.xml.macaon	356	24	légions	légion	nc	nc	_	22	obj	_	_
32fd6260-c5f1-4d6e-bce4-c80bf9be58cd.xml.macaon	357	25	et	et	coo	coo	_	24	coord	_	_
32fd6260-c5f1-4d6e-bce4-c80bf9be58cd.xml.macaon	358	26	d'	un	det	det	_	28	det	_	_
32fd6260-c5f1-4d6e-bce4-c80bf9be58cd.xml.macaon	359	27	alliés	allié	adj	adj	_	28	mod	_	_
32fd6260-c5f1-4d6e-bce4-c80bf9be58cd.xml.macaon	360	28	gaulois	gaulois	nc	nc	_	25	dep_coord	_	_
32fd6260-c5f1-4d6e-bce4-c80bf9be58cd.xml.macaon	361	29	,	,	ponctw	ponctw	_	25	ponct	_	_
32fd6260-c5f1-4d6e-bce4-c80bf9be58cd.xml.macaon	362	30	pour	pour	prep	prep	_	24	dep	_	_
32fd6260-c5f1-4d6e-bce4-c80bf9be58cd.xml.macaon	363	31	la	la	clo	clo	_	32	__JOKER__	_	_
32fd6260-c5f1-4d6e-bce4-c80bf9be58cd.xml.macaon	364	32	rattacher	rattacher	vinf	vinf	_	30	obj	_	_
32fd6260-c5f1-4d6e-bce4-c80bf9be58cd.xml.macaon	365	33	à	à	prep	prep	_	32	a_obj	_	_
32fd6260-c5f1-4d6e-bce4-c80bf9be58cd.xml.macaon	366	34	Rome	Rome	np	np	_	33	obj	_	_
32fd6260-c5f1-4d6e-bce4-c80bf9be58cd.xml.macaon	367	35	.	.	poncts	poncts	_	4	__JOKER__	_	_

32fd6260-c5f1-4d6e-bce4-c80bf9be58cd.xml.macaon	368	1	César	César	np	np	_	2	suj	_	_
32fd6260-c5f1-4d6e-bce4-c80bf9be58cd.xml.macaon	369	2	veut	vouloir	v	v	_	_	_	_	_
32fd6260-c5f1-4d6e-bce4-c80bf9be58cd.xml.macaon	370	3	soumettre	soumettre	vinf	vinf	_	2	obj	_	_
32fd6260-c5f1-4d6e-bce4-c80bf9be58cd.xml.macaon	371	4	les	le	det	det	_	5	det	_	_
32fd6260-c5f1-4d6e-bce4-c80bf9be58cd.xml.macaon	372	5	tribus	tribu	nc	nc	_	3	obj	_	_
32fd6260-c5f1-4d6e-bce4-c80bf9be58cd.xml.macaon	373	6	gauloises	gaulois	adj	adj	_	5	mod	_	_
32fd6260-c5f1-4d6e-bce4-c80bf9be58cd.xml.macaon	374	7	à	à	prep	prep	_	3	a_obj	_	_
32fd6260-c5f1-4d6e-bce4-c80bf9be58cd.xml.macaon	375	8	l'	le	det	det	_	9	det	_	_
32fd6260-c5f1-4d6e-bce4-c80bf9be58cd.xml.macaon	376	9	autorité	autorité	nc	nc	_	7	obj	_	_
32fd6260-c5f1-4d6e-bce4-c80bf9be58cd.xml.macaon	377	10	de	de	prep	prep	_	9	dep	_	_
32fd6260-c5f1-4d6e-bce4-c80bf9be58cd.xml.macaon	378	11	Rome	Rome	np	np	_	10	obj	_	_
32fd6260-c5f1-4d6e-bce4-c80bf9be58cd.xml.macaon	379	12	pour	pour	prep	prep	_	3	mod	_	_
32fd6260-c5f1-4d6e-bce4-c80bf9be58cd.xml.macaon	380	13	servir	servir	vinf	vinf	_	12	obj	_	_
32fd6260-c5f1-4d6e-bce4-c80bf9be58cd.xml.macaon	381	14	sa	son	det	det	_	15	det	_	_
32fd6260-c5f1-4d6e-bce4-c80bf9be58cd.xml.macaon	382	15	gloire	gloire	nc	nc	_	13	obj	_	_
32fd6260-c5f1-4d6e-bce4-c80bf9be58cd.xml.macaon	383	16	et	et	coo	coo	_	15	coord	_	_
32fd6260-c5f1-4d6e-bce4-c80bf9be58cd.xml.macaon	384	17	confisquer	confisquer	vinf	vinf	_	16	__JOKER__	_	_
32fd6260-c5f1-4d6e-bce4-c80bf9be58cd.xml.macaon	385	18	leurs	son	det	det	_	20	det	_	_
32fd6260-c5f1-4d6e-bce4-c80bf9be58cd.xml.macaon	386	19	légendaires	légendaire	adj	adj	_	20	mod	_	_
32fd6260-c5f1-4d6e-bce4-c80bf9be58cd.xml.macaon	387	20	richesses	richesse	nc	nc	_	17	obj	_	_
32fd6260-c5f1-4d6e-bce4-c80bf9be58cd.xml.macaon	388	21	.	.	poncts	poncts	_	2	ponct	_	_

32fd6260-c5f1-4d6e-bce4-c80bf9be58cd.xml.macaon	389	1	Le	le	det	det	_	2	det	_	_
32fd6260-c5f1-4d6e-bce4-c80bf9be58cd.xml.macaon	390	2	chef	chef	nc	nc	_	_	_	_	_
32fd6260-c5f1-4d6e-bce4-c80bf9be58cd.xml.macaon	391	3	de	de	prep	prep	_	2	dep	_	_
32fd6260-c5f1-4d6e-bce4-c80bf9be58cd.xml.macaon	392	4	guerre	guerre	nc	nc	_	3	obj	_	_

32fd6260-c5f1-4d6e-bce4-c80bf9be58cd.xml.macaon	393	1	Vercingétorix	Vercingétorix	np	np	_	2	suj	_	_
32fd6260-c5f1-4d6e-bce4-c80bf9be58cd.xml.macaon	394	2	prend	prendre	v	v	_	_	_	_	_
32fd6260-c5f1-4d6e-bce4-c80bf9be58cd.xml.macaon	395	3	la	le	det	det	_	4	det	_	_
32fd6260-c5f1-4d6e-bce4-c80bf9be58cd.xml.macaon	396	4	suite	suite	nc	nc	_	2	obj	_	_
32fd6260-c5f1-4d6e-bce4-c80bf9be58cd.xml.macaon	397	5	de	de	prep	prep	_	4	dep	_	_
32fd6260-c5f1-4d6e-bce4-c80bf9be58cd.xml.macaon	398	6	son	son	det	det	_	7	det	_	_
32fd6260-c5f1-4d6e-bce4-c80bf9be58cd.xml.macaon	399	7	père	père	nc	nc	_	5	obj	_	_
32fd6260-c5f1-4d6e-bce4-c80bf9be58cd.xml.macaon	400	8	dans	dans	prep	prep	_	7	dep	_	_
32fd6260-c5f1-4d6e-bce4-c80bf9be58cd.xml.macaon	401	9	la	le	det	det	_	10	det	_	_
32fd6260-c5f1-4d6e-bce4-c80bf9be58cd.xml.macaon	402	10	lutte	lutte	nc	nc	_	8	obj	_	_
32fd6260-c5f1-4d6e-bce4-c80bf9be58cd.xml.macaon	403	11	contre	contre	prep	prep	_	10	dep	_	_
32fd6260-c5f1-4d6e-bce4-c80bf9be58cd.xml.macaon	404	12	les	le	det	det	_	13	det	_	_
32fd6260-c5f1-4d6e-bce4-c80bf9be58cd.xml.macaon	405	13	Romains	romain	nc	nc	_	11	obj	_	_
32fd6260-c5f1-4d6e-bce4-c80bf9be58cd.xml.macaon	406	14	.	.	poncts	poncts	_	2	ponct	_	_

32fd6260-c5f1-4d6e-bce4-c80bf9be58cd.xml.macaon	407	1	Il	il	cln	cln	_	2	suj	_	_	B:Seeking:FE:Cognizer_agent:G:408
32fd6260-c5f1-4d6e-bce4-c80bf9be58cd.xml.macaon	408	2	cherche	chercher	v	v	_	_	_	_	_	B:Seeking:TARGET:chercher:G:408
32fd6260-c5f1-4d6e-bce4-c80bf9be58cd.xml.macaon	409	3	à	à	prep	prep	_	2	obj	_	_	B:Seeking:FE:Sought_entity:G:408
32fd6260-c5f1-4d6e-bce4-c80bf9be58cd.xml.macaon	410	4	rassembler	rassembler	vinf	vinf	_	3	obj	_	_	I:Seeking:FE:Sought_entity:G:408
32fd6260-c5f1-4d6e-bce4-c80bf9be58cd.xml.macaon	411	5	toutes	tout	adj	adj	_	7	mod	_	_	I:Seeking:FE:Sought_entity:G:408
32fd6260-c5f1-4d6e-bce4-c80bf9be58cd.xml.macaon	412	6	les	le	det	det	_	7	det	_	_	I:Seeking:FE:Sought_entity:G:408
32fd6260-c5f1-4d6e-bce4-c80bf9be58cd.xml.macaon	413	7	tribus	tribu	nc	nc	_	4	obj	_	_	I:Seeking:FE:Sought_entity:G:408
32fd6260-c5f1-4d6e-bce4-c80bf9be58cd.xml.macaon	414	8	gauloises	gaulois	adj	adj	_	7	mod	_	_	I:Seeking:FE:Sought_entity:G:408
32fd6260-c5f1-4d6e-bce4-c80bf9be58cd.xml.macaon	415	9	pour	pour	prep	prep	_	4	mod	_	_	B:Seeking:FE:Purpose:G:408
32fd6260-c5f1-4d6e-bce4-c80bf9be58cd.xml.macaon	416	10	lutter	lutter	vinf	vinf	_	9	obj	_	_	I:Seeking:FE:Purpose:G:408
32fd6260-c5f1-4d6e-bce4-c80bf9be58cd.xml.macaon	417	11	contre	contre	prep	prep	_	10	mod	_	_	I:Seeking:FE:Purpose:G:408
32fd6260-c5f1-4d6e-bce4-c80bf9be58cd.xml.macaon	418	12	les	le	det	det	_	13	det	_	_	I:Seeking:FE:Purpose:G:408
32fd6260-c5f1-4d6e-bce4-c80bf9be58cd.xml.macaon	419	13	armées	armée	nc	nc	_	11	obj	_	_	I:Seeking:FE:Purpose:G:408
32fd6260-c5f1-4d6e-bce4-c80bf9be58cd.xml.macaon	420	14	de	de	prep	prep	_	13	dep	_	_	I:Seeking:FE:Purpose:G:408
32fd6260-c5f1-4d6e-bce4-c80bf9be58cd.xml.macaon	421	15	Jules	Jules	np	np	_	14	obj	_	_	I:Seeking:FE:Purpose:G:408
32fd6260-c5f1-4d6e-bce4-c80bf9be58cd.xml.macaon	422	16	César	César	np	np	_	14	obj	_	_	I:Seeking:FE:Purpose:G:408
32fd6260-c5f1-4d6e-bce4-c80bf9be58cd.xml.macaon	423	17	.	.	poncts	poncts	_	2	ponct	_	_

32fd6260-c5f1-4d6e-bce4-c80bf9be58cd.xml.macaon	424	1	Vercingétorix	Vercingétorix	np	np	_	2	suj	_	_	B:Finish_competition:FE:Competitor:G:427
32fd6260-c5f1-4d6e-bce4-c80bf9be58cd.xml.macaon	425	2	remporte	remporter	v	v	_	_	_	_	_
32fd6260-c5f1-4d6e-bce4-c80bf9be58cd.xml.macaon	426	3	une	un	det	det	_	4	det	_	_
32fd6260-c5f1-4d6e-bce4-c80bf9be58cd.xml.macaon	427	4	victoire	victoire	nc	nc	_	2	obj	_	_	B:Finish_competition:TARGET:victoire:G:427
32fd6260-c5f1-4d6e-bce4-c80bf9be58cd.xml.macaon	428	5	importante	important	adj	adj	_	4	mod	_	_
32fd6260-c5f1-4d6e-bce4-c80bf9be58cd.xml.macaon	429	6	contre	contre	prep	prep	_	2	mod	_	_
32fd6260-c5f1-4d6e-bce4-c80bf9be58cd.xml.macaon	430	7	les	le	det	det	_	8	det	_	_	B:Finish_competition:FE:Opponent:G:427
32fd6260-c5f1-4d6e-bce4-c80bf9be58cd.xml.macaon	431	8	Romains	romain	nc	nc	_	6	obj	_	_	I:Finish_competition:FE:Opponent:G:427
32fd6260-c5f1-4d6e-bce4-c80bf9be58cd.xml.macaon	432	9	lors#de	lors#de	prep	prep	_	8	dep	_	_
32fd6260-c5f1-4d6e-bce4-c80bf9be58cd.xml.macaon	433	10	la	le	det	det	_	11	det	_	_	B:Finish_competition:FE:Competition:G:427
32fd6260-c5f1-4d6e-bce4-c80bf9be58cd.xml.macaon	434	11	bataille	bataille	nc	nc	_	9	obj	_	_	I:Finish_competition:FE:Competition:G:427
32fd6260-c5f1-4d6e-bce4-c80bf9be58cd.xml.macaon	435	12	de	de	prep	prep	_	11	dep	_	_	I:Finish_competition:FE:Competition:G:427
32fd6260-c5f1-4d6e-bce4-c80bf9be58cd.xml.macaon	436	13	Gergovie	Gergovie	np	np	_	12	obj	_	_	I:Finish_competition:FE:Competition:G:427
32fd6260-c5f1-4d6e-bce4-c80bf9be58cd.xml.macaon	437	14	,	,	ponctw	ponctw	_	11	ponct	_	_
32fd6260-c5f1-4d6e-bce4-c80bf9be58cd.xml.macaon	438	15	en	en	prep	prep	_	11	dep	_	_
32fd6260-c5f1-4d6e-bce4-c80bf9be58cd.xml.macaon	439	16	52	52	det	det	_	17	det	_	_
32fd6260-c5f1-4d6e-bce4-c80bf9be58cd.xml.macaon	440	17	av.	av.	nc	nc	_	15	obj	_	_

32fd6260-c5f1-4d6e-bce4-c80bf9be58cd.xml.macaon	441	1	J.-C.	Jésus-Christ	np	np	_	_	_	_	_
32fd6260-c5f1-4d6e-bce4-c80bf9be58cd.xml.macaon	442	2	,	,	ponctw	ponctw	_	1	ponct	_	_
32fd6260-c5f1-4d6e-bce4-c80bf9be58cd.xml.macaon	443	3	grâce#à	grâce#à	prep	prep	_	1	dep	_	_
32fd6260-c5f1-4d6e-bce4-c80bf9be58cd.xml.macaon	444	4	une	un	det	det	_	5	det	_	_
32fd6260-c5f1-4d6e-bce4-c80bf9be58cd.xml.macaon	445	5	alliance	alliance	nc	nc	_	3	obj	_	_
32fd6260-c5f1-4d6e-bce4-c80bf9be58cd.xml.macaon	446	6	avec	avec	prep	prep	_	5	dep	_	_
32fd6260-c5f1-4d6e-bce4-c80bf9be58cd.xml.macaon	447	7	la	le	det	det	_	8	det	_	_
32fd6260-c5f1-4d6e-bce4-c80bf9be58cd.xml.macaon	448	8	tribu	tribu	nc	nc	_	6	obj	_	_
32fd6260-c5f1-4d6e-bce4-c80bf9be58cd.xml.macaon	449	9	des	des	prep	prep	_	8	dep	_	_
32fd6260-c5f1-4d6e-bce4-c80bf9be58cd.xml.macaon	450	10	Éduens	Éduens	nc	nc	_	9	obj	_	_
32fd6260-c5f1-4d6e-bce4-c80bf9be58cd.xml.macaon	451	11	qui	qui	prorel	prorel	_	12	suj	_	_
32fd6260-c5f1-4d6e-bce4-c80bf9be58cd.xml.macaon	452	12	vit	vivre	v	v	_	8	mod_rel	_	_
32fd6260-c5f1-4d6e-bce4-c80bf9be58cd.xml.macaon	453	13	dans	dans	prep	prep	_	12	mod	_	_
32fd6260-c5f1-4d6e-bce4-c80bf9be58cd.xml.macaon	454	14	le	le	det	det	_	15	det	_	_
32fd6260-c5f1-4d6e-bce4-c80bf9be58cd.xml.macaon	455	15	sud	sud	nc	nc	_	13	obj	_	_
32fd6260-c5f1-4d6e-bce4-c80bf9be58cd.xml.macaon	456	16	de	de	prep	prep	_	15	dep	_	_
32fd6260-c5f1-4d6e-bce4-c80bf9be58cd.xml.macaon	457	17	la	le	det	det	_	18	det	_	_
32fd6260-c5f1-4d6e-bce4-c80bf9be58cd.xml.macaon	458	18	Bourgogne	Bourgogne	np	np	_	16	obj	_	_
32fd6260-c5f1-4d6e-bce4-c80bf9be58cd.xml.macaon	459	19	actuelle	actuel	adj	adj	_	18	mod	_	_
32fd6260-c5f1-4d6e-bce4-c80bf9be58cd.xml.macaon	460	20	.	.	poncts	poncts	_	12	ponct	_	_

32fd6260-c5f1-4d6e-bce4-c80bf9be58cd.xml.macaon	461	1	Il	il	cln	cln	_	2	suj	_	_	B:Finish_competition:FE:Competitor:G:465
32fd6260-c5f1-4d6e-bce4-c80bf9be58cd.xml.macaon	462	2	remporte	remporter	v	v	_	_	_	_	_
32fd6260-c5f1-4d6e-bce4-c80bf9be58cd.xml.macaon	463	3	une	un	det	det	_	5	det	_	_
32fd6260-c5f1-4d6e-bce4-c80bf9be58cd.xml.macaon	464	4	autre	autre	adj	adj	_	5	mod	_	_
32fd6260-c5f1-4d6e-bce4-c80bf9be58cd.xml.macaon	465	5	victoire	victoire	nc	nc	_	2	obj	_	_	B:Finish_competition:TARGET:victoire:G:465
32fd6260-c5f1-4d6e-bce4-c80bf9be58cd.xml.macaon	466	6	importante	important	adj	adj	_	5	mod	_	_
32fd6260-c5f1-4d6e-bce4-c80bf9be58cd.xml.macaon	467	7	à	à	prep	prep	_	2	mod	_	_	B:Finish_competition:FE:Place:G:465
32fd6260-c5f1-4d6e-bce4-c80bf9be58cd.xml.macaon	468	8	Bibracte	Bibracte	np	np	_	7	obj	_	_	I:Finish_competition:FE:Place:G:465
32fd6260-c5f1-4d6e-bce4-c80bf9be58cd.xml.macaon	469	9	,	,	ponctw	ponctw	_	2	ponct	_	_	I:Finish_competition:FE:Place:G:465
32fd6260-c5f1-4d6e-bce4-c80bf9be58cd.xml.macaon	470	10	dans	dans	prep	prep	_	2	mod	_	_	I:Finish_competition:FE:Place:G:465
32fd6260-c5f1-4d6e-bce4-c80bf9be58cd.xml.macaon	471	11	le	le	det	det	_	12	det	_	_	I:Finish_competition:FE:Place:G:465
32fd6260-c5f1-4d6e-bce4-c80bf9be58cd.xml.macaon	472	12	Morvan	Morvan	np	np	_	10	obj	_	_	I:Finish_competition:FE:Place:G:465
32fd6260-c5f1-4d6e-bce4-c80bf9be58cd.xml.macaon	473	13	.	.	poncts	poncts	_	2	ponct	_	_

32fd6260-c5f1-4d6e-bce4-c80bf9be58cd.xml.macaon	474	1	Mais	mais	coo	coo	_	_	_	_	_
32fd6260-c5f1-4d6e-bce4-c80bf9be58cd.xml.macaon	475	2	ensuite	ensuite	adv	adv	_	1	mod	_	_
32fd6260-c5f1-4d6e-bce4-c80bf9be58cd.xml.macaon	476	3	Jules	Jules	np	np	_	1	dep_coord	_	_
32fd6260-c5f1-4d6e-bce4-c80bf9be58cd.xml.macaon	477	4	César	César	np	np	_	3	mod	_	_
32fd6260-c5f1-4d6e-bce4-c80bf9be58cd.xml.macaon	478	5	l'	l'	clo	clo	_	6	__JOKER__	_	_
32fd6260-c5f1-4d6e-bce4-c80bf9be58cd.xml.macaon	479	6	encercle	encercler	v	v	_	1	dep_coord	_	_
32fd6260-c5f1-4d6e-bce4-c80bf9be58cd.xml.macaon	480	7	sur	sur	prep	prep	_	6	mod	_	_
32fd6260-c5f1-4d6e-bce4-c80bf9be58cd.xml.macaon	481	8	un	un	det	det	_	9	det	_	_
32fd6260-c5f1-4d6e-bce4-c80bf9be58cd.xml.macaon	482	9	oppidum	oppidum	nc	nc	_	7	obj	_	_
32fd6260-c5f1-4d6e-bce4-c80bf9be58cd.xml.macaon	483	10	(	(	ponctw	ponctw	_	9	ponct	_	_
32fd6260-c5f1-4d6e-bce4-c80bf9be58cd.xml.macaon	484	11	un	un	det	det	_	12	det	_	_
32fd6260-c5f1-4d6e-bce4-c80bf9be58cd.xml.macaon	485	12	camp	camp	nc	nc	_	7	obj	_	_
32fd6260-c5f1-4d6e-bce4-c80bf9be58cd.xml.macaon	486	13	militaire	militaire	adj	adj	_	12	mod	_	_
32fd6260-c5f1-4d6e-bce4-c80bf9be58cd.xml.macaon	487	14	sur	sur	prep	prep	_	12	dep	_	_
32fd6260-c5f1-4d6e-bce4-c80bf9be58cd.xml.macaon	488	15	une	un	det	det	_	16	det	_	_
32fd6260-c5f1-4d6e-bce4-c80bf9be58cd.xml.macaon	489	16	colline	colline	nc	nc	_	14	obj	_	_
32fd6260-c5f1-4d6e-bce4-c80bf9be58cd.xml.macaon	490	17	)	)	ponctw	ponctw	_	16	ponct	_	_
32fd6260-c5f1-4d6e-bce4-c80bf9be58cd.xml.macaon	491	18	,	,	ponctw	ponctw	_	16	ponct	_	_
32fd6260-c5f1-4d6e-bce4-c80bf9be58cd.xml.macaon	492	19	à	à	prep	prep	_	16	dep	_	_
32fd6260-c5f1-4d6e-bce4-c80bf9be58cd.xml.macaon	493	20	Alésia	Alésia	np	np	_	19	obj	_	_
32fd6260-c5f1-4d6e-bce4-c80bf9be58cd.xml.macaon	494	21	.	.	poncts	poncts	_	6	ponct	_	_

32fd6260-c5f1-4d6e-bce4-c80bf9be58cd.xml.macaon	495	1	Après	après	prep	prep	_	25	__JOKER__	_	_
32fd6260-c5f1-4d6e-bce4-c80bf9be58cd.xml.macaon	496	2	un	un	det	det	_	4	det	_	_
32fd6260-c5f1-4d6e-bce4-c80bf9be58cd.xml.macaon	497	3	long	long	adj	adj	_	4	mod	_	_
32fd6260-c5f1-4d6e-bce4-c80bf9be58cd.xml.macaon	498	4	siège	siège	nc	nc	_	1	obj	_	_
32fd6260-c5f1-4d6e-bce4-c80bf9be58cd.xml.macaon	499	5	,	,	ponctw	ponctw	_	4	ponct	_	_
32fd6260-c5f1-4d6e-bce4-c80bf9be58cd.xml.macaon	500	6	lors	lors	adv	adv	_	4	mod	_	_
32fd6260-c5f1-4d6e-bce4-c80bf9be58cd.xml.macaon	501	7	duquel	duquel	prep	prep	_	4	dep	_	_
32fd6260-c5f1-4d6e-bce4-c80bf9be58cd.xml.macaon	502	8	la	le	det	det	_	9	det	_	_	B:Deciding:FE:Explanation:G:520
32fd6260-c5f1-4d6e-bce4-c80bf9be58cd.xml.macaon	503	9	population	population	nc	nc	_	7	obj	_	_	I:Deciding:FE:Explanation:G:520
32fd6260-c5f1-4d6e-bce4-c80bf9be58cd.xml.macaon	504	10	gauloise	gaulois	adj	adj	_	9	mod	_	_	I:Deciding:FE:Explanation:G:520
32fd6260-c5f1-4d6e-bce4-c80bf9be58cd.xml.macaon	505	11	d'	de	prep	prep	_	9	dep	_	_	I:Deciding:FE:Explanation:G:520
32fd6260-c5f1-4d6e-bce4-c80bf9be58cd.xml.macaon	506	12	Alésia	Alésia	np	np	_	11	obj	_	_	I:Deciding:FE:Explanation:G:520
32fd6260-c5f1-4d6e-bce4-c80bf9be58cd.xml.macaon	507	13	est	être	v	v	_	14	aux_tps	_	_	I:Deciding:FE:Explanation:G:520
32fd6260-c5f1-4d6e-bce4-c80bf9be58cd.xml.macaon	508	14	privée	priver	vppart	vppart	_	11	obj	_	_	I:Deciding:FE:Explanation:G:520
32fd6260-c5f1-4d6e-bce4-c80bf9be58cd.xml.macaon	509	15	de	de	prep	prep	_	14	mod	_	_	I:Deciding:FE:Explanation:G:520
32fd6260-c5f1-4d6e-bce4-c80bf9be58cd.xml.macaon	510	16	nourriture	nourriture	nc	nc	_	15	obj	_	_	I:Deciding:FE:Explanation:G:520
32fd6260-c5f1-4d6e-bce4-c80bf9be58cd.xml.macaon	511	17	à#cause#de	à#cause#de	prep	prep	_	14	mod	_	_
32fd6260-c5f1-4d6e-bce4-c80bf9be58cd.xml.macaon	512	18	l'	le	det	det	_	19	det	_	_
32fd6260-c5f1-4d6e-bce4-c80bf9be58cd.xml.macaon	513	19	encerclement	encerclement	nc	nc	_	17	obj	_	_
32fd6260-c5f1-4d6e-bce4-c80bf9be58cd.xml.macaon	514	20	fait	faire	vppart	vppart	_	19	mod	_	_
32fd6260-c5f1-4d6e-bce4-c80bf9be58cd.xml.macaon	515	21	par	par	prep	prep	_	20	p_obj	_	_
32fd6260-c5f1-4d6e-bce4-c80bf9be58cd.xml.macaon	516	22	les	le	det	det	_	23	det	_	_
32fd6260-c5f1-4d6e-bce4-c80bf9be58cd.xml.macaon	517	23	Romains	romain	nc	nc	_	21	obj	_	_
32fd6260-c5f1-4d6e-bce4-c80bf9be58cd.xml.macaon	518	24	,	,	ponctw	ponctw	_	23	ponct	_	_
32fd6260-c5f1-4d6e-bce4-c80bf9be58cd.xml.macaon	519	25	Vercingétorix	Vercingétorix	np	np	_	26	suj	_	_	B:Deciding:FE:Cognizer:G:520
32fd6260-c5f1-4d6e-bce4-c80bf9be58cd.xml.macaon	520	26	décide	décider	v	v	_	_	_	_	_	B:Deciding:TARGET:décider:G:520
32fd6260-c5f1-4d6e-bce4-c80bf9be58cd.xml.macaon	521	27	de	de	prep	prep	_	26	de_obj	_	_	B:Deciding:FE:Decision:G:520
32fd6260-c5f1-4d6e-bce4-c80bf9be58cd.xml.macaon	522	28	se	se	clr	clr	_	29	aff	_	_	I:Deciding:FE:Decision:G:520
32fd6260-c5f1-4d6e-bce4-c80bf9be58cd.xml.macaon	523	29	rendre	rendre	vinf	vinf	_	27	obj	_	_	I:Deciding:FE:Decision:G:520
32fd6260-c5f1-4d6e-bce4-c80bf9be58cd.xml.macaon	524	30	à	à	prep	prep	_	29	mod	_	_	I:Deciding:FE:Decision:G:520
32fd6260-c5f1-4d6e-bce4-c80bf9be58cd.xml.macaon	525	31	Jules	Jules	np	np	_	30	obj	_	_	I:Deciding:FE:Decision:G:520
32fd6260-c5f1-4d6e-bce4-c80bf9be58cd.xml.macaon	526	32	César	César	np	np	_	30	obj	_	_	I:Deciding:FE:Decision:G:520
32fd6260-c5f1-4d6e-bce4-c80bf9be58cd.xml.macaon	527	33	en	en	prep	prep	_	29	mod	_	_
32fd6260-c5f1-4d6e-bce4-c80bf9be58cd.xml.macaon	528	34	52	52	det	det	_	35	det	_	_
32fd6260-c5f1-4d6e-bce4-c80bf9be58cd.xml.macaon	529	35	av.	av.	nc	nc	_	33	obj	_	_

32fd6260-c5f1-4d6e-bce4-c80bf9be58cd.xml.macaon	530	1	J.-C.	Jésus-Christ	np	np	_	_	_	_	_
32fd6260-c5f1-4d6e-bce4-c80bf9be58cd.xml.macaon	531	2	.	.	poncts	poncts	_	1	__JOKER__	_	_

32fd6260-c5f1-4d6e-bce4-c80bf9be58cd.xml.macaon	532	1	Il	il	cln	cln	_	4	suj	_	_
32fd6260-c5f1-4d6e-bce4-c80bf9be58cd.xml.macaon	533	2	est	être	v	v	_	4	aux_tps	_	_
32fd6260-c5f1-4d6e-bce4-c80bf9be58cd.xml.macaon	534	3	alors	alors	adv	adv	_	4	mod	_	_
32fd6260-c5f1-4d6e-bce4-c80bf9be58cd.xml.macaon	535	4	fait	faire	vppart	vppart	_	_	_	_	_
32fd6260-c5f1-4d6e-bce4-c80bf9be58cd.xml.macaon	536	5	prisonnier	prisonnier	adj	adj	_	4	ats	_	_
32fd6260-c5f1-4d6e-bce4-c80bf9be58cd.xml.macaon	537	6	.	.	poncts	poncts	_	4	ponct	_	_

32fd6260-c5f1-4d6e-bce4-c80bf9be58cd.xml.macaon	538	1	César	César	np	np	_	9	__JOKER__	_	_
32fd6260-c5f1-4d6e-bce4-c80bf9be58cd.xml.macaon	539	2	le	le	clo	clo	_	3	__JOKER__	_	_
32fd6260-c5f1-4d6e-bce4-c80bf9be58cd.xml.macaon	540	3	ramène	ramener	v	v	_	1	mod_rel	_	_
32fd6260-c5f1-4d6e-bce4-c80bf9be58cd.xml.macaon	541	4	à	à	prep	prep	_	9	mod	_	_
32fd6260-c5f1-4d6e-bce4-c80bf9be58cd.xml.macaon	542	5	Rome	Rome	np	np	_	4	obj	_	_
32fd6260-c5f1-4d6e-bce4-c80bf9be58cd.xml.macaon	543	6	où	où	prorel	prorel	_	9	suj	_	_
32fd6260-c5f1-4d6e-bce4-c80bf9be58cd.xml.macaon	544	7	il	il	cln	cln	_	9	suj	_	_
32fd6260-c5f1-4d6e-bce4-c80bf9be58cd.xml.macaon	545	8	est	être	v	v	_	9	aux_tps	_	_
32fd6260-c5f1-4d6e-bce4-c80bf9be58cd.xml.macaon	546	9	emprisonné	emprisonner	vppart	vppart	_	_	_	_	_
32fd6260-c5f1-4d6e-bce4-c80bf9be58cd.xml.macaon	547	10	.	.	poncts	poncts	_	9	ponct	_	_

32fd6260-c5f1-4d6e-bce4-c80bf9be58cd.xml.macaon	548	1	Il	il	cln	cln	_	2	suj	_	_
32fd6260-c5f1-4d6e-bce4-c80bf9be58cd.xml.macaon	549	2	figure	figurer	v	v	_	_	_	_	_
32fd6260-c5f1-4d6e-bce4-c80bf9be58cd.xml.macaon	550	3	comme	comme	prep	prep	_	2	mod	_	_
32fd6260-c5f1-4d6e-bce4-c80bf9be58cd.xml.macaon	551	4	prisonnier	prisonnier	nc	nc	_	3	obj	_	_
32fd6260-c5f1-4d6e-bce4-c80bf9be58cd.xml.macaon	552	5	de	de	prep	prep	_	4	dep	_	_
32fd6260-c5f1-4d6e-bce4-c80bf9be58cd.xml.macaon	553	6	guerre	guerre	nc	nc	_	5	obj	_	_
32fd6260-c5f1-4d6e-bce4-c80bf9be58cd.xml.macaon	554	7	dans	dans	prep	prep	_	2	mod	_	_
32fd6260-c5f1-4d6e-bce4-c80bf9be58cd.xml.macaon	555	8	le	le	det	det	_	9	det	_	_
32fd6260-c5f1-4d6e-bce4-c80bf9be58cd.xml.macaon	556	9	triomphe	triomphe	nc	nc	_	7	obj	_	_
32fd6260-c5f1-4d6e-bce4-c80bf9be58cd.xml.macaon	557	10	célébré	célébrer	vppart	vppart	_	9	mod	_	_
32fd6260-c5f1-4d6e-bce4-c80bf9be58cd.xml.macaon	558	11	en	en	prep	prep	_	10	mod	_	_
32fd6260-c5f1-4d6e-bce4-c80bf9be58cd.xml.macaon	559	12	l'	le	det	det	_	13	det	_	_
32fd6260-c5f1-4d6e-bce4-c80bf9be58cd.xml.macaon	560	13	honneur	honneur	nc	nc	_	11	obj	_	_
32fd6260-c5f1-4d6e-bce4-c80bf9be58cd.xml.macaon	561	14	de	de	prep	prep	_	13	dep	_	_
32fd6260-c5f1-4d6e-bce4-c80bf9be58cd.xml.macaon	562	15	César	César	np	np	_	14	obj	_	_
32fd6260-c5f1-4d6e-bce4-c80bf9be58cd.xml.macaon	563	16	.	.	poncts	poncts	_	2	ponct	_	_

32fd6260-c5f1-4d6e-bce4-c80bf9be58cd.xml.macaon	564	1	Il	il	cln	cln	_	4	suj	_	_
32fd6260-c5f1-4d6e-bce4-c80bf9be58cd.xml.macaon	565	2	est	être	v	v	_	4	aux_tps	_	_
32fd6260-c5f1-4d6e-bce4-c80bf9be58cd.xml.macaon	566	3	ensuite	ensuite	adv	adv	_	4	mod	_	_
32fd6260-c5f1-4d6e-bce4-c80bf9be58cd.xml.macaon	567	4	assassiné	assassiner	vppart	vppart	_	_	_	_	_
32fd6260-c5f1-4d6e-bce4-c80bf9be58cd.xml.macaon	568	5	en	en	prep	prep	_	4	mod	_	_
32fd6260-c5f1-4d6e-bce4-c80bf9be58cd.xml.macaon	569	6	août	août	nc	nc	_	5	obj	_	_
32fd6260-c5f1-4d6e-bce4-c80bf9be58cd.xml.macaon	570	7	46	46	det	det	_	8	det	_	_
32fd6260-c5f1-4d6e-bce4-c80bf9be58cd.xml.macaon	571	8	av.	av.	nc	nc	_	6	mod	_	_

32fd6260-c5f1-4d6e-bce4-c80bf9be58cd.xml.macaon	572	1	J.-C.	Jésus-Christ	np	np	_	_	_	_	_
32fd6260-c5f1-4d6e-bce4-c80bf9be58cd.xml.macaon	573	2	.	.	poncts	poncts	_	1	__JOKER__	_	_

32fd6260-c5f1-4d6e-bce4-c80bf9be58cd.xml.macaon	574	1	Le	le	det	det	_	2	det	_	_
32fd6260-c5f1-4d6e-bce4-c80bf9be58cd.xml.macaon	575	2	symbole	symbole	nc	nc	_	_	_	_	_
32fd6260-c5f1-4d6e-bce4-c80bf9be58cd.xml.macaon	576	3	de	de	prep	prep	_	2	dep	_	_
32fd6260-c5f1-4d6e-bce4-c80bf9be58cd.xml.macaon	577	4	la	le	det	det	_	5	det	_	_
32fd6260-c5f1-4d6e-bce4-c80bf9be58cd.xml.macaon	578	5	résistance	résistance	nc	nc	_	3	obj	_	_

32fd6260-c5f1-4d6e-bce4-c80bf9be58cd.xml.macaon	579	1	Vercingétorix	Vercingétorix	np	np	_	2	suj	_	_	B:Scrutiny:FE:Phenomenon:G:603
32fd6260-c5f1-4d6e-bce4-c80bf9be58cd.xml.macaon	580	2	a	avoir	v	v	_	5	aux_tps	_	_
32fd6260-c5f1-4d6e-bce4-c80bf9be58cd.xml.macaon	581	3	été	être	vppart	vppart	_	5	aux_pass	_	_
32fd6260-c5f1-4d6e-bce4-c80bf9be58cd.xml.macaon	582	4	un#peu	un#peu	adv	adv	_	5	mod	_	_
32fd6260-c5f1-4d6e-bce4-c80bf9be58cd.xml.macaon	583	5	oublié	oublier	vppart	vppart	_	_	_	_	_
32fd6260-c5f1-4d6e-bce4-c80bf9be58cd.xml.macaon	584	6	dans	dans	prep	prep	_	5	mod	_	_
32fd6260-c5f1-4d6e-bce4-c80bf9be58cd.xml.macaon	585	7	l'	le	det	det	_	8	det	_	_
32fd6260-c5f1-4d6e-bce4-c80bf9be58cd.xml.macaon	586	8	histoire#de	histoire#de	nc	nc	_	6	obj	_	_
32fd6260-c5f1-4d6e-bce4-c80bf9be58cd.xml.macaon	587	9	France	France	np	np	_	6	obj	_	_
32fd6260-c5f1-4d6e-bce4-c80bf9be58cd.xml.macaon	588	10	jusqu'	jusque	prep	prep	_	5	mod	_	_
32fd6260-c5f1-4d6e-bce4-c80bf9be58cd.xml.macaon	589	11	au	au	prep	prep	_	10	obj	_	_
32fd6260-c5f1-4d6e-bce4-c80bf9be58cd.xml.macaon	590	12	milieu	milieu	nc	nc	_	11	obj	_	_
32fd6260-c5f1-4d6e-bce4-c80bf9be58cd.xml.macaon	591	13	du	du	prep	prep	_	12	dep	_	_
32fd6260-c5f1-4d6e-bce4-c80bf9be58cd.xml.macaon	592	14	XIXe	XIXe	adj	adj	_	15	mod	_	_
32fd6260-c5f1-4d6e-bce4-c80bf9be58cd.xml.macaon	593	15	siècle	siècle	nc	nc	_	13	obj	_	_
32fd6260-c5f1-4d6e-bce4-c80bf9be58cd.xml.macaon	594	16	,	,	ponctw	ponctw	_	15	ponct	_	_
32fd6260-c5f1-4d6e-bce4-c80bf9be58cd.xml.macaon	595	17	quand	quand	csu	csu	_	15	mod	_	_
32fd6260-c5f1-4d6e-bce4-c80bf9be58cd.xml.macaon	596	18	des	un	det	det	_	19	det	_	_	B:Scrutiny:FE:Cognizer:G:603
32fd6260-c5f1-4d6e-bce4-c80bf9be58cd.xml.macaon	597	19	archéologues	archéologue	nc	nc	_	17	obj	_	_	I:Scrutiny:FE:Cognizer:G:603
32fd6260-c5f1-4d6e-bce4-c80bf9be58cd.xml.macaon	598	20	et	et	coo	coo	_	19	coord	_	_	I:Scrutiny:FE:Cognizer:G:603
32fd6260-c5f1-4d6e-bce4-c80bf9be58cd.xml.macaon	599	21	des	des	prep	prep	_	20	dep_coord	_	_	I:Scrutiny:FE:Cognizer:G:603
32fd6260-c5f1-4d6e-bce4-c80bf9be58cd.xml.macaon	600	22	historiens	historien	nc	nc	_	21	obj	_	_	I:Scrutiny:FE:Cognizer:G:603
32fd6260-c5f1-4d6e-bce4-c80bf9be58cd.xml.macaon	601	23	font	faire	v	v	_	17	obj	_	_
32fd6260-c5f1-4d6e-bce4-c80bf9be58cd.xml.macaon	602	24	des	un	det	det	_	25	det	_	_
32fd6260-c5f1-4d6e-bce4-c80bf9be58cd.xml.macaon	603	25	recherches	recherche	nc	nc	_	23	obj	_	_	B:Scrutiny:TARGET:recherche:G:603
32fd6260-c5f1-4d6e-bce4-c80bf9be58cd.xml.macaon	604	26	sur	sur	prep	prep	_	25	dep	_	_
32fd6260-c5f1-4d6e-bce4-c80bf9be58cd.xml.macaon	605	27	lui	lui	pro	pro	_	26	obj	_	_	B:Scrutiny:FE:Phenomenon:G:603
32fd6260-c5f1-4d6e-bce4-c80bf9be58cd.xml.macaon	606	28	et	et	coo	coo	_	26	coord	_	_
32fd6260-c5f1-4d6e-bce4-c80bf9be58cd.xml.macaon	607	29	sur	sur	prep	prep	_	28	dep_coord	_	_
32fd6260-c5f1-4d6e-bce4-c80bf9be58cd.xml.macaon	608	30	le	le	det	det	_	31	det	_	_	B:Scrutiny:FE:Phenomenon:G:603
32fd6260-c5f1-4d6e-bce4-c80bf9be58cd.xml.macaon	609	31	siège	siège	nc	nc	_	29	obj	_	_	I:Scrutiny:FE:Phenomenon:G:603
32fd6260-c5f1-4d6e-bce4-c80bf9be58cd.xml.macaon	610	32	d'	de	prep	prep	_	31	dep	_	_	I:Scrutiny:FE:Phenomenon:G:603
32fd6260-c5f1-4d6e-bce4-c80bf9be58cd.xml.macaon	611	33	Alésia	Alésia	np	np	_	32	obj	_	_	I:Scrutiny:FE:Phenomenon:G:603
32fd6260-c5f1-4d6e-bce4-c80bf9be58cd.xml.macaon	612	34	.	.	poncts	poncts	_	5	ponct	_	_

32fd6260-c5f1-4d6e-bce4-c80bf9be58cd.xml.macaon	613	1	Il	il	cln	cln	_	2	suj	_	_	B:Becoming:FE:Entity:G:614
32fd6260-c5f1-4d6e-bce4-c80bf9be58cd.xml.macaon	614	2	devient	devenir	v	v	_	_	_	_	_	B:Becoming:TARGET:devenir:G:614
32fd6260-c5f1-4d6e-bce4-c80bf9be58cd.xml.macaon	615	3	alors	alors	adv	adv	_	2	mod	_	_
32fd6260-c5f1-4d6e-bce4-c80bf9be58cd.xml.macaon	616	4	un	un	det	det	_	2	__JOKER__	_	_	B:Becoming:FE:Final_category:G:614	B:Awareness:FE:Content:G:621
32fd6260-c5f1-4d6e-bce4-c80bf9be58cd.xml.macaon	617	5	des	des	prep	prep	_	2	mod	_	_	I:Becoming:FE:Final_category:G:614	I:Awareness:FE:Content:G:621
32fd6260-c5f1-4d6e-bce4-c80bf9be58cd.xml.macaon	618	6	personnages	personnage	nc	nc	_	5	obj	_	_	I:Becoming:FE:Final_category:G:614	I:Awareness:FE:Content:G:621
32fd6260-c5f1-4d6e-bce4-c80bf9be58cd.xml.macaon	619	7	les	le	det	det	_	9	__JOKER__	_	_	I:Becoming:FE:Final_category:G:614
32fd6260-c5f1-4d6e-bce4-c80bf9be58cd.xml.macaon	620	8	plus	plus	adv	adv	_	9	mod	_	_	I:Becoming:FE:Final_category:G:614
32fd6260-c5f1-4d6e-bce4-c80bf9be58cd.xml.macaon	621	9	connus	connaître	vppart	vppart	_	6	mod	_	_	I:Becoming:FE:Final_category:G:614	B:Awareness:TARGET:connaître:G:621
32fd6260-c5f1-4d6e-bce4-c80bf9be58cd.xml.macaon	622	10	de#l'	de#l'	prep	prep	_	9	mod	_	_	I:Becoming:FE:Final_category:G:614	B:Awareness:FE:Topic:G:621
32fd6260-c5f1-4d6e-bce4-c80bf9be58cd.xml.macaon	623	11	histoire#de	histoire#de	nc	nc	_	10	obj	_	_	I:Becoming:FE:Final_category:G:614	I:Awareness:FE:Topic:G:621
32fd6260-c5f1-4d6e-bce4-c80bf9be58cd.xml.macaon	624	12	France	France	np	np	_	11	mod	_	_	I:Becoming:FE:Final_category:G:614	I:Awareness:FE:Topic:G:621
32fd6260-c5f1-4d6e-bce4-c80bf9be58cd.xml.macaon	625	13	.	.	poncts	poncts	_	2	ponct	_	_

32fd6260-c5f1-4d6e-bce4-c80bf9be58cd.xml.macaon	626	1	Cependant	cependant	adv	adv	_	4	mod	_	_
32fd6260-c5f1-4d6e-bce4-c80bf9be58cd.xml.macaon	627	2	,	,	ponctw	ponctw	_	4	ponct	_	_
32fd6260-c5f1-4d6e-bce4-c80bf9be58cd.xml.macaon	628	3	on	on	cln	cln	_	4	suj	_	_
32fd6260-c5f1-4d6e-bce4-c80bf9be58cd.xml.macaon	629	4	sait	savoir	v	v	_	_	_	_	_
32fd6260-c5f1-4d6e-bce4-c80bf9be58cd.xml.macaon	630	5	très	très	adv	adv	_	4	mod	_	_
32fd6260-c5f1-4d6e-bce4-c80bf9be58cd.xml.macaon	631	6	peu#de#chose	peu#de#chose	v	v	_	4	__JOKER__	_	_
32fd6260-c5f1-4d6e-bce4-c80bf9be58cd.xml.macaon	632	7	sur	sur	prep	prep	_	4	mod	_	_
32fd6260-c5f1-4d6e-bce4-c80bf9be58cd.xml.macaon	633	8	lui	lui	pro	pro	_	7	obj	_	_	B:Statement:FE:Topic:G:643
32fd6260-c5f1-4d6e-bce4-c80bf9be58cd.xml.macaon	634	9	,	,	ponctw	ponctw	_	4	ponct	_	_
32fd6260-c5f1-4d6e-bce4-c80bf9be58cd.xml.macaon	635	10	parce#que	parce#que	csu	csu	_	4	mod	_	_
32fd6260-c5f1-4d6e-bce4-c80bf9be58cd.xml.macaon	636	11	les	le	det	det	_	13	det	_	_	B:Statement:FE:Medium:G:643
32fd6260-c5f1-4d6e-bce4-c80bf9be58cd.xml.macaon	637	12	seuls	seul	adj	adj	_	13	mod	_	_	I:Statement:FE:Medium:G:643
32fd6260-c5f1-4d6e-bce4-c80bf9be58cd.xml.macaon	638	13	textes	texte	nc	nc	_	10	obj	_	_	I:Statement:FE:Medium:G:643
32fd6260-c5f1-4d6e-bce4-c80bf9be58cd.xml.macaon	639	14	qui	qui	prorel	prorel	_	18	suj	_	_
32fd6260-c5f1-4d6e-bce4-c80bf9be58cd.xml.macaon	640	15	en	en	clo	clo	_	18	a_obj	_	_
32fd6260-c5f1-4d6e-bce4-c80bf9be58cd.xml.macaon	641	16	parlent	parler	v	v	_	18	aux_tps	_	_
32fd6260-c5f1-4d6e-bce4-c80bf9be58cd.xml.macaon	642	17	sont	être	v	v	_	18	aux_tps	_	_
32fd6260-c5f1-4d6e-bce4-c80bf9be58cd.xml.macaon	643	18	écrits	écrire	vppart	vppart	_	13	mod_rel	_	_	B:Statement:TARGET:écrire:G:643
32fd6260-c5f1-4d6e-bce4-c80bf9be58cd.xml.macaon	644	19	par	par	prep	prep	_	18	mod	_	_
32fd6260-c5f1-4d6e-bce4-c80bf9be58cd.xml.macaon	645	20	des	un	det	det	_	21	det	_	_	B:Statement:FE:Speaker:G:643
32fd6260-c5f1-4d6e-bce4-c80bf9be58cd.xml.macaon	646	21	Romains	romain	nc	nc	_	19	obj	_	_	I:Statement:FE:Speaker:G:643
32fd6260-c5f1-4d6e-bce4-c80bf9be58cd.xml.macaon	647	22	,	,	ponctw	ponctw	_	21	ponct	_	_
32fd6260-c5f1-4d6e-bce4-c80bf9be58cd.xml.macaon	648	23	et	et	coo	coo	_	18	coord	_	_
32fd6260-c5f1-4d6e-bce4-c80bf9be58cd.xml.macaon	649	24	notamment	notamment	adv	adv	_	23	mod	_	_
32fd6260-c5f1-4d6e-bce4-c80bf9be58cd.xml.macaon	650	25	par	par	prep	prep	_	23	dep_coord	_	_
32fd6260-c5f1-4d6e-bce4-c80bf9be58cd.xml.macaon	651	26	Jules	Jules	np	np	_	25	obj	_	_
32fd6260-c5f1-4d6e-bce4-c80bf9be58cd.xml.macaon	652	27	César	César	np	np	_	25	obj	_	_
32fd6260-c5f1-4d6e-bce4-c80bf9be58cd.xml.macaon	653	28	qui	qui	prorel	prorel	_	29	suj	_	_
32fd6260-c5f1-4d6e-bce4-c80bf9be58cd.xml.macaon	654	29	fait	faire	v	v	_	10	obj	_	_
32fd6260-c5f1-4d6e-bce4-c80bf9be58cd.xml.macaon	655	30	le	le	det	det	_	31	det	_	_
32fd6260-c5f1-4d6e-bce4-c80bf9be58cd.xml.macaon	656	31	portrait	portrait	nc	nc	_	29	obj	_	_
32fd6260-c5f1-4d6e-bce4-c80bf9be58cd.xml.macaon	657	32	de	de	prep	prep	_	31	dep	_	_
32fd6260-c5f1-4d6e-bce4-c80bf9be58cd.xml.macaon	658	33	son	son	det	det	_	34	det	_	_
32fd6260-c5f1-4d6e-bce4-c80bf9be58cd.xml.macaon	659	34	adversaire	adversaire	nc	nc	_	32	obj	_	_
32fd6260-c5f1-4d6e-bce4-c80bf9be58cd.xml.macaon	660	35	dans	dans	prep	prep	_	34	dep	_	_
32fd6260-c5f1-4d6e-bce4-c80bf9be58cd.xml.macaon	661	36	son	son	det	det	_	37	det	_	_
32fd6260-c5f1-4d6e-bce4-c80bf9be58cd.xml.macaon	662	37	récit	récit	nc	nc	_	35	obj	_	_
32fd6260-c5f1-4d6e-bce4-c80bf9be58cd.xml.macaon	663	38	de#l'	de#l'	prep	prep	_	37	dep	_	_
32fd6260-c5f1-4d6e-bce4-c80bf9be58cd.xml.macaon	664	39	invasion	invasion	nc	nc	_	38	obj	_	_
32fd6260-c5f1-4d6e-bce4-c80bf9be58cd.xml.macaon	665	40	des	des	prep	prep	_	39	dep	_	_
32fd6260-c5f1-4d6e-bce4-c80bf9be58cd.xml.macaon	666	41	Gaules	gaule	nc	nc	_	40	obj	_	_
32fd6260-c5f1-4d6e-bce4-c80bf9be58cd.xml.macaon	667	42	,	,	ponctw	ponctw	_	37	ponct	_	_
32fd6260-c5f1-4d6e-bce4-c80bf9be58cd.xml.macaon	668	43	appelé	appeler	vppart	vppart	_	37	mod	_	_	B:OTHER:G
32fd6260-c5f1-4d6e-bce4-c80bf9be58cd.xml.macaon	669	44	Commentaires	commentaire	nc	nc	_	43	obj	_	_
32fd6260-c5f1-4d6e-bce4-c80bf9be58cd.xml.macaon	670	45	sur	sur	prep	prep	_	43	mod	_	_
32fd6260-c5f1-4d6e-bce4-c80bf9be58cd.xml.macaon	671	46	la	le	det	det	_	47	det	_	_
32fd6260-c5f1-4d6e-bce4-c80bf9be58cd.xml.macaon	672	47	Guerre	Guerre	nc	nc	_	45	obj	_	_
32fd6260-c5f1-4d6e-bce4-c80bf9be58cd.xml.macaon	673	48	des	des	prep	prep	_	43	mod	_	_
32fd6260-c5f1-4d6e-bce4-c80bf9be58cd.xml.macaon	674	49	Gaules	gaule	nc	nc	_	48	obj	_	_
32fd6260-c5f1-4d6e-bce4-c80bf9be58cd.xml.macaon	675	50	.	.	poncts	poncts	_	4	ponct	_	_
