38dd326e-0a80-4779-81ef-aaff408e09e4.xml.macaon	0	1	vikidia	vikidia	nc	nc	_	_	_	_	_

38dd326e-0a80-4779-81ef-aaff408e09e4.xml.macaon	1	1	38dd326e	38dd326e	adj	adj	_	3	mod	_	_
38dd326e-0a80-4779-81ef-aaff408e09e4.xml.macaon	2	2	-	-	ponctw	ponctw	_	1	ponct	_	_
38dd326e-0a80-4779-81ef-aaff408e09e4.xml.macaon	3	3	0a80	0a80	nc	nc	_	_	_	_	_
38dd326e-0a80-4779-81ef-aaff408e09e4.xml.macaon	4	4	-	-	ponctw	ponctw	_	3	ponct	_	_
38dd326e-0a80-4779-81ef-aaff408e09e4.xml.macaon	5	5	4779	4779	nc	nc	_	3	mod	_	_
38dd326e-0a80-4779-81ef-aaff408e09e4.xml.macaon	6	6	-	-	ponctw	ponctw	_	5	ponct	_	_
38dd326e-0a80-4779-81ef-aaff408e09e4.xml.macaon	7	7	81ef	81ef	adj	adj	_	5	mod	_	_
38dd326e-0a80-4779-81ef-aaff408e09e4.xml.macaon	8	8	-	-	ponctw	ponctw	_	5	ponct	_	_
38dd326e-0a80-4779-81ef-aaff408e09e4.xml.macaon	9	9	aaff408e09e4	aaff408e09e4	nc	nc	_	5	mod	_	_

38dd326e-0a80-4779-81ef-aaff408e09e4.xml.macaon	10	1	ADDED	ADDED	nc	nc	_	_	_	_	_

38dd326e-0a80-4779-81ef-aaff408e09e4.xml.macaon	11	1	2016	2016	adj	adj	_	3	mod	_	_
38dd326e-0a80-4779-81ef-aaff408e09e4.xml.macaon	12	2	-	-	ponctw	ponctw	_	1	ponct	_	_
38dd326e-0a80-4779-81ef-aaff408e09e4.xml.macaon	13	3	06	06	nc	nc	_	_	_	_	_
38dd326e-0a80-4779-81ef-aaff408e09e4.xml.macaon	14	4	-	-	ponctw	ponctw	_	3	ponct	_	_
38dd326e-0a80-4779-81ef-aaff408e09e4.xml.macaon	15	5	15T14	15T14	nc	nc	_	3	mod	_	_
38dd326e-0a80-4779-81ef-aaff408e09e4.xml.macaon	16	6	:	:	ponctw	ponctw	_	5	ponct	_	_
38dd326e-0a80-4779-81ef-aaff408e09e4.xml.macaon	17	7	53	53	nc	nc	_	5	mod	_	_
38dd326e-0a80-4779-81ef-aaff408e09e4.xml.macaon	18	8	:	:	ponctw	ponctw	_	7	ponct	_	_
38dd326e-0a80-4779-81ef-aaff408e09e4.xml.macaon	19	9	17Z	17Z	nc	nc	_	7	mod	_	_

38dd326e-0a80-4779-81ef-aaff408e09e4.xml.macaon	20	1	Gladiateur	gladiateur	nc	nc	_	_	_	_	_

38dd326e-0a80-4779-81ef-aaff408e09e4.xml.macaon	21	1	Du	du	prep	prep	_	8	mod	_	_
38dd326e-0a80-4779-81ef-aaff408e09e4.xml.macaon	22	2	temps	temps	nc	nc	_	1	obj	_	_
38dd326e-0a80-4779-81ef-aaff408e09e4.xml.macaon	23	3	des	des	prep	prep	_	2	dep	_	_
38dd326e-0a80-4779-81ef-aaff408e09e4.xml.macaon	24	4	Romains	romain	nc	nc	_	3	obj	_	_
38dd326e-0a80-4779-81ef-aaff408e09e4.xml.macaon	25	5	,	,	ponctw	ponctw	_	8	ponct	_	_
38dd326e-0a80-4779-81ef-aaff408e09e4.xml.macaon	26	6	les	le	det	det	_	7	det	_	_
38dd326e-0a80-4779-81ef-aaff408e09e4.xml.macaon	27	7	gladiateurs	gladiateur	nc	nc	_	8	suj	_	_
38dd326e-0a80-4779-81ef-aaff408e09e4.xml.macaon	28	8	étaient	étayer	v	v	_	_	_	_	_
38dd326e-0a80-4779-81ef-aaff408e09e4.xml.macaon	29	9	des	un	det	det	_	10	det	_	_
38dd326e-0a80-4779-81ef-aaff408e09e4.xml.macaon	30	10	combattants	combattant	nc	nc	_	8	obj	_	_
38dd326e-0a80-4779-81ef-aaff408e09e4.xml.macaon	31	11	entraînés	entraîner	vppart	vppart	_	10	mod	_	_
38dd326e-0a80-4779-81ef-aaff408e09e4.xml.macaon	32	12	à	à	prep	prep	_	11	a_obj	_	_
38dd326e-0a80-4779-81ef-aaff408e09e4.xml.macaon	33	13	se	se	clr	clr	_	14	aff	_	_
38dd326e-0a80-4779-81ef-aaff408e09e4.xml.macaon	34	14	battre	battre	vinf	vinf	_	12	obj	_	_
38dd326e-0a80-4779-81ef-aaff408e09e4.xml.macaon	35	15	entre	entre	prep	prep	_	14	mod	_	_
38dd326e-0a80-4779-81ef-aaff408e09e4.xml.macaon	36	16	eux	lui	pro	pro	_	15	obj	_	_
38dd326e-0a80-4779-81ef-aaff408e09e4.xml.macaon	37	17	dans	dans	prep	prep	_	14	mod	_	_
38dd326e-0a80-4779-81ef-aaff408e09e4.xml.macaon	38	18	les	le	det	det	_	19	det	_	_
38dd326e-0a80-4779-81ef-aaff408e09e4.xml.macaon	39	19	jeux	jeu	nc	nc	_	17	obj	_	_
38dd326e-0a80-4779-81ef-aaff408e09e4.xml.macaon	40	20	de#l'	de#l'	prep	prep	_	19	dep	_	_
38dd326e-0a80-4779-81ef-aaff408e09e4.xml.macaon	41	21	amphithéâtre	amphithéâtre	nc	nc	_	20	obj	_	_
38dd326e-0a80-4779-81ef-aaff408e09e4.xml.macaon	42	22	,	,	ponctw	ponctw	_	19	ponct	_	_
38dd326e-0a80-4779-81ef-aaff408e09e4.xml.macaon	43	23	à	à	prep	prep	_	14	a_obj	_	_
38dd326e-0a80-4779-81ef-aaff408e09e4.xml.macaon	44	24	des	un	det	det	_	25	det	_	_
38dd326e-0a80-4779-81ef-aaff408e09e4.xml.macaon	45	25	fins	fin	nc	nc	_	23	obj	_	_
38dd326e-0a80-4779-81ef-aaff408e09e4.xml.macaon	46	26	de	de	prep	prep	_	25	dep	_	_
38dd326e-0a80-4779-81ef-aaff408e09e4.xml.macaon	47	27	spectacles	spectacle	nc	nc	_	26	obj	_	_
38dd326e-0a80-4779-81ef-aaff408e09e4.xml.macaon	48	28	.	.	poncts	poncts	_	8	ponct	_	_

38dd326e-0a80-4779-81ef-aaff408e09e4.xml.macaon	49	1	Antiquité	antiquité	nc	nc	_	_	_	_	_

38dd326e-0a80-4779-81ef-aaff408e09e4.xml.macaon	50	1	Gladiateur	gladiateur	nc	nc	_	_	_	_	_

38dd326e-0a80-4779-81ef-aaff408e09e4.xml.macaon	51	1	Du	du	prep	prep	_	8	mod	_	_
38dd326e-0a80-4779-81ef-aaff408e09e4.xml.macaon	52	2	temps	temps	nc	nc	_	1	obj	_	_
38dd326e-0a80-4779-81ef-aaff408e09e4.xml.macaon	53	3	des	des	prep	prep	_	2	dep	_	_
38dd326e-0a80-4779-81ef-aaff408e09e4.xml.macaon	54	4	Romains	romain	nc	nc	_	3	obj	_	_
38dd326e-0a80-4779-81ef-aaff408e09e4.xml.macaon	55	5	,	,	ponctw	ponctw	_	8	ponct	_	_
38dd326e-0a80-4779-81ef-aaff408e09e4.xml.macaon	56	6	les	le	det	det	_	7	det	_	_
38dd326e-0a80-4779-81ef-aaff408e09e4.xml.macaon	57	7	gladiateurs	gladiateur	nc	nc	_	8	suj	_	_
38dd326e-0a80-4779-81ef-aaff408e09e4.xml.macaon	58	8	étaient	étayer	v	v	_	_	_	_	_
38dd326e-0a80-4779-81ef-aaff408e09e4.xml.macaon	59	9	des	un	det	det	_	10	det	_	_
38dd326e-0a80-4779-81ef-aaff408e09e4.xml.macaon	60	10	combattants	combattant	nc	nc	_	8	obj	_	_
38dd326e-0a80-4779-81ef-aaff408e09e4.xml.macaon	61	11	entraînés	entraîner	vppart	vppart	_	10	mod	_	_
38dd326e-0a80-4779-81ef-aaff408e09e4.xml.macaon	62	12	à	à	prep	prep	_	11	a_obj	_	_
38dd326e-0a80-4779-81ef-aaff408e09e4.xml.macaon	63	13	se	se	clr	clr	_	14	aff	_	_
38dd326e-0a80-4779-81ef-aaff408e09e4.xml.macaon	64	14	battre	battre	vinf	vinf	_	12	obj	_	_
38dd326e-0a80-4779-81ef-aaff408e09e4.xml.macaon	65	15	entre	entre	prep	prep	_	14	mod	_	_
38dd326e-0a80-4779-81ef-aaff408e09e4.xml.macaon	66	16	eux	lui	pro	pro	_	15	obj	_	_
38dd326e-0a80-4779-81ef-aaff408e09e4.xml.macaon	67	17	dans	dans	prep	prep	_	14	mod	_	_
38dd326e-0a80-4779-81ef-aaff408e09e4.xml.macaon	68	18	les	le	det	det	_	19	det	_	_
38dd326e-0a80-4779-81ef-aaff408e09e4.xml.macaon	69	19	jeux	jeu	nc	nc	_	17	obj	_	_
38dd326e-0a80-4779-81ef-aaff408e09e4.xml.macaon	70	20	de#l'	de#l'	prep	prep	_	19	dep	_	_
38dd326e-0a80-4779-81ef-aaff408e09e4.xml.macaon	71	21	amphithéâtre	amphithéâtre	nc	nc	_	20	obj	_	_
38dd326e-0a80-4779-81ef-aaff408e09e4.xml.macaon	72	22	,	,	ponctw	ponctw	_	19	ponct	_	_
38dd326e-0a80-4779-81ef-aaff408e09e4.xml.macaon	73	23	à	à	prep	prep	_	14	a_obj	_	_
38dd326e-0a80-4779-81ef-aaff408e09e4.xml.macaon	74	24	des	un	det	det	_	25	det	_	_
38dd326e-0a80-4779-81ef-aaff408e09e4.xml.macaon	75	25	fins	fin	nc	nc	_	23	obj	_	_
38dd326e-0a80-4779-81ef-aaff408e09e4.xml.macaon	76	26	de	de	prep	prep	_	25	dep	_	_
38dd326e-0a80-4779-81ef-aaff408e09e4.xml.macaon	77	27	spectacles	spectacle	nc	nc	_	26	obj	_	_
38dd326e-0a80-4779-81ef-aaff408e09e4.xml.macaon	78	28	.	.	poncts	poncts	_	8	ponct	_	_

38dd326e-0a80-4779-81ef-aaff408e09e4.xml.macaon	79	1	Parfois	parfois	adv	adv	_	4	mod	_	_
38dd326e-0a80-4779-81ef-aaff408e09e4.xml.macaon	80	2	,	,	ponctw	ponctw	_	4	ponct	_	_
38dd326e-0a80-4779-81ef-aaff408e09e4.xml.macaon	81	3	ils	ils	cln	cln	_	4	suj	_	_	B:Hostile_encounter:FE:Side1:G:82
38dd326e-0a80-4779-81ef-aaff408e09e4.xml.macaon	82	4	combattaient	combattre	v	v	_	_	_	_	_	B:Hostile_encounter:TARGET:combattre:G:82
38dd326e-0a80-4779-81ef-aaff408e09e4.xml.macaon	83	5	des	un	det	det	_	6	det	_	_	B:Hostile_encounter:FE:Side2:G:82
38dd326e-0a80-4779-81ef-aaff408e09e4.xml.macaon	84	6	animaux	animal	nc	nc	_	4	obj	_	_	I:Hostile_encounter:FE:Side2:G:82
38dd326e-0a80-4779-81ef-aaff408e09e4.xml.macaon	85	7	:	:	ponctw	ponctw	_	6	ponct	_	_	I:Hostile_encounter:FE:Side2:G:82
38dd326e-0a80-4779-81ef-aaff408e09e4.xml.macaon	86	8	ours	ours	nc	nc	_	6	mod	_	_	I:Hostile_encounter:FE:Side2:G:82
38dd326e-0a80-4779-81ef-aaff408e09e4.xml.macaon	87	9	,	,	ponctw	ponctw	_	8	ponct	_	_	I:Hostile_encounter:FE:Side2:G:82
38dd326e-0a80-4779-81ef-aaff408e09e4.xml.macaon	88	10	lions	lion	nc	nc	_	8	mod	_	_	I:Hostile_encounter:FE:Side2:G:82
38dd326e-0a80-4779-81ef-aaff408e09e4.xml.macaon	89	11	etc	etc	adv	adv	_	10	mod	_	_
38dd326e-0a80-4779-81ef-aaff408e09e4.xml.macaon	90	12	...	...	poncts	poncts	_	4	ponct	_	_

38dd326e-0a80-4779-81ef-aaff408e09e4.xml.macaon	91	1	mais	mais	coo	coo	_	_	_	_	_
38dd326e-0a80-4779-81ef-aaff408e09e4.xml.macaon	92	2	ils	ils	cln	cln	_	3	suj	_	_
38dd326e-0a80-4779-81ef-aaff408e09e4.xml.macaon	93	3	combattaient	combattre	v	v	_	1	dep_coord	_	_	B:Hostile_encounter:TARGET:combattre:G:93
38dd326e-0a80-4779-81ef-aaff408e09e4.xml.macaon	94	4	aussi	aussi	adv	adv	_	5	mod	_	_
38dd326e-0a80-4779-81ef-aaff408e09e4.xml.macaon	95	5	d'autres	d'autres	adj	adj	_	6	mod	_	_	B:Hostile_encounter:FE:Side2:G:93
38dd326e-0a80-4779-81ef-aaff408e09e4.xml.macaon	96	6	gladiateurs	gladiateur	nc	nc	_	3	obj	_	_	I:Hostile_encounter:FE:Side2:G:93
38dd326e-0a80-4779-81ef-aaff408e09e4.xml.macaon	97	7	.	.	poncts	poncts	_	3	ponct	_	_

38dd326e-0a80-4779-81ef-aaff408e09e4.xml.macaon	98	1	Les	les	det	det	_	2	det	_	_
38dd326e-0a80-4779-81ef-aaff408e09e4.xml.macaon	99	2	gladiateurs	gladiateur	nc	nc	_	3	suj	_	_
38dd326e-0a80-4779-81ef-aaff408e09e4.xml.macaon	100	3	étaient	étayer	v	v	_	_	_	_	_
38dd326e-0a80-4779-81ef-aaff408e09e4.xml.macaon	101	4	âgés	âgé	adj	adj	_	3	ats	_	_
38dd326e-0a80-4779-81ef-aaff408e09e4.xml.macaon	102	5	de	de	prep	prep	_	3	de_obj	_	_
38dd326e-0a80-4779-81ef-aaff408e09e4.xml.macaon	103	6	22	22	det	det	_	9	det	_	_
38dd326e-0a80-4779-81ef-aaff408e09e4.xml.macaon	104	7	à	à	prep	prep	_	6	__JOKER__	_	_
38dd326e-0a80-4779-81ef-aaff408e09e4.xml.macaon	105	8	23	23	det	det	_	9	det	_	_
38dd326e-0a80-4779-81ef-aaff408e09e4.xml.macaon	106	9	ans	an	nc	nc	_	5	obj	_	_
38dd326e-0a80-4779-81ef-aaff408e09e4.xml.macaon	107	10	.	.	poncts	poncts	_	3	ponct	_	_

38dd326e-0a80-4779-81ef-aaff408e09e4.xml.macaon	108	1	La#plupart	La#plupart	np	np	_	2	suj	_	_
38dd326e-0a80-4779-81ef-aaff408e09e4.xml.macaon	109	2	étaient	étayer	v	v	_	_	_	_	_
38dd326e-0a80-4779-81ef-aaff408e09e4.xml.macaon	110	3	des	un	det	det	_	4	det	_	_
38dd326e-0a80-4779-81ef-aaff408e09e4.xml.macaon	111	4	prisonniers	prisonnier	nc	nc	_	2	obj	_	_
38dd326e-0a80-4779-81ef-aaff408e09e4.xml.macaon	112	5	de	de	prep	prep	_	4	dep	_	_
38dd326e-0a80-4779-81ef-aaff408e09e4.xml.macaon	113	6	guerre	guerre	nc	nc	_	5	obj	_	_
38dd326e-0a80-4779-81ef-aaff408e09e4.xml.macaon	114	7	ou	ou	coo	coo	_	6	coord	_	_
38dd326e-0a80-4779-81ef-aaff408e09e4.xml.macaon	115	8	des	un	det	det	_	9	det	_	_
38dd326e-0a80-4779-81ef-aaff408e09e4.xml.macaon	116	9	esclaves	esclave	nc	nc	_	7	dep_coord	_	_
38dd326e-0a80-4779-81ef-aaff408e09e4.xml.macaon	117	10	,	,	ponctw	ponctw	_	9	ponct	_	_
38dd326e-0a80-4779-81ef-aaff408e09e4.xml.macaon	118	11	parfois	parfois	adv	adv	_	9	mod	_	_
38dd326e-0a80-4779-81ef-aaff408e09e4.xml.macaon	119	12	des	un	det	det	_	13	det	_	_
38dd326e-0a80-4779-81ef-aaff408e09e4.xml.macaon	120	13	affranchis	affranchi	nc	nc	_	7	__JOKER__	_	_
38dd326e-0a80-4779-81ef-aaff408e09e4.xml.macaon	121	14	.	.	poncts	poncts	_	2	ponct	_	_

38dd326e-0a80-4779-81ef-aaff408e09e4.xml.macaon	122	1	Les	les	det	det	_	2	det	_	_
38dd326e-0a80-4779-81ef-aaff408e09e4.xml.macaon	123	2	esclaves	esclave	nc	nc	_	3	suj	_	_
38dd326e-0a80-4779-81ef-aaff408e09e4.xml.macaon	124	3	pouvaient	pouvoir	v	v	_	_	_	_	_
38dd326e-0a80-4779-81ef-aaff408e09e4.xml.macaon	125	4	gagner	gagner	vinf	vinf	_	3	obj	_	_
38dd326e-0a80-4779-81ef-aaff408e09e4.xml.macaon	126	5	leur	son	det	det	_	6	det	_	_
38dd326e-0a80-4779-81ef-aaff408e09e4.xml.macaon	127	6	liberté	liberté	nc	nc	_	4	obj	_	_
38dd326e-0a80-4779-81ef-aaff408e09e4.xml.macaon	128	7	s'	s'	csu	csu	_	4	obj	_	_
38dd326e-0a80-4779-81ef-aaff408e09e4.xml.macaon	129	8	ils	ils	cln	cln	_	9	suj	_	_
38dd326e-0a80-4779-81ef-aaff408e09e4.xml.macaon	130	9	gagnaient	gagner	v	v	_	7	obj	_	_
38dd326e-0a80-4779-81ef-aaff408e09e4.xml.macaon	131	10	.	.	poncts	poncts	_	9	ponct	_	_

38dd326e-0a80-4779-81ef-aaff408e09e4.xml.macaon	132	1	Mais	mais	coo	coo	_	_	_	_	_
38dd326e-0a80-4779-81ef-aaff408e09e4.xml.macaon	133	2	pour	pour	prep	prep	_	1	dep_coord	_	_
38dd326e-0a80-4779-81ef-aaff408e09e4.xml.macaon	134	3	cela	cela	pro	pro	_	2	obj	_	_
38dd326e-0a80-4779-81ef-aaff408e09e4.xml.macaon	135	4	il	il	cln	cln	_	5	suj	_	_
38dd326e-0a80-4779-81ef-aaff408e09e4.xml.macaon	136	5	fallait	falloir	v	v	_	1	dep_coord	_	_
38dd326e-0a80-4779-81ef-aaff408e09e4.xml.macaon	137	6	des	un	det	det	_	7	det	_	_
38dd326e-0a80-4779-81ef-aaff408e09e4.xml.macaon	138	7	heures	heure	nc	nc	_	5	obj	_	_
38dd326e-0a80-4779-81ef-aaff408e09e4.xml.macaon	139	8	d'	de	prep	prep	_	7	dep	_	_
38dd326e-0a80-4779-81ef-aaff408e09e4.xml.macaon	140	9	entrainement	entrainement	adv	adv	_	12	mod	_	_
38dd326e-0a80-4779-81ef-aaff408e09e4.xml.macaon	141	10	,	,	ponctw	ponctw	_	12	ponct	_	_
38dd326e-0a80-4779-81ef-aaff408e09e4.xml.macaon	142	11	il	il	cln	cln	_	12	suj	_	_
38dd326e-0a80-4779-81ef-aaff408e09e4.xml.macaon	143	12	fallait	falloir	v	v	_	5	mod	_	_
38dd326e-0a80-4779-81ef-aaff408e09e4.xml.macaon	144	13	aussi	aussi	adv	adv	_	12	mod	_	_
38dd326e-0a80-4779-81ef-aaff408e09e4.xml.macaon	145	14	que	que	csu	csu	_	12	obj	_	_
38dd326e-0a80-4779-81ef-aaff408e09e4.xml.macaon	146	15	les	le	det	det	_	16	det	_	_
38dd326e-0a80-4779-81ef-aaff408e09e4.xml.macaon	147	16	propriétaires	propriétaire	nc	nc	_	20	suj	_	_
38dd326e-0a80-4779-81ef-aaff408e09e4.xml.macaon	148	17	de	de	prep	prep	_	16	dep	_	_
38dd326e-0a80-4779-81ef-aaff408e09e4.xml.macaon	149	18	ces	ce	det	det	_	19	det	_	_
38dd326e-0a80-4779-81ef-aaff408e09e4.xml.macaon	150	19	esclaves	esclave	nc	nc	_	17	obj	_	_
38dd326e-0a80-4779-81ef-aaff408e09e4.xml.macaon	151	20	soient	être	v	v	_	14	obj	_	_
38dd326e-0a80-4779-81ef-aaff408e09e4.xml.macaon	152	21	d'accord	d'accord	adv	adv	_	20	mod	_	_
38dd326e-0a80-4779-81ef-aaff408e09e4.xml.macaon	153	22	pour	pour	prep	prep	_	20	mod	_	_
38dd326e-0a80-4779-81ef-aaff408e09e4.xml.macaon	154	23	les	les	clo	clo	_	24	__JOKER__	_	_
38dd326e-0a80-4779-81ef-aaff408e09e4.xml.macaon	155	24	inscrire	inscrire	vinf	vinf	_	22	obj	_	_
38dd326e-0a80-4779-81ef-aaff408e09e4.xml.macaon	156	25	.	.	poncts	poncts	_	5	ponct	_	_

38dd326e-0a80-4779-81ef-aaff408e09e4.xml.macaon	157	1	Quand	quand	csu	csu	_	_	_	_	_
38dd326e-0a80-4779-81ef-aaff408e09e4.xml.macaon	158	2	un	un	det	det	_	3	det	_	_	B:Hostile_encounter:FE:Side1:G:168
38dd326e-0a80-4779-81ef-aaff408e09e4.xml.macaon	159	3	gladiateur	gladiateur	nc	nc	_	4	suj	_	_	I:Hostile_encounter:FE:Side1:G:168
38dd326e-0a80-4779-81ef-aaff408e09e4.xml.macaon	160	4	gît	gésir	v	v	_	1	obj	_	_	B:Hostile_encounter:FE:Result:G:168
38dd326e-0a80-4779-81ef-aaff408e09e4.xml.macaon	161	5	à	à	prep	prep	_	4	a_obj	_	_	I:Hostile_encounter:FE:Result:G:168
38dd326e-0a80-4779-81ef-aaff408e09e4.xml.macaon	162	6	terre	terre	nc	nc	_	5	obj	_	_	I:Hostile_encounter:FE:Result:G:168
38dd326e-0a80-4779-81ef-aaff408e09e4.xml.macaon	163	7	à	à	prep	prep	_	4	a_obj	_	_
38dd326e-0a80-4779-81ef-aaff408e09e4.xml.macaon	164	8	l'	le	det	det	_	9	det	_	_
38dd326e-0a80-4779-81ef-aaff408e09e4.xml.macaon	165	9	issue	issue	nc	nc	_	7	obj	_	_
38dd326e-0a80-4779-81ef-aaff408e09e4.xml.macaon	166	10	d'	de	prep	prep	_	9	dep	_	_
38dd326e-0a80-4779-81ef-aaff408e09e4.xml.macaon	167	11	un	un	det	det	_	12	det	_	_
38dd326e-0a80-4779-81ef-aaff408e09e4.xml.macaon	168	12	combat	combat	nc	nc	_	10	obj	_	_	B:Hostile_encounter:TARGET:combat:G:168
38dd326e-0a80-4779-81ef-aaff408e09e4.xml.macaon	169	13	,	,	ponctw	ponctw	_	17	ponct	_	_
38dd326e-0a80-4779-81ef-aaff408e09e4.xml.macaon	170	14	l	l	prep	prep	_	17	mod	_	_	B:Hostile_encounter:FE:Result:G:168	B:Giving:FE:Donor:G:173
38dd326e-0a80-4779-81ef-aaff408e09e4.xml.macaon	171	15	’	’	det	det	_	16	det	_	_	I:Hostile_encounter:FE:Result:G:168	I:Giving:FE:Donor:G:173
38dd326e-0a80-4779-81ef-aaff408e09e4.xml.macaon	172	16	empereur	empereur	nc	nc	_	14	obj	_	_	I:Hostile_encounter:FE:Result:G:168	I:Giving:FE:Donor:G:173
38dd326e-0a80-4779-81ef-aaff408e09e4.xml.macaon	173	17	donne	donner	v	v	_	1	obj	_	_	I:Hostile_encounter:FE:Result:G:168	B:Giving:TARGET:donner:G:173
38dd326e-0a80-4779-81ef-aaff408e09e4.xml.macaon	174	18	son	son	det	det	_	19	det	_	_	I:Hostile_encounter:FE:Result:G:168	B:Giving:FE:Theme:G:173
38dd326e-0a80-4779-81ef-aaff408e09e4.xml.macaon	175	19	verdict	verdict	nc	nc	_	17	obj	_	_	I:Hostile_encounter:FE:Result:G:168	I:Giving:FE:Theme:G:173
38dd326e-0a80-4779-81ef-aaff408e09e4.xml.macaon	176	20	.	.	poncts	poncts	_	1	__JOKER__	_	_

38dd326e-0a80-4779-81ef-aaff408e09e4.xml.macaon	177	1	S	S	v	v	_	_	_	_	_
38dd326e-0a80-4779-81ef-aaff408e09e4.xml.macaon	178	2	’	’	csu	csu	_	1	obj	_	_
38dd326e-0a80-4779-81ef-aaff408e09e4.xml.macaon	179	3	il	il	cln	cln	_	4	suj	_	_
38dd326e-0a80-4779-81ef-aaff408e09e4.xml.macaon	180	4	lève	lever	v	v	_	2	obj	_	_
38dd326e-0a80-4779-81ef-aaff408e09e4.xml.macaon	181	5	le	le	det	det	_	6	det	_	_
38dd326e-0a80-4779-81ef-aaff408e09e4.xml.macaon	182	6	pouce	pouce	nc	nc	_	4	obj	_	_
38dd326e-0a80-4779-81ef-aaff408e09e4.xml.macaon	183	7	,	,	ponctw	ponctw	_	4	ponct	_	_
38dd326e-0a80-4779-81ef-aaff408e09e4.xml.macaon	184	8	le	le	det	det	_	9	det	_	_
38dd326e-0a80-4779-81ef-aaff408e09e4.xml.macaon	185	9	blessé	blessé	nc	nc	_	4	obj	_	_
38dd326e-0a80-4779-81ef-aaff408e09e4.xml.macaon	186	10	a	avoir	v	v	_	2	obj	_	_
38dd326e-0a80-4779-81ef-aaff408e09e4.xml.macaon	187	11	la	le	det	det	_	12	det	_	_
38dd326e-0a80-4779-81ef-aaff408e09e4.xml.macaon	188	12	vie	vie	nc	nc	_	10	obj	_	_
38dd326e-0a80-4779-81ef-aaff408e09e4.xml.macaon	189	13	sauve	sauf	adj	adj	_	12	mod	_	_
38dd326e-0a80-4779-81ef-aaff408e09e4.xml.macaon	190	14	.	.	poncts	poncts	_	1	ponct	_	_

38dd326e-0a80-4779-81ef-aaff408e09e4.xml.macaon	191	1	S	S	v	v	_	_	_	_	_
38dd326e-0a80-4779-81ef-aaff408e09e4.xml.macaon	192	2	’	’	csu	csu	_	1	obj	_	_
38dd326e-0a80-4779-81ef-aaff408e09e4.xml.macaon	193	3	il	il	cln	cln	_	6	suj	_	_
38dd326e-0a80-4779-81ef-aaff408e09e4.xml.macaon	194	4	l	l	clo	clo	_	5	__JOKER__	_	_
38dd326e-0a80-4779-81ef-aaff408e09e4.xml.macaon	195	5	’	’	clo	clo	_	6	__JOKER__	_	_
38dd326e-0a80-4779-81ef-aaff408e09e4.xml.macaon	196	6	abaisse	abaisser	v	v	_	2	obj	_	_
38dd326e-0a80-4779-81ef-aaff408e09e4.xml.macaon	197	7	,	,	ponctw	ponctw	_	6	ponct	_	_
38dd326e-0a80-4779-81ef-aaff408e09e4.xml.macaon	198	8	c	c	det	det	_	9	det	_	_
38dd326e-0a80-4779-81ef-aaff408e09e4.xml.macaon	199	9	’	’	nc	nc	_	10	suj	_	_
38dd326e-0a80-4779-81ef-aaff408e09e4.xml.macaon	200	10	est	être	v	v	_	2	obj	_	_
38dd326e-0a80-4779-81ef-aaff408e09e4.xml.macaon	201	11	la	le	det	det	_	12	det	_	_
38dd326e-0a80-4779-81ef-aaff408e09e4.xml.macaon	202	12	mort	mort	nc	nc	_	10	ats	_	_	B:Death:TARGET:mort:G:202
38dd326e-0a80-4779-81ef-aaff408e09e4.xml.macaon	203	13	.	.	poncts	poncts	_	1	ponct	_	_

38dd326e-0a80-4779-81ef-aaff408e09e4.xml.macaon	204	1	La#plupart#du	la#plupart#du	prep	prep	_	6	mod	_	_
38dd326e-0a80-4779-81ef-aaff408e09e4.xml.macaon	205	2	temps	temps	nc	nc	_	1	obj	_	_
38dd326e-0a80-4779-81ef-aaff408e09e4.xml.macaon	206	3	,	,	ponctw	ponctw	_	6	ponct	_	_
38dd326e-0a80-4779-81ef-aaff408e09e4.xml.macaon	207	4	ils	ils	cln	cln	_	6	suj	_	_
38dd326e-0a80-4779-81ef-aaff408e09e4.xml.macaon	208	5	étaient	étayer	v	v	_	6	aux_tps	_	_
38dd326e-0a80-4779-81ef-aaff408e09e4.xml.macaon	209	6	épargnés	épargner	vppart	vppart	_	_	_	_	_
38dd326e-0a80-4779-81ef-aaff408e09e4.xml.macaon	210	7	,	,	ponctw	ponctw	_	6	ponct	_	_
38dd326e-0a80-4779-81ef-aaff408e09e4.xml.macaon	211	8	car	car	coo	coo	_	6	__JOKER__	_	_
38dd326e-0a80-4779-81ef-aaff408e09e4.xml.macaon	212	9	ils	ils	cln	cln	_	10	suj	_	_
38dd326e-0a80-4779-81ef-aaff408e09e4.xml.macaon	213	10	coûtaient	coûter	v	v	_	8	dep_coord	_	_
38dd326e-0a80-4779-81ef-aaff408e09e4.xml.macaon	214	11	très	très	adv	adv	_	12	mod	_	_
38dd326e-0a80-4779-81ef-aaff408e09e4.xml.macaon	215	12	cher	cher	adj	adj	_	10	ats	_	_
38dd326e-0a80-4779-81ef-aaff408e09e4.xml.macaon	216	13	.	.	poncts	poncts	_	10	ponct	_	_

38dd326e-0a80-4779-81ef-aaff408e09e4.xml.macaon	217	1	Les	les	det	det	_	2	det	_	_
38dd326e-0a80-4779-81ef-aaff408e09e4.xml.macaon	218	2	vainqueurs	vainqueur	nc	nc	_	3	suj	_	_
38dd326e-0a80-4779-81ef-aaff408e09e4.xml.macaon	219	3	étaient	étayer	v	v	_	_	_	_	_
38dd326e-0a80-4779-81ef-aaff408e09e4.xml.macaon	220	4	très	très	adv	adv	_	5	mod	_	_
38dd326e-0a80-4779-81ef-aaff408e09e4.xml.macaon	221	5	populaires	populaire	adj	adj	_	3	ats	_	_
38dd326e-0a80-4779-81ef-aaff408e09e4.xml.macaon	222	6	,	,	ponctw	ponctw	_	3	ponct	_	_
38dd326e-0a80-4779-81ef-aaff408e09e4.xml.macaon	223	7	considérés	considérer	vppart	vppart	_	3	__JOKER__	_	_
38dd326e-0a80-4779-81ef-aaff408e09e4.xml.macaon	224	8	comme	comme	prep	prep	_	7	mod	_	_
38dd326e-0a80-4779-81ef-aaff408e09e4.xml.macaon	225	9	de	un	det	det	_	11	det	_	_
38dd326e-0a80-4779-81ef-aaff408e09e4.xml.macaon	226	10	véritables	véritable	adj	adj	_	11	mod	_	_
38dd326e-0a80-4779-81ef-aaff408e09e4.xml.macaon	227	11	héros	héros	nc	nc	_	8	obj	_	_
38dd326e-0a80-4779-81ef-aaff408e09e4.xml.macaon	228	12	.	.	poncts	poncts	_	3	ponct	_	_

38dd326e-0a80-4779-81ef-aaff408e09e4.xml.macaon	229	1	Certains	certains	det	det	_	2	det	_	_	B:Becoming:FE:Entity:G:233
38dd326e-0a80-4779-81ef-aaff408e09e4.xml.macaon	230	2	s'	s'	nc	nc	_	5	suj	_	_
38dd326e-0a80-4779-81ef-aaff408e09e4.xml.macaon	231	3	enrichissaient	enrichir	v	v	_	5	__JOKER__	_	_
38dd326e-0a80-4779-81ef-aaff408e09e4.xml.macaon	232	4	,	,	ponctw	ponctw	_	5	ponct	_	_
38dd326e-0a80-4779-81ef-aaff408e09e4.xml.macaon	233	5	devenaient	devenir	v	v	_	_	_	_	_	B:Becoming:TARGET:devenir:G:233
38dd326e-0a80-4779-81ef-aaff408e09e4.xml.macaon	234	6	très	très	adv	adv	_	7	mod	_	_	B:Becoming:FE:Final_quality:G:233
38dd326e-0a80-4779-81ef-aaff408e09e4.xml.macaon	235	7	prospères	prospère	adj	adj	_	5	ats	_	_	I:Becoming:FE:Final_quality:G:233
38dd326e-0a80-4779-81ef-aaff408e09e4.xml.macaon	236	8	lorsqu'	lorsque	csu	csu	_	5	obj	_	_	B:Becoming:FE:Circumstances:G:233
38dd326e-0a80-4779-81ef-aaff408e09e4.xml.macaon	237	9	ils	ils	cln	cln	_	11	suj	_	_	I:Becoming:FE:Circumstances:G:233
38dd326e-0a80-4779-81ef-aaff408e09e4.xml.macaon	238	10	se	se	clr	clr	_	11	aff	_	_	I:Becoming:FE:Circumstances:G:233
38dd326e-0a80-4779-81ef-aaff408e09e4.xml.macaon	239	11	retiraient	retirer	v	v	_	8	obj	_	_	I:Becoming:FE:Circumstances:G:233
38dd326e-0a80-4779-81ef-aaff408e09e4.xml.macaon	240	12	du	du	prep	prep	_	5	mod	_	_	I:Becoming:FE:Circumstances:G:233
38dd326e-0a80-4779-81ef-aaff408e09e4.xml.macaon	241	13	métier	métier	nc	nc	_	12	obj	_	_	I:Becoming:FE:Circumstances:G:233
38dd326e-0a80-4779-81ef-aaff408e09e4.xml.macaon	242	14	.	.	poncts	poncts	_	5	ponct	_	_

38dd326e-0a80-4779-81ef-aaff408e09e4.xml.macaon	243	1	Mais	mais	coo	coo	_	_	_	_	_
38dd326e-0a80-4779-81ef-aaff408e09e4.xml.macaon	244	2	,	,	ponctw	ponctw	_	9	ponct	_	_
38dd326e-0a80-4779-81ef-aaff408e09e4.xml.macaon	245	3	la#plupart#du	la#plupart#du	prep	prep	_	9	mod	_	_
38dd326e-0a80-4779-81ef-aaff408e09e4.xml.macaon	246	4	temps	temps	nc	nc	_	3	obj	_	_
38dd326e-0a80-4779-81ef-aaff408e09e4.xml.macaon	247	5	,	,	ponctw	ponctw	_	9	ponct	_	_
38dd326e-0a80-4779-81ef-aaff408e09e4.xml.macaon	248	6	les	le	det	det	_	7	det	_	_
38dd326e-0a80-4779-81ef-aaff408e09e4.xml.macaon	249	7	gladiateurs	gladiateur	nc	nc	_	9	suj	_	_	B:Awareness:FE:Cognizer:G:251
38dd326e-0a80-4779-81ef-aaff408e09e4.xml.macaon	250	8	ne	ne	advneg	advneg	_	9	mod	_	_
38dd326e-0a80-4779-81ef-aaff408e09e4.xml.macaon	251	9	connaissaient	connaître	v	v	_	1	dep_coord	_	_	B:Awareness:TARGET:connaître:G:251
38dd326e-0a80-4779-81ef-aaff408e09e4.xml.macaon	252	10	pas	pas	advneg	advneg	_	9	mod	_	_
38dd326e-0a80-4779-81ef-aaff408e09e4.xml.macaon	253	11	une	un	det	det	_	12	det	_	_	B:Awareness:FE:Content:G:251
38dd326e-0a80-4779-81ef-aaff408e09e4.xml.macaon	254	12	fin	fin	nc	nc	_	9	obj	_	_	I:Awareness:FE:Content:G:251
38dd326e-0a80-4779-81ef-aaff408e09e4.xml.macaon	255	13	si	si	adv	adv	_	14	mod	_	_	I:Awareness:FE:Content:G:251
38dd326e-0a80-4779-81ef-aaff408e09e4.xml.macaon	256	14	heureuse	heureux	adj	adj	_	12	mod	_	_	I:Awareness:FE:Content:G:251
38dd326e-0a80-4779-81ef-aaff408e09e4.xml.macaon	257	15	.	.	poncts	poncts	_	9	ponct	_	_

38dd326e-0a80-4779-81ef-aaff408e09e4.xml.macaon	258	1	Origine	Origine	np	np	_	_	_	_	_
38dd326e-0a80-4779-81ef-aaff408e09e4.xml.macaon	259	2	des	des	prep	prep	_	1	dep	_	_
38dd326e-0a80-4779-81ef-aaff408e09e4.xml.macaon	260	3	combats	combat	nc	nc	_	2	obj	_	_	B:Hostile_encounter:TARGET:combat:G:260
38dd326e-0a80-4779-81ef-aaff408e09e4.xml.macaon	261	4	de	de	prep	prep	_	3	dep	_	_
38dd326e-0a80-4779-81ef-aaff408e09e4.xml.macaon	262	5	gladiateurs	gladiateur	nc	nc	_	4	obj	_	_

38dd326e-0a80-4779-81ef-aaff408e09e4.xml.macaon	263	1	Au	au	prep	prep	_	7	mod	_	_	B:Making_arrangements:FE:Time:G:269
38dd326e-0a80-4779-81ef-aaff408e09e4.xml.macaon	264	2	temps	temps	nc	nc	_	1	obj	_	_	I:Making_arrangements:FE:Time:G:269
38dd326e-0a80-4779-81ef-aaff408e09e4.xml.macaon	265	3	des	des	prep	prep	_	2	dep	_	_	I:Making_arrangements:FE:Time:G:269
38dd326e-0a80-4779-81ef-aaff408e09e4.xml.macaon	266	4	Étrusques	étrusque	nc	nc	_	3	obj	_	_	I:Making_arrangements:FE:Time:G:269
38dd326e-0a80-4779-81ef-aaff408e09e4.xml.macaon	267	5	,	,	ponctw	ponctw	_	7	ponct	_	_
38dd326e-0a80-4779-81ef-aaff408e09e4.xml.macaon	268	6	on	on	cln	cln	_	7	suj	_	_	B:Making_arrangements:FE:Agent:G:269
38dd326e-0a80-4779-81ef-aaff408e09e4.xml.macaon	269	7	organisait	organiser	v	v	_	_	_	_	_	B:Making_arrangements:TARGET:organiser:G:269
38dd326e-0a80-4779-81ef-aaff408e09e4.xml.macaon	270	8	des	un	det	det	_	9	det	_	_
38dd326e-0a80-4779-81ef-aaff408e09e4.xml.macaon	271	9	duels	duel	nc	nc	_	7	obj	_	_
38dd326e-0a80-4779-81ef-aaff408e09e4.xml.macaon	272	10	devant	devant	prep	prep	_	7	mod	_	_	B:Making_arrangements:FE:Place:G:269
38dd326e-0a80-4779-81ef-aaff408e09e4.xml.macaon	273	11	les	le	det	det	_	12	det	_	_	I:Making_arrangements:FE:Place:G:269
38dd326e-0a80-4779-81ef-aaff408e09e4.xml.macaon	274	12	tombes	tombe	nc	nc	_	10	obj	_	_	I:Making_arrangements:FE:Place:G:269
38dd326e-0a80-4779-81ef-aaff408e09e4.xml.macaon	275	13	des	des	prep	prep	_	12	dep	_	_	I:Making_arrangements:FE:Place:G:269
38dd326e-0a80-4779-81ef-aaff408e09e4.xml.macaon	276	14	défunts	défunt	nc	nc	_	13	obj	_	_	I:Making_arrangements:FE:Place:G:269
38dd326e-0a80-4779-81ef-aaff408e09e4.xml.macaon	277	15	pour	pour	prep	prep	_	14	dep	_	_	B:Making_arrangements:FE:Purpose:G:269
38dd326e-0a80-4779-81ef-aaff408e09e4.xml.macaon	278	16	les	les	clo	clo	_	17	__JOKER__	_	_	I:Making_arrangements:FE:Purpose:G:269
38dd326e-0a80-4779-81ef-aaff408e09e4.xml.macaon	279	17	honorer	honorer	vinf	vinf	_	15	obj	_	_	I:Making_arrangements:FE:Purpose:G:269
38dd326e-0a80-4779-81ef-aaff408e09e4.xml.macaon	280	18	.	.	poncts	poncts	_	7	ponct	_	_

38dd326e-0a80-4779-81ef-aaff408e09e4.xml.macaon	281	1	Ces	ces	det	det	_	2	det	_	_
38dd326e-0a80-4779-81ef-aaff408e09e4.xml.macaon	282	2	combats	combat	nc	nc	_	3	suj	_	_	B:Hostile_encounter:TARGET:combat:G:282
38dd326e-0a80-4779-81ef-aaff408e09e4.xml.macaon	283	3	étaient	étayer	v	v	_	_	_	_	_
38dd326e-0a80-4779-81ef-aaff408e09e4.xml.macaon	284	4	bien#sûr	bien#sûr	adv	adv	_	3	mod	_	_
38dd326e-0a80-4779-81ef-aaff408e09e4.xml.macaon	285	5	«	«	ponctw	ponctw	_	3	ponct	_	_
38dd326e-0a80-4779-81ef-aaff408e09e4.xml.macaon	286	6	pour	pour	prep	prep	_	3	mod	_	_
38dd326e-0a80-4779-81ef-aaff408e09e4.xml.macaon	287	7	de	un	det	det	_	8	det	_	_
38dd326e-0a80-4779-81ef-aaff408e09e4.xml.macaon	288	8	faux	faux	adj	adj	_	6	obj	_	_
38dd326e-0a80-4779-81ef-aaff408e09e4.xml.macaon	289	9	»	»	ponctw	ponctw	_	8	ponct	_	_
38dd326e-0a80-4779-81ef-aaff408e09e4.xml.macaon	290	10	,	,	ponctw	ponctw	_	8	ponct	_	_
38dd326e-0a80-4779-81ef-aaff408e09e4.xml.macaon	291	11	mais	mais	coo	coo	_	8	coord	_	_
38dd326e-0a80-4779-81ef-aaff408e09e4.xml.macaon	292	12	si	si	csu	csu	_	8	dep	_	_
38dd326e-0a80-4779-81ef-aaff408e09e4.xml.macaon	293	13	du	du	prep	prep	_	12	obj	_	_
38dd326e-0a80-4779-81ef-aaff408e09e4.xml.macaon	294	14	sang	sang	nc	nc	_	13	obj	_	_
38dd326e-0a80-4779-81ef-aaff408e09e4.xml.macaon	295	15	était	être	v	v	_	12	obj	_	_
38dd326e-0a80-4779-81ef-aaff408e09e4.xml.macaon	296	16	versé	verser	vppart	vppart	_	12	obj	_	_
38dd326e-0a80-4779-81ef-aaff408e09e4.xml.macaon	297	17	,	,	ponctw	ponctw	_	19	ponct	_	_
38dd326e-0a80-4779-81ef-aaff408e09e4.xml.macaon	298	18	on	on	cln	cln	_	19	suj	_	_
38dd326e-0a80-4779-81ef-aaff408e09e4.xml.macaon	299	19	pensait	penser	v	v	_	12	obj	_	_
38dd326e-0a80-4779-81ef-aaff408e09e4.xml.macaon	300	20	que	que	csu	csu	_	19	obj	_	_
38dd326e-0a80-4779-81ef-aaff408e09e4.xml.macaon	301	21	cela	cela	pro	pro	_	22	suj	_	_
38dd326e-0a80-4779-81ef-aaff408e09e4.xml.macaon	302	22	redonnait	redonner	v	v	_	20	obj	_	_
38dd326e-0a80-4779-81ef-aaff408e09e4.xml.macaon	303	23	de	de	prep	prep	_	22	de_obj	_	_
38dd326e-0a80-4779-81ef-aaff408e09e4.xml.macaon	304	24	l	l	nc	nc	_	23	obj	_	_
38dd326e-0a80-4779-81ef-aaff408e09e4.xml.macaon	305	25	’	’	prep	prep	_	24	dep	_	_
38dd326e-0a80-4779-81ef-aaff408e09e4.xml.macaon	306	26	énergie	énergie	nc	nc	_	25	obj	_	_
38dd326e-0a80-4779-81ef-aaff408e09e4.xml.macaon	307	27	au	au	prep	prep	_	26	dep	_	_
38dd326e-0a80-4779-81ef-aaff408e09e4.xml.macaon	308	28	mort	mort	nc	nc	_	27	obj	_	_	B:OTHER:G
38dd326e-0a80-4779-81ef-aaff408e09e4.xml.macaon	309	29	.	.	poncts	poncts	_	3	ponct	_	_

38dd326e-0a80-4779-81ef-aaff408e09e4.xml.macaon	310	1	Petit#à#petit	petit#à#petit	adj	adj	_	4	mod	_	_
38dd326e-0a80-4779-81ef-aaff408e09e4.xml.macaon	311	2	,	,	ponctw	ponctw	_	1	ponct	_	_
38dd326e-0a80-4779-81ef-aaff408e09e4.xml.macaon	312	3	ces	ce	det	det	_	4	det	_	_
38dd326e-0a80-4779-81ef-aaff408e09e4.xml.macaon	313	4	duels	duel	nc	nc	_	6	suj	_	_
38dd326e-0a80-4779-81ef-aaff408e09e4.xml.macaon	314	5	s'	s'	clr	clr	_	6	aff	_	_
38dd326e-0a80-4779-81ef-aaff408e09e4.xml.macaon	315	6	organisèrent	organiser	v	v	_	_	_	_	_	B:OTHER:G
38dd326e-0a80-4779-81ef-aaff408e09e4.xml.macaon	316	7	:	:	ponctw	ponctw	_	6	ponct	_	_
38dd326e-0a80-4779-81ef-aaff408e09e4.xml.macaon	317	8	des	un	det	det	_	9	det	_	_	B:Hostile_encounter:FE:Sides:G:329
38dd326e-0a80-4779-81ef-aaff408e09e4.xml.macaon	318	9	porteurs	porteur	nc	nc	_	6	obj	_	_	I:Hostile_encounter:FE:Sides:G:329
38dd326e-0a80-4779-81ef-aaff408e09e4.xml.macaon	319	10	de	de	prep	prep	_	9	dep	_	_	I:Hostile_encounter:FE:Sides:G:329
38dd326e-0a80-4779-81ef-aaff408e09e4.xml.macaon	320	11	glaive	glaive	nc	nc	_	10	obj	_	_	I:Hostile_encounter:FE:Sides:G:329
38dd326e-0a80-4779-81ef-aaff408e09e4.xml.macaon	321	12	,	,	ponctw	ponctw	_	9	ponct	_	_	I:Hostile_encounter:FE:Sides:G:329
38dd326e-0a80-4779-81ef-aaff408e09e4.xml.macaon	322	13	ou	ou	coo	coo	_	9	coord	_	_	I:Hostile_encounter:FE:Sides:G:329
38dd326e-0a80-4779-81ef-aaff408e09e4.xml.macaon	323	14	gladiateurs	gladiateur	nc	nc	_	13	dep_coord	_	_	I:Hostile_encounter:FE:Sides:G:329
38dd326e-0a80-4779-81ef-aaff408e09e4.xml.macaon	324	15	,	,	ponctw	ponctw	_	17	ponct	_	_
38dd326e-0a80-4779-81ef-aaff408e09e4.xml.macaon	325	16	se	se	clr	clr	_	17	aff	_	_
38dd326e-0a80-4779-81ef-aaff408e09e4.xml.macaon	326	17	spécialisèrent	spécialiser	v	v	_	13	dep_coord	_	_
38dd326e-0a80-4779-81ef-aaff408e09e4.xml.macaon	327	18	dans	dans	prep	prep	_	17	mod	_	_
38dd326e-0a80-4779-81ef-aaff408e09e4.xml.macaon	328	19	les	le	det	det	_	20	det	_	_
38dd326e-0a80-4779-81ef-aaff408e09e4.xml.macaon	329	20	combats	combat	nc	nc	_	18	obj	_	_	B:Hostile_encounter:TARGET:combat:G:329
38dd326e-0a80-4779-81ef-aaff408e09e4.xml.macaon	330	21	funéraires	funéraire	adj	adj	_	20	mod	_	_
38dd326e-0a80-4779-81ef-aaff408e09e4.xml.macaon	331	22	.	.	poncts	poncts	_	6	ponct	_	_

38dd326e-0a80-4779-81ef-aaff408e09e4.xml.macaon	332	1	Ils	ils	cln	cln	_	3	suj	_	_	B:Motion:FE:Theme:G:334
38dd326e-0a80-4779-81ef-aaff408e09e4.xml.macaon	333	2	se	se	clr	clr	_	3	aff	_	_
38dd326e-0a80-4779-81ef-aaff408e09e4.xml.macaon	334	3	déplaçaient	déplacer	v	v	_	_	_	_	_	B:Motion:TARGET:déplacer:G:334
38dd326e-0a80-4779-81ef-aaff408e09e4.xml.macaon	335	4	d	d	prep	prep	_	3	mod	_	_	B:Motion:FE:Path:G:334
38dd326e-0a80-4779-81ef-aaff408e09e4.xml.macaon	336	5	’	’	det	det	_	6	det	_	_	I:Motion:FE:Path:G:334
38dd326e-0a80-4779-81ef-aaff408e09e4.xml.macaon	337	6	enterrement	enterrement	nc	nc	_	4	obj	_	_	I:Motion:FE:Path:G:334
38dd326e-0a80-4779-81ef-aaff408e09e4.xml.macaon	338	7	à	à	prep	prep	_	6	dep	_	_	I:Motion:FE:Path:G:334
38dd326e-0a80-4779-81ef-aaff408e09e4.xml.macaon	339	8	enterrement	enterrement	nc	nc	_	7	obj	_	_	I:Motion:FE:Path:G:334
38dd326e-0a80-4779-81ef-aaff408e09e4.xml.macaon	340	9	,	,	ponctw	ponctw	_	14	ponct	_	_
38dd326e-0a80-4779-81ef-aaff408e09e4.xml.macaon	341	10	pour	pour	prep	prep	_	14	mod	_	_	B:Motion:FE:Purpose:G:334
38dd326e-0a80-4779-81ef-aaff408e09e4.xml.macaon	342	11	présenter	présenter	vinf	vinf	_	10	obj	_	_	I:Motion:FE:Purpose:G:334
38dd326e-0a80-4779-81ef-aaff408e09e4.xml.macaon	343	12	ce	ce	pro	pro	_	10	obj	_	_	I:Motion:FE:Purpose:G:334
38dd326e-0a80-4779-81ef-aaff408e09e4.xml.macaon	344	13	qui	qui	prorel	prorel	_	14	suj	_	_	I:Motion:FE:Purpose:G:334
38dd326e-0a80-4779-81ef-aaff408e09e4.xml.macaon	345	14	était	être	v	v	_	6	mod_rel	_	_	I:Motion:FE:Purpose:G:334
38dd326e-0a80-4779-81ef-aaff408e09e4.xml.macaon	346	15	déjà	déjà	adv	adv	_	14	mod	_	_	I:Motion:FE:Purpose:G:334
38dd326e-0a80-4779-81ef-aaff408e09e4.xml.macaon	347	16	un	un	det	det	_	17	det	_	_	I:Motion:FE:Purpose:G:334
38dd326e-0a80-4779-81ef-aaff408e09e4.xml.macaon	348	17	spectacle	spectacle	nc	nc	_	14	ats	_	_	I:Motion:FE:Purpose:G:334
38dd326e-0a80-4779-81ef-aaff408e09e4.xml.macaon	349	18	.	.	poncts	poncts	_	3	ponct	_	_

38dd326e-0a80-4779-81ef-aaff408e09e4.xml.macaon	350	1	La	la	det	det	_	2	det	_	_
38dd326e-0a80-4779-81ef-aaff408e09e4.xml.macaon	351	2	famille	famille	nc	nc	_	6	suj	_	_
38dd326e-0a80-4779-81ef-aaff408e09e4.xml.macaon	352	3	du	du	prep	prep	_	2	dep	_	_
38dd326e-0a80-4779-81ef-aaff408e09e4.xml.macaon	353	4	défunt	défunt	nc	nc	_	3	obj	_	_
38dd326e-0a80-4779-81ef-aaff408e09e4.xml.macaon	354	5	les	les	clo	clo	_	6	aff	_	_
38dd326e-0a80-4779-81ef-aaff408e09e4.xml.macaon	355	6	payait	payer	v	v	_	_	_	_	_
38dd326e-0a80-4779-81ef-aaff408e09e4.xml.macaon	356	7	pour	pour	prep	prep	_	6	mod	_	_
38dd326e-0a80-4779-81ef-aaff408e09e4.xml.macaon	357	8	leurs	son	det	det	_	9	det	_	_
38dd326e-0a80-4779-81ef-aaff408e09e4.xml.macaon	358	9	services	service	nc	nc	_	7	obj	_	_
38dd326e-0a80-4779-81ef-aaff408e09e4.xml.macaon	359	10	.	.	poncts	poncts	_	6	ponct	_	_

38dd326e-0a80-4779-81ef-aaff408e09e4.xml.macaon	360	1	Aussi	aussi	adv	adv	_	2	mod	_	_
38dd326e-0a80-4779-81ef-aaff408e09e4.xml.macaon	361	2	incroyable	incroyable	adj	adj	_	_	_	_	_
38dd326e-0a80-4779-81ef-aaff408e09e4.xml.macaon	362	3	que	que	csu	csu	_	2	dep	_	_
38dd326e-0a80-4779-81ef-aaff408e09e4.xml.macaon	363	4	cela	cela	pro	pro	_	5	suj	_	_
38dd326e-0a80-4779-81ef-aaff408e09e4.xml.macaon	364	5	puisse	pouvoir	v	v	_	3	obj	_	_
38dd326e-0a80-4779-81ef-aaff408e09e4.xml.macaon	365	6	paraître	paraître	vinf	vinf	_	5	obj	_	_
38dd326e-0a80-4779-81ef-aaff408e09e4.xml.macaon	366	7	,	,	ponctw	ponctw	_	12	ponct	_	_
38dd326e-0a80-4779-81ef-aaff408e09e4.xml.macaon	367	8	les	le	det	det	_	9	det	_	_
38dd326e-0a80-4779-81ef-aaff408e09e4.xml.macaon	368	9	nobles	noble	nc	nc	_	12	suj	_	_
38dd326e-0a80-4779-81ef-aaff408e09e4.xml.macaon	369	10	de	de	prep	prep	_	9	dep	_	_
38dd326e-0a80-4779-81ef-aaff408e09e4.xml.macaon	370	11	Rome	Rome	np	np	_	10	obj	_	_
38dd326e-0a80-4779-81ef-aaff408e09e4.xml.macaon	371	12	transformèrent	transformer	v	v	_	3	obj	_	_
38dd326e-0a80-4779-81ef-aaff408e09e4.xml.macaon	372	13	ces	ce	det	det	_	14	det	_	_
38dd326e-0a80-4779-81ef-aaff408e09e4.xml.macaon	373	14	enterrements	enterrement	nc	nc	_	12	obj	_	_
38dd326e-0a80-4779-81ef-aaff408e09e4.xml.macaon	374	15	en	en	prep	prep	_	12	mod	_	_
38dd326e-0a80-4779-81ef-aaff408e09e4.xml.macaon	375	16	de	de	prep	prep	_	15	obj	_	_
38dd326e-0a80-4779-81ef-aaff408e09e4.xml.macaon	376	17	véritables	véritable	adj	adj	_	18	mod	_	_
38dd326e-0a80-4779-81ef-aaff408e09e4.xml.macaon	377	18	campagnes	campagne	nc	nc	_	16	obj	_	_
38dd326e-0a80-4779-81ef-aaff408e09e4.xml.macaon	378	19	électorales	électoral	adj	adj	_	18	mod	_	_
38dd326e-0a80-4779-81ef-aaff408e09e4.xml.macaon	379	20	!	!	poncts	poncts	_	12	ponct	_	_

38dd326e-0a80-4779-81ef-aaff408e09e4.xml.macaon	380	1	Tout#le#monde	Tout#le#monde	np	np	_	7	suj	_	_
38dd326e-0a80-4779-81ef-aaff408e09e4.xml.macaon	381	2	était	être	v	v	_	3	aux_tps	_	_
38dd326e-0a80-4779-81ef-aaff408e09e4.xml.macaon	382	3	invité	inviter	vppart	vppart	_	1	mod	_	_
38dd326e-0a80-4779-81ef-aaff408e09e4.xml.macaon	383	4	,	,	ponctw	ponctw	_	3	ponct	_	_
38dd326e-0a80-4779-81ef-aaff408e09e4.xml.macaon	384	5	l'	le	det	det	_	6	det	_	_
38dd326e-0a80-4779-81ef-aaff408e09e4.xml.macaon	385	6	organisateur	organisateur	nc	nc	_	7	suj	_	_
38dd326e-0a80-4779-81ef-aaff408e09e4.xml.macaon	386	7	offrait	offrir	v	v	_	_	_	_	_
38dd326e-0a80-4779-81ef-aaff408e09e4.xml.macaon	387	8	un	un	det	det	_	9	det	_	_
38dd326e-0a80-4779-81ef-aaff408e09e4.xml.macaon	388	9	spectacle	spectacle	nc	nc	_	7	obj	_	_
38dd326e-0a80-4779-81ef-aaff408e09e4.xml.macaon	389	10	de	de	prep	prep	_	9	dep	_	_
38dd326e-0a80-4779-81ef-aaff408e09e4.xml.macaon	390	11	gladiateur	gladiateur	nc	nc	_	10	obj	_	_
38dd326e-0a80-4779-81ef-aaff408e09e4.xml.macaon	391	12	(	(	ponctw	ponctw	_	9	ponct	_	_
38dd326e-0a80-4779-81ef-aaff408e09e4.xml.macaon	392	13	ainsi	ainsi	adv	adv	_	14	mod	_	_
38dd326e-0a80-4779-81ef-aaff408e09e4.xml.macaon	393	14	qu	qu	vppart	vppart	_	9	mod	_	_
38dd326e-0a80-4779-81ef-aaff408e09e4.xml.macaon	394	15	’	’	prep	prep	_	14	mod	_	_
38dd326e-0a80-4779-81ef-aaff408e09e4.xml.macaon	395	16	un	un	det	det	_	18	det	_	_
38dd326e-0a80-4779-81ef-aaff408e09e4.xml.macaon	396	17	grand	grand	adj	adj	_	18	mod	_	_
38dd326e-0a80-4779-81ef-aaff408e09e4.xml.macaon	397	18	banquet	banquet	nc	nc	_	15	obj	_	_
38dd326e-0a80-4779-81ef-aaff408e09e4.xml.macaon	398	19	)	)	ponctw	ponctw	_	18	ponct	_	_
38dd326e-0a80-4779-81ef-aaff408e09e4.xml.macaon	399	20	pour	pour	prep	prep	_	26	mod	_	_
38dd326e-0a80-4779-81ef-aaff408e09e4.xml.macaon	400	21	être	être	vinf	vinf	_	20	obj	_	_
38dd326e-0a80-4779-81ef-aaff408e09e4.xml.macaon	401	22	populaire	populaire	adj	adj	_	21	ato	_	_
38dd326e-0a80-4779-81ef-aaff408e09e4.xml.macaon	402	23	et	et	coo	coo	_	22	coord	_	_
38dd326e-0a80-4779-81ef-aaff408e09e4.xml.macaon	403	24	ainsi	ainsi	adv	adv	_	26	mod	_	_
38dd326e-0a80-4779-81ef-aaff408e09e4.xml.macaon	404	25	être	être	vinf	vinf	_	26	aux_pass	_	_
38dd326e-0a80-4779-81ef-aaff408e09e4.xml.macaon	405	26	choisi	choisir	vppart	vppart	_	18	mod	_	_	B:Choosing:TARGET:choisir:G:405
38dd326e-0a80-4779-81ef-aaff408e09e4.xml.macaon	406	27	pour	pour	prep	prep	_	26	mod	_	_	B:Choosing:FE:Inherent_purpose:G:405
38dd326e-0a80-4779-81ef-aaff408e09e4.xml.macaon	407	28	une	un	det	det	_	30	det	_	_	I:Choosing:FE:Inherent_purpose:G:405
38dd326e-0a80-4779-81ef-aaff408e09e4.xml.macaon	408	29	haute	haut	adj	adj	_	30	mod	_	_	I:Choosing:FE:Inherent_purpose:G:405
38dd326e-0a80-4779-81ef-aaff408e09e4.xml.macaon	409	30	charge	charge	nc	nc	_	27	obj	_	_	I:Choosing:FE:Inherent_purpose:G:405
38dd326e-0a80-4779-81ef-aaff408e09e4.xml.macaon	410	31	.	.	poncts	poncts	_	7	ponct	_	_

38dd326e-0a80-4779-81ef-aaff408e09e4.xml.macaon	411	1	Si	si	csu	csu	_	_	_	_	_
38dd326e-0a80-4779-81ef-aaff408e09e4.xml.macaon	412	2	l'	le	det	det	_	3	det	_	_
38dd326e-0a80-4779-81ef-aaff408e09e4.xml.macaon	413	3	enterrement	enterrement	nc	nc	_	4	suj	_	_
38dd326e-0a80-4779-81ef-aaff408e09e4.xml.macaon	414	4	était	être	v	v	_	1	obj	_	_
38dd326e-0a80-4779-81ef-aaff408e09e4.xml.macaon	415	5	trop	trop	adv	adv	_	6	mod	_	_
38dd326e-0a80-4779-81ef-aaff408e09e4.xml.macaon	416	6	éloigné	éloigné	adj	adj	_	4	ats	_	_
38dd326e-0a80-4779-81ef-aaff408e09e4.xml.macaon	417	7	des	des	prep	prep	_	4	mod	_	_
38dd326e-0a80-4779-81ef-aaff408e09e4.xml.macaon	418	8	élections	élection	nc	nc	_	7	obj	_	_	B:Change_of_leadership:TARGET:élection:G:418
38dd326e-0a80-4779-81ef-aaff408e09e4.xml.macaon	419	9	,	,	ponctw	ponctw	_	11	ponct	_	_
38dd326e-0a80-4779-81ef-aaff408e09e4.xml.macaon	420	10	on	on	cln	cln	_	11	suj	_	_
38dd326e-0a80-4779-81ef-aaff408e09e4.xml.macaon	421	11	retardait	retarder	v	v	_	1	obj	_	_
38dd326e-0a80-4779-81ef-aaff408e09e4.xml.macaon	422	12	les	le	det	det	_	13	det	_	_
38dd326e-0a80-4779-81ef-aaff408e09e4.xml.macaon	423	13	jeux	jeu	nc	nc	_	11	obj	_	_
38dd326e-0a80-4779-81ef-aaff408e09e4.xml.macaon	424	14	et	et	coo	coo	_	13	coord	_	_
38dd326e-0a80-4779-81ef-aaff408e09e4.xml.macaon	425	15	le	le	det	det	_	16	det	_	_
38dd326e-0a80-4779-81ef-aaff408e09e4.xml.macaon	426	16	repas	repas	nc	nc	_	14	dep_coord	_	_	B:Ingestion:TARGET:repas:G:426
38dd326e-0a80-4779-81ef-aaff408e09e4.xml.macaon	427	17	,	,	ponctw	ponctw	_	16	ponct	_	_
38dd326e-0a80-4779-81ef-aaff408e09e4.xml.macaon	428	18	si#bien#que	si#bien#que	csu	csu	_	16	mod	_	_
38dd326e-0a80-4779-81ef-aaff408e09e4.xml.macaon	429	19	les	le	det	det	_	20	det	_	_	B:Ingestion:FE:Ingestor:G:426
38dd326e-0a80-4779-81ef-aaff408e09e4.xml.macaon	430	20	gens	gens	nc	nc	_	22	suj	_	_	I:Ingestion:FE:Ingestor:G:426
38dd326e-0a80-4779-81ef-aaff408e09e4.xml.macaon	431	21	ont	avoir	v	v	_	22	aux_tps	_	_
38dd326e-0a80-4779-81ef-aaff408e09e4.xml.macaon	432	22	fini	finir	vppart	vppart	_	18	obj	_	_
38dd326e-0a80-4779-81ef-aaff408e09e4.xml.macaon	433	23	par	par	prep	prep	_	22	p_obj	_	_
38dd326e-0a80-4779-81ef-aaff408e09e4.xml.macaon	434	24	oublier	oublier	vinf	vinf	_	23	obj	_	_
38dd326e-0a80-4779-81ef-aaff408e09e4.xml.macaon	435	25	l	l	det	det	_	26	det	_	_
38dd326e-0a80-4779-81ef-aaff408e09e4.xml.macaon	436	26	’	’	nc	nc	_	24	obj	_	_
38dd326e-0a80-4779-81ef-aaff408e09e4.xml.macaon	437	27	origine	origine	nc	nc	_	26	mod	_	_	B:Origin:TARGET:origine:G:437
38dd326e-0a80-4779-81ef-aaff408e09e4.xml.macaon	438	28	de	de	prep	prep	_	27	dep	_	_
38dd326e-0a80-4779-81ef-aaff408e09e4.xml.macaon	439	29	ses	son	det	det	_	30	det	_	_	B:Origin:FE:Entity:G:437
38dd326e-0a80-4779-81ef-aaff408e09e4.xml.macaon	440	30	combats	combat	nc	nc	_	28	obj	_	_	I:Origin:FE:Entity:G:437	B:Hostile_encounter:TARGET:combat:G:440	B:Becoming:FE:Entity:G:442
38dd326e-0a80-4779-81ef-aaff408e09e4.xml.macaon	441	31	,	,	ponctw	ponctw	_	30	ponct	_	_
38dd326e-0a80-4779-81ef-aaff408e09e4.xml.macaon	442	32	devenu	devenir	vppart	vppart	_	30	mod	_	_	B:Hostile_encounter:FE:Explanation:G:440	B:Becoming:TARGET:devenir:G:442
38dd326e-0a80-4779-81ef-aaff408e09e4.xml.macaon	443	33	simples	simple	adj	adj	_	34	mod	_	_	I:Hostile_encounter:FE:Explanation:G:440	B:Becoming:FE:Final_quality:G:442
38dd326e-0a80-4779-81ef-aaff408e09e4.xml.macaon	444	34	spectacles	spectacle	nc	nc	_	24	obj	_	_	I:Hostile_encounter:FE:Explanation:G:440	B:Becoming:FE:Final_category:G:442
38dd326e-0a80-4779-81ef-aaff408e09e4.xml.macaon	445	35	.	.	poncts	poncts	_	1	__JOKER__	_	_

38dd326e-0a80-4779-81ef-aaff408e09e4.xml.macaon	446	1	Les	les	det	det	_	3	det	_	_
38dd326e-0a80-4779-81ef-aaff408e09e4.xml.macaon	447	2	différents	différent	adj	adj	_	3	mod	_	_
38dd326e-0a80-4779-81ef-aaff408e09e4.xml.macaon	448	3	types	type	nc	nc	_	_	_	_	_
38dd326e-0a80-4779-81ef-aaff408e09e4.xml.macaon	449	4	de	de	prep	prep	_	3	dep	_	_
38dd326e-0a80-4779-81ef-aaff408e09e4.xml.macaon	450	5	gladiateurs	gladiateur	nc	nc	_	4	obj	_	_

38dd326e-0a80-4779-81ef-aaff408e09e4.xml.macaon	451	1	le	le	det	det	_	2	det	_	_	B:Hostile_encounter:FE:Side1:G:458
38dd326e-0a80-4779-81ef-aaff408e09e4.xml.macaon	452	2	belluaire	belluaire	nc	nc	_	4	suj	_	_	I:Hostile_encounter:FE:Side1:G:458
38dd326e-0a80-4779-81ef-aaff408e09e4.xml.macaon	453	3	,	,	ponctw	ponctw	_	4	ponct	_	_
38dd326e-0a80-4779-81ef-aaff408e09e4.xml.macaon	454	4	est	être	v	v	_	_	_	_	_
38dd326e-0a80-4779-81ef-aaff408e09e4.xml.macaon	455	5	un	un	det	det	_	6	det	_	_	B:Hostile_encounter:FE:Side1:G:458
38dd326e-0a80-4779-81ef-aaff408e09e4.xml.macaon	456	6	gladiateur	gladiateur	nc	nc	_	4	ats	_	_	I:Hostile_encounter:FE:Side1:G:458
38dd326e-0a80-4779-81ef-aaff408e09e4.xml.macaon	457	7	qui	qui	prorel	prorel	_	8	suj	_	_
38dd326e-0a80-4779-81ef-aaff408e09e4.xml.macaon	458	8	combattait	combattre	v	v	_	6	mod_rel	_	_	B:Hostile_encounter:TARGET:combattre:G:458
38dd326e-0a80-4779-81ef-aaff408e09e4.xml.macaon	459	9	les	le	det	det	_	10	det	_	_
38dd326e-0a80-4779-81ef-aaff408e09e4.xml.macaon	460	10	bêtes	bête	nc	nc	_	8	obj	_	_
38dd326e-0a80-4779-81ef-aaff408e09e4.xml.macaon	461	11	fauves	fauve	adj	adj	_	10	mod	_	_
38dd326e-0a80-4779-81ef-aaff408e09e4.xml.macaon	462	12	l'	l'	nc	nc	_	8	obj	_	_
38dd326e-0a80-4779-81ef-aaff408e09e4.xml.macaon	463	13	hoplomaque	hoplomaque	adj	adj	_	12	mod	_	_
38dd326e-0a80-4779-81ef-aaff408e09e4.xml.macaon	464	14	:	:	ponctw	ponctw	_	12	ponct	_	_
38dd326e-0a80-4779-81ef-aaff408e09e4.xml.macaon	465	15	gladiateur	gladiateur	nc	nc	_	8	obj	_	_
38dd326e-0a80-4779-81ef-aaff408e09e4.xml.macaon	466	16	disposant	disposer	vprespart	vprespart	_	15	__JOKER__	_	_
38dd326e-0a80-4779-81ef-aaff408e09e4.xml.macaon	467	17	d'	de	prep	prep	_	16	de_obj	_	_
38dd326e-0a80-4779-81ef-aaff408e09e4.xml.macaon	468	18	un	un	det	det	_	20	det	_	_
38dd326e-0a80-4779-81ef-aaff408e09e4.xml.macaon	469	19	petit	petit	adj	adj	_	20	mod	_	_
38dd326e-0a80-4779-81ef-aaff408e09e4.xml.macaon	470	20	bouclier	bouclier	nc	nc	_	17	obj	_	_
38dd326e-0a80-4779-81ef-aaff408e09e4.xml.macaon	471	21	.	.	poncts	poncts	_	4	ponct	_	_

38dd326e-0a80-4779-81ef-aaff408e09e4.xml.macaon	472	1	Il	il	cln	cln	_	2	suj	_	_
38dd326e-0a80-4779-81ef-aaff408e09e4.xml.macaon	473	2	affronte	affronter	v	v	_	_	_	_	_
38dd326e-0a80-4779-81ef-aaff408e09e4.xml.macaon	474	3	surtout	surtout	adv	adv	_	2	mod	_	_
38dd326e-0a80-4779-81ef-aaff408e09e4.xml.macaon	475	4	le	le	det	det	_	5	det	_	_
38dd326e-0a80-4779-81ef-aaff408e09e4.xml.macaon	476	5	mirmillon	mirmillon	nc	nc	_	2	obj	_	_
38dd326e-0a80-4779-81ef-aaff408e09e4.xml.macaon	477	6	,	,	ponctw	ponctw	_	5	ponct	_	_
38dd326e-0a80-4779-81ef-aaff408e09e4.xml.macaon	478	7	plus	plus	adv	adv	_	8	mod	_	_
38dd326e-0a80-4779-81ef-aaff408e09e4.xml.macaon	479	8	rarement	rarement	adv	adv	_	5	mod	_	_
38dd326e-0a80-4779-81ef-aaff408e09e4.xml.macaon	480	9	le	le	det	det	_	10	det	_	_
38dd326e-0a80-4779-81ef-aaff408e09e4.xml.macaon	481	10	Thrace	Thrace	np	np	_	5	mod	_	_
38dd326e-0a80-4779-81ef-aaff408e09e4.xml.macaon	482	11	.	.	poncts	poncts	_	2	ponct	_	_

38dd326e-0a80-4779-81ef-aaff408e09e4.xml.macaon	483	1	le	le	det	det	_	2	det	_	_
38dd326e-0a80-4779-81ef-aaff408e09e4.xml.macaon	484	2	mirmillon	mirmillon	nc	nc	_	3	suj	_	_
38dd326e-0a80-4779-81ef-aaff408e09e4.xml.macaon	485	3	est	être	v	v	_	_	_	_	_
38dd326e-0a80-4779-81ef-aaff408e09e4.xml.macaon	486	4	un	un	det	det	_	5	det	_	_
38dd326e-0a80-4779-81ef-aaff408e09e4.xml.macaon	487	5	gladiateur	gladiateur	nc	nc	_	3	ats	_	_
38dd326e-0a80-4779-81ef-aaff408e09e4.xml.macaon	488	6	armé	armer	vppart	vppart	_	5	mod	_	_
38dd326e-0a80-4779-81ef-aaff408e09e4.xml.macaon	489	7	d'	de	prep	prep	_	6	de_obj	_	_
38dd326e-0a80-4779-81ef-aaff408e09e4.xml.macaon	490	8	une	un	det	det	_	9	det	_	_
38dd326e-0a80-4779-81ef-aaff408e09e4.xml.macaon	491	9	épée	épée	nc	nc	_	7	obj	_	_
38dd326e-0a80-4779-81ef-aaff408e09e4.xml.macaon	492	10	et	et	coo	coo	_	7	coord	_	_
38dd326e-0a80-4779-81ef-aaff408e09e4.xml.macaon	493	11	d'	de	prep	prep	_	10	dep_coord	_	_
38dd326e-0a80-4779-81ef-aaff408e09e4.xml.macaon	494	12	un	un	det	det	_	14	det	_	_
38dd326e-0a80-4779-81ef-aaff408e09e4.xml.macaon	495	13	grand	grand	adj	adj	_	14	mod	_	_
38dd326e-0a80-4779-81ef-aaff408e09e4.xml.macaon	496	14	bouclier	bouclier	nc	nc	_	11	obj	_	_
38dd326e-0a80-4779-81ef-aaff408e09e4.xml.macaon	497	15	.	.	poncts	poncts	_	3	ponct	_	_

38dd326e-0a80-4779-81ef-aaff408e09e4.xml.macaon	498	1	Il	il	cln	cln	_	2	suj	_	_
38dd326e-0a80-4779-81ef-aaff408e09e4.xml.macaon	499	2	est	être	v	v	_	5	aux_tps	_	_
38dd326e-0a80-4779-81ef-aaff408e09e4.xml.macaon	500	3	le#plus	le#plus	adv	adv	_	5	mod	_	_
38dd326e-0a80-4779-81ef-aaff408e09e4.xml.macaon	501	4	souvent	souvent	adv	adv	_	5	mod	_	_
38dd326e-0a80-4779-81ef-aaff408e09e4.xml.macaon	502	5	opposé	opposer	vppart	vppart	_	_	_	_	_
38dd326e-0a80-4779-81ef-aaff408e09e4.xml.macaon	503	6	au	au	prep	prep	_	5	mod	_	_
38dd326e-0a80-4779-81ef-aaff408e09e4.xml.macaon	504	7	Thrace	Thrace	np	np	_	6	obj	_	_
38dd326e-0a80-4779-81ef-aaff408e09e4.xml.macaon	505	8	ou	ou	coo	coo	_	7	coord	_	_
38dd326e-0a80-4779-81ef-aaff408e09e4.xml.macaon	506	9	au	au	prep	prep	_	8	dep_coord	_	_
38dd326e-0a80-4779-81ef-aaff408e09e4.xml.macaon	507	10	rétiaire	rétiaire	nc	nc	_	9	obj	_	_
38dd326e-0a80-4779-81ef-aaff408e09e4.xml.macaon	508	11	.	.	poncts	poncts	_	8	__JOKER__	_	_

38dd326e-0a80-4779-81ef-aaff408e09e4.xml.macaon	509	1	le	le	det	det	_	2	det	_	_
38dd326e-0a80-4779-81ef-aaff408e09e4.xml.macaon	510	2	rétiaire	rétiaire	nc	nc	_	3	suj	_	_
38dd326e-0a80-4779-81ef-aaff408e09e4.xml.macaon	511	3	est	être	v	v	_	_	_	_	_
38dd326e-0a80-4779-81ef-aaff408e09e4.xml.macaon	512	4	un	un	det	det	_	5	det	_	_
38dd326e-0a80-4779-81ef-aaff408e09e4.xml.macaon	513	5	gladiateur	gladiateur	nc	nc	_	3	ats	_	_
38dd326e-0a80-4779-81ef-aaff408e09e4.xml.macaon	514	6	armé	armer	vppart	vppart	_	5	mod	_	_
38dd326e-0a80-4779-81ef-aaff408e09e4.xml.macaon	515	7	d'	de	prep	prep	_	6	de_obj	_	_
38dd326e-0a80-4779-81ef-aaff408e09e4.xml.macaon	516	8	un	un	det	det	_	9	det	_	_
38dd326e-0a80-4779-81ef-aaff408e09e4.xml.macaon	517	9	filet	filet	nc	nc	_	7	obj	_	_
38dd326e-0a80-4779-81ef-aaff408e09e4.xml.macaon	518	10	et	et	coo	coo	_	7	coord	_	_
38dd326e-0a80-4779-81ef-aaff408e09e4.xml.macaon	519	11	d'	de	prep	prep	_	10	dep_coord	_	_
38dd326e-0a80-4779-81ef-aaff408e09e4.xml.macaon	520	12	un	un	det	det	_	13	det	_	_
38dd326e-0a80-4779-81ef-aaff408e09e4.xml.macaon	521	13	trident	trident	nc	nc	_	11	obj	_	_
38dd326e-0a80-4779-81ef-aaff408e09e4.xml.macaon	522	14	le	le	det	det	_	15	det	_	_
38dd326e-0a80-4779-81ef-aaff408e09e4.xml.macaon	523	15	thrace	thrace	nc	nc	_	11	obj	_	_
38dd326e-0a80-4779-81ef-aaff408e09e4.xml.macaon	524	16	est	être	v	v	_	10	dep_coord	_	_
38dd326e-0a80-4779-81ef-aaff408e09e4.xml.macaon	525	17	un	un	det	det	_	18	det	_	_
38dd326e-0a80-4779-81ef-aaff408e09e4.xml.macaon	526	18	gladiateur	gladiateur	nc	nc	_	16	ats	_	_
38dd326e-0a80-4779-81ef-aaff408e09e4.xml.macaon	527	19	disposant	disposer	vprespart	vprespart	_	10	__JOKER__	_	_
38dd326e-0a80-4779-81ef-aaff408e09e4.xml.macaon	528	20	d'	de	prep	prep	_	19	de_obj	_	_
38dd326e-0a80-4779-81ef-aaff408e09e4.xml.macaon	529	21	un	un	det	det	_	23	det	_	_
38dd326e-0a80-4779-81ef-aaff408e09e4.xml.macaon	530	22	petit	petit	adj	adj	_	23	mod	_	_
38dd326e-0a80-4779-81ef-aaff408e09e4.xml.macaon	531	23	bouclier	bouclier	nc	nc	_	20	obj	_	_
38dd326e-0a80-4779-81ef-aaff408e09e4.xml.macaon	532	24	.	.	poncts	poncts	_	3	ponct	_	_

38dd326e-0a80-4779-81ef-aaff408e09e4.xml.macaon	533	1	Son	son	det	det	_	2	det	_	_
38dd326e-0a80-4779-81ef-aaff408e09e4.xml.macaon	534	2	adversaire	adversaire	nc	nc	_	4	suj	_	_
38dd326e-0a80-4779-81ef-aaff408e09e4.xml.macaon	535	3	principal	principal	adj	adj	_	2	mod	_	_
38dd326e-0a80-4779-81ef-aaff408e09e4.xml.macaon	536	4	est	être	v	v	_	_	_	_	_
38dd326e-0a80-4779-81ef-aaff408e09e4.xml.macaon	537	5	le	le	det	det	_	6	det	_	_
38dd326e-0a80-4779-81ef-aaff408e09e4.xml.macaon	538	6	mirmillon	mirmillon	nc	nc	_	4	ats	_	_
38dd326e-0a80-4779-81ef-aaff408e09e4.xml.macaon	539	7	,	,	ponctw	ponctw	_	6	ponct	_	_
38dd326e-0a80-4779-81ef-aaff408e09e4.xml.macaon	540	8	et	et	coo	coo	_	6	coord	_	_
38dd326e-0a80-4779-81ef-aaff408e09e4.xml.macaon	541	9	plus	plus	adv	adv	_	10	mod	_	_
38dd326e-0a80-4779-81ef-aaff408e09e4.xml.macaon	542	10	rarement	rarement	adv	adv	_	8	mod	_	_
38dd326e-0a80-4779-81ef-aaff408e09e4.xml.macaon	543	11	l'	le	det	det	_	12	det	_	_
38dd326e-0a80-4779-81ef-aaff408e09e4.xml.macaon	544	12	hoplomaque	hoplomaque	nc	nc	_	8	__JOKER__	_	_
38dd326e-0a80-4779-81ef-aaff408e09e4.xml.macaon	545	13	.	.	poncts	poncts	_	4	ponct	_	_

38dd326e-0a80-4779-81ef-aaff408e09e4.xml.macaon	546	1	le	le	det	det	_	2	det	_	_
38dd326e-0a80-4779-81ef-aaff408e09e4.xml.macaon	547	2	laniste	laniste	nc	nc	_	3	suj	_	_
38dd326e-0a80-4779-81ef-aaff408e09e4.xml.macaon	548	3	est	être	v	v	_	_	_	_	_
38dd326e-0a80-4779-81ef-aaff408e09e4.xml.macaon	549	4	le	le	det	det	_	5	det	_	_
38dd326e-0a80-4779-81ef-aaff408e09e4.xml.macaon	550	5	formateur	formateur	nc	nc	_	3	ats	_	_
38dd326e-0a80-4779-81ef-aaff408e09e4.xml.macaon	551	6	et	et	coo	coo	_	5	coord	_	_
38dd326e-0a80-4779-81ef-aaff408e09e4.xml.macaon	552	7	l'	le	det	det	_	8	det	_	_
38dd326e-0a80-4779-81ef-aaff408e09e4.xml.macaon	553	8	entraineur	entraineur	nc	nc	_	6	dep_coord	_	_
38dd326e-0a80-4779-81ef-aaff408e09e4.xml.macaon	554	9	des	des	prep	prep	_	8	dep	_	_
38dd326e-0a80-4779-81ef-aaff408e09e4.xml.macaon	555	10	gladiateurs	gladiateur	nc	nc	_	9	obj	_	_
38dd326e-0a80-4779-81ef-aaff408e09e4.xml.macaon	556	11	.	.	poncts	poncts	_	3	ponct	_	_
