522bbeb9-7a12-4253-8941-0420c6231870.xml.macaon	0	1	vikidia	vikidia	nc	nc	_	_	_	_	_

522bbeb9-7a12-4253-8941-0420c6231870.xml.macaon	1	1	522bbeb9	522bbeb9	adj	adj	_	3	dep	_	_
522bbeb9-7a12-4253-8941-0420c6231870.xml.macaon	2	2	-	-	ponctw	ponctw	_	1	ponct	_	_
522bbeb9-7a12-4253-8941-0420c6231870.xml.macaon	3	3	7a12	7a12	adj	adj	_	5	mod	_	_
522bbeb9-7a12-4253-8941-0420c6231870.xml.macaon	4	4	-	-	ponctw	ponctw	_	3	ponct	_	_
522bbeb9-7a12-4253-8941-0420c6231870.xml.macaon	5	5	4253	4253	nc	nc	_	_	_	_	_
522bbeb9-7a12-4253-8941-0420c6231870.xml.macaon	6	6	-	-	ponctw	ponctw	_	5	ponct	_	_
522bbeb9-7a12-4253-8941-0420c6231870.xml.macaon	7	7	8941	8941	nc	nc	_	5	mod	_	_
522bbeb9-7a12-4253-8941-0420c6231870.xml.macaon	8	8	-	-	ponctw	ponctw	_	7	ponct	_	_
522bbeb9-7a12-4253-8941-0420c6231870.xml.macaon	9	9	0420c6231870	0420c6231870	nc	nc	_	7	mod	_	_

522bbeb9-7a12-4253-8941-0420c6231870.xml.macaon	10	1	ADDED	ADDED	nc	nc	_	_	_	_	_

522bbeb9-7a12-4253-8941-0420c6231870.xml.macaon	11	1	2016	2016	adj	adj	_	3	mod	_	_
522bbeb9-7a12-4253-8941-0420c6231870.xml.macaon	12	2	-	-	ponctw	ponctw	_	1	ponct	_	_
522bbeb9-7a12-4253-8941-0420c6231870.xml.macaon	13	3	06	06	nc	nc	_	_	_	_	_
522bbeb9-7a12-4253-8941-0420c6231870.xml.macaon	14	4	-	-	ponctw	ponctw	_	3	ponct	_	_
522bbeb9-7a12-4253-8941-0420c6231870.xml.macaon	15	5	15T14	15T14	nc	nc	_	3	mod	_	_
522bbeb9-7a12-4253-8941-0420c6231870.xml.macaon	16	6	:	:	ponctw	ponctw	_	5	ponct	_	_
522bbeb9-7a12-4253-8941-0420c6231870.xml.macaon	17	7	52	52	det	det	_	9	det	_	_
522bbeb9-7a12-4253-8941-0420c6231870.xml.macaon	18	8	:	:	ponctw	ponctw	_	9	ponct	_	_
522bbeb9-7a12-4253-8941-0420c6231870.xml.macaon	19	9	55Z	55Z	nc	nc	_	5	mod	_	_

522bbeb9-7a12-4253-8941-0420c6231870.xml.macaon	20	1	Épreuves	épreuve	nc	nc	_	_	_	_	_
522bbeb9-7a12-4253-8941-0420c6231870.xml.macaon	21	2	sportives	sportif	adj	adj	_	1	mod	_	_
522bbeb9-7a12-4253-8941-0420c6231870.xml.macaon	22	3	de	de	prep	prep	_	1	dep	_	_
522bbeb9-7a12-4253-8941-0420c6231870.xml.macaon	23	4	combat	combat	nc	nc	_	3	obj	_	_	B:Hostile_encounter:TARGET:combat:G:23
522bbeb9-7a12-4253-8941-0420c6231870.xml.macaon	24	5	dans	dans	prep	prep	_	4	dep	_	_
522bbeb9-7a12-4253-8941-0420c6231870.xml.macaon	25	6	l'	le	det	det	_	7	det	_	_
522bbeb9-7a12-4253-8941-0420c6231870.xml.macaon	26	7	Antiquité	antiquité	nc	nc	_	5	obj	_	_
522bbeb9-7a12-4253-8941-0420c6231870.xml.macaon	27	8	gréco-romaine	gréco-romain	adj	adj	_	7	mod	_	_

522bbeb9-7a12-4253-8941-0420c6231870.xml.macaon	28	1	Dans	dans	prep	prep	_	_	_	_	_	B:Hostile_encounter:FE:Time:G:44
522bbeb9-7a12-4253-8941-0420c6231870.xml.macaon	29	2	l'	le	det	det	_	3	det	_	_	I:Hostile_encounter:FE:Time:G:44
522bbeb9-7a12-4253-8941-0420c6231870.xml.macaon	30	3	Antiquité	antiquité	nc	nc	_	1	obj	_	_	I:Hostile_encounter:FE:Time:G:44
522bbeb9-7a12-4253-8941-0420c6231870.xml.macaon	31	4	,	,	ponctw	ponctw	_	6	ponct	_	_
522bbeb9-7a12-4253-8941-0420c6231870.xml.macaon	32	5	les	le	det	det	_	6	det	_	_
522bbeb9-7a12-4253-8941-0420c6231870.xml.macaon	33	6	Grecs	Grecs	np	np	_	3	mod	_	_
522bbeb9-7a12-4253-8941-0420c6231870.xml.macaon	34	7	et	et	coo	coo	_	6	coord	_	_
522bbeb9-7a12-4253-8941-0420c6231870.xml.macaon	35	8	les	le	det	det	_	9	det	_	_
522bbeb9-7a12-4253-8941-0420c6231870.xml.macaon	36	9	Romains	romain	nc	nc	_	7	dep_coord	_	_
522bbeb9-7a12-4253-8941-0420c6231870.xml.macaon	37	10	pratiquaient	pratiquer	v	v	_	7	dep_coord	_	_
522bbeb9-7a12-4253-8941-0420c6231870.xml.macaon	38	11	des	un	det	det	_	12	det	_	_
522bbeb9-7a12-4253-8941-0420c6231870.xml.macaon	39	12	épreuves	épreuve	nc	nc	_	10	obj	_	_
522bbeb9-7a12-4253-8941-0420c6231870.xml.macaon	40	13	sportives	sportif	adj	adj	_	12	mod	_	_
522bbeb9-7a12-4253-8941-0420c6231870.xml.macaon	41	14	axées	axer	vppart	vppart	_	12	mod	_	_
522bbeb9-7a12-4253-8941-0420c6231870.xml.macaon	42	15	sur	sur	prep	prep	_	14	mod	_	_
522bbeb9-7a12-4253-8941-0420c6231870.xml.macaon	43	16	le	le	det	det	_	17	det	_	_
522bbeb9-7a12-4253-8941-0420c6231870.xml.macaon	44	17	combat	combat	nc	nc	_	15	obj	_	_	B:Hostile_encounter:TARGET:combat:G:44
522bbeb9-7a12-4253-8941-0420c6231870.xml.macaon	45	18	entre	entre	prep	prep	_	14	mod	_	_
522bbeb9-7a12-4253-8941-0420c6231870.xml.macaon	46	19	deux	deux	det	det	_	20	det	_	_	B:Hostile_encounter:FE:Sides:G:44
522bbeb9-7a12-4253-8941-0420c6231870.xml.macaon	47	20	concurrents	concurrent	nc	nc	_	18	obj	_	_	I:Hostile_encounter:FE:Sides:G:44
522bbeb9-7a12-4253-8941-0420c6231870.xml.macaon	48	21	.	.	poncts	poncts	_	10	ponct	_	_

522bbeb9-7a12-4253-8941-0420c6231870.xml.macaon	49	1	Ces	ces	det	det	_	2	det	_	_
522bbeb9-7a12-4253-8941-0420c6231870.xml.macaon	50	2	combats	combat	nc	nc	_	4	suj	_	_	B:Hostile_encounter:TARGET:combat:G:50
522bbeb9-7a12-4253-8941-0420c6231870.xml.macaon	51	3	se	se	clr	clr	_	4	aff	_	_
522bbeb9-7a12-4253-8941-0420c6231870.xml.macaon	52	4	déroulaient	dérouler	v	v	_	_	_	_	_
522bbeb9-7a12-4253-8941-0420c6231870.xml.macaon	53	5	dans	dans	prep	prep	_	4	mod	_	_	B:Hostile_encounter:FE:Place:G:50
522bbeb9-7a12-4253-8941-0420c6231870.xml.macaon	54	6	une	un	det	det	_	7	det	_	_	I:Hostile_encounter:FE:Place:G:50
522bbeb9-7a12-4253-8941-0420c6231870.xml.macaon	55	7	installation	installation	nc	nc	_	5	obj	_	_	I:Hostile_encounter:FE:Place:G:50	B:Installing:TARGET:installation:G:55
522bbeb9-7a12-4253-8941-0420c6231870.xml.macaon	56	8	spéciale	spécial	adj	adj	_	7	mod	_	_	I:Hostile_encounter:FE:Place:G:50
522bbeb9-7a12-4253-8941-0420c6231870.xml.macaon	57	9	la	le	det	det	_	10	det	_	_	B:Hostile_encounter:FE:Place:G:50	B:Installing:FE:Component:G:55
522bbeb9-7a12-4253-8941-0420c6231870.xml.macaon	58	10	palestre	palestre	nc	nc	_	5	obj	_	_	I:Hostile_encounter:FE:Place:G:50	I:Installing:FE:Component:G:55
522bbeb9-7a12-4253-8941-0420c6231870.xml.macaon	59	11	.	.	poncts	poncts	_	4	ponct	_	_

522bbeb9-7a12-4253-8941-0420c6231870.xml.macaon	60	1	Il#y#a	Il#y#a	np	np	_	_	_	_	_
522bbeb9-7a12-4253-8941-0420c6231870.xml.macaon	61	2	différentes	différent	adj	adj	_	3	mod	_	_
522bbeb9-7a12-4253-8941-0420c6231870.xml.macaon	62	3	épreuves	épreuve	nc	nc	_	1	mod	_	_
522bbeb9-7a12-4253-8941-0420c6231870.xml.macaon	63	4	:	:	ponctw	ponctw	_	3	ponct	_	_
522bbeb9-7a12-4253-8941-0420c6231870.xml.macaon	64	5	le	le	det	det	_	6	det	_	_
522bbeb9-7a12-4253-8941-0420c6231870.xml.macaon	65	6	pugilat	pugilat	nc	nc	_	3	mod	_	_
522bbeb9-7a12-4253-8941-0420c6231870.xml.macaon	66	7	ou	ou	coo	coo	_	6	coord	_	_
522bbeb9-7a12-4253-8941-0420c6231870.xml.macaon	67	8	boxe	boxe	nc	nc	_	7	dep_coord	_	_
522bbeb9-7a12-4253-8941-0420c6231870.xml.macaon	68	9	,	,	ponctw	ponctw	_	8	ponct	_	_
522bbeb9-7a12-4253-8941-0420c6231870.xml.macaon	69	10	la	le	det	det	_	11	det	_	_
522bbeb9-7a12-4253-8941-0420c6231870.xml.macaon	70	11	lutte	lutte	nc	nc	_	8	mod	_	_
522bbeb9-7a12-4253-8941-0420c6231870.xml.macaon	71	12	et	et	coo	coo	_	11	coord	_	_
522bbeb9-7a12-4253-8941-0420c6231870.xml.macaon	72	13	le	le	det	det	_	14	det	_	_
522bbeb9-7a12-4253-8941-0420c6231870.xml.macaon	73	14	pancrace	pancrace	nc	nc	_	12	dep_coord	_	_
522bbeb9-7a12-4253-8941-0420c6231870.xml.macaon	74	15	.	.	poncts	poncts	_	3	ponct	_	_

522bbeb9-7a12-4253-8941-0420c6231870.xml.macaon	75	1	Antiquité	antiquité	nc	nc	_	_	_	_	_

522bbeb9-7a12-4253-8941-0420c6231870.xml.macaon	76	1	Épreuves	épreuve	nc	nc	_	_	_	_	_
522bbeb9-7a12-4253-8941-0420c6231870.xml.macaon	77	2	sportives	sportif	adj	adj	_	1	mod	_	_
522bbeb9-7a12-4253-8941-0420c6231870.xml.macaon	78	3	de	de	prep	prep	_	1	dep	_	_
522bbeb9-7a12-4253-8941-0420c6231870.xml.macaon	79	4	combat	combat	nc	nc	_	3	obj	_	_	B:Hostile_encounter:TARGET:combat:G:79
522bbeb9-7a12-4253-8941-0420c6231870.xml.macaon	80	5	dans	dans	prep	prep	_	4	dep	_	_
522bbeb9-7a12-4253-8941-0420c6231870.xml.macaon	81	6	l'	le	det	det	_	7	det	_	_
522bbeb9-7a12-4253-8941-0420c6231870.xml.macaon	82	7	Antiquité	antiquité	nc	nc	_	5	obj	_	_
522bbeb9-7a12-4253-8941-0420c6231870.xml.macaon	83	8	gréco-romaine	gréco-romain	adj	adj	_	7	mod	_	_

522bbeb9-7a12-4253-8941-0420c6231870.xml.macaon	84	1	Dans	dans	prep	prep	_	_	_	_	_	B:Hostile_encounter:FE:Time:G:100
522bbeb9-7a12-4253-8941-0420c6231870.xml.macaon	85	2	l'	le	det	det	_	3	det	_	_	I:Hostile_encounter:FE:Time:G:100
522bbeb9-7a12-4253-8941-0420c6231870.xml.macaon	86	3	Antiquité	antiquité	nc	nc	_	1	obj	_	_	I:Hostile_encounter:FE:Time:G:100
522bbeb9-7a12-4253-8941-0420c6231870.xml.macaon	87	4	,	,	ponctw	ponctw	_	6	ponct	_	_
522bbeb9-7a12-4253-8941-0420c6231870.xml.macaon	88	5	les	le	det	det	_	6	det	_	_
522bbeb9-7a12-4253-8941-0420c6231870.xml.macaon	89	6	Grecs	Grecs	np	np	_	3	mod	_	_
522bbeb9-7a12-4253-8941-0420c6231870.xml.macaon	90	7	et	et	coo	coo	_	6	coord	_	_
522bbeb9-7a12-4253-8941-0420c6231870.xml.macaon	91	8	les	le	det	det	_	9	det	_	_
522bbeb9-7a12-4253-8941-0420c6231870.xml.macaon	92	9	Romains	romain	nc	nc	_	7	dep_coord	_	_
522bbeb9-7a12-4253-8941-0420c6231870.xml.macaon	93	10	pratiquaient	pratiquer	v	v	_	7	dep_coord	_	_
522bbeb9-7a12-4253-8941-0420c6231870.xml.macaon	94	11	des	un	det	det	_	12	det	_	_
522bbeb9-7a12-4253-8941-0420c6231870.xml.macaon	95	12	épreuves	épreuve	nc	nc	_	10	obj	_	_
522bbeb9-7a12-4253-8941-0420c6231870.xml.macaon	96	13	sportives	sportif	adj	adj	_	12	mod	_	_
522bbeb9-7a12-4253-8941-0420c6231870.xml.macaon	97	14	axées	axer	vppart	vppart	_	12	mod	_	_
522bbeb9-7a12-4253-8941-0420c6231870.xml.macaon	98	15	sur	sur	prep	prep	_	14	mod	_	_
522bbeb9-7a12-4253-8941-0420c6231870.xml.macaon	99	16	le	le	det	det	_	17	det	_	_
522bbeb9-7a12-4253-8941-0420c6231870.xml.macaon	100	17	combat	combat	nc	nc	_	15	obj	_	_	B:Hostile_encounter:TARGET:combat:G:100
522bbeb9-7a12-4253-8941-0420c6231870.xml.macaon	101	18	entre	entre	prep	prep	_	14	mod	_	_
522bbeb9-7a12-4253-8941-0420c6231870.xml.macaon	102	19	deux	deux	det	det	_	20	det	_	_	B:Hostile_encounter:FE:Sides:G:100
522bbeb9-7a12-4253-8941-0420c6231870.xml.macaon	103	20	concurrents	concurrent	nc	nc	_	18	obj	_	_	I:Hostile_encounter:FE:Sides:G:100
522bbeb9-7a12-4253-8941-0420c6231870.xml.macaon	104	21	.	.	poncts	poncts	_	10	ponct	_	_

522bbeb9-7a12-4253-8941-0420c6231870.xml.macaon	105	1	Ces	ces	det	det	_	2	det	_	_
522bbeb9-7a12-4253-8941-0420c6231870.xml.macaon	106	2	combats	combat	nc	nc	_	4	suj	_	_	B:Hostile_encounter:TARGET:combat:G:106
522bbeb9-7a12-4253-8941-0420c6231870.xml.macaon	107	3	se	se	clr	clr	_	4	aff	_	_
522bbeb9-7a12-4253-8941-0420c6231870.xml.macaon	108	4	déroulaient	dérouler	v	v	_	_	_	_	_
522bbeb9-7a12-4253-8941-0420c6231870.xml.macaon	109	5	dans	dans	prep	prep	_	4	mod	_	_	B:Hostile_encounter:FE:Place:G:106
522bbeb9-7a12-4253-8941-0420c6231870.xml.macaon	110	6	une	un	det	det	_	7	det	_	_	I:Hostile_encounter:FE:Place:G:106
522bbeb9-7a12-4253-8941-0420c6231870.xml.macaon	111	7	installation	installation	nc	nc	_	5	obj	_	_	I:Hostile_encounter:FE:Place:G:106	B:Installing:TARGET:installation:G:111
522bbeb9-7a12-4253-8941-0420c6231870.xml.macaon	112	8	spéciale	spécial	adj	adj	_	7	mod	_	_	I:Hostile_encounter:FE:Place:G:106
522bbeb9-7a12-4253-8941-0420c6231870.xml.macaon	113	9	la	le	det	det	_	10	det	_	_	B:Hostile_encounter:FE:Place:G:106	B:Installing:FE:Component:G:111
522bbeb9-7a12-4253-8941-0420c6231870.xml.macaon	114	10	palestre	palestre	nc	nc	_	5	obj	_	_	I:Hostile_encounter:FE:Place:G:106	I:Installing:FE:Component:G:111
522bbeb9-7a12-4253-8941-0420c6231870.xml.macaon	115	11	.	.	poncts	poncts	_	4	ponct	_	_

522bbeb9-7a12-4253-8941-0420c6231870.xml.macaon	116	1	Il#y#a	Il#y#a	np	np	_	_	_	_	_
522bbeb9-7a12-4253-8941-0420c6231870.xml.macaon	117	2	différentes	différent	adj	adj	_	3	mod	_	_
522bbeb9-7a12-4253-8941-0420c6231870.xml.macaon	118	3	épreuves	épreuve	nc	nc	_	1	mod	_	_
522bbeb9-7a12-4253-8941-0420c6231870.xml.macaon	119	4	:	:	ponctw	ponctw	_	3	ponct	_	_
522bbeb9-7a12-4253-8941-0420c6231870.xml.macaon	120	5	le	le	det	det	_	6	det	_	_
522bbeb9-7a12-4253-8941-0420c6231870.xml.macaon	121	6	pugilat	pugilat	nc	nc	_	3	mod	_	_
522bbeb9-7a12-4253-8941-0420c6231870.xml.macaon	122	7	ou	ou	coo	coo	_	6	coord	_	_
522bbeb9-7a12-4253-8941-0420c6231870.xml.macaon	123	8	boxe	boxe	nc	nc	_	7	dep_coord	_	_
522bbeb9-7a12-4253-8941-0420c6231870.xml.macaon	124	9	,	,	ponctw	ponctw	_	8	ponct	_	_
522bbeb9-7a12-4253-8941-0420c6231870.xml.macaon	125	10	la	le	det	det	_	11	det	_	_
522bbeb9-7a12-4253-8941-0420c6231870.xml.macaon	126	11	lutte	lutte	nc	nc	_	8	mod	_	_
522bbeb9-7a12-4253-8941-0420c6231870.xml.macaon	127	12	et	et	coo	coo	_	11	coord	_	_
522bbeb9-7a12-4253-8941-0420c6231870.xml.macaon	128	13	le	le	det	det	_	14	det	_	_
522bbeb9-7a12-4253-8941-0420c6231870.xml.macaon	129	14	pancrace	pancrace	nc	nc	_	12	dep_coord	_	_
522bbeb9-7a12-4253-8941-0420c6231870.xml.macaon	130	15	.	.	poncts	poncts	_	3	ponct	_	_

522bbeb9-7a12-4253-8941-0420c6231870.xml.macaon	131	1	Afin#que	afin#que	csu	csu	_	_	_	_	_
522bbeb9-7a12-4253-8941-0420c6231870.xml.macaon	132	2	les	le	det	det	_	3	det	_	_
522bbeb9-7a12-4253-8941-0420c6231870.xml.macaon	133	3	adversaires	adversaire	nc	nc	_	6	suj	_	_
522bbeb9-7a12-4253-8941-0420c6231870.xml.macaon	134	4	ne	ne	advneg	advneg	_	6	mod	_	_
522bbeb9-7a12-4253-8941-0420c6231870.xml.macaon	135	5	se	se	clr	clr	_	6	aff	_	_
522bbeb9-7a12-4253-8941-0420c6231870.xml.macaon	136	6	fassent	faire	v	v	_	1	obj	_	_
522bbeb9-7a12-4253-8941-0420c6231870.xml.macaon	137	7	pas#de	pas#de	advneg	advneg	_	6	mod	_	_
522bbeb9-7a12-4253-8941-0420c6231870.xml.macaon	138	8	mal	mal	adv	adv	_	6	mod	_	_
522bbeb9-7a12-4253-8941-0420c6231870.xml.macaon	139	9	en	en	prep	prep	_	6	mod	_	_
522bbeb9-7a12-4253-8941-0420c6231870.xml.macaon	140	10	tombant	tomber	vprespart	vprespart	_	6	__JOKER__	_	_
522bbeb9-7a12-4253-8941-0420c6231870.xml.macaon	141	11	,	,	ponctw	ponctw	_	6	ponct	_	_
522bbeb9-7a12-4253-8941-0420c6231870.xml.macaon	142	12	le	le	det	det	_	13	det	_	_
522bbeb9-7a12-4253-8941-0420c6231870.xml.macaon	143	13	sol	sol	nc	nc	_	6	obj	_	_
522bbeb9-7a12-4253-8941-0420c6231870.xml.macaon	144	14	de	de	prep	prep	_	13	dep	_	_
522bbeb9-7a12-4253-8941-0420c6231870.xml.macaon	145	15	la	le	det	det	_	16	det	_	_
522bbeb9-7a12-4253-8941-0420c6231870.xml.macaon	146	16	palestre	palestre	nc	nc	_	14	obj	_	_
522bbeb9-7a12-4253-8941-0420c6231870.xml.macaon	147	17	était	être	v	v	_	18	aux_tps	_	_
522bbeb9-7a12-4253-8941-0420c6231870.xml.macaon	148	18	pioché	piocher	vppart	vppart	_	13	mod_rel	_	_
522bbeb9-7a12-4253-8941-0420c6231870.xml.macaon	149	19	pour	pour	prep	prep	_	18	mod	_	_
522bbeb9-7a12-4253-8941-0420c6231870.xml.macaon	150	20	l'	l'	clo	clo	_	21	__JOKER__	_	_
522bbeb9-7a12-4253-8941-0420c6231870.xml.macaon	151	21	ameublir	ameublir	vinf	vinf	_	19	obj	_	_
522bbeb9-7a12-4253-8941-0420c6231870.xml.macaon	152	22	,	,	ponctw	ponctw	_	21	ponct	_	_
522bbeb9-7a12-4253-8941-0420c6231870.xml.macaon	153	23	puis	puis	coo	coo	_	18	coord	_	_
522bbeb9-7a12-4253-8941-0420c6231870.xml.macaon	154	24	humidifié	humidifier	vppart	vppart	_	23	dep_coord	_	_
522bbeb9-7a12-4253-8941-0420c6231870.xml.macaon	155	25	(	(	ponctw	ponctw	_	28	ponct	_	_
522bbeb9-7a12-4253-8941-0420c6231870.xml.macaon	156	26	il	il	cln	cln	_	28	suj	_	_
522bbeb9-7a12-4253-8941-0420c6231870.xml.macaon	157	27	se	se	clr	clr	_	28	aff	_	_
522bbeb9-7a12-4253-8941-0420c6231870.xml.macaon	158	28	transformait	transformer	v	v	_	23	dep_coord	_	_
522bbeb9-7a12-4253-8941-0420c6231870.xml.macaon	159	29	rapidement	rapidement	adv	adv	_	28	mod	_	_
522bbeb9-7a12-4253-8941-0420c6231870.xml.macaon	160	30	en	en	prep	prep	_	28	mod	_	_
522bbeb9-7a12-4253-8941-0420c6231870.xml.macaon	161	31	boue	boue	nc	nc	_	30	obj	_	_
522bbeb9-7a12-4253-8941-0420c6231870.xml.macaon	162	32	)	)	ponctw	ponctw	_	28	ponct	_	_
522bbeb9-7a12-4253-8941-0420c6231870.xml.macaon	163	33	.	.	poncts	poncts	_	1	__JOKER__	_	_

522bbeb9-7a12-4253-8941-0420c6231870.xml.macaon	164	1	Cette	cette	det	det	_	2	det	_	_
522bbeb9-7a12-4253-8941-0420c6231870.xml.macaon	165	2	préparation	préparation	nc	nc	_	8	suj	_	_
522bbeb9-7a12-4253-8941-0420c6231870.xml.macaon	166	3	faite	faire	vppart	vppart	_	2	mod	_	_
522bbeb9-7a12-4253-8941-0420c6231870.xml.macaon	167	4	par	par	prep	prep	_	3	p_obj	_	_
522bbeb9-7a12-4253-8941-0420c6231870.xml.macaon	168	5	les	le	det	det	_	6	det	_	_
522bbeb9-7a12-4253-8941-0420c6231870.xml.macaon	169	6	concurrents	concurrent	nc	nc	_	4	obj	_	_
522bbeb9-7a12-4253-8941-0420c6231870.xml.macaon	170	7	leur	leur	clo	clo	_	8	__JOKER__	_	_
522bbeb9-7a12-4253-8941-0420c6231870.xml.macaon	171	8	servait	servir	v	v	_	_	_	_	_
522bbeb9-7a12-4253-8941-0420c6231870.xml.macaon	172	9	d'	un	det	det	_	10	det	_	_
522bbeb9-7a12-4253-8941-0420c6231870.xml.macaon	173	10	échauffement	échauffement	nc	nc	_	8	obj	_	_
522bbeb9-7a12-4253-8941-0420c6231870.xml.macaon	174	11	.	.	poncts	poncts	_	8	ponct	_	_

522bbeb9-7a12-4253-8941-0420c6231870.xml.macaon	175	1	La	la	det	det	_	2	det	_	_
522bbeb9-7a12-4253-8941-0420c6231870.xml.macaon	176	2	lutte	lutte	nc	nc	_	5	suj	_	_
522bbeb9-7a12-4253-8941-0420c6231870.xml.macaon	177	3	se	se	clr	clr	_	5	aff	_	_
522bbeb9-7a12-4253-8941-0420c6231870.xml.macaon	178	4	nomme	nommer	v	v	_	5	aux_tps	_	_	B:OTHER:G
522bbeb9-7a12-4253-8941-0420c6231870.xml.macaon	179	5	pali	pali	vppart	vppart	_	_	_	_	_
522bbeb9-7a12-4253-8941-0420c6231870.xml.macaon	180	6	en	en	prep	prep	_	5	mod	_	_
522bbeb9-7a12-4253-8941-0420c6231870.xml.macaon	181	7	grec	grec	nc	nc	_	6	obj	_	_
522bbeb9-7a12-4253-8941-0420c6231870.xml.macaon	182	8	,	,	ponctw	ponctw	_	12	ponct	_	_
522bbeb9-7a12-4253-8941-0420c6231870.xml.macaon	183	9	ce	ce	pro	pro	_	12	suj	_	_
522bbeb9-7a12-4253-8941-0420c6231870.xml.macaon	184	10	qui	qui	prorel	prorel	_	12	suj	_	_
522bbeb9-7a12-4253-8941-0420c6231870.xml.macaon	185	11	a	avoir	v	v	_	12	aux_tps	_	_
522bbeb9-7a12-4253-8941-0420c6231870.xml.macaon	186	12	donné	donner	vppart	vppart	_	7	mod_rel	_	_	B:OTHER:G
522bbeb9-7a12-4253-8941-0420c6231870.xml.macaon	187	13	palestre	palestre	nc	nc	_	12	obj	_	_
522bbeb9-7a12-4253-8941-0420c6231870.xml.macaon	188	14	pour	pour	prep	prep	_	12	mod	_	_
522bbeb9-7a12-4253-8941-0420c6231870.xml.macaon	189	15	l'	le	det	det	_	16	det	_	_
522bbeb9-7a12-4253-8941-0420c6231870.xml.macaon	190	16	installation	installation	nc	nc	_	14	obj	_	_	B:Installing:TARGET:installation:G:190
522bbeb9-7a12-4253-8941-0420c6231870.xml.macaon	191	17	sportive	sportif	adj	adj	_	16	mod	_	_
522bbeb9-7a12-4253-8941-0420c6231870.xml.macaon	192	18	où	où	prorel	prorel	_	22	__JOKER__	_	_
522bbeb9-7a12-4253-8941-0420c6231870.xml.macaon	193	19	cette	ce	det	det	_	20	det	_	_
522bbeb9-7a12-4253-8941-0420c6231870.xml.macaon	194	20	activité	activité	nc	nc	_	22	suj	_	_
522bbeb9-7a12-4253-8941-0420c6231870.xml.macaon	195	21	se	se	clr	clr	_	22	aff	_	_
522bbeb9-7a12-4253-8941-0420c6231870.xml.macaon	196	22	pratique	pratiquer	v	v	_	16	mod_rel	_	_
522bbeb9-7a12-4253-8941-0420c6231870.xml.macaon	197	23	.	.	poncts	poncts	_	12	ponct	_	_

522bbeb9-7a12-4253-8941-0420c6231870.xml.macaon	198	1	A	A	prep	prep	_	6	mod	_	_
522bbeb9-7a12-4253-8941-0420c6231870.xml.macaon	199	2	la	le	det	det	_	3	det	_	_
522bbeb9-7a12-4253-8941-0420c6231870.xml.macaon	200	3	lutte	lutte	nc	nc	_	1	obj	_	_
522bbeb9-7a12-4253-8941-0420c6231870.xml.macaon	201	4	l'	le	det	det	_	5	det	_	_
522bbeb9-7a12-4253-8941-0420c6231870.xml.macaon	202	5	affrontement	affrontement	nc	nc	_	6	suj	_	_
522bbeb9-7a12-4253-8941-0420c6231870.xml.macaon	203	6	est	être	v	v	_	_	_	_	_
522bbeb9-7a12-4253-8941-0420c6231870.xml.macaon	204	7	un	un	det	det	_	8	det	_	_
522bbeb9-7a12-4253-8941-0420c6231870.xml.macaon	205	8	duel	duel	adj	adj	_	6	ats	_	_
522bbeb9-7a12-4253-8941-0420c6231870.xml.macaon	206	9	.	.	poncts	poncts	_	6	ponct	_	_

522bbeb9-7a12-4253-8941-0420c6231870.xml.macaon	207	1	Les	les	det	det	_	2	det	_	_
522bbeb9-7a12-4253-8941-0420c6231870.xml.macaon	208	2	couples	couple	nc	nc	_	6	suj	_	_
522bbeb9-7a12-4253-8941-0420c6231870.xml.macaon	209	3	d'	de	prep	prep	_	2	dep	_	_
522bbeb9-7a12-4253-8941-0420c6231870.xml.macaon	210	4	adversaires	adversaire	nc	nc	_	3	obj	_	_
522bbeb9-7a12-4253-8941-0420c6231870.xml.macaon	211	5	sont	être	v	v	_	6	aux_tps	_	_
522bbeb9-7a12-4253-8941-0420c6231870.xml.macaon	212	6	déterminés	déterminer	vppart	vppart	_	_	_	_	_
522bbeb9-7a12-4253-8941-0420c6231870.xml.macaon	213	7	par	par	prep	prep	_	6	mod	_	_
522bbeb9-7a12-4253-8941-0420c6231870.xml.macaon	214	8	le	le	det	det	_	9	det	_	_
522bbeb9-7a12-4253-8941-0420c6231870.xml.macaon	215	9	tirage	tirage	nc	nc	_	7	obj	_	_
522bbeb9-7a12-4253-8941-0420c6231870.xml.macaon	216	10	au	au	prep	prep	_	6	mod	_	_
522bbeb9-7a12-4253-8941-0420c6231870.xml.macaon	217	11	sort	sort	nc	nc	_	10	obj	_	_
522bbeb9-7a12-4253-8941-0420c6231870.xml.macaon	218	12	.	.	poncts	poncts	_	11	__JOKER__	_	_

522bbeb9-7a12-4253-8941-0420c6231870.xml.macaon	219	1	Les	les	det	det	_	2	det	_	_
522bbeb9-7a12-4253-8941-0420c6231870.xml.macaon	220	2	adversaires	adversaire	nc	nc	_	3	suj	_	_	B:Hostile_encounter:FE:Sides:G:221
522bbeb9-7a12-4253-8941-0420c6231870.xml.macaon	221	3	combattent	combattre	v	v	_	_	_	_	_	B:Hostile_encounter:TARGET:combattre:G:221
522bbeb9-7a12-4253-8941-0420c6231870.xml.macaon	222	4	nus	nu	adj	adj	_	3	ats	_	_
522bbeb9-7a12-4253-8941-0420c6231870.xml.macaon	223	5	,	,	ponctw	ponctw	_	8	ponct	_	_
522bbeb9-7a12-4253-8941-0420c6231870.xml.macaon	224	6	le	le	det	det	_	7	det	_	_
522bbeb9-7a12-4253-8941-0420c6231870.xml.macaon	225	7	corps	corps	nc	nc	_	8	suj	_	_
522bbeb9-7a12-4253-8941-0420c6231870.xml.macaon	226	8	enduit	enduire	v	v	_	3	mod	_	_
522bbeb9-7a12-4253-8941-0420c6231870.xml.macaon	227	9	d'	un	det	det	_	10	det	_	_
522bbeb9-7a12-4253-8941-0420c6231870.xml.macaon	228	10	huile	huile	nc	nc	_	8	obj	_	_
522bbeb9-7a12-4253-8941-0420c6231870.xml.macaon	229	11	afin#de	afin#de	prep	prep	_	10	dep	_	_
522bbeb9-7a12-4253-8941-0420c6231870.xml.macaon	230	12	donner	donner	vinf	vinf	_	11	obj	_	_	B:OTHER:G
522bbeb9-7a12-4253-8941-0420c6231870.xml.macaon	231	13	le#moins#de	le#moins#de	det	det	_	14	det	_	_
522bbeb9-7a12-4253-8941-0420c6231870.xml.macaon	232	14	prise	prise	nc	nc	_	12	obj	_	_
522bbeb9-7a12-4253-8941-0420c6231870.xml.macaon	233	15	possible	possible	adj	adj	_	14	mod	_	_
522bbeb9-7a12-4253-8941-0420c6231870.xml.macaon	234	16	.	.	poncts	poncts	_	3	ponct	_	_

522bbeb9-7a12-4253-8941-0420c6231870.xml.macaon	235	1	Les	les	det	det	_	2	det	_	_	B:Seeking:FE:Cognizer_agent:G:237
522bbeb9-7a12-4253-8941-0420c6231870.xml.macaon	236	2	concurrents	concurrent	nc	nc	_	3	suj	_	_	I:Seeking:FE:Cognizer_agent:G:237
522bbeb9-7a12-4253-8941-0420c6231870.xml.macaon	237	3	cherchent	chercher	v	v	_	_	_	_	_	B:Seeking:TARGET:chercher:G:237
522bbeb9-7a12-4253-8941-0420c6231870.xml.macaon	238	4	à	à	prep	prep	_	3	obj	_	_
522bbeb9-7a12-4253-8941-0420c6231870.xml.macaon	239	5	se	se	clr	clr	_	6	aff	_	_
522bbeb9-7a12-4253-8941-0420c6231870.xml.macaon	240	6	saisir	saisir	vinf	vinf	_	4	obj	_	_
522bbeb9-7a12-4253-8941-0420c6231870.xml.macaon	241	7	les	le	det	det	_	8	det	_	_
522bbeb9-7a12-4253-8941-0420c6231870.xml.macaon	242	8	poignets	poignet	nc	nc	_	6	obj	_	_
522bbeb9-7a12-4253-8941-0420c6231870.xml.macaon	243	9	,	,	ponctw	ponctw	_	8	ponct	_	_
522bbeb9-7a12-4253-8941-0420c6231870.xml.macaon	244	10	les	le	det	det	_	11	det	_	_
522bbeb9-7a12-4253-8941-0420c6231870.xml.macaon	245	11	coudes	coude	nc	nc	_	6	obj	_	_
522bbeb9-7a12-4253-8941-0420c6231870.xml.macaon	246	12	,	,	ponctw	ponctw	_	11	ponct	_	_
522bbeb9-7a12-4253-8941-0420c6231870.xml.macaon	247	13	le	le	det	det	_	14	det	_	_
522bbeb9-7a12-4253-8941-0420c6231870.xml.macaon	248	14	cou	cou	nc	nc	_	6	obj	_	_
522bbeb9-7a12-4253-8941-0420c6231870.xml.macaon	249	15	ou#bien	ou#bien	coo	coo	_	4	coord	_	_
522bbeb9-7a12-4253-8941-0420c6231870.xml.macaon	250	16	à	à	prep	prep	_	15	dep_coord	_	_
522bbeb9-7a12-4253-8941-0420c6231870.xml.macaon	251	17	s'	s'	clr	clr	_	18	obj	_	_
522bbeb9-7a12-4253-8941-0420c6231870.xml.macaon	252	18	enlacer	enlacer	vinf	vinf	_	16	obj	_	_
522bbeb9-7a12-4253-8941-0420c6231870.xml.macaon	253	19	par	par	prep	prep	_	18	p_obj	_	_
522bbeb9-7a12-4253-8941-0420c6231870.xml.macaon	254	20	la	le	det	det	_	21	det	_	_
522bbeb9-7a12-4253-8941-0420c6231870.xml.macaon	255	21	taille	taille	nc	nc	_	19	obj	_	_	B:OTHER:G
522bbeb9-7a12-4253-8941-0420c6231870.xml.macaon	256	22	.	.	poncts	poncts	_	3	ponct	_	_

522bbeb9-7a12-4253-8941-0420c6231870.xml.macaon	257	1	Les	les	det	det	_	2	det	_	_
522bbeb9-7a12-4253-8941-0420c6231870.xml.macaon	258	2	coups	coup	nc	nc	_	5	suj	_	_
522bbeb9-7a12-4253-8941-0420c6231870.xml.macaon	259	3	de#tête	de#tête	adj	adj	_	2	mod	_	_
522bbeb9-7a12-4253-8941-0420c6231870.xml.macaon	260	4	sont	être	v	v	_	5	aux_tps	_	_
522bbeb9-7a12-4253-8941-0420c6231870.xml.macaon	261	5	autorisés	autoriser	vppart	vppart	_	_	_	_	_
522bbeb9-7a12-4253-8941-0420c6231870.xml.macaon	262	6	mais	mais	coo	coo	_	5	__JOKER__	_	_
522bbeb9-7a12-4253-8941-0420c6231870.xml.macaon	263	7	les	le	det	det	_	8	det	_	_
522bbeb9-7a12-4253-8941-0420c6231870.xml.macaon	264	8	coups	coup	nc	nc	_	6	dep_coord	_	_
522bbeb9-7a12-4253-8941-0420c6231870.xml.macaon	265	9	de	de	prep	prep	_	8	dep	_	_
522bbeb9-7a12-4253-8941-0420c6231870.xml.macaon	266	10	poings	poing	nc	nc	_	9	obj	_	_
522bbeb9-7a12-4253-8941-0420c6231870.xml.macaon	267	11	sont	être	v	v	_	12	aux_tps	_	_
522bbeb9-7a12-4253-8941-0420c6231870.xml.macaon	268	12	interdits	interdire	vppart	vppart	_	8	mod_rel	_	_
522bbeb9-7a12-4253-8941-0420c6231870.xml.macaon	269	13	.	.	poncts	poncts	_	5	ponct	_	_

522bbeb9-7a12-4253-8941-0420c6231870.xml.macaon	270	1	Le	le	det	det	_	2	det	_	_
522bbeb9-7a12-4253-8941-0420c6231870.xml.macaon	271	2	vainqueur	vainqueur	nc	nc	_	7	suj	_	_
522bbeb9-7a12-4253-8941-0420c6231870.xml.macaon	272	3	est	être	v	v	_	2	mod_rel	_	_
522bbeb9-7a12-4253-8941-0420c6231870.xml.macaon	273	4	celui	celui	pro	pro	_	7	suj	_	_
522bbeb9-7a12-4253-8941-0420c6231870.xml.macaon	274	5	qui	qui	prorel	prorel	_	7	suj	_	_
522bbeb9-7a12-4253-8941-0420c6231870.xml.macaon	275	6	a	avoir	v	v	_	7	aux_tps	_	_
522bbeb9-7a12-4253-8941-0420c6231870.xml.macaon	276	7	réussi	réussir	vppart	vppart	_	_	_	_	_
522bbeb9-7a12-4253-8941-0420c6231870.xml.macaon	277	8	à	à	prep	prep	_	7	mod	_	_
522bbeb9-7a12-4253-8941-0420c6231870.xml.macaon	278	9	renverser	renverser	vinf	vinf	_	8	obj	_	_
522bbeb9-7a12-4253-8941-0420c6231870.xml.macaon	279	10	sur	sur	prep	prep	_	9	mod	_	_
522bbeb9-7a12-4253-8941-0420c6231870.xml.macaon	280	11	le	le	det	det	_	12	det	_	_
522bbeb9-7a12-4253-8941-0420c6231870.xml.macaon	281	12	dos	dos	nc	nc	_	10	obj	_	_
522bbeb9-7a12-4253-8941-0420c6231870.xml.macaon	282	13	son	son	det	det	_	14	det	_	_
522bbeb9-7a12-4253-8941-0420c6231870.xml.macaon	283	14	adversaire	adversaire	nc	nc	_	9	obj	_	_
522bbeb9-7a12-4253-8941-0420c6231870.xml.macaon	284	15	par	par	prep	prep	_	9	mod	_	_
522bbeb9-7a12-4253-8941-0420c6231870.xml.macaon	285	16	trois	trois	det	det	_	17	det	_	_
522bbeb9-7a12-4253-8941-0420c6231870.xml.macaon	286	17	fois	foi	nc	nc	_	15	obj	_	_
522bbeb9-7a12-4253-8941-0420c6231870.xml.macaon	287	18	.	.	poncts	poncts	_	7	ponct	_	_

522bbeb9-7a12-4253-8941-0420c6231870.xml.macaon	288	1	Le	le	det	det	_	2	det	_	_
522bbeb9-7a12-4253-8941-0420c6231870.xml.macaon	289	2	pugilat	pugilat	nc	nc	_	3	suj	_	_
522bbeb9-7a12-4253-8941-0420c6231870.xml.macaon	290	3	est	être	v	v	_	_	_	_	_
522bbeb9-7a12-4253-8941-0420c6231870.xml.macaon	291	4	un	un	det	det	_	5	det	_	_
522bbeb9-7a12-4253-8941-0420c6231870.xml.macaon	292	5	sport	sport	nc	nc	_	3	obj	_	_
522bbeb9-7a12-4253-8941-0420c6231870.xml.macaon	293	6	de	de	prep	prep	_	5	dep	_	_
522bbeb9-7a12-4253-8941-0420c6231870.xml.macaon	294	7	combat	combat	nc	nc	_	6	obj	_	_	B:Hostile_encounter:TARGET:combat:G:294
522bbeb9-7a12-4253-8941-0420c6231870.xml.macaon	295	8	où	où	prorel	prorel	_	12	__JOKER__	_	_
522bbeb9-7a12-4253-8941-0420c6231870.xml.macaon	296	9	les	le	det	det	_	10	det	_	_	B:Hostile_encounter:FE:Sides:G:294
522bbeb9-7a12-4253-8941-0420c6231870.xml.macaon	297	10	adversaires	adversaire	nc	nc	_	12	suj	_	_	I:Hostile_encounter:FE:Sides:G:294
522bbeb9-7a12-4253-8941-0420c6231870.xml.macaon	298	11	se	se	clr	clr	_	12	aff	_	_
522bbeb9-7a12-4253-8941-0420c6231870.xml.macaon	299	12	donnent	donner	v	v	_	7	mod_rel	_	_	B:OTHER:G
522bbeb9-7a12-4253-8941-0420c6231870.xml.macaon	300	13	des	un	det	det	_	14	det	_	_
522bbeb9-7a12-4253-8941-0420c6231870.xml.macaon	301	14	coups	coup	nc	nc	_	12	obj	_	_
522bbeb9-7a12-4253-8941-0420c6231870.xml.macaon	302	15	.	.	poncts	poncts	_	7	ponct	_	_

522bbeb9-7a12-4253-8941-0420c6231870.xml.macaon	303	1	Il	il	cln	cln	_	4	suj	_	_
522bbeb9-7a12-4253-8941-0420c6231870.xml.macaon	304	2	n'	n'	advneg	advneg	_	4	mod	_	_
522bbeb9-7a12-4253-8941-0420c6231870.xml.macaon	305	3	y	y	clo	clo	_	4	__JOKER__	_	_
522bbeb9-7a12-4253-8941-0420c6231870.xml.macaon	306	4	a	avoir	v	v	_	_	_	_	_
522bbeb9-7a12-4253-8941-0420c6231870.xml.macaon	307	5	pas#de	pas#de	prep	prep	_	4	obj	_	_
522bbeb9-7a12-4253-8941-0420c6231870.xml.macaon	308	6	catégorie	catégorie	nc	nc	_	5	obj	_	_
522bbeb9-7a12-4253-8941-0420c6231870.xml.macaon	309	7	de	de	prep	prep	_	6	dep	_	_
522bbeb9-7a12-4253-8941-0420c6231870.xml.macaon	310	8	poids	poids	nc	nc	_	7	obj	_	_	B:Dimension:TARGET:poids:G:310
522bbeb9-7a12-4253-8941-0420c6231870.xml.macaon	311	9	comme	comme	prep	prep	_	8	dep	_	_
522bbeb9-7a12-4253-8941-0420c6231870.xml.macaon	312	10	aujourd'hui	aujourd'hui	adv	adv	_	8	mod	_	_
522bbeb9-7a12-4253-8941-0420c6231870.xml.macaon	313	11	dans	dans	prep	prep	_	4	mod	_	_
522bbeb9-7a12-4253-8941-0420c6231870.xml.macaon	314	12	la	le	det	det	_	13	det	_	_
522bbeb9-7a12-4253-8941-0420c6231870.xml.macaon	315	13	boxe	boxe	nc	nc	_	11	obj	_	_
522bbeb9-7a12-4253-8941-0420c6231870.xml.macaon	316	14	.	.	poncts	poncts	_	4	ponct	_	_

522bbeb9-7a12-4253-8941-0420c6231870.xml.macaon	317	1	Les	les	det	det	_	2	det	_	_
522bbeb9-7a12-4253-8941-0420c6231870.xml.macaon	318	2	rencontres	rencontre	nc	nc	_	4	suj	_	_
522bbeb9-7a12-4253-8941-0420c6231870.xml.macaon	319	3	se	se	clr	clr	_	4	aff	_	_
522bbeb9-7a12-4253-8941-0420c6231870.xml.macaon	320	4	font	faire	v	v	_	_	_	_	_
522bbeb9-7a12-4253-8941-0420c6231870.xml.macaon	321	5	au	au	prep	prep	_	4	de_obj	_	_
522bbeb9-7a12-4253-8941-0420c6231870.xml.macaon	322	6	hasard	hasard	nc	nc	_	5	obj	_	_
522bbeb9-7a12-4253-8941-0420c6231870.xml.macaon	323	7	.	.	poncts	poncts	_	4	ponct	_	_

522bbeb9-7a12-4253-8941-0420c6231870.xml.macaon	324	1	Les	les	det	det	_	2	det	_	_
522bbeb9-7a12-4253-8941-0420c6231870.xml.macaon	325	2	boxeurs	boxeur	nc	nc	_	4	suj	_	_
522bbeb9-7a12-4253-8941-0420c6231870.xml.macaon	326	3	ne	ne	advneg	advneg	_	4	mod	_	_
522bbeb9-7a12-4253-8941-0420c6231870.xml.macaon	327	4	portent	porter	v	v	_	_	_	_	_
522bbeb9-7a12-4253-8941-0420c6231870.xml.macaon	328	5	pas#de	pas#de	prep	prep	_	4	mod	_	_
522bbeb9-7a12-4253-8941-0420c6231870.xml.macaon	329	6	gants	gant	nc	nc	_	5	obj	_	_
522bbeb9-7a12-4253-8941-0420c6231870.xml.macaon	330	7	comme	comme	prep	prep	_	4	mod	_	_
522bbeb9-7a12-4253-8941-0420c6231870.xml.macaon	331	8	aujourd'hui	aujourd'hui	adv	adv	_	7	mod	_	_
522bbeb9-7a12-4253-8941-0420c6231870.xml.macaon	332	9	.	.	poncts	poncts	_	4	ponct	_	_

522bbeb9-7a12-4253-8941-0420c6231870.xml.macaon	333	1	Ils	ils	cln	cln	_	2	suj	_	_
522bbeb9-7a12-4253-8941-0420c6231870.xml.macaon	334	2	enroulent	enrouler	v	v	_	_	_	_	_
522bbeb9-7a12-4253-8941-0420c6231870.xml.macaon	335	3	des	un	det	det	_	4	det	_	_
522bbeb9-7a12-4253-8941-0420c6231870.xml.macaon	336	4	lanières	lanière	nc	nc	_	2	obj	_	_
522bbeb9-7a12-4253-8941-0420c6231870.xml.macaon	337	5	de	de	prep	prep	_	4	dep	_	_
522bbeb9-7a12-4253-8941-0420c6231870.xml.macaon	338	6	cuirs	cuir	nc	nc	_	5	obj	_	_
522bbeb9-7a12-4253-8941-0420c6231870.xml.macaon	339	7	autour#de	autour#de	prep	prep	_	6	dep	_	_
522bbeb9-7a12-4253-8941-0420c6231870.xml.macaon	340	8	leurs	son	det	det	_	9	det	_	_
522bbeb9-7a12-4253-8941-0420c6231870.xml.macaon	341	9	mains	main	nc	nc	_	7	obj	_	_
522bbeb9-7a12-4253-8941-0420c6231870.xml.macaon	342	10	et	et	coo	coo	_	5	coord	_	_
522bbeb9-7a12-4253-8941-0420c6231870.xml.macaon	343	11	de	de	prep	prep	_	10	dep_coord	_	_
522bbeb9-7a12-4253-8941-0420c6231870.xml.macaon	344	12	leurs	son	det	det	_	13	det	_	_
522bbeb9-7a12-4253-8941-0420c6231870.xml.macaon	345	13	poignets	poignet	nc	nc	_	11	obj	_	_
522bbeb9-7a12-4253-8941-0420c6231870.xml.macaon	346	14	.	.	poncts	poncts	_	2	ponct	_	_

522bbeb9-7a12-4253-8941-0420c6231870.xml.macaon	347	1	Les	les	det	det	_	2	det	_	_
522bbeb9-7a12-4253-8941-0420c6231870.xml.macaon	348	2	doigts	doigt	nc	nc	_	3	suj	_	_
522bbeb9-7a12-4253-8941-0420c6231870.xml.macaon	349	3	restent	rester	v	v	_	_	_	_	_
522bbeb9-7a12-4253-8941-0420c6231870.xml.macaon	350	4	libres	libre	adj	adj	_	3	ats	_	_
522bbeb9-7a12-4253-8941-0420c6231870.xml.macaon	351	5	.	.	poncts	poncts	_	3	ponct	_	_

522bbeb9-7a12-4253-8941-0420c6231870.xml.macaon	352	1	Certains	certains	pro	pro	_	3	suj	_	_
522bbeb9-7a12-4253-8941-0420c6231870.xml.macaon	353	2	y	y	clo	clo	_	3	__JOKER__	_	_
522bbeb9-7a12-4253-8941-0420c6231870.xml.macaon	354	3	rajoutent	rajouter	v	v	_	_	_	_	_
522bbeb9-7a12-4253-8941-0420c6231870.xml.macaon	355	4	des	un	det	det	_	5	det	_	_
522bbeb9-7a12-4253-8941-0420c6231870.xml.macaon	356	5	pointes	pointe	nc	nc	_	3	obj	_	_
522bbeb9-7a12-4253-8941-0420c6231870.xml.macaon	357	6	de	de	prep	prep	_	5	dep	_	_
522bbeb9-7a12-4253-8941-0420c6231870.xml.macaon	358	7	fer	fer	nc	nc	_	6	obj	_	_
522bbeb9-7a12-4253-8941-0420c6231870.xml.macaon	359	8	.	.	poncts	poncts	_	3	ponct	_	_

522bbeb9-7a12-4253-8941-0420c6231870.xml.macaon	360	1	La	la	det	det	_	2	det	_	_
522bbeb9-7a12-4253-8941-0420c6231870.xml.macaon	361	2	tête	tête	nc	nc	_	6	suj	_	_
522bbeb9-7a12-4253-8941-0420c6231870.xml.macaon	362	3	des	des	prep	prep	_	2	dep	_	_
522bbeb9-7a12-4253-8941-0420c6231870.xml.macaon	363	4	combattants	combattant	nc	nc	_	3	obj	_	_
522bbeb9-7a12-4253-8941-0420c6231870.xml.macaon	364	5	est	être	v	v	_	6	aux_tps	_	_
522bbeb9-7a12-4253-8941-0420c6231870.xml.macaon	365	6	protégée	protéger	vppart	vppart	_	_	_	_	_
522bbeb9-7a12-4253-8941-0420c6231870.xml.macaon	366	7	par	par	prep	prep	_	6	mod	_	_
522bbeb9-7a12-4253-8941-0420c6231870.xml.macaon	367	8	une	un	det	det	_	9	det	_	_
522bbeb9-7a12-4253-8941-0420c6231870.xml.macaon	368	9	calotte	calotte	nc	nc	_	7	obj	_	_
522bbeb9-7a12-4253-8941-0420c6231870.xml.macaon	369	10	de	de	prep	prep	_	9	dep	_	_
522bbeb9-7a12-4253-8941-0420c6231870.xml.macaon	370	11	bronze	bronze	nc	nc	_	10	obj	_	_
522bbeb9-7a12-4253-8941-0420c6231870.xml.macaon	371	12	.	.	poncts	poncts	_	7	__JOKER__	_	_

522bbeb9-7a12-4253-8941-0420c6231870.xml.macaon	372	1	Le	le	det	det	_	2	det	_	_
522bbeb9-7a12-4253-8941-0420c6231870.xml.macaon	373	2	combat	combat	nc	nc	_	4	suj	_	_	B:Hostile_encounter:TARGET:combat:G:373
522bbeb9-7a12-4253-8941-0420c6231870.xml.macaon	374	3	se	se	clr	clr	_	4	aff	_	_
522bbeb9-7a12-4253-8941-0420c6231870.xml.macaon	375	4	déroule	dérouler	v	v	_	_	_	_	_
522bbeb9-7a12-4253-8941-0420c6231870.xml.macaon	376	5	en	en	prep	prep	_	4	mod	_	_
522bbeb9-7a12-4253-8941-0420c6231870.xml.macaon	377	6	continu	continu	adj	adj	_	5	obj	_	_
522bbeb9-7a12-4253-8941-0420c6231870.xml.macaon	378	7	(	(	ponctw	ponctw	_	11	ponct	_	_
522bbeb9-7a12-4253-8941-0420c6231870.xml.macaon	379	8	il	il	cln	cln	_	11	suj	_	_
522bbeb9-7a12-4253-8941-0420c6231870.xml.macaon	380	9	n'	n'	advneg	advneg	_	11	mod	_	_
522bbeb9-7a12-4253-8941-0420c6231870.xml.macaon	381	10	y	y	clo	clo	_	11	__JOKER__	_	_
522bbeb9-7a12-4253-8941-0420c6231870.xml.macaon	382	11	a	avoir	v	v	_	4	mod	_	_
522bbeb9-7a12-4253-8941-0420c6231870.xml.macaon	383	12	pas#de	pas#de	prep	prep	_	11	obj	_	_
522bbeb9-7a12-4253-8941-0420c6231870.xml.macaon	384	13	reprises	reprise	nc	nc	_	12	obj	_	_
522bbeb9-7a12-4253-8941-0420c6231870.xml.macaon	385	14	ou	ou	coo	coo	_	13	coord	_	_
522bbeb9-7a12-4253-8941-0420c6231870.xml.macaon	386	15	rounds	round	nc	nc	_	14	dep_coord	_	_
522bbeb9-7a12-4253-8941-0420c6231870.xml.macaon	387	16	comme	comme	prep	prep	_	15	dep	_	_
522bbeb9-7a12-4253-8941-0420c6231870.xml.macaon	388	17	aujourd'hui	aujourd'hui	adv	adv	_	15	mod	_	_
522bbeb9-7a12-4253-8941-0420c6231870.xml.macaon	389	18	)	)	ponctw	ponctw	_	14	ponct	_	_
522bbeb9-7a12-4253-8941-0420c6231870.xml.macaon	390	19	.	.	poncts	poncts	_	4	ponct	_	_

522bbeb9-7a12-4253-8941-0420c6231870.xml.macaon	391	1	On	on	cln	cln	_	2	suj	_	_
522bbeb9-7a12-4253-8941-0420c6231870.xml.macaon	392	2	peut	pouvoir	v	v	_	_	_	_	_
522bbeb9-7a12-4253-8941-0420c6231870.xml.macaon	393	3	continuer	continuer	vinf	vinf	_	2	obj	_	_
522bbeb9-7a12-4253-8941-0420c6231870.xml.macaon	394	4	à	à	prep	prep	_	3	a_obj	_	_
522bbeb9-7a12-4253-8941-0420c6231870.xml.macaon	395	5	frapper	frapper	vinf	vinf	_	4	obj	_	_
522bbeb9-7a12-4253-8941-0420c6231870.xml.macaon	396	6	un	un	det	det	_	7	det	_	_
522bbeb9-7a12-4253-8941-0420c6231870.xml.macaon	397	7	adversaire	adversaire	nc	nc	_	5	obj	_	_
522bbeb9-7a12-4253-8941-0420c6231870.xml.macaon	398	8	tombé	tomber	vppart	vppart	_	7	mod	_	_
522bbeb9-7a12-4253-8941-0420c6231870.xml.macaon	399	9	à	à	prep	prep	_	8	a_obj	_	_
522bbeb9-7a12-4253-8941-0420c6231870.xml.macaon	400	10	terre	terre	nc	nc	_	9	obj	_	_
522bbeb9-7a12-4253-8941-0420c6231870.xml.macaon	401	11	.	.	poncts	poncts	_	2	ponct	_	_

522bbeb9-7a12-4253-8941-0420c6231870.xml.macaon	402	1	Les	les	det	det	_	2	det	_	_
522bbeb9-7a12-4253-8941-0420c6231870.xml.macaon	403	2	coups	coup	nc	nc	_	4	suj	_	_
522bbeb9-7a12-4253-8941-0420c6231870.xml.macaon	404	3	sont	être	v	v	_	4	aux_tps	_	_
522bbeb9-7a12-4253-8941-0420c6231870.xml.macaon	405	4	portés	porter	vppart	vppart	_	_	_	_	_
522bbeb9-7a12-4253-8941-0420c6231870.xml.macaon	406	5	à	à	prep	prep	_	4	mod	_	_
522bbeb9-7a12-4253-8941-0420c6231870.xml.macaon	407	6	la	le	det	det	_	7	det	_	_
522bbeb9-7a12-4253-8941-0420c6231870.xml.macaon	408	7	tête	tête	nc	nc	_	5	obj	_	_
522bbeb9-7a12-4253-8941-0420c6231870.xml.macaon	409	8	.	.	poncts	poncts	_	4	__JOKER__	_	_

522bbeb9-7a12-4253-8941-0420c6231870.xml.macaon	410	1	Mais	mais	coo	coo	_	_	_	_	_
522bbeb9-7a12-4253-8941-0420c6231870.xml.macaon	411	2	on	on	cln	cln	_	4	suj	_	_
522bbeb9-7a12-4253-8941-0420c6231870.xml.macaon	412	3	ne	ne	advneg	advneg	_	4	mod	_	_
522bbeb9-7a12-4253-8941-0420c6231870.xml.macaon	413	4	doit	devoir	v	v	_	1	dep_coord	_	_
522bbeb9-7a12-4253-8941-0420c6231870.xml.macaon	414	5	pas	pas	advneg	advneg	_	4	mod	_	_
522bbeb9-7a12-4253-8941-0420c6231870.xml.macaon	415	6	tuer	tuer	vinf	vinf	_	4	obj	_	_	B:Killing:TARGET:tuer:G:415
522bbeb9-7a12-4253-8941-0420c6231870.xml.macaon	416	7	l'	le	det	det	_	8	det	_	_	B:Killing:FE:Victim:G:415
522bbeb9-7a12-4253-8941-0420c6231870.xml.macaon	417	8	adversaire	adversaire	nc	nc	_	6	obj	_	_	I:Killing:FE:Victim:G:415
522bbeb9-7a12-4253-8941-0420c6231870.xml.macaon	418	9	.	.	poncts	poncts	_	4	ponct	_	_

522bbeb9-7a12-4253-8941-0420c6231870.xml.macaon	419	1	Le	le	det	det	_	2	det	_	_
522bbeb9-7a12-4253-8941-0420c6231870.xml.macaon	420	2	combat	combat	nc	nc	_	4	suj	_	_	B:Hostile_encounter:TARGET:combat:G:420
522bbeb9-7a12-4253-8941-0420c6231870.xml.macaon	421	3	s'	s'	clr	clr	_	4	aff	_	_
522bbeb9-7a12-4253-8941-0420c6231870.xml.macaon	422	4	arrête	arrêter	v	v	_	_	_	_	_	B:OTHER:G
522bbeb9-7a12-4253-8941-0420c6231870.xml.macaon	423	5	par	par	prep	prep	_	4	p_obj	_	_
522bbeb9-7a12-4253-8941-0420c6231870.xml.macaon	424	6	KO	KO	np	np	_	5	obj	_	_
522bbeb9-7a12-4253-8941-0420c6231870.xml.macaon	425	7	(	(	ponctw	ponctw	_	4	ponct	_	_
522bbeb9-7a12-4253-8941-0420c6231870.xml.macaon	426	8	adversaire	adversaire	nc	nc	_	4	obj	_	_
522bbeb9-7a12-4253-8941-0420c6231870.xml.macaon	427	9	incapable	incapable	adj	adj	_	8	mod	_	_
522bbeb9-7a12-4253-8941-0420c6231870.xml.macaon	428	10	de	de	prep	prep	_	8	dep	_	_
522bbeb9-7a12-4253-8941-0420c6231870.xml.macaon	429	11	se	se	clr	clr	_	12	aff	_	_
522bbeb9-7a12-4253-8941-0420c6231870.xml.macaon	430	12	relever	relever	vinf	vinf	_	10	obj	_	_
522bbeb9-7a12-4253-8941-0420c6231870.xml.macaon	431	13	)	)	ponctw	ponctw	_	10	ponct	_	_
522bbeb9-7a12-4253-8941-0420c6231870.xml.macaon	432	14	ou	ou	coo	coo	_	10	coord	_	_
522bbeb9-7a12-4253-8941-0420c6231870.xml.macaon	433	15	par	par	prep	prep	_	14	dep_coord	_	_
522bbeb9-7a12-4253-8941-0420c6231870.xml.macaon	434	16	abandon	abandon	nc	nc	_	15	obj	_	_
522bbeb9-7a12-4253-8941-0420c6231870.xml.macaon	435	17	d'	de	prep	prep	_	16	dep	_	_
522bbeb9-7a12-4253-8941-0420c6231870.xml.macaon	436	18	un	un	pro	pro	_	17	obj	_	_
522bbeb9-7a12-4253-8941-0420c6231870.xml.macaon	437	19	des	des	prep	prep	_	14	dep_coord	_	_
522bbeb9-7a12-4253-8941-0420c6231870.xml.macaon	438	20	deux	deux	adj	adj	_	21	mod	_	_
522bbeb9-7a12-4253-8941-0420c6231870.xml.macaon	439	21	combattants	combattant	nc	nc	_	19	obj	_	_
522bbeb9-7a12-4253-8941-0420c6231870.xml.macaon	440	22	.	.	poncts	poncts	_	4	ponct	_	_

522bbeb9-7a12-4253-8941-0420c6231870.xml.macaon	441	1	Le	le	det	det	_	2	det	_	_
522bbeb9-7a12-4253-8941-0420c6231870.xml.macaon	442	2	pugilat	pugilat	nc	nc	_	5	suj	_	_
522bbeb9-7a12-4253-8941-0420c6231870.xml.macaon	443	3	a	avoir	v	v	_	5	aux_tps	_	_
522bbeb9-7a12-4253-8941-0420c6231870.xml.macaon	444	4	été	être	vppart	vppart	_	5	aux_pass	_	_
522bbeb9-7a12-4253-8941-0420c6231870.xml.macaon	445	5	introduit	introduire	vppart	vppart	_	_	_	_	_
522bbeb9-7a12-4253-8941-0420c6231870.xml.macaon	446	6	aux	aux	prep	prep	_	5	mod	_	_
522bbeb9-7a12-4253-8941-0420c6231870.xml.macaon	447	7	Jeux	Jeux	nc	nc	_	6	obj	_	_
522bbeb9-7a12-4253-8941-0420c6231870.xml.macaon	448	8	olympiques	olympique	adj	adj	_	7	mod	_	_
522bbeb9-7a12-4253-8941-0420c6231870.xml.macaon	449	9	antiques	antique	adj	adj	_	7	mod	_	_
522bbeb9-7a12-4253-8941-0420c6231870.xml.macaon	450	10	à	à	prep	prep	_	5	a_obj	_	_
522bbeb9-7a12-4253-8941-0420c6231870.xml.macaon	451	11	l'	le	det	det	_	12	det	_	_
522bbeb9-7a12-4253-8941-0420c6231870.xml.macaon	452	12	occasion	occasion	nc	nc	_	10	obj	_	_
522bbeb9-7a12-4253-8941-0420c6231870.xml.macaon	453	13	de	de	prep	prep	_	12	dep	_	_
522bbeb9-7a12-4253-8941-0420c6231870.xml.macaon	454	14	la	le	det	det	_	15	det	_	_
522bbeb9-7a12-4253-8941-0420c6231870.xml.macaon	455	15	23	23	nc	nc	_	13	obj	_	_
522bbeb9-7a12-4253-8941-0420c6231870.xml.macaon	456	16	ème	ème	adj	adj	_	15	mod	_	_
522bbeb9-7a12-4253-8941-0420c6231870.xml.macaon	457	17	olympiade	olympiade	nc	nc	_	13	obj	_	_
522bbeb9-7a12-4253-8941-0420c6231870.xml.macaon	458	18	.	.	poncts	poncts	_	5	ponct	_	_

522bbeb9-7a12-4253-8941-0420c6231870.xml.macaon	459	1	qui	qui	prorel	prorel	_	2	suj	_	_
522bbeb9-7a12-4253-8941-0420c6231870.xml.macaon	460	2	est	être	v	v	_	_	_	_	_
522bbeb9-7a12-4253-8941-0420c6231870.xml.macaon	461	3	un	un	det	det	_	4	det	_	_
522bbeb9-7a12-4253-8941-0420c6231870.xml.macaon	462	4	mélange	mélange	nc	nc	_	2	ats	_	_
522bbeb9-7a12-4253-8941-0420c6231870.xml.macaon	463	5	de	de	prep	prep	_	4	dep	_	_
522bbeb9-7a12-4253-8941-0420c6231870.xml.macaon	464	6	lutte	lutte	nc	nc	_	5	obj	_	_
522bbeb9-7a12-4253-8941-0420c6231870.xml.macaon	465	7	et	et	coo	coo	_	5	coord	_	_
522bbeb9-7a12-4253-8941-0420c6231870.xml.macaon	466	8	de	de	prep	prep	_	7	dep_coord	_	_
522bbeb9-7a12-4253-8941-0420c6231870.xml.macaon	467	9	pugilat	pugilat	nc	nc	_	8	obj	_	_
522bbeb9-7a12-4253-8941-0420c6231870.xml.macaon	468	10	.	.	poncts	poncts	_	2	ponct	_	_

522bbeb9-7a12-4253-8941-0420c6231870.xml.macaon	469	1	Vikiliens	vikiliens	nc	nc	_	_	_	_	_
522bbeb9-7a12-4253-8941-0420c6231870.xml.macaon	470	2	pour	pour	prep	prep	_	1	dep	_	_
522bbeb9-7a12-4253-8941-0420c6231870.xml.macaon	471	3	compléter	compléter	vinf	vinf	_	2	obj	_	_
522bbeb9-7a12-4253-8941-0420c6231870.xml.macaon	472	4	sur	sur	prep	prep	_	3	mod	_	_
522bbeb9-7a12-4253-8941-0420c6231870.xml.macaon	473	5	les	le	det	det	_	6	det	_	_
522bbeb9-7a12-4253-8941-0420c6231870.xml.macaon	474	6	sports	sport	nc	nc	_	4	obj	_	_
522bbeb9-7a12-4253-8941-0420c6231870.xml.macaon	475	7	dans	dans	prep	prep	_	3	mod	_	_
522bbeb9-7a12-4253-8941-0420c6231870.xml.macaon	476	8	l'	le	det	det	_	9	det	_	_
522bbeb9-7a12-4253-8941-0420c6231870.xml.macaon	477	9	Antiquité	antiquité	nc	nc	_	7	obj	_	_
522bbeb9-7a12-4253-8941-0420c6231870.xml.macaon	478	10	gréco-romaine	gréco-romain	adj	adj	_	9	mod	_	_

522bbeb9-7a12-4253-8941-0420c6231870.xml.macaon	479	1	Jeux	jeux	nc	nc	_	_	_	_	_
522bbeb9-7a12-4253-8941-0420c6231870.xml.macaon	480	2	olympiques	olympique	adj	adj	_	1	mod	_	_
522bbeb9-7a12-4253-8941-0420c6231870.xml.macaon	481	3	antiques	antique	adj	adj	_	4	mod	_	_
522bbeb9-7a12-4253-8941-0420c6231870.xml.macaon	482	4	épreuves	épreuve	nc	nc	_	1	mod	_	_
522bbeb9-7a12-4253-8941-0420c6231870.xml.macaon	483	5	sportives	sportif	adj	adj	_	4	mod	_	_
522bbeb9-7a12-4253-8941-0420c6231870.xml.macaon	484	6	de	de	prep	prep	_	4	dep	_	_
522bbeb9-7a12-4253-8941-0420c6231870.xml.macaon	485	7	course	course	nc	nc	_	6	obj	_	_
522bbeb9-7a12-4253-8941-0420c6231870.xml.macaon	486	8	dans	dans	prep	prep	_	7	dep	_	_
522bbeb9-7a12-4253-8941-0420c6231870.xml.macaon	487	9	l'	le	det	det	_	10	det	_	_
522bbeb9-7a12-4253-8941-0420c6231870.xml.macaon	488	10	Antiquité	antiquité	nc	nc	_	8	obj	_	_
522bbeb9-7a12-4253-8941-0420c6231870.xml.macaon	489	11	gréco-romaine	gréco-romain	adj	adj	_	10	mod	_	_
