531da42d-438f-4178-b773-8e477e2e9d49.xml.macaon	0	1	vikidia	vikidia	nc	nc	_	_	_	_	_

531da42d-438f-4178-b773-8e477e2e9d49.xml.macaon	1	1	531da42d	531da42d	adj	adj	_	3	mod	_	_
531da42d-438f-4178-b773-8e477e2e9d49.xml.macaon	2	2	-	-	ponctw	ponctw	_	1	ponct	_	_
531da42d-438f-4178-b773-8e477e2e9d49.xml.macaon	3	3	438f	438f	nc	nc	_	_	_	_	_
531da42d-438f-4178-b773-8e477e2e9d49.xml.macaon	4	4	-	-	ponctw	ponctw	_	3	ponct	_	_
531da42d-438f-4178-b773-8e477e2e9d49.xml.macaon	5	5	4178	4178	nc	nc	_	3	mod	_	_
531da42d-438f-4178-b773-8e477e2e9d49.xml.macaon	6	6	-	-	ponctw	ponctw	_	5	ponct	_	_
531da42d-438f-4178-b773-8e477e2e9d49.xml.macaon	7	7	b773	b773	nc	nc	_	5	mod	_	_
531da42d-438f-4178-b773-8e477e2e9d49.xml.macaon	8	8	-	-	ponctw	ponctw	_	7	ponct	_	_
531da42d-438f-4178-b773-8e477e2e9d49.xml.macaon	9	9	8e477e2e9d49	8e477e2e9d49	nc	nc	_	7	mod	_	_

531da42d-438f-4178-b773-8e477e2e9d49.xml.macaon	10	1	ADDED	ADDED	nc	nc	_	_	_	_	_

531da42d-438f-4178-b773-8e477e2e9d49.xml.macaon	11	1	2016	2016	adj	adj	_	3	mod	_	_
531da42d-438f-4178-b773-8e477e2e9d49.xml.macaon	12	2	-	-	ponctw	ponctw	_	1	ponct	_	_
531da42d-438f-4178-b773-8e477e2e9d49.xml.macaon	13	3	06	06	nc	nc	_	_	_	_	_
531da42d-438f-4178-b773-8e477e2e9d49.xml.macaon	14	4	-	-	ponctw	ponctw	_	3	ponct	_	_
531da42d-438f-4178-b773-8e477e2e9d49.xml.macaon	15	5	15T14	15T14	nc	nc	_	3	mod	_	_
531da42d-438f-4178-b773-8e477e2e9d49.xml.macaon	16	6	:	:	ponctw	ponctw	_	5	ponct	_	_
531da42d-438f-4178-b773-8e477e2e9d49.xml.macaon	17	7	52	52	det	det	_	9	det	_	_
531da42d-438f-4178-b773-8e477e2e9d49.xml.macaon	18	8	:	:	ponctw	ponctw	_	9	ponct	_	_
531da42d-438f-4178-b773-8e477e2e9d49.xml.macaon	19	9	55Z	55Z	nc	nc	_	5	mod	_	_

531da42d-438f-4178-b773-8e477e2e9d49.xml.macaon	20	1	Nœud	Nœud	adv	adv	_	2	mod	_	_
531da42d-438f-4178-b773-8e477e2e9d49.xml.macaon	21	2	gordien	gordien	adj	adj	_	_	_	_	_

531da42d-438f-4178-b773-8e477e2e9d49.xml.macaon	22	1	Le	le	det	det	_	3	det	_	_
531da42d-438f-4178-b773-8e477e2e9d49.xml.macaon	23	2	«	«	ponctw	ponctw	_	3	ponct	_	_
531da42d-438f-4178-b773-8e477e2e9d49.xml.macaon	24	3	nœud	nœud	nc	nc	_	6	suj	_	_
531da42d-438f-4178-b773-8e477e2e9d49.xml.macaon	25	4	gordien	gordien	adj	adj	_	3	mod	_	_
531da42d-438f-4178-b773-8e477e2e9d49.xml.macaon	26	5	»	»	ponctw	ponctw	_	6	ponct	_	_
531da42d-438f-4178-b773-8e477e2e9d49.xml.macaon	27	6	désigne	désigner	v	v	_	_	_	_	_	B:OTHER:G
531da42d-438f-4178-b773-8e477e2e9d49.xml.macaon	28	7	un	un	det	det	_	8	det	_	_
531da42d-438f-4178-b773-8e477e2e9d49.xml.macaon	29	8	problème	problème	nc	nc	_	6	obj	_	_
531da42d-438f-4178-b773-8e477e2e9d49.xml.macaon	30	9	pratiquement	pratiquement	adv	adv	_	10	mod	_	_
531da42d-438f-4178-b773-8e477e2e9d49.xml.macaon	31	10	insoluble	insoluble	adj	adj	_	8	mod	_	_
531da42d-438f-4178-b773-8e477e2e9d49.xml.macaon	32	11	.	.	poncts	poncts	_	6	ponct	_	_

531da42d-438f-4178-b773-8e477e2e9d49.xml.macaon	33	1	Cette	cette	det	det	_	2	det	_	_
531da42d-438f-4178-b773-8e477e2e9d49.xml.macaon	34	2	expression	expression	nc	nc	_	3	suj	_	_	B:Expressing_publicly:TARGET:expression:G:34
531da42d-438f-4178-b773-8e477e2e9d49.xml.macaon	35	3	est	être	v	v	_	_	_	_	_	B:Expressing_publicly:FE:Explanation:G:34
531da42d-438f-4178-b773-8e477e2e9d49.xml.macaon	36	4	une	un	det	det	_	5	det	_	_	I:Expressing_publicly:FE:Explanation:G:34
531da42d-438f-4178-b773-8e477e2e9d49.xml.macaon	37	5	métaphore	métaphore	nc	nc	_	3	ats	_	_	I:Expressing_publicly:FE:Explanation:G:34
531da42d-438f-4178-b773-8e477e2e9d49.xml.macaon	38	6	basée	baser	vppart	vppart	_	5	mod	_	_	I:Expressing_publicly:FE:Explanation:G:34
531da42d-438f-4178-b773-8e477e2e9d49.xml.macaon	39	7	sur	sur	prep	prep	_	6	mod	_	_	I:Expressing_publicly:FE:Explanation:G:34
531da42d-438f-4178-b773-8e477e2e9d49.xml.macaon	40	8	l'	le	det	det	_	9	det	_	_	I:Expressing_publicly:FE:Explanation:G:34
531da42d-438f-4178-b773-8e477e2e9d49.xml.macaon	41	9	histoire	histoire	nc	nc	_	7	obj	_	_	I:Expressing_publicly:FE:Explanation:G:34
531da42d-438f-4178-b773-8e477e2e9d49.xml.macaon	42	10	du	du	prep	prep	_	6	mod	_	_	I:Expressing_publicly:FE:Explanation:G:34
531da42d-438f-4178-b773-8e477e2e9d49.xml.macaon	43	11	roi	roi	nc	nc	_	10	obj	_	_	I:Expressing_publicly:FE:Explanation:G:34
531da42d-438f-4178-b773-8e477e2e9d49.xml.macaon	44	12	Gordias	Gordias	np	np	_	11	mod	_	_	I:Expressing_publicly:FE:Explanation:G:34
531da42d-438f-4178-b773-8e477e2e9d49.xml.macaon	45	13	de	de	prep	prep	_	11	dep	_	_	I:Expressing_publicly:FE:Explanation:G:34
531da42d-438f-4178-b773-8e477e2e9d49.xml.macaon	46	14	Phrygie	Phrygie	np	np	_	13	obj	_	_	I:Expressing_publicly:FE:Explanation:G:34
531da42d-438f-4178-b773-8e477e2e9d49.xml.macaon	47	15	dans	dans	prep	prep	_	13	obj	_	_	I:Expressing_publicly:FE:Explanation:G:34
531da42d-438f-4178-b773-8e477e2e9d49.xml.macaon	48	16	l'	le	det	det	_	17	det	_	_	I:Expressing_publicly:FE:Explanation:G:34
531da42d-438f-4178-b773-8e477e2e9d49.xml.macaon	49	17	Antiquité	antiquité	nc	nc	_	15	obj	_	_	I:Expressing_publicly:FE:Explanation:G:34
531da42d-438f-4178-b773-8e477e2e9d49.xml.macaon	50	18	grecque	grec	adj	adj	_	17	mod	_	_	I:Expressing_publicly:FE:Explanation:G:34
531da42d-438f-4178-b773-8e477e2e9d49.xml.macaon	51	19	,	,	ponctw	ponctw	_	21	ponct	_	_	I:Expressing_publicly:FE:Explanation:G:34
531da42d-438f-4178-b773-8e477e2e9d49.xml.macaon	52	20	qui	qui	prorel	prorel	_	21	suj	_	_	I:Expressing_publicly:FE:Explanation:G:34
531da42d-438f-4178-b773-8e477e2e9d49.xml.macaon	53	21	fabriqua	fabriquer	v	v	_	17	mod_rel	_	_	I:Expressing_publicly:FE:Explanation:G:34
531da42d-438f-4178-b773-8e477e2e9d49.xml.macaon	54	22	un	un	det	det	_	23	det	_	_	I:Expressing_publicly:FE:Explanation:G:34
531da42d-438f-4178-b773-8e477e2e9d49.xml.macaon	55	23	nœud	nœud	nc	nc	_	21	obj	_	_	I:Expressing_publicly:FE:Explanation:G:34
531da42d-438f-4178-b773-8e477e2e9d49.xml.macaon	56	24	extrêmement	extrêmement	adv	adv	_	25	mod	_	_	I:Expressing_publicly:FE:Explanation:G:34
531da42d-438f-4178-b773-8e477e2e9d49.xml.macaon	57	25	compliqué	compliquer	vppart	vppart	_	23	mod	_	_	I:Expressing_publicly:FE:Explanation:G:34
531da42d-438f-4178-b773-8e477e2e9d49.xml.macaon	58	26	.	.	poncts	poncts	_	3	ponct	_	_

531da42d-438f-4178-b773-8e477e2e9d49.xml.macaon	59	1	Elle	elle	cln	cln	_	2	suj	_	_
531da42d-438f-4178-b773-8e477e2e9d49.xml.macaon	60	2	est	être	v	v	_	_	_	_	_
531da42d-438f-4178-b773-8e477e2e9d49.xml.macaon	61	3	liée	lier	vppart	vppart	_	2	ats	_	_
531da42d-438f-4178-b773-8e477e2e9d49.xml.macaon	62	4	surtout	surtout	adv	adv	_	3	mod	_	_
531da42d-438f-4178-b773-8e477e2e9d49.xml.macaon	63	5	à	à	prep	prep	_	3	a_obj	_	_
531da42d-438f-4178-b773-8e477e2e9d49.xml.macaon	64	6	une	un	det	det	_	7	det	_	_
531da42d-438f-4178-b773-8e477e2e9d49.xml.macaon	65	7	anecdote	anecdote	nc	nc	_	5	obj	_	_
531da42d-438f-4178-b773-8e477e2e9d49.xml.macaon	66	8	plus#ou#moins	plus#ou#moins	adv	adv	_	9	mod	_	_
531da42d-438f-4178-b773-8e477e2e9d49.xml.macaon	67	9	légendaire	légendaire	adj	adj	_	7	mod	_	_
531da42d-438f-4178-b773-8e477e2e9d49.xml.macaon	68	10	concernant	concernant	prep	prep	_	3	mod	_	_
531da42d-438f-4178-b773-8e477e2e9d49.xml.macaon	69	11	Alexandre	Alexandre	np	np	_	10	obj	_	_
531da42d-438f-4178-b773-8e477e2e9d49.xml.macaon	70	12	le	le	det	det	_	13	det	_	_
531da42d-438f-4178-b773-8e477e2e9d49.xml.macaon	71	13	Grand	Grand	np	np	_	10	obj	_	_
531da42d-438f-4178-b773-8e477e2e9d49.xml.macaon	72	14	qui	qui	prorel	prorel	_	19	__JOKER__	_	_
531da42d-438f-4178-b773-8e477e2e9d49.xml.macaon	73	15	avec	avec	prep	prep	_	19	mod	_	_
531da42d-438f-4178-b773-8e477e2e9d49.xml.macaon	74	16	son	son	det	det	_	17	det	_	_
531da42d-438f-4178-b773-8e477e2e9d49.xml.macaon	75	17	épée	épée	nc	nc	_	15	obj	_	_
531da42d-438f-4178-b773-8e477e2e9d49.xml.macaon	76	18	«	«	ponctw	ponctw	_	19	ponct	_	_
531da42d-438f-4178-b773-8e477e2e9d49.xml.macaon	77	19	trancha	trancher	v	v	_	13	__JOKER__	_	_
531da42d-438f-4178-b773-8e477e2e9d49.xml.macaon	78	20	le	le	det	det	_	21	det	_	_
531da42d-438f-4178-b773-8e477e2e9d49.xml.macaon	79	21	nœud	nœud	nc	nc	_	19	obj	_	_
531da42d-438f-4178-b773-8e477e2e9d49.xml.macaon	80	22	gordien	gordien	adj	adj	_	21	mod	_	_
531da42d-438f-4178-b773-8e477e2e9d49.xml.macaon	81	23	»	»	ponctw	ponctw	_	19	ponct	_	_
531da42d-438f-4178-b773-8e477e2e9d49.xml.macaon	82	24	.	.	poncts	poncts	_	2	ponct	_	_

531da42d-438f-4178-b773-8e477e2e9d49.xml.macaon	83	1	Antiquité	antiquité	nc	nc	_	_	_	_	_

531da42d-438f-4178-b773-8e477e2e9d49.xml.macaon	84	1	Nœud	Nœud	adv	adv	_	2	mod	_	_
531da42d-438f-4178-b773-8e477e2e9d49.xml.macaon	85	2	gordien	gordien	adj	adj	_	_	_	_	_

531da42d-438f-4178-b773-8e477e2e9d49.xml.macaon	86	1	Le	le	det	det	_	3	det	_	_
531da42d-438f-4178-b773-8e477e2e9d49.xml.macaon	87	2	«	«	ponctw	ponctw	_	3	ponct	_	_
531da42d-438f-4178-b773-8e477e2e9d49.xml.macaon	88	3	nœud	nœud	nc	nc	_	6	suj	_	_
531da42d-438f-4178-b773-8e477e2e9d49.xml.macaon	89	4	gordien	gordien	adj	adj	_	3	mod	_	_
531da42d-438f-4178-b773-8e477e2e9d49.xml.macaon	90	5	»	»	ponctw	ponctw	_	6	ponct	_	_
531da42d-438f-4178-b773-8e477e2e9d49.xml.macaon	91	6	désigne	désigner	v	v	_	_	_	_	_	B:OTHER:G
531da42d-438f-4178-b773-8e477e2e9d49.xml.macaon	92	7	un	un	det	det	_	8	det	_	_
531da42d-438f-4178-b773-8e477e2e9d49.xml.macaon	93	8	problème	problème	nc	nc	_	6	obj	_	_
531da42d-438f-4178-b773-8e477e2e9d49.xml.macaon	94	9	pratiquement	pratiquement	adv	adv	_	10	mod	_	_
531da42d-438f-4178-b773-8e477e2e9d49.xml.macaon	95	10	insoluble	insoluble	adj	adj	_	8	mod	_	_
531da42d-438f-4178-b773-8e477e2e9d49.xml.macaon	96	11	.	.	poncts	poncts	_	6	ponct	_	_

531da42d-438f-4178-b773-8e477e2e9d49.xml.macaon	97	1	Cette	cette	det	det	_	2	det	_	_
531da42d-438f-4178-b773-8e477e2e9d49.xml.macaon	98	2	expression	expression	nc	nc	_	3	suj	_	_	B:Expressing_publicly:TARGET:expression:G:98
531da42d-438f-4178-b773-8e477e2e9d49.xml.macaon	99	3	est	être	v	v	_	_	_	_	_	B:Expressing_publicly:FE:Explanation:G:98
531da42d-438f-4178-b773-8e477e2e9d49.xml.macaon	100	4	une	un	det	det	_	5	det	_	_	I:Expressing_publicly:FE:Explanation:G:98
531da42d-438f-4178-b773-8e477e2e9d49.xml.macaon	101	5	métaphore	métaphore	nc	nc	_	3	ats	_	_	I:Expressing_publicly:FE:Explanation:G:98
531da42d-438f-4178-b773-8e477e2e9d49.xml.macaon	102	6	basée	baser	vppart	vppart	_	5	mod	_	_	I:Expressing_publicly:FE:Explanation:G:98
531da42d-438f-4178-b773-8e477e2e9d49.xml.macaon	103	7	sur	sur	prep	prep	_	6	mod	_	_	I:Expressing_publicly:FE:Explanation:G:98
531da42d-438f-4178-b773-8e477e2e9d49.xml.macaon	104	8	l'	le	det	det	_	9	det	_	_	I:Expressing_publicly:FE:Explanation:G:98
531da42d-438f-4178-b773-8e477e2e9d49.xml.macaon	105	9	histoire	histoire	nc	nc	_	7	obj	_	_	I:Expressing_publicly:FE:Explanation:G:98
531da42d-438f-4178-b773-8e477e2e9d49.xml.macaon	106	10	du	du	prep	prep	_	6	mod	_	_	I:Expressing_publicly:FE:Explanation:G:98
531da42d-438f-4178-b773-8e477e2e9d49.xml.macaon	107	11	roi	roi	nc	nc	_	10	obj	_	_	I:Expressing_publicly:FE:Explanation:G:98
531da42d-438f-4178-b773-8e477e2e9d49.xml.macaon	108	12	Gordias	Gordias	np	np	_	11	mod	_	_	I:Expressing_publicly:FE:Explanation:G:98
531da42d-438f-4178-b773-8e477e2e9d49.xml.macaon	109	13	de	de	prep	prep	_	11	dep	_	_	I:Expressing_publicly:FE:Explanation:G:98
531da42d-438f-4178-b773-8e477e2e9d49.xml.macaon	110	14	Phrygie	Phrygie	np	np	_	13	obj	_	_	I:Expressing_publicly:FE:Explanation:G:98
531da42d-438f-4178-b773-8e477e2e9d49.xml.macaon	111	15	dans	dans	prep	prep	_	13	obj	_	_	I:Expressing_publicly:FE:Explanation:G:98
531da42d-438f-4178-b773-8e477e2e9d49.xml.macaon	112	16	l'	le	det	det	_	17	det	_	_	I:Expressing_publicly:FE:Explanation:G:98
531da42d-438f-4178-b773-8e477e2e9d49.xml.macaon	113	17	Antiquité	antiquité	nc	nc	_	15	obj	_	_	I:Expressing_publicly:FE:Explanation:G:98
531da42d-438f-4178-b773-8e477e2e9d49.xml.macaon	114	18	grecque	grec	adj	adj	_	17	mod	_	_	I:Expressing_publicly:FE:Explanation:G:98
531da42d-438f-4178-b773-8e477e2e9d49.xml.macaon	115	19	,	,	ponctw	ponctw	_	21	ponct	_	_	I:Expressing_publicly:FE:Explanation:G:98
531da42d-438f-4178-b773-8e477e2e9d49.xml.macaon	116	20	qui	qui	prorel	prorel	_	21	suj	_	_	I:Expressing_publicly:FE:Explanation:G:98
531da42d-438f-4178-b773-8e477e2e9d49.xml.macaon	117	21	fabriqua	fabriquer	v	v	_	17	mod_rel	_	_	I:Expressing_publicly:FE:Explanation:G:98
531da42d-438f-4178-b773-8e477e2e9d49.xml.macaon	118	22	un	un	det	det	_	23	det	_	_	I:Expressing_publicly:FE:Explanation:G:98
531da42d-438f-4178-b773-8e477e2e9d49.xml.macaon	119	23	nœud	nœud	nc	nc	_	21	obj	_	_	I:Expressing_publicly:FE:Explanation:G:98
531da42d-438f-4178-b773-8e477e2e9d49.xml.macaon	120	24	extrêmement	extrêmement	adv	adv	_	25	mod	_	_	I:Expressing_publicly:FE:Explanation:G:98
531da42d-438f-4178-b773-8e477e2e9d49.xml.macaon	121	25	compliqué	compliquer	vppart	vppart	_	23	mod	_	_	I:Expressing_publicly:FE:Explanation:G:98
531da42d-438f-4178-b773-8e477e2e9d49.xml.macaon	122	26	.	.	poncts	poncts	_	3	ponct	_	_

531da42d-438f-4178-b773-8e477e2e9d49.xml.macaon	123	1	Elle	elle	cln	cln	_	2	suj	_	_
531da42d-438f-4178-b773-8e477e2e9d49.xml.macaon	124	2	est	être	v	v	_	_	_	_	_
531da42d-438f-4178-b773-8e477e2e9d49.xml.macaon	125	3	liée	lier	vppart	vppart	_	2	ats	_	_
531da42d-438f-4178-b773-8e477e2e9d49.xml.macaon	126	4	surtout	surtout	adv	adv	_	3	mod	_	_
531da42d-438f-4178-b773-8e477e2e9d49.xml.macaon	127	5	à	à	prep	prep	_	3	a_obj	_	_
531da42d-438f-4178-b773-8e477e2e9d49.xml.macaon	128	6	une	un	det	det	_	7	det	_	_
531da42d-438f-4178-b773-8e477e2e9d49.xml.macaon	129	7	anecdote	anecdote	nc	nc	_	5	obj	_	_
531da42d-438f-4178-b773-8e477e2e9d49.xml.macaon	130	8	plus#ou#moins	plus#ou#moins	adv	adv	_	9	mod	_	_
531da42d-438f-4178-b773-8e477e2e9d49.xml.macaon	131	9	légendaire	légendaire	adj	adj	_	7	mod	_	_
531da42d-438f-4178-b773-8e477e2e9d49.xml.macaon	132	10	concernant	concernant	prep	prep	_	3	mod	_	_
531da42d-438f-4178-b773-8e477e2e9d49.xml.macaon	133	11	Alexandre	Alexandre	np	np	_	10	obj	_	_
531da42d-438f-4178-b773-8e477e2e9d49.xml.macaon	134	12	le	le	det	det	_	13	det	_	_
531da42d-438f-4178-b773-8e477e2e9d49.xml.macaon	135	13	Grand	Grand	np	np	_	10	obj	_	_
531da42d-438f-4178-b773-8e477e2e9d49.xml.macaon	136	14	qui	qui	prorel	prorel	_	19	__JOKER__	_	_
531da42d-438f-4178-b773-8e477e2e9d49.xml.macaon	137	15	avec	avec	prep	prep	_	19	mod	_	_
531da42d-438f-4178-b773-8e477e2e9d49.xml.macaon	138	16	son	son	det	det	_	17	det	_	_
531da42d-438f-4178-b773-8e477e2e9d49.xml.macaon	139	17	épée	épée	nc	nc	_	15	obj	_	_
531da42d-438f-4178-b773-8e477e2e9d49.xml.macaon	140	18	«	«	ponctw	ponctw	_	19	ponct	_	_
531da42d-438f-4178-b773-8e477e2e9d49.xml.macaon	141	19	trancha	trancher	v	v	_	13	__JOKER__	_	_
531da42d-438f-4178-b773-8e477e2e9d49.xml.macaon	142	20	le	le	det	det	_	21	det	_	_
531da42d-438f-4178-b773-8e477e2e9d49.xml.macaon	143	21	nœud	nœud	nc	nc	_	19	obj	_	_
531da42d-438f-4178-b773-8e477e2e9d49.xml.macaon	144	22	gordien	gordien	adj	adj	_	21	mod	_	_
531da42d-438f-4178-b773-8e477e2e9d49.xml.macaon	145	23	»	»	ponctw	ponctw	_	19	ponct	_	_
531da42d-438f-4178-b773-8e477e2e9d49.xml.macaon	146	24	.	.	poncts	poncts	_	2	ponct	_	_

531da42d-438f-4178-b773-8e477e2e9d49.xml.macaon	147	1	La	la	det	det	_	2	det	_	_
531da42d-438f-4178-b773-8e477e2e9d49.xml.macaon	148	2	confection	confection	nc	nc	_	_	_	_	_
531da42d-438f-4178-b773-8e477e2e9d49.xml.macaon	149	3	du	du	prep	prep	_	2	dep	_	_
531da42d-438f-4178-b773-8e477e2e9d49.xml.macaon	150	4	nœud	nœud	nc	nc	_	3	obj	_	_
531da42d-438f-4178-b773-8e477e2e9d49.xml.macaon	151	5	gordien	gordien	adj	adj	_	4	mod	_	_

531da42d-438f-4178-b773-8e477e2e9d49.xml.macaon	152	1	Selon	selon	prep	prep	_	14	mod	_	_
531da42d-438f-4178-b773-8e477e2e9d49.xml.macaon	153	2	la	le	det	det	_	3	det	_	_
531da42d-438f-4178-b773-8e477e2e9d49.xml.macaon	154	3	mythologie	mythologie	nc	nc	_	1	obj	_	_
531da42d-438f-4178-b773-8e477e2e9d49.xml.macaon	155	4	grecque	grec	adj	adj	_	3	mod	_	_
531da42d-438f-4178-b773-8e477e2e9d49.xml.macaon	156	5	,	,	ponctw	ponctw	_	14	ponct	_	_
531da42d-438f-4178-b773-8e477e2e9d49.xml.macaon	157	6	le	le	det	det	_	7	det	_	_
531da42d-438f-4178-b773-8e477e2e9d49.xml.macaon	158	7	roi	roi	nc	nc	_	14	suj	_	_	B:Death:FE:Protagonist:G:165
531da42d-438f-4178-b773-8e477e2e9d49.xml.macaon	159	8	de	de	prep	prep	_	7	dep	_	_	I:Death:FE:Protagonist:G:165
531da42d-438f-4178-b773-8e477e2e9d49.xml.macaon	160	9	Phrygie	Phrygie	np	np	_	8	obj	_	_	I:Death:FE:Protagonist:G:165
531da42d-438f-4178-b773-8e477e2e9d49.xml.macaon	161	10	(	(	ponctw	ponctw	_	7	ponct	_	_
531da42d-438f-4178-b773-8e477e2e9d49.xml.macaon	162	11	en	en	prep	prep	_	14	mod	_	_	B:Death:FE:Place:G:165
531da42d-438f-4178-b773-8e477e2e9d49.xml.macaon	163	12	Anatolie	Anatolie	np	np	_	11	obj	_	_	I:Death:FE:Place:G:165
531da42d-438f-4178-b773-8e477e2e9d49.xml.macaon	164	13	)	)	ponctw	ponctw	_	14	ponct	_	_
531da42d-438f-4178-b773-8e477e2e9d49.xml.macaon	165	14	meurt	mourir	v	v	_	_	_	_	_	B:Death:TARGET:mourir:G:165
531da42d-438f-4178-b773-8e477e2e9d49.xml.macaon	166	15	sans	sans	prep	prep	_	14	mod	_	_
531da42d-438f-4178-b773-8e477e2e9d49.xml.macaon	167	16	héritier	héritier	nc	nc	_	15	obj	_	_
531da42d-438f-4178-b773-8e477e2e9d49.xml.macaon	168	17	.	.	poncts	poncts	_	14	ponct	_	_

531da42d-438f-4178-b773-8e477e2e9d49.xml.macaon	169	1	Un	un	det	det	_	2	det	_	_
531da42d-438f-4178-b773-8e477e2e9d49.xml.macaon	170	2	oracle	oracle	nc	nc	_	3	suj	_	_
531da42d-438f-4178-b773-8e477e2e9d49.xml.macaon	171	3	prédit	prédire	v	v	_	_	_	_	_
531da42d-438f-4178-b773-8e477e2e9d49.xml.macaon	172	4	alors#que	alors#que	csu	csu	_	3	obj	_	_
531da42d-438f-4178-b773-8e477e2e9d49.xml.macaon	173	5	la	le	det	det	_	7	det	_	_	B:Arriving:FE:Theme:G:184
531da42d-438f-4178-b773-8e477e2e9d49.xml.macaon	174	6	première	premier	adj	adj	_	7	mod	_	_	I:Arriving:FE:Theme:G:184
531da42d-438f-4178-b773-8e477e2e9d49.xml.macaon	175	7	personne	personne	nc	nc	_	4	obj	_	_	I:Arriving:FE:Theme:G:184
531da42d-438f-4178-b773-8e477e2e9d49.xml.macaon	176	8	,	,	ponctw	ponctw	_	7	ponct	_	_
531da42d-438f-4178-b773-8e477e2e9d49.xml.macaon	177	9	quelle	quelle	adj	adj	_	7	mod	_	_
531da42d-438f-4178-b773-8e477e2e9d49.xml.macaon	178	10	qu'	que	prorel	prorel	_	12	ats	_	_
531da42d-438f-4178-b773-8e477e2e9d49.xml.macaon	179	11	elle	elle	cln	cln	_	12	suj	_	_
531da42d-438f-4178-b773-8e477e2e9d49.xml.macaon	180	12	soit	être	v	v	_	4	obj	_	_
531da42d-438f-4178-b773-8e477e2e9d49.xml.macaon	181	13	,	,	ponctw	ponctw	_	12	ponct	_	_
531da42d-438f-4178-b773-8e477e2e9d49.xml.macaon	182	14	mais	mais	coo	coo	_	12	coord	_	_
531da42d-438f-4178-b773-8e477e2e9d49.xml.macaon	183	15	qui	qui	prorel	prorel	_	16	suj	_	_	B:Arriving:FE:Theme:G:184
531da42d-438f-4178-b773-8e477e2e9d49.xml.macaon	184	16	arriverait	arriver	v	v	_	4	obj	_	_	B:Arriving:TARGET:arriver:G:184
531da42d-438f-4178-b773-8e477e2e9d49.xml.macaon	185	17	en	en	prep	prep	_	16	mod	_	_	B:Arriving:FE:Goal:G:184
531da42d-438f-4178-b773-8e477e2e9d49.xml.macaon	186	18	ville	ville	nc	nc	_	17	obj	_	_	I:Arriving:FE:Goal:G:184
531da42d-438f-4178-b773-8e477e2e9d49.xml.macaon	187	19	sur	sur	prep	prep	_	16	mod	_	_	B:Arriving:FE:Mode_of_transportation:G:184
531da42d-438f-4178-b773-8e477e2e9d49.xml.macaon	188	20	un	un	det	det	_	21	det	_	_	I:Arriving:FE:Mode_of_transportation:G:184
531da42d-438f-4178-b773-8e477e2e9d49.xml.macaon	189	21	char	char	nc	nc	_	19	obj	_	_	I:Arriving:FE:Mode_of_transportation:G:184
531da42d-438f-4178-b773-8e477e2e9d49.xml.macaon	190	22	à	à	prep	prep	_	21	dep	_	_	I:Arriving:FE:Mode_of_transportation:G:184
531da42d-438f-4178-b773-8e477e2e9d49.xml.macaon	191	23	bœufs	bœufs	nc	nc	_	22	obj	_	_	I:Arriving:FE:Mode_of_transportation:G:184
531da42d-438f-4178-b773-8e477e2e9d49.xml.macaon	192	24	serait	être	v	v	_	25	aux_tps	_	_
531da42d-438f-4178-b773-8e477e2e9d49.xml.macaon	193	25	fait	faire	vppart	vppart	_	21	mod_rel	_	_	B:Arriving:FE:Purpose:G:184
531da42d-438f-4178-b773-8e477e2e9d49.xml.macaon	194	26	roi	roi	nc	nc	_	25	obj	_	_	I:Arriving:FE:Purpose:G:184
531da42d-438f-4178-b773-8e477e2e9d49.xml.macaon	195	27	.	.	poncts	poncts	_	3	ponct	_	_

531da42d-438f-4178-b773-8e477e2e9d49.xml.macaon	196	1	Le	le	det	det	_	6	__JOKER__	_	_
531da42d-438f-4178-b773-8e477e2e9d49.xml.macaon	197	2	premier	premier	adj	adj	_	1	__JOKER__	_	_
531da42d-438f-4178-b773-8e477e2e9d49.xml.macaon	198	3	à	à	prep	prep	_	6	mod	_	_
531da42d-438f-4178-b773-8e477e2e9d49.xml.macaon	199	4	se	se	clr	clr	_	5	aff	_	_
531da42d-438f-4178-b773-8e477e2e9d49.xml.macaon	200	5	présenter	présenter	vinf	vinf	_	3	obj	_	_
531da42d-438f-4178-b773-8e477e2e9d49.xml.macaon	201	6	fut	être	v	v	_	_	_	_	_
531da42d-438f-4178-b773-8e477e2e9d49.xml.macaon	202	7	le	le	det	det	_	8	det	_	_
531da42d-438f-4178-b773-8e477e2e9d49.xml.macaon	203	8	paysan	paysan	nc	nc	_	6	ats	_	_
531da42d-438f-4178-b773-8e477e2e9d49.xml.macaon	204	9	Gordios	Gordios	np	np	_	8	mod	_	_
531da42d-438f-4178-b773-8e477e2e9d49.xml.macaon	205	10	,	,	ponctw	ponctw	_	8	ponct	_	_
531da42d-438f-4178-b773-8e477e2e9d49.xml.macaon	206	11	le	le	det	det	_	13	det	_	_
531da42d-438f-4178-b773-8e477e2e9d49.xml.macaon	207	12	futur	futur	adj	adj	_	13	mod	_	_
531da42d-438f-4178-b773-8e477e2e9d49.xml.macaon	208	13	père	père	nc	nc	_	6	obj	_	_
531da42d-438f-4178-b773-8e477e2e9d49.xml.macaon	209	14	de	de	prep	prep	_	13	dep	_	_
531da42d-438f-4178-b773-8e477e2e9d49.xml.macaon	210	15	Midas	Midas	np	np	_	14	obj	_	_
531da42d-438f-4178-b773-8e477e2e9d49.xml.macaon	211	16	.	.	poncts	poncts	_	6	ponct	_	_

531da42d-438f-4178-b773-8e477e2e9d49.xml.macaon	212	1	Il	il	cln	cln	_	3	suj	_	_	B:Appointing:FE:Official:G:214
531da42d-438f-4178-b773-8e477e2e9d49.xml.macaon	213	2	fut	être	v	v	_	3	aux_tps	_	_
531da42d-438f-4178-b773-8e477e2e9d49.xml.macaon	214	3	nommé	nommer	vppart	vppart	_	_	_	_	_	B:Appointing:TARGET:nommer:G:214
531da42d-438f-4178-b773-8e477e2e9d49.xml.macaon	215	4	souverain	souverain	nc	nc	_	3	obj	_	_	B:Appointing:FE:Role:G:214
531da42d-438f-4178-b773-8e477e2e9d49.xml.macaon	216	5	.	.	poncts	poncts	_	3	ponct	_	_

531da42d-438f-4178-b773-8e477e2e9d49.xml.macaon	217	1	Avant#de	avant#de	prep	prep	_	8	mod	_	_
531da42d-438f-4178-b773-8e477e2e9d49.xml.macaon	218	2	monter	monter	vinf	vinf	_	1	obj	_	_
531da42d-438f-4178-b773-8e477e2e9d49.xml.macaon	219	3	sur	sur	prep	prep	_	2	mod	_	_
531da42d-438f-4178-b773-8e477e2e9d49.xml.macaon	220	4	le	le	det	det	_	5	det	_	_
531da42d-438f-4178-b773-8e477e2e9d49.xml.macaon	221	5	trône	trône	nc	nc	_	3	obj	_	_
531da42d-438f-4178-b773-8e477e2e9d49.xml.macaon	222	6	,	,	ponctw	ponctw	_	8	ponct	_	_
531da42d-438f-4178-b773-8e477e2e9d49.xml.macaon	223	7	il	il	cln	cln	_	8	suj	_	_
531da42d-438f-4178-b773-8e477e2e9d49.xml.macaon	224	8	attacha	attacher	v	v	_	_	_	_	_
531da42d-438f-4178-b773-8e477e2e9d49.xml.macaon	225	9	ensemble	ensemble	adv	adv	_	8	mod	_	_
531da42d-438f-4178-b773-8e477e2e9d49.xml.macaon	226	10	le	le	det	det	_	11	det	_	_
531da42d-438f-4178-b773-8e477e2e9d49.xml.macaon	227	11	timon	timon	nc	nc	_	8	obj	_	_
531da42d-438f-4178-b773-8e477e2e9d49.xml.macaon	228	12	et	et	coo	coo	_	11	coord	_	_
531da42d-438f-4178-b773-8e477e2e9d49.xml.macaon	229	13	le	le	det	det	_	14	det	_	_
531da42d-438f-4178-b773-8e477e2e9d49.xml.macaon	230	14	joug	joug	nc	nc	_	12	dep_coord	_	_
531da42d-438f-4178-b773-8e477e2e9d49.xml.macaon	231	15	de	de	prep	prep	_	14	dep	_	_
531da42d-438f-4178-b773-8e477e2e9d49.xml.macaon	232	16	son	son	det	det	_	17	det	_	_
531da42d-438f-4178-b773-8e477e2e9d49.xml.macaon	233	17	char	char	nc	nc	_	15	obj	_	_
531da42d-438f-4178-b773-8e477e2e9d49.xml.macaon	234	18	en	en	prep	prep	_	12	dep_coord	_	_
531da42d-438f-4178-b773-8e477e2e9d49.xml.macaon	235	19	faisant	faire	vprespart	vprespart	_	18	__JOKER__	_	_
531da42d-438f-4178-b773-8e477e2e9d49.xml.macaon	236	20	un	un	det	det	_	21	det	_	_
531da42d-438f-4178-b773-8e477e2e9d49.xml.macaon	237	21	nœud	nœud	nc	nc	_	18	obj	_	_
531da42d-438f-4178-b773-8e477e2e9d49.xml.macaon	238	22	inextricable	inextricable	adj	adj	_	21	mod	_	_
531da42d-438f-4178-b773-8e477e2e9d49.xml.macaon	239	23	.	.	poncts	poncts	_	8	ponct	_	_

531da42d-438f-4178-b773-8e477e2e9d49.xml.macaon	240	1	Le	le	det	det	_	2	det	_	_
531da42d-438f-4178-b773-8e477e2e9d49.xml.macaon	241	2	char	char	nc	nc	_	3	suj	_	_
531da42d-438f-4178-b773-8e477e2e9d49.xml.macaon	242	3	a	avoir	v	v	_	_	_	_	_
531da42d-438f-4178-b773-8e477e2e9d49.xml.macaon	243	4	évidemment	évidemment	adv	adv	_	3	mod	_	_
531da42d-438f-4178-b773-8e477e2e9d49.xml.macaon	244	5	une	un	det	det	_	6	det	_	_
531da42d-438f-4178-b773-8e477e2e9d49.xml.macaon	245	6	signification	signification	nc	nc	_	3	obj	_	_
531da42d-438f-4178-b773-8e477e2e9d49.xml.macaon	246	7	symbolique	symbolique	adj	adj	_	6	mod	_	_
531da42d-438f-4178-b773-8e477e2e9d49.xml.macaon	247	8	:	:	ponctw	ponctw	_	11	ponct	_	_
531da42d-438f-4178-b773-8e477e2e9d49.xml.macaon	248	9	c	c	det	det	_	10	det	_	_
531da42d-438f-4178-b773-8e477e2e9d49.xml.macaon	249	10	’	’	nc	nc	_	11	suj	_	_
531da42d-438f-4178-b773-8e477e2e9d49.xml.macaon	250	11	était	être	v	v	_	6	mod_rel	_	_
531da42d-438f-4178-b773-8e477e2e9d49.xml.macaon	251	12	le	le	det	det	_	13	det	_	_
531da42d-438f-4178-b773-8e477e2e9d49.xml.macaon	252	13	symbole	symbole	nc	nc	_	11	obj	_	_
531da42d-438f-4178-b773-8e477e2e9d49.xml.macaon	253	14	de	de	prep	prep	_	13	dep	_	_
531da42d-438f-4178-b773-8e477e2e9d49.xml.macaon	254	15	la	le	det	det	_	16	det	_	_
531da42d-438f-4178-b773-8e477e2e9d49.xml.macaon	255	16	royauté	royauté	nc	nc	_	14	obj	_	_
531da42d-438f-4178-b773-8e477e2e9d49.xml.macaon	256	17	et	et	coo	coo	_	14	coord	_	_
531da42d-438f-4178-b773-8e477e2e9d49.xml.macaon	257	18	de	de	prep	prep	_	17	dep_coord	_	_
531da42d-438f-4178-b773-8e477e2e9d49.xml.macaon	258	19	la	le	det	det	_	20	det	_	_
531da42d-438f-4178-b773-8e477e2e9d49.xml.macaon	259	20	divinité	divinité	nc	nc	_	18	obj	_	_
531da42d-438f-4178-b773-8e477e2e9d49.xml.macaon	260	21	chez	chez	prep	prep	_	20	dep	_	_
531da42d-438f-4178-b773-8e477e2e9d49.xml.macaon	261	22	les	le	det	det	_	23	det	_	_
531da42d-438f-4178-b773-8e477e2e9d49.xml.macaon	262	23	Perses	perse	nc	nc	_	21	obj	_	_
531da42d-438f-4178-b773-8e477e2e9d49.xml.macaon	263	24	,	,	ponctw	ponctw	_	23	ponct	_	_
531da42d-438f-4178-b773-8e477e2e9d49.xml.macaon	264	25	les	le	det	det	_	26	det	_	_
531da42d-438f-4178-b773-8e477e2e9d49.xml.macaon	265	26	Étrusques	étrusque	nc	nc	_	21	obj	_	_
531da42d-438f-4178-b773-8e477e2e9d49.xml.macaon	266	27	,	,	ponctw	ponctw	_	26	ponct	_	_
531da42d-438f-4178-b773-8e477e2e9d49.xml.macaon	267	28	les	le	det	det	_	29	det	_	_
531da42d-438f-4178-b773-8e477e2e9d49.xml.macaon	268	29	Germains	germain	nc	nc	_	26	mod	_	_
531da42d-438f-4178-b773-8e477e2e9d49.xml.macaon	269	30	et	et	coo	coo	_	29	coord	_	_
531da42d-438f-4178-b773-8e477e2e9d49.xml.macaon	270	31	les	le	det	det	_	32	det	_	_
531da42d-438f-4178-b773-8e477e2e9d49.xml.macaon	271	32	Illyriens	Illyriens	nc	nc	_	30	dep_coord	_	_
531da42d-438f-4178-b773-8e477e2e9d49.xml.macaon	272	33	.	.	poncts	poncts	_	3	__JOKER__	_	_

531da42d-438f-4178-b773-8e477e2e9d49.xml.macaon	273	1	Trancher	trancher	vinf	vinf	_	_	_	_	_
531da42d-438f-4178-b773-8e477e2e9d49.xml.macaon	274	2	le	le	det	det	_	3	det	_	_
531da42d-438f-4178-b773-8e477e2e9d49.xml.macaon	275	3	nœud	nœud	nc	nc	_	1	obj	_	_
531da42d-438f-4178-b773-8e477e2e9d49.xml.macaon	276	4	gordien	gordien	adj	adj	_	3	mod	_	_

531da42d-438f-4178-b773-8e477e2e9d49.xml.macaon	277	1	Un	un	det	det	_	3	det	_	_
531da42d-438f-4178-b773-8e477e2e9d49.xml.macaon	278	2	autre	autre	adj	adj	_	3	mod	_	_
531da42d-438f-4178-b773-8e477e2e9d49.xml.macaon	279	3	oracle	oracle	nc	nc	_	5	suj	_	_
531da42d-438f-4178-b773-8e477e2e9d49.xml.macaon	280	4	avait	avoir	v	v	_	5	aux_tps	_	_
531da42d-438f-4178-b773-8e477e2e9d49.xml.macaon	281	5	prédit	prédire	vppart	vppart	_	_	_	_	_
531da42d-438f-4178-b773-8e477e2e9d49.xml.macaon	282	6	que	que	csu	csu	_	5	__JOKER__	_	_
531da42d-438f-4178-b773-8e477e2e9d49.xml.macaon	283	7	le	le	det	det	_	8	det	_	_
531da42d-438f-4178-b773-8e477e2e9d49.xml.macaon	284	8	premier	premier	adj	adj	_	6	__JOKER__	_	_
531da42d-438f-4178-b773-8e477e2e9d49.xml.macaon	285	9	qui	qui	prorel	prorel	_	10	suj	_	_
531da42d-438f-4178-b773-8e477e2e9d49.xml.macaon	286	10	arriverait	arriver	v	v	_	6	obj	_	_	B:OTHER:G
531da42d-438f-4178-b773-8e477e2e9d49.xml.macaon	287	11	à	à	prep	prep	_	10	a_obj	_	_
531da42d-438f-4178-b773-8e477e2e9d49.xml.macaon	288	12	défaire	défaire	vinf	vinf	_	11	obj	_	_
531da42d-438f-4178-b773-8e477e2e9d49.xml.macaon	289	13	ce	ce	det	det	_	15	det	_	_
531da42d-438f-4178-b773-8e477e2e9d49.xml.macaon	290	14	«	«	ponctw	ponctw	_	15	ponct	_	_
531da42d-438f-4178-b773-8e477e2e9d49.xml.macaon	291	15	nœud	nœud	nc	nc	_	12	obj	_	_
531da42d-438f-4178-b773-8e477e2e9d49.xml.macaon	292	16	gordien	gordien	adj	adj	_	15	mod	_	_
531da42d-438f-4178-b773-8e477e2e9d49.xml.macaon	293	17	»	»	ponctw	ponctw	_	18	ponct	_	_
531da42d-438f-4178-b773-8e477e2e9d49.xml.macaon	294	18	conquerrait	conquérir	v	v	_	15	mod_rel	_	_
531da42d-438f-4178-b773-8e477e2e9d49.xml.macaon	295	19	l'	le	det	det	_	20	det	_	_
531da42d-438f-4178-b773-8e477e2e9d49.xml.macaon	296	20	Asie	Asie	np	np	_	15	mod	_	_
531da42d-438f-4178-b773-8e477e2e9d49.xml.macaon	297	21	.	.	poncts	poncts	_	10	ponct	_	_

531da42d-438f-4178-b773-8e477e2e9d49.xml.macaon	298	1	En	en	prep	prep	_	17	__JOKER__	_	_
531da42d-438f-4178-b773-8e477e2e9d49.xml.macaon	299	2	333	333	nc	nc	_	1	obj	_	_
531da42d-438f-4178-b773-8e477e2e9d49.xml.macaon	300	3	{	{	ponctw	ponctw	_	2	ponct	_	_
531da42d-438f-4178-b773-8e477e2e9d49.xml.macaon	301	4	(	(	ponctw	ponctw	_	2	ponct	_	_
531da42d-438f-4178-b773-8e477e2e9d49.xml.macaon	302	5	avjc	avjc	nc	nc	_	2	mod	_	_
531da42d-438f-4178-b773-8e477e2e9d49.xml.macaon	303	6	}	}	ponctw	ponctw	_	5	ponct	_	_
531da42d-438f-4178-b773-8e477e2e9d49.xml.macaon	304	7	}	}	ponctw	ponctw	_	5	ponct	_	_
531da42d-438f-4178-b773-8e477e2e9d49.xml.macaon	305	8	,	,	ponctw	ponctw	_	5	ponct	_	_
531da42d-438f-4178-b773-8e477e2e9d49.xml.macaon	306	9	au#cours#de	au#cours#de	prep	prep	_	5	dep	_	_
531da42d-438f-4178-b773-8e477e2e9d49.xml.macaon	307	10	sa	son	det	det	_	11	det	_	_
531da42d-438f-4178-b773-8e477e2e9d49.xml.macaon	308	11	conquête	conquête	nc	nc	_	9	obj	_	_
531da42d-438f-4178-b773-8e477e2e9d49.xml.macaon	309	12	de#l'	de#l'	prep	prep	_	11	dep	_	_
531da42d-438f-4178-b773-8e477e2e9d49.xml.macaon	310	13	empire	empire	nc	nc	_	12	obj	_	_
531da42d-438f-4178-b773-8e477e2e9d49.xml.macaon	311	14	perse	pers	adj	adj	_	13	mod	_	_
531da42d-438f-4178-b773-8e477e2e9d49.xml.macaon	312	15	,	,	ponctw	ponctw	_	11	ponct	_	_
531da42d-438f-4178-b773-8e477e2e9d49.xml.macaon	313	16	le	le	det	det	_	17	det	_	_
531da42d-438f-4178-b773-8e477e2e9d49.xml.macaon	314	17	roi	roi	nc	nc	_	23	suj	_	_
531da42d-438f-4178-b773-8e477e2e9d49.xml.macaon	315	18	de	de	prep	prep	_	17	dep	_	_
531da42d-438f-4178-b773-8e477e2e9d49.xml.macaon	316	19	Macédoine	Macédoine	np	np	_	18	obj	_	_
531da42d-438f-4178-b773-8e477e2e9d49.xml.macaon	317	20	Alexandre	Alexandre	np	np	_	19	mod	_	_
531da42d-438f-4178-b773-8e477e2e9d49.xml.macaon	318	21	le	le	det	det	_	22	det	_	_
531da42d-438f-4178-b773-8e477e2e9d49.xml.macaon	319	22	Grand	Grand	np	np	_	19	mod	_	_
531da42d-438f-4178-b773-8e477e2e9d49.xml.macaon	320	23	passe	passer	v	v	_	_	_	_	_
531da42d-438f-4178-b773-8e477e2e9d49.xml.macaon	321	24	par	par	prep	prep	_	23	p_obj	_	_
531da42d-438f-4178-b773-8e477e2e9d49.xml.macaon	322	25	Gordion	Gordion	np	np	_	24	obj	_	_
531da42d-438f-4178-b773-8e477e2e9d49.xml.macaon	323	26	(	(	ponctw	ponctw	_	23	ponct	_	_
531da42d-438f-4178-b773-8e477e2e9d49.xml.macaon	324	27	la	le	det	det	_	28	det	_	_
531da42d-438f-4178-b773-8e477e2e9d49.xml.macaon	325	28	capitale	capitale	nc	nc	_	23	obj	_	_
531da42d-438f-4178-b773-8e477e2e9d49.xml.macaon	326	29	de	de	prep	prep	_	28	dep	_	_
531da42d-438f-4178-b773-8e477e2e9d49.xml.macaon	327	30	la	le	det	det	_	31	det	_	_
531da42d-438f-4178-b773-8e477e2e9d49.xml.macaon	328	31	Phrygie	Phrygie	np	np	_	29	obj	_	_
531da42d-438f-4178-b773-8e477e2e9d49.xml.macaon	329	32	)	)	ponctw	ponctw	_	28	ponct	_	_
531da42d-438f-4178-b773-8e477e2e9d49.xml.macaon	330	33	.	.	poncts	poncts	_	23	ponct	_	_

531da42d-438f-4178-b773-8e477e2e9d49.xml.macaon	331	1	Il	il	cln	cln	_	2	suj	_	_	B:Deciding:FE:Cognizer:G:332
531da42d-438f-4178-b773-8e477e2e9d49.xml.macaon	332	2	décide	décider	v	v	_	_	_	_	_	B:Deciding:TARGET:décider:G:332
531da42d-438f-4178-b773-8e477e2e9d49.xml.macaon	333	3	d'	d'	advneg	advneg	_	2	mod	_	_	B:Deciding:FE:Decision:G:332
531da42d-438f-4178-b773-8e477e2e9d49.xml.macaon	334	4	accomplir	accomplir	vinf	vinf	_	2	obj	_	_	I:Deciding:FE:Decision:G:332
531da42d-438f-4178-b773-8e477e2e9d49.xml.macaon	335	5	l'	le	det	det	_	6	det	_	_	I:Deciding:FE:Decision:G:332
531da42d-438f-4178-b773-8e477e2e9d49.xml.macaon	336	6	oracle	oracle	nc	nc	_	4	obj	_	_	I:Deciding:FE:Decision:G:332
531da42d-438f-4178-b773-8e477e2e9d49.xml.macaon	337	7	promettant	promettre	vprespart	vprespart	_	6	__JOKER__	_	_	I:Deciding:FE:Decision:G:332
531da42d-438f-4178-b773-8e477e2e9d49.xml.macaon	338	8	la	le	det	det	_	9	det	_	_	I:Deciding:FE:Decision:G:332
531da42d-438f-4178-b773-8e477e2e9d49.xml.macaon	339	9	domination	domination	nc	nc	_	4	obj	_	_	I:Deciding:FE:Decision:G:332
531da42d-438f-4178-b773-8e477e2e9d49.xml.macaon	340	10	du	du	prep	prep	_	9	dep	_	_	I:Deciding:FE:Decision:G:332
531da42d-438f-4178-b773-8e477e2e9d49.xml.macaon	341	11	monde	monde	nc	nc	_	10	obj	_	_	I:Deciding:FE:Decision:G:332
531da42d-438f-4178-b773-8e477e2e9d49.xml.macaon	342	12	à	à	prep	prep	_	11	dep	_	_	I:Deciding:FE:Decision:G:332
531da42d-438f-4178-b773-8e477e2e9d49.xml.macaon	343	13	qui	qui	prorel	prorel	_	14	suj	_	_	I:Deciding:FE:Decision:G:332
531da42d-438f-4178-b773-8e477e2e9d49.xml.macaon	344	14	démêlerait	démêler	v	v	_	11	mod_rel	_	_	I:Deciding:FE:Decision:G:332
531da42d-438f-4178-b773-8e477e2e9d49.xml.macaon	345	15	le	le	det	det	_	16	det	_	_	I:Deciding:FE:Decision:G:332
531da42d-438f-4178-b773-8e477e2e9d49.xml.macaon	346	16	nœud	nœud	nc	nc	_	14	obj	_	_	I:Deciding:FE:Decision:G:332
531da42d-438f-4178-b773-8e477e2e9d49.xml.macaon	347	17	gordien	gordien	adj	adj	_	16	mod	_	_	I:Deciding:FE:Decision:G:332
531da42d-438f-4178-b773-8e477e2e9d49.xml.macaon	348	18	.	.	poncts	poncts	_	2	ponct	_	_

531da42d-438f-4178-b773-8e477e2e9d49.xml.macaon	349	1	Malgré	malgré	prep	prep	_	6	mod	_	_
531da42d-438f-4178-b773-8e477e2e9d49.xml.macaon	350	2	son	son	det	det	_	3	det	_	_
531da42d-438f-4178-b773-8e477e2e9d49.xml.macaon	351	3	adresse	adresse	nc	nc	_	1	obj	_	_
531da42d-438f-4178-b773-8e477e2e9d49.xml.macaon	352	4	Alexandre	Alexandre	np	np	_	1	obj	_	_
531da42d-438f-4178-b773-8e477e2e9d49.xml.macaon	353	5	ne	ne	advneg	advneg	_	6	mod	_	_
531da42d-438f-4178-b773-8e477e2e9d49.xml.macaon	354	6	peut	pouvoir	v	v	_	_	_	_	_
531da42d-438f-4178-b773-8e477e2e9d49.xml.macaon	355	7	y	y	clo	clo	_	8	__JOKER__	_	_
531da42d-438f-4178-b773-8e477e2e9d49.xml.macaon	356	8	parvenir	parvenir	vinf	vinf	_	6	obj	_	_
531da42d-438f-4178-b773-8e477e2e9d49.xml.macaon	357	9	.	.	poncts	poncts	_	6	ponct	_	_

531da42d-438f-4178-b773-8e477e2e9d49.xml.macaon	358	1	Il	il	cln	cln	_	2	suj	_	_
531da42d-438f-4178-b773-8e477e2e9d49.xml.macaon	359	2	résout	résoudre	v	v	_	_	_	_	_
531da42d-438f-4178-b773-8e477e2e9d49.xml.macaon	360	3	le	le	det	det	_	4	det	_	_
531da42d-438f-4178-b773-8e477e2e9d49.xml.macaon	361	4	problème	problème	nc	nc	_	2	obj	_	_
531da42d-438f-4178-b773-8e477e2e9d49.xml.macaon	362	5	en	en	prep	prep	_	2	mod	_	_
531da42d-438f-4178-b773-8e477e2e9d49.xml.macaon	363	6	tranchant	trancher	vprespart	vprespart	_	5	__JOKER__	_	_
531da42d-438f-4178-b773-8e477e2e9d49.xml.macaon	364	7	le	le	det	det	_	8	det	_	_
531da42d-438f-4178-b773-8e477e2e9d49.xml.macaon	365	8	nœud	nœud	nc	nc	_	5	obj	_	_
531da42d-438f-4178-b773-8e477e2e9d49.xml.macaon	366	9	avec	avec	prep	prep	_	8	dep	_	_
531da42d-438f-4178-b773-8e477e2e9d49.xml.macaon	367	10	son	son	det	det	_	11	det	_	_
531da42d-438f-4178-b773-8e477e2e9d49.xml.macaon	368	11	épée	épée	nc	nc	_	9	obj	_	_
531da42d-438f-4178-b773-8e477e2e9d49.xml.macaon	369	12	.	.	poncts	poncts	_	2	ponct	_	_

531da42d-438f-4178-b773-8e477e2e9d49.xml.macaon	370	1	De	de	prep	prep	_	3	mod	_	_
531da42d-438f-4178-b773-8e477e2e9d49.xml.macaon	371	2	là	là	adv	adv	_	3	mod	_	_
531da42d-438f-4178-b773-8e477e2e9d49.xml.macaon	372	3	vient	venir	v	v	_	_	_	_	_
531da42d-438f-4178-b773-8e477e2e9d49.xml.macaon	373	4	l'	le	det	det	_	5	det	_	_
531da42d-438f-4178-b773-8e477e2e9d49.xml.macaon	374	5	expression	expression	nc	nc	_	3	obj	_	_	B:Expressing_publicly:TARGET:expression:G:374
531da42d-438f-4178-b773-8e477e2e9d49.xml.macaon	375	6	trancher	trancher	vinf	vinf	_	3	obj	_	_	B:Expressing_publicly:FE:Content:G:374
531da42d-438f-4178-b773-8e477e2e9d49.xml.macaon	376	7	le	le	det	det	_	8	det	_	_	I:Expressing_publicly:FE:Content:G:374
531da42d-438f-4178-b773-8e477e2e9d49.xml.macaon	377	8	nœud	nœud	nc	nc	_	6	obj	_	_	I:Expressing_publicly:FE:Content:G:374
531da42d-438f-4178-b773-8e477e2e9d49.xml.macaon	378	9	gordien	gordien	adj	adj	_	8	mod	_	_	I:Expressing_publicly:FE:Content:G:374
531da42d-438f-4178-b773-8e477e2e9d49.xml.macaon	379	10	,	,	ponctw	ponctw	_	12	ponct	_	_
531da42d-438f-4178-b773-8e477e2e9d49.xml.macaon	380	11	qui	qui	prorel	prorel	_	12	suj	_	_	B:Expressing_publicly:FE:Explanation:G:374
531da42d-438f-4178-b773-8e477e2e9d49.xml.macaon	381	12	veut	vouloir	v	v	_	8	mod_rel	_	_	I:Expressing_publicly:FE:Explanation:G:374
531da42d-438f-4178-b773-8e477e2e9d49.xml.macaon	382	13	dire	dire	vinf	vinf	_	12	obj	_	_	I:Expressing_publicly:FE:Explanation:G:374	B:OTHER:G
531da42d-438f-4178-b773-8e477e2e9d49.xml.macaon	383	14	résoudre	résoudre	vinf	vinf	_	12	obj	_	_	I:Expressing_publicly:FE:Explanation:G:374
531da42d-438f-4178-b773-8e477e2e9d49.xml.macaon	384	15	un	un	det	det	_	16	det	_	_	I:Expressing_publicly:FE:Explanation:G:374
531da42d-438f-4178-b773-8e477e2e9d49.xml.macaon	385	16	problème	problème	nc	nc	_	14	obj	_	_	I:Expressing_publicly:FE:Explanation:G:374
531da42d-438f-4178-b773-8e477e2e9d49.xml.macaon	386	17	très	très	adv	adv	_	18	mod	_	_	I:Expressing_publicly:FE:Explanation:G:374
531da42d-438f-4178-b773-8e477e2e9d49.xml.macaon	387	18	difficile	difficile	adj	adj	_	16	mod	_	_	I:Expressing_publicly:FE:Explanation:G:374
531da42d-438f-4178-b773-8e477e2e9d49.xml.macaon	388	19	en	en	prep	prep	_	14	mod	_	_	I:Expressing_publicly:FE:Explanation:G:374
531da42d-438f-4178-b773-8e477e2e9d49.xml.macaon	389	20	employant	employer	vprespart	vprespart	_	19	__JOKER__	_	_	I:Expressing_publicly:FE:Explanation:G:374
531da42d-438f-4178-b773-8e477e2e9d49.xml.macaon	390	21	un	un	det	det	_	22	det	_	_	I:Expressing_publicly:FE:Explanation:G:374
531da42d-438f-4178-b773-8e477e2e9d49.xml.macaon	391	22	moyen	moyen	nc	nc	_	19	obj	_	_	I:Expressing_publicly:FE:Explanation:G:374
531da42d-438f-4178-b773-8e477e2e9d49.xml.macaon	392	23	brutal	brutal	adj	adj	_	22	mod	_	_	I:Expressing_publicly:FE:Explanation:G:374
531da42d-438f-4178-b773-8e477e2e9d49.xml.macaon	393	24	mais	mais	coo	coo	_	23	coord	_	_	I:Expressing_publicly:FE:Explanation:G:374
531da42d-438f-4178-b773-8e477e2e9d49.xml.macaon	394	25	efficace	efficace	adj	adj	_	24	dep_coord	_	_	I:Expressing_publicly:FE:Explanation:G:374
531da42d-438f-4178-b773-8e477e2e9d49.xml.macaon	395	26	.	.	poncts	poncts	_	3	ponct	_	_
