59a883de-d9eb-414c-b387-546fc5561138.xml.macaon	0	1	vikidia	vikidia	nc	nc	_	_	_	_	_

59a883de-d9eb-414c-b387-546fc5561138.xml.macaon	1	1	59a883de	59a883de	adj	adj	_	3	mod	_	_
59a883de-d9eb-414c-b387-546fc5561138.xml.macaon	2	2	-	-	ponctw	ponctw	_	1	ponct	_	_
59a883de-d9eb-414c-b387-546fc5561138.xml.macaon	3	3	d9eb	d9eb	nc	nc	_	_	_	_	_
59a883de-d9eb-414c-b387-546fc5561138.xml.macaon	4	4	-	-	ponctw	ponctw	_	3	ponct	_	_
59a883de-d9eb-414c-b387-546fc5561138.xml.macaon	5	5	414c	414c	nc	nc	_	3	mod	_	_
59a883de-d9eb-414c-b387-546fc5561138.xml.macaon	6	6	-	-	ponctw	ponctw	_	5	ponct	_	_
59a883de-d9eb-414c-b387-546fc5561138.xml.macaon	7	7	b387	b387	nc	nc	_	5	mod	_	_
59a883de-d9eb-414c-b387-546fc5561138.xml.macaon	8	8	-	-	ponctw	ponctw	_	7	ponct	_	_
59a883de-d9eb-414c-b387-546fc5561138.xml.macaon	9	9	546fc5561138	546fc5561138	adj	adj	_	7	mod	_	_

59a883de-d9eb-414c-b387-546fc5561138.xml.macaon	10	1	ADDED	ADDED	nc	nc	_	_	_	_	_

59a883de-d9eb-414c-b387-546fc5561138.xml.macaon	11	1	2016	2016	adj	adj	_	3	mod	_	_
59a883de-d9eb-414c-b387-546fc5561138.xml.macaon	12	2	-	-	ponctw	ponctw	_	1	ponct	_	_
59a883de-d9eb-414c-b387-546fc5561138.xml.macaon	13	3	06	06	nc	nc	_	_	_	_	_
59a883de-d9eb-414c-b387-546fc5561138.xml.macaon	14	4	-	-	ponctw	ponctw	_	3	ponct	_	_
59a883de-d9eb-414c-b387-546fc5561138.xml.macaon	15	5	15T14	15T14	nc	nc	_	3	mod	_	_
59a883de-d9eb-414c-b387-546fc5561138.xml.macaon	16	6	:	:	ponctw	ponctw	_	5	ponct	_	_
59a883de-d9eb-414c-b387-546fc5561138.xml.macaon	17	7	53	53	nc	nc	_	5	mod	_	_
59a883de-d9eb-414c-b387-546fc5561138.xml.macaon	18	8	:	:	ponctw	ponctw	_	7	ponct	_	_
59a883de-d9eb-414c-b387-546fc5561138.xml.macaon	19	9	04Z	04Z	nc	nc	_	7	mod	_	_

59a883de-d9eb-414c-b387-546fc5561138.xml.macaon	20	1	Empire	empire	nc	nc	_	_	_	_	_
59a883de-d9eb-414c-b387-546fc5561138.xml.macaon	21	2	babylonien	babylonien	adj	adj	_	1	mod	_	_

59a883de-d9eb-414c-b387-546fc5561138.xml.macaon	22	1	Les	les	det	det	_	2	det	_	_
59a883de-d9eb-414c-b387-546fc5561138.xml.macaon	23	2	souverains	souverain	nc	nc	_	6	suj	_	_
59a883de-d9eb-414c-b387-546fc5561138.xml.macaon	24	3	de	de	prep	prep	_	2	dep	_	_
59a883de-d9eb-414c-b387-546fc5561138.xml.macaon	25	4	Babylone	Babylone	np	np	_	3	obj	_	_
59a883de-d9eb-414c-b387-546fc5561138.xml.macaon	26	5	ont	avoir	v	v	_	6	aux_tps	_	_
59a883de-d9eb-414c-b387-546fc5561138.xml.macaon	27	6	dominé	dominer	vppart	vppart	_	_	_	_	_
59a883de-d9eb-414c-b387-546fc5561138.xml.macaon	28	7	à	à	prep	prep	_	6	mod	_	_
59a883de-d9eb-414c-b387-546fc5561138.xml.macaon	29	8	plusieurs	plusieurs	det	det	_	9	det	_	_
59a883de-d9eb-414c-b387-546fc5561138.xml.macaon	30	9	reprises	reprise	nc	nc	_	7	obj	_	_
59a883de-d9eb-414c-b387-546fc5561138.xml.macaon	31	10	tout	tout	adj	adj	_	9	mod	_	_
59a883de-d9eb-414c-b387-546fc5561138.xml.macaon	32	11	ou	ou	coo	coo	_	9	coord	_	_
59a883de-d9eb-414c-b387-546fc5561138.xml.macaon	33	12	partie	partie	nc	nc	_	11	dep_coord	_	_
59a883de-d9eb-414c-b387-546fc5561138.xml.macaon	34	13	de	de	prep	prep	_	12	dep	_	_
59a883de-d9eb-414c-b387-546fc5561138.xml.macaon	35	14	la	le	det	det	_	15	det	_	_
59a883de-d9eb-414c-b387-546fc5561138.xml.macaon	36	15	Mésopotamie	Mésopotamie	nc	nc	_	13	obj	_	_
59a883de-d9eb-414c-b387-546fc5561138.xml.macaon	37	16	.	.	poncts	poncts	_	6	ponct	_	_

59a883de-d9eb-414c-b387-546fc5561138.xml.macaon	38	1	Antiquité	antiquité	nc	nc	_	_	_	_	_

59a883de-d9eb-414c-b387-546fc5561138.xml.macaon	39	1	Empire	empire	nc	nc	_	_	_	_	_
59a883de-d9eb-414c-b387-546fc5561138.xml.macaon	40	2	babylonien	babylonien	adj	adj	_	1	mod	_	_

59a883de-d9eb-414c-b387-546fc5561138.xml.macaon	41	1	Les	les	det	det	_	2	det	_	_
59a883de-d9eb-414c-b387-546fc5561138.xml.macaon	42	2	souverains	souverain	nc	nc	_	6	suj	_	_
59a883de-d9eb-414c-b387-546fc5561138.xml.macaon	43	3	de	de	prep	prep	_	2	dep	_	_
59a883de-d9eb-414c-b387-546fc5561138.xml.macaon	44	4	Babylone	Babylone	np	np	_	3	obj	_	_
59a883de-d9eb-414c-b387-546fc5561138.xml.macaon	45	5	ont	avoir	v	v	_	6	aux_tps	_	_
59a883de-d9eb-414c-b387-546fc5561138.xml.macaon	46	6	dominé	dominer	vppart	vppart	_	_	_	_	_
59a883de-d9eb-414c-b387-546fc5561138.xml.macaon	47	7	à	à	prep	prep	_	6	mod	_	_
59a883de-d9eb-414c-b387-546fc5561138.xml.macaon	48	8	plusieurs	plusieurs	det	det	_	9	det	_	_
59a883de-d9eb-414c-b387-546fc5561138.xml.macaon	49	9	reprises	reprise	nc	nc	_	7	obj	_	_
59a883de-d9eb-414c-b387-546fc5561138.xml.macaon	50	10	tout	tout	adj	adj	_	9	mod	_	_
59a883de-d9eb-414c-b387-546fc5561138.xml.macaon	51	11	ou	ou	coo	coo	_	9	coord	_	_
59a883de-d9eb-414c-b387-546fc5561138.xml.macaon	52	12	partie	partie	nc	nc	_	11	dep_coord	_	_
59a883de-d9eb-414c-b387-546fc5561138.xml.macaon	53	13	de	de	prep	prep	_	12	dep	_	_
59a883de-d9eb-414c-b387-546fc5561138.xml.macaon	54	14	la	le	det	det	_	15	det	_	_
59a883de-d9eb-414c-b387-546fc5561138.xml.macaon	55	15	Mésopotamie	Mésopotamie	nc	nc	_	13	obj	_	_
59a883de-d9eb-414c-b387-546fc5561138.xml.macaon	56	16	.	.	poncts	poncts	_	6	ponct	_	_

59a883de-d9eb-414c-b387-546fc5561138.xml.macaon	57	1	Premier	premier	adj	adj	_	2	mod	_	_
59a883de-d9eb-414c-b387-546fc5561138.xml.macaon	58	2	Empire	Empire	nc	nc	_	_	_	_	_
59a883de-d9eb-414c-b387-546fc5561138.xml.macaon	59	3	babylonien	babylonien	adj	adj	_	2	mod	_	_
59a883de-d9eb-414c-b387-546fc5561138.xml.macaon	60	4	du	du	prep	prep	_	2	dep	_	_
59a883de-d9eb-414c-b387-546fc5561138.xml.macaon	61	5	XIXe	XIXe	nc	nc	_	4	obj	_	_
59a883de-d9eb-414c-b387-546fc5561138.xml.macaon	62	6	au	au	prep	prep	_	5	dep	_	_
59a883de-d9eb-414c-b387-546fc5561138.xml.macaon	63	7	XVIIe	XVIIe	adj	adj	_	8	mod	_	_
59a883de-d9eb-414c-b387-546fc5561138.xml.macaon	64	8	siècle	siècle	nc	nc	_	6	obj	_	_
59a883de-d9eb-414c-b387-546fc5561138.xml.macaon	65	9	av.	av.	nc	nc	_	8	mod	_	_

59a883de-d9eb-414c-b387-546fc5561138.xml.macaon	66	1	J.-C.	Jésus-Christ	np	np	_	_	_	_	_
59a883de-d9eb-414c-b387-546fc5561138.xml.macaon	67	2	,	,	ponctw	ponctw	_	1	ponct	_	_
59a883de-d9eb-414c-b387-546fc5561138.xml.macaon	68	3	le	le	det	det	_	4	det	_	_
59a883de-d9eb-414c-b387-546fc5561138.xml.macaon	69	4	souverain	souverain	nc	nc	_	1	mod	_	_	B:Awareness:FE:Content:G:71
59a883de-d9eb-414c-b387-546fc5561138.xml.macaon	70	5	le#plus	le#plus	adv	adv	_	6	mod	_	_
59a883de-d9eb-414c-b387-546fc5561138.xml.macaon	71	6	connu	connaître	vppart	vppart	_	4	mod	_	_	B:Awareness:TARGET:connaître:G:71
59a883de-d9eb-414c-b387-546fc5561138.xml.macaon	72	7	est	être	v	v	_	4	mod_rel	_	_
59a883de-d9eb-414c-b387-546fc5561138.xml.macaon	73	8	Hammurabi	Hammurabi	np	np	_	4	mod	_	_	B:Awareness:FE:Content:G:71
59a883de-d9eb-414c-b387-546fc5561138.xml.macaon	74	9	(	(	ponctw	ponctw	_	4	ponct	_	_
59a883de-d9eb-414c-b387-546fc5561138.xml.macaon	75	10	Iere	Iere	np	np	_	4	mod	_	_
59a883de-d9eb-414c-b387-546fc5561138.xml.macaon	76	11	moitié	moitié	nc	nc	_	10	mod	_	_
59a883de-d9eb-414c-b387-546fc5561138.xml.macaon	77	12	du	du	prep	prep	_	11	dep	_	_
59a883de-d9eb-414c-b387-546fc5561138.xml.macaon	78	13	XVIIIe	XVIIIe	adj	adj	_	14	mod	_	_
59a883de-d9eb-414c-b387-546fc5561138.xml.macaon	79	14	siècle	siècle	nc	nc	_	12	obj	_	_
59a883de-d9eb-414c-b387-546fc5561138.xml.macaon	80	15	)	)	ponctw	ponctw	_	14	ponct	_	_
59a883de-d9eb-414c-b387-546fc5561138.xml.macaon	81	16	période	période	nc	nc	_	14	mod	_	_
59a883de-d9eb-414c-b387-546fc5561138.xml.macaon	82	17	kassite	kassite	adj	adj	_	16	mod	_	_
59a883de-d9eb-414c-b387-546fc5561138.xml.macaon	83	18	du	du	prep	prep	_	16	dep	_	_
59a883de-d9eb-414c-b387-546fc5561138.xml.macaon	84	19	XVIe	XVIe	nc	nc	_	18	obj	_	_
59a883de-d9eb-414c-b387-546fc5561138.xml.macaon	85	20	au	au	prep	prep	_	19	dep	_	_
59a883de-d9eb-414c-b387-546fc5561138.xml.macaon	86	21	XIIe	XIIe	adj	adj	_	22	mod	_	_
59a883de-d9eb-414c-b387-546fc5561138.xml.macaon	87	22	siècle	siècle	nc	nc	_	20	obj	_	_
59a883de-d9eb-414c-b387-546fc5561138.xml.macaon	88	23	av.	av.	nc	nc	_	22	mod	_	_

59a883de-d9eb-414c-b387-546fc5561138.xml.macaon	89	1	J.-C.	Jésus-Christ	np	np	_	_	_	_	_
59a883de-d9eb-414c-b387-546fc5561138.xml.macaon	90	2	,	,	ponctw	ponctw	_	1	ponct	_	_
59a883de-d9eb-414c-b387-546fc5561138.xml.macaon	91	3	le	le	det	det	_	4	det	_	_
59a883de-d9eb-414c-b387-546fc5561138.xml.macaon	92	4	souverain	souverain	nc	nc	_	1	mod	_	_	B:Awareness:FE:Content:G:94
59a883de-d9eb-414c-b387-546fc5561138.xml.macaon	93	5	le#plus	le#plus	adv	adv	_	6	mod	_	_
59a883de-d9eb-414c-b387-546fc5561138.xml.macaon	94	6	connu	connaître	vppart	vppart	_	4	mod	_	_	B:Awareness:TARGET:connaître:G:94
59a883de-d9eb-414c-b387-546fc5561138.xml.macaon	95	7	est	être	v	v	_	4	mod_rel	_	_
59a883de-d9eb-414c-b387-546fc5561138.xml.macaon	96	8	Nabuchodonosor	Nabuchodonosor	np	np	_	4	mod	_	_	B:Awareness:FE:Content:G:94
59a883de-d9eb-414c-b387-546fc5561138.xml.macaon	97	9	Ier	Ier	np	np	_	8	mod	_	_	I:Awareness:FE:Content:G:94
59a883de-d9eb-414c-b387-546fc5561138.xml.macaon	98	10	(	(	ponctw	ponctw	_	9	ponct	_	_
59a883de-d9eb-414c-b387-546fc5561138.xml.macaon	99	11	fin	fin	nc	nc	_	9	mod	_	_
59a883de-d9eb-414c-b387-546fc5561138.xml.macaon	100	12	du	du	prep	prep	_	11	dep	_	_
59a883de-d9eb-414c-b387-546fc5561138.xml.macaon	101	13	XIIe	XIIe	adj	adj	_	14	mod	_	_
59a883de-d9eb-414c-b387-546fc5561138.xml.macaon	102	14	siècle	siècle	nc	nc	_	12	obj	_	_
59a883de-d9eb-414c-b387-546fc5561138.xml.macaon	103	15	)	)	ponctw	ponctw	_	14	ponct	_	_
59a883de-d9eb-414c-b387-546fc5561138.xml.macaon	104	16	empire	empire	adj	adj	_	17	mod	_	_
59a883de-d9eb-414c-b387-546fc5561138.xml.macaon	105	17	néo	néo	nc	nc	_	12	obj	_	_
59a883de-d9eb-414c-b387-546fc5561138.xml.macaon	106	18	-	-	ponctw	ponctw	_	17	ponct	_	_
59a883de-d9eb-414c-b387-546fc5561138.xml.macaon	107	19	babylonien	babylonien	nc	nc	_	17	mod	_	_
59a883de-d9eb-414c-b387-546fc5561138.xml.macaon	108	20	de	de	prep	prep	_	19	dep	_	_
59a883de-d9eb-414c-b387-546fc5561138.xml.macaon	109	21	la	le	det	det	_	22	det	_	_
59a883de-d9eb-414c-b387-546fc5561138.xml.macaon	110	22	fin	fin	nc	nc	_	20	obj	_	_
59a883de-d9eb-414c-b387-546fc5561138.xml.macaon	111	23	du	du	prep	prep	_	22	dep	_	_
59a883de-d9eb-414c-b387-546fc5561138.xml.macaon	112	24	VIIe	VIIe	adj	adj	_	25	mod	_	_
59a883de-d9eb-414c-b387-546fc5561138.xml.macaon	113	25	siècle	siècle	nc	nc	_	23	obj	_	_
59a883de-d9eb-414c-b387-546fc5561138.xml.macaon	114	26	à	à	prep	prep	_	25	dep	_	_
59a883de-d9eb-414c-b387-546fc5561138.xml.macaon	115	27	la	le	det	det	_	28	det	_	_
59a883de-d9eb-414c-b387-546fc5561138.xml.macaon	116	28	fin	fin	nc	nc	_	26	obj	_	_
59a883de-d9eb-414c-b387-546fc5561138.xml.macaon	117	29	du	du	prep	prep	_	28	dep	_	_
59a883de-d9eb-414c-b387-546fc5561138.xml.macaon	118	30	VIe	VIe	adj	adj	_	31	mod	_	_
59a883de-d9eb-414c-b387-546fc5561138.xml.macaon	119	31	siècle	siècle	nc	nc	_	29	obj	_	_
59a883de-d9eb-414c-b387-546fc5561138.xml.macaon	120	32	av.	av.	nc	nc	_	31	mod	_	_

59a883de-d9eb-414c-b387-546fc5561138.xml.macaon	121	1	J.-C.	Jésus-Christ	np	np	_	_	_	_	_
59a883de-d9eb-414c-b387-546fc5561138.xml.macaon	122	2	,	,	ponctw	ponctw	_	1	ponct	_	_
59a883de-d9eb-414c-b387-546fc5561138.xml.macaon	123	3	le	le	det	det	_	4	det	_	_	B:Awareness:FE:Content:G:126
59a883de-d9eb-414c-b387-546fc5561138.xml.macaon	124	4	souverain	souverain	nc	nc	_	1	mod	_	_	I:Awareness:FE:Content:G:126
59a883de-d9eb-414c-b387-546fc5561138.xml.macaon	125	5	le#plus	le#plus	adv	adv	_	6	mod	_	_
59a883de-d9eb-414c-b387-546fc5561138.xml.macaon	126	6	connu	connaître	vppart	vppart	_	4	mod	_	_	B:Awareness:TARGET:connaître:G:126
59a883de-d9eb-414c-b387-546fc5561138.xml.macaon	127	7	est	être	v	v	_	4	mod_rel	_	_
59a883de-d9eb-414c-b387-546fc5561138.xml.macaon	128	8	Nabuchodonosor	Nabuchodonosor	np	np	_	4	mod	_	_	B:Awareness:FE:Content:G:126
59a883de-d9eb-414c-b387-546fc5561138.xml.macaon	129	9	II	II	adj	adj	_	4	mod	_	_	I:Awareness:FE:Content:G:126

59a883de-d9eb-414c-b387-546fc5561138.xml.macaon	130	1	Pendant	pendant	prep	prep	_	6	mod	_	_
59a883de-d9eb-414c-b387-546fc5561138.xml.macaon	131	2	deux	deux	det	det	_	3	det	_	_
59a883de-d9eb-414c-b387-546fc5561138.xml.macaon	132	3	millénaires	millénaire	nc	nc	_	1	obj	_	_
59a883de-d9eb-414c-b387-546fc5561138.xml.macaon	133	4	,	,	ponctw	ponctw	_	3	ponct	_	_
59a883de-d9eb-414c-b387-546fc5561138.xml.macaon	134	5	Babylone	Babylone	np	np	_	3	mod	_	_
59a883de-d9eb-414c-b387-546fc5561138.xml.macaon	135	6	fut	être	v	v	_	_	_	_	_
59a883de-d9eb-414c-b387-546fc5561138.xml.macaon	136	7	le	le	det	det	_	9	det	_	_
59a883de-d9eb-414c-b387-546fc5561138.xml.macaon	137	8	grand	grand	adj	adj	_	9	mod	_	_
59a883de-d9eb-414c-b387-546fc5561138.xml.macaon	138	9	centre	centre	nc	nc	_	6	ats	_	_
59a883de-d9eb-414c-b387-546fc5561138.xml.macaon	139	10	religieux	religieux	adj	adj	_	9	mod	_	_
59a883de-d9eb-414c-b387-546fc5561138.xml.macaon	140	11	et	et	coo	coo	_	10	coord	_	_
59a883de-d9eb-414c-b387-546fc5561138.xml.macaon	141	12	intellectuel	intellectuel	adj	adj	_	11	dep_coord	_	_
59a883de-d9eb-414c-b387-546fc5561138.xml.macaon	142	13	de	de	prep	prep	_	9	dep	_	_
59a883de-d9eb-414c-b387-546fc5561138.xml.macaon	143	14	la	le	det	det	_	15	det	_	_
59a883de-d9eb-414c-b387-546fc5561138.xml.macaon	144	15	Mésopotamie	Mésopotamie	nc	nc	_	13	obj	_	_
59a883de-d9eb-414c-b387-546fc5561138.xml.macaon	145	16	.	.	poncts	poncts	_	6	ponct	_	_

59a883de-d9eb-414c-b387-546fc5561138.xml.macaon	146	1	Sa	sa	det	det	_	2	det	_	_
59a883de-d9eb-414c-b387-546fc5561138.xml.macaon	147	2	langue	langue	nc	nc	_	5	suj	_	_
59a883de-d9eb-414c-b387-546fc5561138.xml.macaon	148	3	l'	le	det	det	_	4	det	_	_
59a883de-d9eb-414c-b387-546fc5561138.xml.macaon	149	4	akkadien	akkadien	nc	nc	_	5	suj	_	_
59a883de-d9eb-414c-b387-546fc5561138.xml.macaon	150	5	était	être	v	v	_	_	_	_	_
59a883de-d9eb-414c-b387-546fc5561138.xml.macaon	151	6	la	le	det	det	_	7	det	_	_
59a883de-d9eb-414c-b387-546fc5561138.xml.macaon	152	7	langue	langue	nc	nc	_	5	obj	_	_
59a883de-d9eb-414c-b387-546fc5561138.xml.macaon	153	8	des	des	prep	prep	_	7	dep	_	_
59a883de-d9eb-414c-b387-546fc5561138.xml.macaon	154	9	échanges	échange	nc	nc	_	8	obj	_	_
59a883de-d9eb-414c-b387-546fc5561138.xml.macaon	155	10	diplomatiques	diplomatique	adj	adj	_	9	mod	_	_
59a883de-d9eb-414c-b387-546fc5561138.xml.macaon	156	11	.	.	poncts	poncts	_	5	ponct	_	_

59a883de-d9eb-414c-b387-546fc5561138.xml.macaon	157	1	Ses	ses	det	det	_	2	det	_	_
59a883de-d9eb-414c-b387-546fc5561138.xml.macaon	158	2	savants	savant	nc	nc	_	3	suj	_	_
59a883de-d9eb-414c-b387-546fc5561138.xml.macaon	159	3	firent	faire	v	v	_	_	_	_	_
59a883de-d9eb-414c-b387-546fc5561138.xml.macaon	160	4	progresser	progresser	vinf	vinf	_	3	obj	_	_
59a883de-d9eb-414c-b387-546fc5561138.xml.macaon	161	5	les	le	det	det	_	6	det	_	_
59a883de-d9eb-414c-b387-546fc5561138.xml.macaon	162	6	sciences	science	nc	nc	_	4	obj	_	_
59a883de-d9eb-414c-b387-546fc5561138.xml.macaon	163	7	.	.	poncts	poncts	_	3	ponct	_	_
