5aedb0d9-9bd8-49f6-b5c3-0059f69b9bc6.xml.macaon	0	1	vikidia	vikidia	nc	nc	_	_	_	_	_

5aedb0d9-9bd8-49f6-b5c3-0059f69b9bc6.xml.macaon	1	1	5aedb0d9	5aedb0d9	adj	adj	_	3	dep	_	_
5aedb0d9-9bd8-49f6-b5c3-0059f69b9bc6.xml.macaon	2	2	-	-	ponctw	ponctw	_	1	ponct	_	_
5aedb0d9-9bd8-49f6-b5c3-0059f69b9bc6.xml.macaon	3	3	9bd8	9bd8	adj	adj	_	5	mod	_	_
5aedb0d9-9bd8-49f6-b5c3-0059f69b9bc6.xml.macaon	4	4	-	-	ponctw	ponctw	_	3	ponct	_	_
5aedb0d9-9bd8-49f6-b5c3-0059f69b9bc6.xml.macaon	5	5	49f6	49f6	nc	nc	_	_	_	_	_
5aedb0d9-9bd8-49f6-b5c3-0059f69b9bc6.xml.macaon	6	6	-	-	ponctw	ponctw	_	5	ponct	_	_
5aedb0d9-9bd8-49f6-b5c3-0059f69b9bc6.xml.macaon	7	7	b5c3	b5c3	nc	nc	_	5	mod	_	_
5aedb0d9-9bd8-49f6-b5c3-0059f69b9bc6.xml.macaon	8	8	-	-	ponctw	ponctw	_	7	ponct	_	_
5aedb0d9-9bd8-49f6-b5c3-0059f69b9bc6.xml.macaon	9	9	0059f69b9bc6	0059f69b9bc6	nc	nc	_	7	mod	_	_

5aedb0d9-9bd8-49f6-b5c3-0059f69b9bc6.xml.macaon	10	1	ADDED	ADDED	nc	nc	_	_	_	_	_

5aedb0d9-9bd8-49f6-b5c3-0059f69b9bc6.xml.macaon	11	1	2016	2016	adj	adj	_	3	mod	_	_
5aedb0d9-9bd8-49f6-b5c3-0059f69b9bc6.xml.macaon	12	2	-	-	ponctw	ponctw	_	1	ponct	_	_
5aedb0d9-9bd8-49f6-b5c3-0059f69b9bc6.xml.macaon	13	3	06	06	nc	nc	_	_	_	_	_
5aedb0d9-9bd8-49f6-b5c3-0059f69b9bc6.xml.macaon	14	4	-	-	ponctw	ponctw	_	3	ponct	_	_
5aedb0d9-9bd8-49f6-b5c3-0059f69b9bc6.xml.macaon	15	5	15T14	15T14	nc	nc	_	3	mod	_	_
5aedb0d9-9bd8-49f6-b5c3-0059f69b9bc6.xml.macaon	16	6	:	:	ponctw	ponctw	_	5	ponct	_	_
5aedb0d9-9bd8-49f6-b5c3-0059f69b9bc6.xml.macaon	17	7	52	52	det	det	_	9	det	_	_
5aedb0d9-9bd8-49f6-b5c3-0059f69b9bc6.xml.macaon	18	8	:	:	ponctw	ponctw	_	9	ponct	_	_
5aedb0d9-9bd8-49f6-b5c3-0059f69b9bc6.xml.macaon	19	9	32Z	32Z	nc	nc	_	5	mod	_	_

5aedb0d9-9bd8-49f6-b5c3-0059f69b9bc6.xml.macaon	20	1	Fondation	fondation	nc	nc	_	_	_	_	_
5aedb0d9-9bd8-49f6-b5c3-0059f69b9bc6.xml.macaon	21	2	légendaire	légendaire	adj	adj	_	1	mod	_	_
5aedb0d9-9bd8-49f6-b5c3-0059f69b9bc6.xml.macaon	22	3	d'	de	prep	prep	_	1	dep	_	_
5aedb0d9-9bd8-49f6-b5c3-0059f69b9bc6.xml.macaon	23	4	Athènes	Athènes	np	np	_	3	obj	_	_

5aedb0d9-9bd8-49f6-b5c3-0059f69b9bc6.xml.macaon	24	1	Selon	selon	prep	prep	_	7	mod	_	_
5aedb0d9-9bd8-49f6-b5c3-0059f69b9bc6.xml.macaon	25	2	la	le	det	det	_	3	det	_	_
5aedb0d9-9bd8-49f6-b5c3-0059f69b9bc6.xml.macaon	26	3	légende	légende	nc	nc	_	1	obj	_	_
5aedb0d9-9bd8-49f6-b5c3-0059f69b9bc6.xml.macaon	27	4	,	,	ponctw	ponctw	_	7	ponct	_	_
5aedb0d9-9bd8-49f6-b5c3-0059f69b9bc6.xml.macaon	28	5	Athènes	Athènes	np	np	_	6	suj	_	_
5aedb0d9-9bd8-49f6-b5c3-0059f69b9bc6.xml.macaon	29	6	serait	être	v	v	_	7	aux_tps	_	_
5aedb0d9-9bd8-49f6-b5c3-0059f69b9bc6.xml.macaon	30	7	née	naître	vppart	vppart	_	_	_	_	_
5aedb0d9-9bd8-49f6-b5c3-0059f69b9bc6.xml.macaon	31	8	à	à	prep	prep	_	7	mod	_	_
5aedb0d9-9bd8-49f6-b5c3-0059f69b9bc6.xml.macaon	32	9	l'	le	det	det	_	10	det	_	_
5aedb0d9-9bd8-49f6-b5c3-0059f69b9bc6.xml.macaon	33	10	issue	issue	nc	nc	_	8	obj	_	_
5aedb0d9-9bd8-49f6-b5c3-0059f69b9bc6.xml.macaon	34	11	d'	de	prep	prep	_	10	dep	_	_
5aedb0d9-9bd8-49f6-b5c3-0059f69b9bc6.xml.macaon	35	12	une	un	det	det	_	13	det	_	_
5aedb0d9-9bd8-49f6-b5c3-0059f69b9bc6.xml.macaon	36	13	compétition	compétition	nc	nc	_	11	obj	_	_
5aedb0d9-9bd8-49f6-b5c3-0059f69b9bc6.xml.macaon	37	14	entre	entre	prep	prep	_	7	mod	_	_
5aedb0d9-9bd8-49f6-b5c3-0059f69b9bc6.xml.macaon	38	15	Athéna	Athéna	np	np	_	14	obj	_	_
5aedb0d9-9bd8-49f6-b5c3-0059f69b9bc6.xml.macaon	39	16	et	et	coo	coo	_	15	coord	_	_
5aedb0d9-9bd8-49f6-b5c3-0059f69b9bc6.xml.macaon	40	17	Poséidon	Poséidon	np	np	_	14	obj	_	_
5aedb0d9-9bd8-49f6-b5c3-0059f69b9bc6.xml.macaon	41	18	.	.	poncts	poncts	_	7	ponct	_	_

5aedb0d9-9bd8-49f6-b5c3-0059f69b9bc6.xml.macaon	42	1	Antiquité	antiquité	nc	nc	_	_	_	_	_

5aedb0d9-9bd8-49f6-b5c3-0059f69b9bc6.xml.macaon	43	1	Fondation	fondation	nc	nc	_	_	_	_	_
5aedb0d9-9bd8-49f6-b5c3-0059f69b9bc6.xml.macaon	44	2	légendaire	légendaire	adj	adj	_	1	mod	_	_
5aedb0d9-9bd8-49f6-b5c3-0059f69b9bc6.xml.macaon	45	3	d'	de	prep	prep	_	1	dep	_	_
5aedb0d9-9bd8-49f6-b5c3-0059f69b9bc6.xml.macaon	46	4	Athènes	Athènes	np	np	_	3	obj	_	_

5aedb0d9-9bd8-49f6-b5c3-0059f69b9bc6.xml.macaon	47	1	Selon	selon	prep	prep	_	7	mod	_	_
5aedb0d9-9bd8-49f6-b5c3-0059f69b9bc6.xml.macaon	48	2	la	le	det	det	_	3	det	_	_
5aedb0d9-9bd8-49f6-b5c3-0059f69b9bc6.xml.macaon	49	3	légende	légende	nc	nc	_	1	obj	_	_
5aedb0d9-9bd8-49f6-b5c3-0059f69b9bc6.xml.macaon	50	4	,	,	ponctw	ponctw	_	7	ponct	_	_
5aedb0d9-9bd8-49f6-b5c3-0059f69b9bc6.xml.macaon	51	5	Athènes	Athènes	np	np	_	6	suj	_	_
5aedb0d9-9bd8-49f6-b5c3-0059f69b9bc6.xml.macaon	52	6	serait	être	v	v	_	7	aux_tps	_	_
5aedb0d9-9bd8-49f6-b5c3-0059f69b9bc6.xml.macaon	53	7	née	naître	vppart	vppart	_	_	_	_	_
5aedb0d9-9bd8-49f6-b5c3-0059f69b9bc6.xml.macaon	54	8	à	à	prep	prep	_	7	mod	_	_
5aedb0d9-9bd8-49f6-b5c3-0059f69b9bc6.xml.macaon	55	9	l'	le	det	det	_	10	det	_	_
5aedb0d9-9bd8-49f6-b5c3-0059f69b9bc6.xml.macaon	56	10	issue	issue	nc	nc	_	8	obj	_	_
5aedb0d9-9bd8-49f6-b5c3-0059f69b9bc6.xml.macaon	57	11	d'	de	prep	prep	_	10	dep	_	_
5aedb0d9-9bd8-49f6-b5c3-0059f69b9bc6.xml.macaon	58	12	une	un	det	det	_	13	det	_	_
5aedb0d9-9bd8-49f6-b5c3-0059f69b9bc6.xml.macaon	59	13	compétition	compétition	nc	nc	_	11	obj	_	_
5aedb0d9-9bd8-49f6-b5c3-0059f69b9bc6.xml.macaon	60	14	entre	entre	prep	prep	_	7	mod	_	_
5aedb0d9-9bd8-49f6-b5c3-0059f69b9bc6.xml.macaon	61	15	Athéna	Athéna	np	np	_	14	obj	_	_
5aedb0d9-9bd8-49f6-b5c3-0059f69b9bc6.xml.macaon	62	16	et	et	coo	coo	_	15	coord	_	_
5aedb0d9-9bd8-49f6-b5c3-0059f69b9bc6.xml.macaon	63	17	Poséidon	Poséidon	np	np	_	14	obj	_	_
5aedb0d9-9bd8-49f6-b5c3-0059f69b9bc6.xml.macaon	64	18	.	.	poncts	poncts	_	7	ponct	_	_

5aedb0d9-9bd8-49f6-b5c3-0059f69b9bc6.xml.macaon	65	1	Sous	sous	prep	prep	_	_	_	_	_
5aedb0d9-9bd8-49f6-b5c3-0059f69b9bc6.xml.macaon	66	2	le	le	det	det	_	3	det	_	_
5aedb0d9-9bd8-49f6-b5c3-0059f69b9bc6.xml.macaon	67	3	règne	règne	nc	nc	_	1	obj	_	_
5aedb0d9-9bd8-49f6-b5c3-0059f69b9bc6.xml.macaon	68	4	légendaire	légendaire	adj	adj	_	3	mod	_	_
5aedb0d9-9bd8-49f6-b5c3-0059f69b9bc6.xml.macaon	69	5	du	du	prep	prep	_	3	dep	_	_
5aedb0d9-9bd8-49f6-b5c3-0059f69b9bc6.xml.macaon	70	6	roi	roi	nc	nc	_	5	obj	_	_
5aedb0d9-9bd8-49f6-b5c3-0059f69b9bc6.xml.macaon	71	7	Cécrops	Cécrops	np	np	_	6	mod	_	_
5aedb0d9-9bd8-49f6-b5c3-0059f69b9bc6.xml.macaon	72	8	(	(	ponctw	ponctw	_	6	ponct	_	_
5aedb0d9-9bd8-49f6-b5c3-0059f69b9bc6.xml.macaon	73	9	le	le	det	det	_	10	det	_	_
5aedb0d9-9bd8-49f6-b5c3-0059f69b9bc6.xml.macaon	74	10	roi	roi	nc	nc	_	6	mod	_	_
5aedb0d9-9bd8-49f6-b5c3-0059f69b9bc6.xml.macaon	75	11	serpent	serpent	nc	nc	_	10	mod	_	_
5aedb0d9-9bd8-49f6-b5c3-0059f69b9bc6.xml.macaon	76	12	)	)	ponctw	ponctw	_	16	ponct	_	_
5aedb0d9-9bd8-49f6-b5c3-0059f69b9bc6.xml.macaon	77	13	deux	deux	det	det	_	14	det	_	_
5aedb0d9-9bd8-49f6-b5c3-0059f69b9bc6.xml.macaon	78	14	divinités	divinité	nc	nc	_	16	suj	_	_
5aedb0d9-9bd8-49f6-b5c3-0059f69b9bc6.xml.macaon	79	15	s'	s'	clr	clr	_	16	aff	_	_
5aedb0d9-9bd8-49f6-b5c3-0059f69b9bc6.xml.macaon	80	16	affrontèrent	affronter	v	v	_	10	mod_rel	_	_
5aedb0d9-9bd8-49f6-b5c3-0059f69b9bc6.xml.macaon	81	17	pour	pour	prep	prep	_	16	mod	_	_
5aedb0d9-9bd8-49f6-b5c3-0059f69b9bc6.xml.macaon	82	18	déterminer	déterminer	vinf	vinf	_	17	obj	_	_
5aedb0d9-9bd8-49f6-b5c3-0059f69b9bc6.xml.macaon	83	19	qui	qui	prorel	prorel	_	20	suj	_	_
5aedb0d9-9bd8-49f6-b5c3-0059f69b9bc6.xml.macaon	84	20	serait	être	v	v	_	16	mod	_	_
5aedb0d9-9bd8-49f6-b5c3-0059f69b9bc6.xml.macaon	85	21	le	le	det	det	_	22	det	_	_
5aedb0d9-9bd8-49f6-b5c3-0059f69b9bc6.xml.macaon	86	22	parrain	parrain	nc	nc	_	20	ats	_	_
5aedb0d9-9bd8-49f6-b5c3-0059f69b9bc6.xml.macaon	87	23	protecteur	protecteur	adj	adj	_	22	mod	_	_
5aedb0d9-9bd8-49f6-b5c3-0059f69b9bc6.xml.macaon	88	24	d'	de	prep	prep	_	22	dep	_	_
5aedb0d9-9bd8-49f6-b5c3-0059f69b9bc6.xml.macaon	89	25	Athènes	Athènes	np	np	_	24	obj	_	_
5aedb0d9-9bd8-49f6-b5c3-0059f69b9bc6.xml.macaon	90	26	alors	alors	adv	adv	_	27	mod	_	_
5aedb0d9-9bd8-49f6-b5c3-0059f69b9bc6.xml.macaon	91	27	appelée	appeler	vppart	vppart	_	22	mod	_	_	B:OTHER:G
5aedb0d9-9bd8-49f6-b5c3-0059f69b9bc6.xml.macaon	92	28	Cécropia	Cécropia	np	np	_	22	mod	_	_
5aedb0d9-9bd8-49f6-b5c3-0059f69b9bc6.xml.macaon	93	29	.	.	poncts	poncts	_	16	ponct	_	_

5aedb0d9-9bd8-49f6-b5c3-0059f69b9bc6.xml.macaon	94	1	Le	le	det	det	_	2	det	_	_	B:Deciding:FE:Cognizer:G:98
5aedb0d9-9bd8-49f6-b5c3-0059f69b9bc6.xml.macaon	95	2	Destin	Destin	np	np	_	3	suj	_	_	I:Deciding:FE:Cognizer:G:98
5aedb0d9-9bd8-49f6-b5c3-0059f69b9bc6.xml.macaon	96	3	avait	avoir	v	v	_	5	aux_tps	_	_
5aedb0d9-9bd8-49f6-b5c3-0059f69b9bc6.xml.macaon	97	4	en#effet	en#effet	adv	adv	_	5	mod	_	_
5aedb0d9-9bd8-49f6-b5c3-0059f69b9bc6.xml.macaon	98	5	décidé	décider	vppart	vppart	_	_	_	_	_	B:Deciding:TARGET:décider:G:98
5aedb0d9-9bd8-49f6-b5c3-0059f69b9bc6.xml.macaon	99	6	que	que	csu	csu	_	5	__JOKER__	_	_	B:Deciding:FE:Decision:G:98
5aedb0d9-9bd8-49f6-b5c3-0059f69b9bc6.xml.macaon	100	7	la	le	det	det	_	8	det	_	_	I:Deciding:FE:Decision:G:98
5aedb0d9-9bd8-49f6-b5c3-0059f69b9bc6.xml.macaon	101	8	ville	ville	nc	nc	_	11	suj	_	_	I:Deciding:FE:Decision:G:98
5aedb0d9-9bd8-49f6-b5c3-0059f69b9bc6.xml.macaon	102	9	à	à	prep	prep	_	11	mod	_	_	I:Deciding:FE:Decision:G:98
5aedb0d9-9bd8-49f6-b5c3-0059f69b9bc6.xml.macaon	103	10	naître	naître	vinf	vinf	_	9	obj	_	_	I:Deciding:FE:Decision:G:98
5aedb0d9-9bd8-49f6-b5c3-0059f69b9bc6.xml.macaon	104	11	serait	être	v	v	_	6	obj	_	_	I:Deciding:FE:Decision:G:98
5aedb0d9-9bd8-49f6-b5c3-0059f69b9bc6.xml.macaon	105	12	très	très	adv	adv	_	13	mod	_	_	I:Deciding:FE:Decision:G:98
5aedb0d9-9bd8-49f6-b5c3-0059f69b9bc6.xml.macaon	106	13	prospère	prospère	adj	adj	_	11	ats	_	_	I:Deciding:FE:Decision:G:98
5aedb0d9-9bd8-49f6-b5c3-0059f69b9bc6.xml.macaon	107	14	et	et	coo	coo	_	13	coord	_	_	I:Deciding:FE:Decision:G:98
5aedb0d9-9bd8-49f6-b5c3-0059f69b9bc6.xml.macaon	108	15	puissante	puissant	adj	adj	_	14	dep_coord	_	_	I:Deciding:FE:Decision:G:98
5aedb0d9-9bd8-49f6-b5c3-0059f69b9bc6.xml.macaon	109	16	.	.	poncts	poncts	_	5	ponct	_	_

5aedb0d9-9bd8-49f6-b5c3-0059f69b9bc6.xml.macaon	110	1	Poséidon	Poséidon	np	np	_	_	_	_	_
5aedb0d9-9bd8-49f6-b5c3-0059f69b9bc6.xml.macaon	111	2	,	,	ponctw	ponctw	_	1	ponct	_	_
5aedb0d9-9bd8-49f6-b5c3-0059f69b9bc6.xml.macaon	112	3	le	le	det	det	_	4	det	_	_
5aedb0d9-9bd8-49f6-b5c3-0059f69b9bc6.xml.macaon	113	4	dieu	dieu	nc	nc	_	1	mod	_	_
5aedb0d9-9bd8-49f6-b5c3-0059f69b9bc6.xml.macaon	114	5	de	de	prep	prep	_	4	dep	_	_
5aedb0d9-9bd8-49f6-b5c3-0059f69b9bc6.xml.macaon	115	6	la	le	det	det	_	7	det	_	_
5aedb0d9-9bd8-49f6-b5c3-0059f69b9bc6.xml.macaon	116	7	mer	mer	nc	nc	_	5	obj	_	_
5aedb0d9-9bd8-49f6-b5c3-0059f69b9bc6.xml.macaon	117	8	et	et	coo	coo	_	5	coord	_	_
5aedb0d9-9bd8-49f6-b5c3-0059f69b9bc6.xml.macaon	118	9	des	des	prep	prep	_	8	dep_coord	_	_
5aedb0d9-9bd8-49f6-b5c3-0059f69b9bc6.xml.macaon	119	10	tempêtes	tempête	nc	nc	_	9	obj	_	_
5aedb0d9-9bd8-49f6-b5c3-0059f69b9bc6.xml.macaon	120	11	,	,	ponctw	ponctw	_	10	ponct	_	_
5aedb0d9-9bd8-49f6-b5c3-0059f69b9bc6.xml.macaon	121	12	d'un#coup	d'un#coup	adv	adv	_	10	mod	_	_
5aedb0d9-9bd8-49f6-b5c3-0059f69b9bc6.xml.macaon	122	13	de	de	prep	prep	_	10	dep	_	_
5aedb0d9-9bd8-49f6-b5c3-0059f69b9bc6.xml.macaon	123	14	son	son	det	det	_	15	det	_	_
5aedb0d9-9bd8-49f6-b5c3-0059f69b9bc6.xml.macaon	124	15	trident	trident	nc	nc	_	13	obj	_	_
5aedb0d9-9bd8-49f6-b5c3-0059f69b9bc6.xml.macaon	125	16	frappa	frapper	v	v	_	8	dep_coord	_	_
5aedb0d9-9bd8-49f6-b5c3-0059f69b9bc6.xml.macaon	126	17	le	le	clo	clo	_	18	__JOKER__	_	_
5aedb0d9-9bd8-49f6-b5c3-0059f69b9bc6.xml.macaon	127	18	rocher	rocher	vinf	vinf	_	16	obj	_	_
5aedb0d9-9bd8-49f6-b5c3-0059f69b9bc6.xml.macaon	128	19	de#l'	du	det	det	_	20	det	_	_
5aedb0d9-9bd8-49f6-b5c3-0059f69b9bc6.xml.macaon	129	20	Acropole	acropole	nc	nc	_	18	obj	_	_
5aedb0d9-9bd8-49f6-b5c3-0059f69b9bc6.xml.macaon	130	21	d'	de	prep	prep	_	20	dep	_	_
5aedb0d9-9bd8-49f6-b5c3-0059f69b9bc6.xml.macaon	131	22	Athènes	Athènes	np	np	_	21	obj	_	_
5aedb0d9-9bd8-49f6-b5c3-0059f69b9bc6.xml.macaon	132	23	et	et	coo	coo	_	22	coord	_	_
5aedb0d9-9bd8-49f6-b5c3-0059f69b9bc6.xml.macaon	133	24	en	en	clo	clo	_	25	__JOKER__	_	_
5aedb0d9-9bd8-49f6-b5c3-0059f69b9bc6.xml.macaon	134	25	fit	faire	v	v	_	23	dep_coord	_	_
5aedb0d9-9bd8-49f6-b5c3-0059f69b9bc6.xml.macaon	135	26	jaillir	jaillir	vinf	vinf	_	25	obj	_	_
5aedb0d9-9bd8-49f6-b5c3-0059f69b9bc6.xml.macaon	136	27	une	un	det	det	_	28	det	_	_
5aedb0d9-9bd8-49f6-b5c3-0059f69b9bc6.xml.macaon	137	28	source	source	nc	nc	_	26	obj	_	_
5aedb0d9-9bd8-49f6-b5c3-0059f69b9bc6.xml.macaon	138	29	d'	de	prep	prep	_	28	dep	_	_
5aedb0d9-9bd8-49f6-b5c3-0059f69b9bc6.xml.macaon	139	30	eau	eau	nc	nc	_	29	obj	_	_
5aedb0d9-9bd8-49f6-b5c3-0059f69b9bc6.xml.macaon	140	31	salée	saler	adj	adj	_	30	mod	_	_
5aedb0d9-9bd8-49f6-b5c3-0059f69b9bc6.xml.macaon	141	32	.	.	poncts	poncts	_	16	ponct	_	_

5aedb0d9-9bd8-49f6-b5c3-0059f69b9bc6.xml.macaon	142	1	Une	une	det	det	_	2	det	_	_
5aedb0d9-9bd8-49f6-b5c3-0059f69b9bc6.xml.macaon	143	2	variante	variante	nc	nc	_	3	suj	_	_
5aedb0d9-9bd8-49f6-b5c3-0059f69b9bc6.xml.macaon	144	3	parle	parler	v	v	_	_	_	_	_
5aedb0d9-9bd8-49f6-b5c3-0059f69b9bc6.xml.macaon	145	4	d'	de	prep	prep	_	3	de_obj	_	_
5aedb0d9-9bd8-49f6-b5c3-0059f69b9bc6.xml.macaon	146	5	un	un	det	det	_	6	det	_	_
5aedb0d9-9bd8-49f6-b5c3-0059f69b9bc6.xml.macaon	147	6	cheval	cheval	nc	nc	_	4	obj	_	_
5aedb0d9-9bd8-49f6-b5c3-0059f69b9bc6.xml.macaon	148	7	splendide	splendide	adj	adj	_	6	mod	_	_
5aedb0d9-9bd8-49f6-b5c3-0059f69b9bc6.xml.macaon	149	8	,	,	ponctw	ponctw	_	6	ponct	_	_
5aedb0d9-9bd8-49f6-b5c3-0059f69b9bc6.xml.macaon	150	9	(	(	ponctw	ponctw	_	6	ponct	_	_
5aedb0d9-9bd8-49f6-b5c3-0059f69b9bc6.xml.macaon	151	10	symbole	symbole	nc	nc	_	3	obj	_	_	B:Giving:FE:Donor:G:159
5aedb0d9-9bd8-49f6-b5c3-0059f69b9bc6.xml.macaon	152	11	du	du	prep	prep	_	10	dep	_	_	I:Giving:FE:Donor:G:159
5aedb0d9-9bd8-49f6-b5c3-0059f69b9bc6.xml.macaon	153	12	courage	courage	nc	nc	_	11	obj	_	_	I:Giving:FE:Donor:G:159
5aedb0d9-9bd8-49f6-b5c3-0059f69b9bc6.xml.macaon	154	13	et	et	coo	coo	_	11	coord	_	_	I:Giving:FE:Donor:G:159
5aedb0d9-9bd8-49f6-b5c3-0059f69b9bc6.xml.macaon	155	14	de	de	prep	prep	_	13	dep_coord	_	_	I:Giving:FE:Donor:G:159
5aedb0d9-9bd8-49f6-b5c3-0059f69b9bc6.xml.macaon	156	15	la	le	det	det	_	16	det	_	_	I:Giving:FE:Donor:G:159
5aedb0d9-9bd8-49f6-b5c3-0059f69b9bc6.xml.macaon	157	16	force	force	nc	nc	_	14	obj	_	_	I:Giving:FE:Donor:G:159
5aedb0d9-9bd8-49f6-b5c3-0059f69b9bc6.xml.macaon	158	17	qui	qui	prorel	prorel	_	18	suj	_	_
5aedb0d9-9bd8-49f6-b5c3-0059f69b9bc6.xml.macaon	159	18	donne	donner	v	v	_	16	mod_rel	_	_	B:Giving:TARGET:donner:G:159
5aedb0d9-9bd8-49f6-b5c3-0059f69b9bc6.xml.macaon	160	19	la	le	det	det	_	20	det	_	_	B:Giving:FE:Theme:G:159
5aedb0d9-9bd8-49f6-b5c3-0059f69b9bc6.xml.macaon	161	20	gloire	gloire	nc	nc	_	18	obj	_	_	I:Giving:FE:Theme:G:159
5aedb0d9-9bd8-49f6-b5c3-0059f69b9bc6.xml.macaon	162	21	militaire	militaire	adj	adj	_	20	mod	_	_	I:Giving:FE:Theme:G:159
5aedb0d9-9bd8-49f6-b5c3-0059f69b9bc6.xml.macaon	163	22	)	)	ponctw	ponctw	_	20	ponct	_	_
5aedb0d9-9bd8-49f6-b5c3-0059f69b9bc6.xml.macaon	164	23	.	.	poncts	poncts	_	3	ponct	_	_

5aedb0d9-9bd8-49f6-b5c3-0059f69b9bc6.xml.macaon	165	1	Athéna	Athéna	np	np	_	2	suj	_	_	B:Deciding:FE:Cognizer:G:166
5aedb0d9-9bd8-49f6-b5c3-0059f69b9bc6.xml.macaon	166	2	décida	décider	v	v	_	_	_	_	_	B:Deciding:TARGET:décider:G:166
5aedb0d9-9bd8-49f6-b5c3-0059f69b9bc6.xml.macaon	167	3	de	de	prep	prep	_	2	obj	_	_	B:Deciding:FE:Decision:G:166
5aedb0d9-9bd8-49f6-b5c3-0059f69b9bc6.xml.macaon	168	4	planter	planter	vinf	vinf	_	3	obj	_	_	I:Deciding:FE:Decision:G:166
5aedb0d9-9bd8-49f6-b5c3-0059f69b9bc6.xml.macaon	169	5	le	le	det	det	_	7	det	_	_	I:Deciding:FE:Decision:G:166
5aedb0d9-9bd8-49f6-b5c3-0059f69b9bc6.xml.macaon	170	6	premier	premier	adj	adj	_	7	mod	_	_	I:Deciding:FE:Decision:G:166
5aedb0d9-9bd8-49f6-b5c3-0059f69b9bc6.xml.macaon	171	7	olivier	olivier	nc	nc	_	4	obj	_	_	I:Deciding:FE:Decision:G:166
5aedb0d9-9bd8-49f6-b5c3-0059f69b9bc6.xml.macaon	172	8	(	(	ponctw	ponctw	_	7	ponct	_	_
5aedb0d9-9bd8-49f6-b5c3-0059f69b9bc6.xml.macaon	173	9	symbole	symbole	nc	nc	_	4	obj	_	_
5aedb0d9-9bd8-49f6-b5c3-0059f69b9bc6.xml.macaon	174	10	de	de	prep	prep	_	9	dep	_	_
5aedb0d9-9bd8-49f6-b5c3-0059f69b9bc6.xml.macaon	175	11	la	le	det	det	_	12	det	_	_
5aedb0d9-9bd8-49f6-b5c3-0059f69b9bc6.xml.macaon	176	12	paix	paix	nc	nc	_	10	obj	_	_
5aedb0d9-9bd8-49f6-b5c3-0059f69b9bc6.xml.macaon	177	13	,	,	ponctw	ponctw	_	12	ponct	_	_
5aedb0d9-9bd8-49f6-b5c3-0059f69b9bc6.xml.macaon	178	14	tant	tant	csu	csu	_	12	mod	_	_
5aedb0d9-9bd8-49f6-b5c3-0059f69b9bc6.xml.macaon	179	15	il	il	cln	cln	_	16	suj	_	_
5aedb0d9-9bd8-49f6-b5c3-0059f69b9bc6.xml.macaon	180	16	est	être	v	v	_	14	obj	_	_
5aedb0d9-9bd8-49f6-b5c3-0059f69b9bc6.xml.macaon	181	17	long	long	adj	adj	_	16	ats	_	_
5aedb0d9-9bd8-49f6-b5c3-0059f69b9bc6.xml.macaon	182	18	à	à	prep	prep	_	16	a_obj	_	_
5aedb0d9-9bd8-49f6-b5c3-0059f69b9bc6.xml.macaon	183	19	croître	croître	vinf	vinf	_	18	obj	_	_
5aedb0d9-9bd8-49f6-b5c3-0059f69b9bc6.xml.macaon	184	20	,	,	ponctw	ponctw	_	19	ponct	_	_
5aedb0d9-9bd8-49f6-b5c3-0059f69b9bc6.xml.macaon	185	21	mais#aussi	mais#aussi	coo	coo	_	18	coord	_	_
5aedb0d9-9bd8-49f6-b5c3-0059f69b9bc6.xml.macaon	186	22	symbole	symbole	nc	nc	_	18	obj	_	_
5aedb0d9-9bd8-49f6-b5c3-0059f69b9bc6.xml.macaon	187	23	de	de	prep	prep	_	22	dep	_	_
5aedb0d9-9bd8-49f6-b5c3-0059f69b9bc6.xml.macaon	188	24	la	le	det	det	_	25	det	_	_
5aedb0d9-9bd8-49f6-b5c3-0059f69b9bc6.xml.macaon	189	25	justice	justice	nc	nc	_	23	obj	_	_
5aedb0d9-9bd8-49f6-b5c3-0059f69b9bc6.xml.macaon	190	26	)	)	ponctw	ponctw	_	25	ponct	_	_
5aedb0d9-9bd8-49f6-b5c3-0059f69b9bc6.xml.macaon	191	27	.	.	poncts	poncts	_	2	ponct	_	_

5aedb0d9-9bd8-49f6-b5c3-0059f69b9bc6.xml.macaon	192	1	Le	le	det	det	_	2	det	_	_	B:Choosing:FE:Cognizer:G:197
5aedb0d9-9bd8-49f6-b5c3-0059f69b9bc6.xml.macaon	193	2	peuple	peuple	nc	nc	_	4	suj	_	_	I:Choosing:FE:Cognizer:G:197
5aedb0d9-9bd8-49f6-b5c3-0059f69b9bc6.xml.macaon	194	3	est	être	v	v	_	4	aux_tps	_	_
5aedb0d9-9bd8-49f6-b5c3-0059f69b9bc6.xml.macaon	195	4	appelé	appeler	vppart	vppart	_	_	_	_	_	B:OTHER:G
5aedb0d9-9bd8-49f6-b5c3-0059f69b9bc6.xml.macaon	196	5	à	à	prep	prep	_	4	mod	_	_
5aedb0d9-9bd8-49f6-b5c3-0059f69b9bc6.xml.macaon	197	6	choisir	choisir	vinf	vinf	_	5	obj	_	_	B:Choosing:TARGET:choisir:G:197
5aedb0d9-9bd8-49f6-b5c3-0059f69b9bc6.xml.macaon	198	7	.	.	poncts	poncts	_	4	ponct	_	_

5aedb0d9-9bd8-49f6-b5c3-0059f69b9bc6.xml.macaon	199	1	Le	le	det	det	_	2	det	_	_
5aedb0d9-9bd8-49f6-b5c3-0059f69b9bc6.xml.macaon	200	2	cheval	cheval	nc	nc	_	3	suj	_	_
5aedb0d9-9bd8-49f6-b5c3-0059f69b9bc6.xml.macaon	201	3	pouvait	pouvoir	v	v	_	_	_	_	_
5aedb0d9-9bd8-49f6-b5c3-0059f69b9bc6.xml.macaon	202	4	apporter	apporter	vinf	vinf	_	3	obj	_	_
5aedb0d9-9bd8-49f6-b5c3-0059f69b9bc6.xml.macaon	203	5	la	le	det	det	_	6	det	_	_
5aedb0d9-9bd8-49f6-b5c3-0059f69b9bc6.xml.macaon	204	6	gloire	gloire	nc	nc	_	4	obj	_	_
5aedb0d9-9bd8-49f6-b5c3-0059f69b9bc6.xml.macaon	205	7	,	,	ponctw	ponctw	_	6	ponct	_	_
5aedb0d9-9bd8-49f6-b5c3-0059f69b9bc6.xml.macaon	206	8	mais	mais	coo	coo	_	6	coord	_	_
5aedb0d9-9bd8-49f6-b5c3-0059f69b9bc6.xml.macaon	207	9	celle-ci	celui-ci	pro	pro	_	8	dep_coord	_	_
5aedb0d9-9bd8-49f6-b5c3-0059f69b9bc6.xml.macaon	208	10	est	être	v	v	_	8	dep_coord	_	_
5aedb0d9-9bd8-49f6-b5c3-0059f69b9bc6.xml.macaon	209	11	incertaine	incertain	adj	adj	_	10	ats	_	_
5aedb0d9-9bd8-49f6-b5c3-0059f69b9bc6.xml.macaon	210	12	et	et	coo	coo	_	10	coord	_	_
5aedb0d9-9bd8-49f6-b5c3-0059f69b9bc6.xml.macaon	211	13	ses	son	det	det	_	14	det	_	_
5aedb0d9-9bd8-49f6-b5c3-0059f69b9bc6.xml.macaon	212	14	résultats	résultat	nc	nc	_	12	dep_coord	_	_
5aedb0d9-9bd8-49f6-b5c3-0059f69b9bc6.xml.macaon	213	15	éphémères	éphémère	adj	adj	_	14	mod	_	_
5aedb0d9-9bd8-49f6-b5c3-0059f69b9bc6.xml.macaon	214	16	.	.	poncts	poncts	_	10	ponct	_	_

5aedb0d9-9bd8-49f6-b5c3-0059f69b9bc6.xml.macaon	215	1	L'	L'	det	det	_	2	det	_	_
5aedb0d9-9bd8-49f6-b5c3-0059f69b9bc6.xml.macaon	216	2	olivier	olivier	nc	nc	_	3	suj	_	_
5aedb0d9-9bd8-49f6-b5c3-0059f69b9bc6.xml.macaon	217	3	a	avoir	v	v	_	_	_	_	_
5aedb0d9-9bd8-49f6-b5c3-0059f69b9bc6.xml.macaon	218	4	certes	certes	adv	adv	_	5	mod	_	_
5aedb0d9-9bd8-49f6-b5c3-0059f69b9bc6.xml.macaon	219	5	moins#de	moins#de	adj	adj	_	6	mod	_	_
5aedb0d9-9bd8-49f6-b5c3-0059f69b9bc6.xml.macaon	220	6	panache	panache	nc	nc	_	3	obj	_	_
5aedb0d9-9bd8-49f6-b5c3-0059f69b9bc6.xml.macaon	221	7	,	,	ponctw	ponctw	_	3	ponct	_	_
5aedb0d9-9bd8-49f6-b5c3-0059f69b9bc6.xml.macaon	222	8	mais	mais	coo	coo	_	3	coord	_	_
5aedb0d9-9bd8-49f6-b5c3-0059f69b9bc6.xml.macaon	223	9	ses	son	det	det	_	10	det	_	_
5aedb0d9-9bd8-49f6-b5c3-0059f69b9bc6.xml.macaon	224	10	produits	produit	nc	nc	_	11	suj	_	_
5aedb0d9-9bd8-49f6-b5c3-0059f69b9bc6.xml.macaon	225	11	sont	être	v	v	_	8	dep_coord	_	_
5aedb0d9-9bd8-49f6-b5c3-0059f69b9bc6.xml.macaon	226	12	réels	réel	adj	adj	_	11	ats	_	_
5aedb0d9-9bd8-49f6-b5c3-0059f69b9bc6.xml.macaon	227	13	et	et	coo	coo	_	11	coord	_	_
5aedb0d9-9bd8-49f6-b5c3-0059f69b9bc6.xml.macaon	228	14	très	très	adv	adv	_	15	mod	_	_
5aedb0d9-9bd8-49f6-b5c3-0059f69b9bc6.xml.macaon	229	15	utiles	utile	adj	adj	_	13	dep_coord	_	_
5aedb0d9-9bd8-49f6-b5c3-0059f69b9bc6.xml.macaon	230	16	.	.	poncts	poncts	_	3	ponct	_	_

5aedb0d9-9bd8-49f6-b5c3-0059f69b9bc6.xml.macaon	231	1	Les	les	det	det	_	2	det	_	_
5aedb0d9-9bd8-49f6-b5c3-0059f69b9bc6.xml.macaon	232	2	femmes	femme	nc	nc	_	3	suj	_	_
5aedb0d9-9bd8-49f6-b5c3-0059f69b9bc6.xml.macaon	233	3	adoptèrent	adopter	v	v	_	_	_	_	_
5aedb0d9-9bd8-49f6-b5c3-0059f69b9bc6.xml.macaon	234	4	le	le	det	det	_	5	det	_	_
5aedb0d9-9bd8-49f6-b5c3-0059f69b9bc6.xml.macaon	235	5	don	don	nc	nc	_	3	obj	_	_	B:Giving:TARGET:don:G:235
5aedb0d9-9bd8-49f6-b5c3-0059f69b9bc6.xml.macaon	236	6	d'	de	prep	prep	_	5	dep	_	_	B:Giving:FE:Theme:G:235
5aedb0d9-9bd8-49f6-b5c3-0059f69b9bc6.xml.macaon	237	7	Athéna	Athéna	np	np	_	6	obj	_	_	I:Giving:FE:Theme:G:235
5aedb0d9-9bd8-49f6-b5c3-0059f69b9bc6.xml.macaon	238	8	,	,	ponctw	ponctw	_	5	ponct	_	_
5aedb0d9-9bd8-49f6-b5c3-0059f69b9bc6.xml.macaon	239	9	tandis#que	tandis#que	csu	csu	_	3	mod	_	_
5aedb0d9-9bd8-49f6-b5c3-0059f69b9bc6.xml.macaon	240	10	les	le	det	det	_	11	det	_	_
5aedb0d9-9bd8-49f6-b5c3-0059f69b9bc6.xml.macaon	241	11	hommes	homme	nc	nc	_	12	suj	_	_
5aedb0d9-9bd8-49f6-b5c3-0059f69b9bc6.xml.macaon	242	12	furent	être	v	v	_	9	obj	_	_
5aedb0d9-9bd8-49f6-b5c3-0059f69b9bc6.xml.macaon	243	13	partisans	partisan	nc	nc	_	12	ats	_	_
5aedb0d9-9bd8-49f6-b5c3-0059f69b9bc6.xml.macaon	244	14	de	de	prep	prep	_	13	dep	_	_
5aedb0d9-9bd8-49f6-b5c3-0059f69b9bc6.xml.macaon	245	15	Poséidon	Poséidon	np	np	_	14	obj	_	_
5aedb0d9-9bd8-49f6-b5c3-0059f69b9bc6.xml.macaon	246	16	.	.	poncts	poncts	_	3	ponct	_	_

5aedb0d9-9bd8-49f6-b5c3-0059f69b9bc6.xml.macaon	247	1	Le	le	det	det	_	2	det	_	_
5aedb0d9-9bd8-49f6-b5c3-0059f69b9bc6.xml.macaon	248	2	roi	roi	nc	nc	_	5	suj	_	_
5aedb0d9-9bd8-49f6-b5c3-0059f69b9bc6.xml.macaon	249	3	Cécrops	Cécrops	np	np	_	2	mod	_	_
5aedb0d9-9bd8-49f6-b5c3-0059f69b9bc6.xml.macaon	250	4	est	être	v	v	_	5	aux_tps	_	_
5aedb0d9-9bd8-49f6-b5c3-0059f69b9bc6.xml.macaon	251	5	pris	prendre	vppart	vppart	_	_	_	_	_
5aedb0d9-9bd8-49f6-b5c3-0059f69b9bc6.xml.macaon	252	6	pour	pour	prep	prep	_	5	mod	_	_
5aedb0d9-9bd8-49f6-b5c3-0059f69b9bc6.xml.macaon	253	7	arbitre	arbitre	nc	nc	_	6	obj	_	_
5aedb0d9-9bd8-49f6-b5c3-0059f69b9bc6.xml.macaon	254	8	.	.	poncts	poncts	_	5	ponct	_	_

5aedb0d9-9bd8-49f6-b5c3-0059f69b9bc6.xml.macaon	255	1	Il	il	cln	cln	_	2	suj	_	_	B:Deciding:FE:Cognizer:G:256	B:Assistance:FE:Helper:G:258
5aedb0d9-9bd8-49f6-b5c3-0059f69b9bc6.xml.macaon	256	2	décide	décider	v	v	_	_	_	_	_	B:Deciding:TARGET:décider:G:256
5aedb0d9-9bd8-49f6-b5c3-0059f69b9bc6.xml.macaon	257	3	de	de	prep	prep	_	2	obj	_	_	B:Deciding:FE:Decision:G:256
5aedb0d9-9bd8-49f6-b5c3-0059f69b9bc6.xml.macaon	258	4	soutenir	soutenir	vinf	vinf	_	3	obj	_	_	I:Deciding:FE:Decision:G:256	B:Assistance:TARGET:soutenir:G:258
5aedb0d9-9bd8-49f6-b5c3-0059f69b9bc6.xml.macaon	259	5	le	le	det	det	_	6	det	_	_	I:Deciding:FE:Decision:G:256	B:Assistance:FE:Benefited_party:G:258
5aedb0d9-9bd8-49f6-b5c3-0059f69b9bc6.xml.macaon	260	6	présent	présent	nc	nc	_	4	obj	_	_	I:Deciding:FE:Decision:G:256	I:Assistance:FE:Benefited_party:G:258
5aedb0d9-9bd8-49f6-b5c3-0059f69b9bc6.xml.macaon	261	7	d'	de	prep	prep	_	6	dep	_	_	I:Deciding:FE:Decision:G:256	I:Assistance:FE:Benefited_party:G:258
5aedb0d9-9bd8-49f6-b5c3-0059f69b9bc6.xml.macaon	262	8	Athéna	Athéna	np	np	_	7	obj	_	_	I:Deciding:FE:Decision:G:256	I:Assistance:FE:Benefited_party:G:258
5aedb0d9-9bd8-49f6-b5c3-0059f69b9bc6.xml.macaon	263	9	car	car	coo	coo	_	8	coord	_	_	B:Deciding:FE:Explanation:G:256
5aedb0d9-9bd8-49f6-b5c3-0059f69b9bc6.xml.macaon	264	10	il	il	cln	cln	_	12	suj	_	_	I:Deciding:FE:Explanation:G:256
5aedb0d9-9bd8-49f6-b5c3-0059f69b9bc6.xml.macaon	265	11	lui	lui	clo	clo	_	12	__JOKER__	_	_	I:Deciding:FE:Explanation:G:256
5aedb0d9-9bd8-49f6-b5c3-0059f69b9bc6.xml.macaon	266	12	paraissait	paraître	v	v	_	9	dep_coord	_	_	I:Deciding:FE:Explanation:G:256
5aedb0d9-9bd8-49f6-b5c3-0059f69b9bc6.xml.macaon	267	13	le#plus	le#plus	adv	adv	_	14	mod	_	_	I:Deciding:FE:Explanation:G:256
5aedb0d9-9bd8-49f6-b5c3-0059f69b9bc6.xml.macaon	268	14	utile	utile	adj	adj	_	12	ats	_	_	I:Deciding:FE:Explanation:G:256
5aedb0d9-9bd8-49f6-b5c3-0059f69b9bc6.xml.macaon	269	15	.	.	poncts	poncts	_	2	ponct	_	_

5aedb0d9-9bd8-49f6-b5c3-0059f69b9bc6.xml.macaon	270	1	Poséidon	poséidon	adv	adv	_	2	mod	_	_
5aedb0d9-9bd8-49f6-b5c3-0059f69b9bc6.xml.macaon	271	2	furieux	furieux	adj	adj	_	3	__JOKER__	_	_
5aedb0d9-9bd8-49f6-b5c3-0059f69b9bc6.xml.macaon	272	3	inonda	inonder	v	v	_	_	_	_	_
5aedb0d9-9bd8-49f6-b5c3-0059f69b9bc6.xml.macaon	273	4	la	le	det	det	_	5	det	_	_
5aedb0d9-9bd8-49f6-b5c3-0059f69b9bc6.xml.macaon	274	5	région	région	nc	nc	_	3	obj	_	_
5aedb0d9-9bd8-49f6-b5c3-0059f69b9bc6.xml.macaon	275	6	de#l'	de#l'	prep	prep	_	10	mod	_	_
5aedb0d9-9bd8-49f6-b5c3-0059f69b9bc6.xml.macaon	276	7	Attique	Attique	np	np	_	6	obj	_	_
5aedb0d9-9bd8-49f6-b5c3-0059f69b9bc6.xml.macaon	277	8	où	où	prorel	prorel	_	10	suj	_	_
5aedb0d9-9bd8-49f6-b5c3-0059f69b9bc6.xml.macaon	278	9	est	être	v	v	_	10	aux_tps	_	_
5aedb0d9-9bd8-49f6-b5c3-0059f69b9bc6.xml.macaon	279	10	située	situer	vppart	vppart	_	5	mod_rel	_	_
5aedb0d9-9bd8-49f6-b5c3-0059f69b9bc6.xml.macaon	280	11	Athènes	Athènes	np	np	_	5	mod	_	_
5aedb0d9-9bd8-49f6-b5c3-0059f69b9bc6.xml.macaon	281	12	.	.	poncts	poncts	_	3	ponct	_	_

5aedb0d9-9bd8-49f6-b5c3-0059f69b9bc6.xml.macaon	282	1	Mais	mais	coo	coo	_	_	_	_	_
5aedb0d9-9bd8-49f6-b5c3-0059f69b9bc6.xml.macaon	283	2	Athéna	Athéna	np	np	_	1	dep_coord	_	_
5aedb0d9-9bd8-49f6-b5c3-0059f69b9bc6.xml.macaon	284	3	parvint	parvenir	v	v	_	1	dep_coord	_	_
5aedb0d9-9bd8-49f6-b5c3-0059f69b9bc6.xml.macaon	285	4	à	à	prep	prep	_	3	obj	_	_
5aedb0d9-9bd8-49f6-b5c3-0059f69b9bc6.xml.macaon	286	5	sauver	sauver	vinf	vinf	_	4	obj	_	_
5aedb0d9-9bd8-49f6-b5c3-0059f69b9bc6.xml.macaon	287	6	la	le	det	det	_	7	det	_	_
5aedb0d9-9bd8-49f6-b5c3-0059f69b9bc6.xml.macaon	288	7	ville	ville	nc	nc	_	5	obj	_	_
5aedb0d9-9bd8-49f6-b5c3-0059f69b9bc6.xml.macaon	289	8	.	.	poncts	poncts	_	3	ponct	_	_

5aedb0d9-9bd8-49f6-b5c3-0059f69b9bc6.xml.macaon	290	1	Cependant	cependant	adv	adv	_	8	mod	_	_
5aedb0d9-9bd8-49f6-b5c3-0059f69b9bc6.xml.macaon	291	2	pour	pour	prep	prep	_	8	mod	_	_
5aedb0d9-9bd8-49f6-b5c3-0059f69b9bc6.xml.macaon	292	3	apaiser	apaiser	vinf	vinf	_	2	obj	_	_
5aedb0d9-9bd8-49f6-b5c3-0059f69b9bc6.xml.macaon	293	4	Poséidon	Poséidon	np	np	_	2	obj	_	_
5aedb0d9-9bd8-49f6-b5c3-0059f69b9bc6.xml.macaon	294	5	,	,	ponctw	ponctw	_	8	ponct	_	_
5aedb0d9-9bd8-49f6-b5c3-0059f69b9bc6.xml.macaon	295	6	les	le	det	det	_	7	det	_	_
5aedb0d9-9bd8-49f6-b5c3-0059f69b9bc6.xml.macaon	296	7	habitants	habitant	nc	nc	_	8	suj	_	_
5aedb0d9-9bd8-49f6-b5c3-0059f69b9bc6.xml.macaon	297	8	durent	devoir	v	v	_	_	_	_	_
5aedb0d9-9bd8-49f6-b5c3-0059f69b9bc6.xml.macaon	298	9	promettre	promettre	vinf	vinf	_	8	obj	_	_
5aedb0d9-9bd8-49f6-b5c3-0059f69b9bc6.xml.macaon	299	10	que	que	csu	csu	_	9	obj	_	_
5aedb0d9-9bd8-49f6-b5c3-0059f69b9bc6.xml.macaon	300	11	les	le	det	det	_	12	det	_	_	B:Participation:FE:Participant1:G:303
5aedb0d9-9bd8-49f6-b5c3-0059f69b9bc6.xml.macaon	301	12	femmes	femme	nc	nc	_	14	suj	_	_	I:Participation:FE:Participant1:G:303
5aedb0d9-9bd8-49f6-b5c3-0059f69b9bc6.xml.macaon	302	13	ne	ne	advneg	advneg	_	14	mod	_	_
5aedb0d9-9bd8-49f6-b5c3-0059f69b9bc6.xml.macaon	303	14	participeraient	participer	v	v	_	10	obj	_	_	B:Participation:TARGET:participer:G:303
5aedb0d9-9bd8-49f6-b5c3-0059f69b9bc6.xml.macaon	304	15	plus	plus	advneg	advneg	_	14	mod	_	_
5aedb0d9-9bd8-49f6-b5c3-0059f69b9bc6.xml.macaon	305	16	à	à	prep	prep	_	14	a_obj	_	_
5aedb0d9-9bd8-49f6-b5c3-0059f69b9bc6.xml.macaon	306	17	la	le	det	det	_	18	det	_	_	B:Participation:FE:Event:G:303
5aedb0d9-9bd8-49f6-b5c3-0059f69b9bc6.xml.macaon	307	18	vie	vie	nc	nc	_	16	obj	_	_	I:Participation:FE:Event:G:303
5aedb0d9-9bd8-49f6-b5c3-0059f69b9bc6.xml.macaon	308	19	politique	politique	adj	adj	_	18	mod	_	_	I:Participation:FE:Event:G:303
5aedb0d9-9bd8-49f6-b5c3-0059f69b9bc6.xml.macaon	309	20	et	et	coo	coo	_	18	coord	_	_
5aedb0d9-9bd8-49f6-b5c3-0059f69b9bc6.xml.macaon	310	21	que	que	csu	csu	_	18	mod	_	_
5aedb0d9-9bd8-49f6-b5c3-0059f69b9bc6.xml.macaon	311	22	les	le	det	det	_	23	det	_	_
5aedb0d9-9bd8-49f6-b5c3-0059f69b9bc6.xml.macaon	312	23	enfants	enfant	nc	nc	_	25	suj	_	_
5aedb0d9-9bd8-49f6-b5c3-0059f69b9bc6.xml.macaon	313	24	ne	ne	advneg	advneg	_	25	mod	_	_
5aedb0d9-9bd8-49f6-b5c3-0059f69b9bc6.xml.macaon	314	25	porteraient	porter	v	v	_	10	obj	_	_
5aedb0d9-9bd8-49f6-b5c3-0059f69b9bc6.xml.macaon	315	26	jamais	jamais	advneg	advneg	_	25	mod	_	_
5aedb0d9-9bd8-49f6-b5c3-0059f69b9bc6.xml.macaon	316	27	le	le	det	det	_	28	det	_	_
5aedb0d9-9bd8-49f6-b5c3-0059f69b9bc6.xml.macaon	317	28	nom	nom	nc	nc	_	25	obj	_	_
5aedb0d9-9bd8-49f6-b5c3-0059f69b9bc6.xml.macaon	318	29	de	de	prep	prep	_	28	dep	_	_
5aedb0d9-9bd8-49f6-b5c3-0059f69b9bc6.xml.macaon	319	30	leurs	son	det	det	_	31	det	_	_
5aedb0d9-9bd8-49f6-b5c3-0059f69b9bc6.xml.macaon	320	31	mères	mère	nc	nc	_	29	obj	_	_
5aedb0d9-9bd8-49f6-b5c3-0059f69b9bc6.xml.macaon	321	32	.	.	poncts	poncts	_	8	ponct	_	_

5aedb0d9-9bd8-49f6-b5c3-0059f69b9bc6.xml.macaon	322	1	Ils	ils	cln	cln	_	3	suj	_	_
5aedb0d9-9bd8-49f6-b5c3-0059f69b9bc6.xml.macaon	323	2	s'	s'	clr	clr	_	3	aff	_	_
5aedb0d9-9bd8-49f6-b5c3-0059f69b9bc6.xml.macaon	324	3	engagèrent	engager	v	v	_	_	_	_	_
5aedb0d9-9bd8-49f6-b5c3-0059f69b9bc6.xml.macaon	325	4	également	également	adv	adv	_	3	mod	_	_
5aedb0d9-9bd8-49f6-b5c3-0059f69b9bc6.xml.macaon	326	5	à	à	prep	prep	_	3	a_obj	_	_
5aedb0d9-9bd8-49f6-b5c3-0059f69b9bc6.xml.macaon	327	6	édifier	édifier	vinf	vinf	_	5	obj	_	_
5aedb0d9-9bd8-49f6-b5c3-0059f69b9bc6.xml.macaon	328	7	un	un	det	det	_	8	det	_	_
5aedb0d9-9bd8-49f6-b5c3-0059f69b9bc6.xml.macaon	329	8	temple	temple	nc	nc	_	6	obj	_	_
5aedb0d9-9bd8-49f6-b5c3-0059f69b9bc6.xml.macaon	330	9	pour	pour	prep	prep	_	6	mod	_	_
5aedb0d9-9bd8-49f6-b5c3-0059f69b9bc6.xml.macaon	331	10	le	le	det	det	_	11	det	_	_
5aedb0d9-9bd8-49f6-b5c3-0059f69b9bc6.xml.macaon	332	11	dieu	dieu	nc	nc	_	9	obj	_	_
5aedb0d9-9bd8-49f6-b5c3-0059f69b9bc6.xml.macaon	333	12	.	.	poncts	poncts	_	3	ponct	_	_

5aedb0d9-9bd8-49f6-b5c3-0059f69b9bc6.xml.macaon	334	1	Amphicton	Amphicton	np	np	_	_	_	_	_
5aedb0d9-9bd8-49f6-b5c3-0059f69b9bc6.xml.macaon	335	2	,	,	ponctw	ponctw	_	1	ponct	_	_
5aedb0d9-9bd8-49f6-b5c3-0059f69b9bc6.xml.macaon	336	3	fils	fil	nc	nc	_	1	mod	_	_
5aedb0d9-9bd8-49f6-b5c3-0059f69b9bc6.xml.macaon	337	4	de	de	prep	prep	_	3	dep	_	_
5aedb0d9-9bd8-49f6-b5c3-0059f69b9bc6.xml.macaon	338	5	Deucalion	Deucalion	np	np	_	4	obj	_	_
5aedb0d9-9bd8-49f6-b5c3-0059f69b9bc6.xml.macaon	339	6	et	et	coo	coo	_	4	coord	_	_
5aedb0d9-9bd8-49f6-b5c3-0059f69b9bc6.xml.macaon	340	7	de	de	prep	prep	_	6	dep_coord	_	_
5aedb0d9-9bd8-49f6-b5c3-0059f69b9bc6.xml.macaon	341	8	Pyrrha	Pyrrha	np	np	_	7	obj	_	_
5aedb0d9-9bd8-49f6-b5c3-0059f69b9bc6.xml.macaon	342	9	épousa	épouser	v	v	_	6	dep_coord	_	_
5aedb0d9-9bd8-49f6-b5c3-0059f69b9bc6.xml.macaon	343	10	la	le	det	det	_	11	det	_	_
5aedb0d9-9bd8-49f6-b5c3-0059f69b9bc6.xml.macaon	344	11	petite-fille	petite-fille	nc	nc	_	9	obj	_	_
5aedb0d9-9bd8-49f6-b5c3-0059f69b9bc6.xml.macaon	345	12	de	de	prep	prep	_	11	dep	_	_
5aedb0d9-9bd8-49f6-b5c3-0059f69b9bc6.xml.macaon	346	13	Cécrops	Cécrops	nc	nc	_	12	obj	_	_
5aedb0d9-9bd8-49f6-b5c3-0059f69b9bc6.xml.macaon	347	14	.	.	poncts	poncts	_	9	ponct	_	_

5aedb0d9-9bd8-49f6-b5c3-0059f69b9bc6.xml.macaon	348	1	Après	après	prep	prep	_	12	mod	_	_
5aedb0d9-9bd8-49f6-b5c3-0059f69b9bc6.xml.macaon	349	2	avoir	avoir	vinf	vinf	_	1	obj	_	_
5aedb0d9-9bd8-49f6-b5c3-0059f69b9bc6.xml.macaon	350	3	détrôné	détrôner	vppart	vppart	_	1	obj	_	_
5aedb0d9-9bd8-49f6-b5c3-0059f69b9bc6.xml.macaon	351	4	le	le	det	det	_	5	det	_	_
5aedb0d9-9bd8-49f6-b5c3-0059f69b9bc6.xml.macaon	352	5	roi	roi	nc	nc	_	1	obj	_	_
5aedb0d9-9bd8-49f6-b5c3-0059f69b9bc6.xml.macaon	353	6	Cranaos	Cranaos	np	np	_	5	mod	_	_
5aedb0d9-9bd8-49f6-b5c3-0059f69b9bc6.xml.macaon	354	7	,	,	ponctw	ponctw	_	5	ponct	_	_
5aedb0d9-9bd8-49f6-b5c3-0059f69b9bc6.xml.macaon	355	8	son	son	det	det	_	9	det	_	_
5aedb0d9-9bd8-49f6-b5c3-0059f69b9bc6.xml.macaon	356	9	beau-père	beau-père	nc	nc	_	5	mod	_	_
5aedb0d9-9bd8-49f6-b5c3-0059f69b9bc6.xml.macaon	357	10	,	,	ponctw	ponctw	_	12	ponct	_	_
5aedb0d9-9bd8-49f6-b5c3-0059f69b9bc6.xml.macaon	358	11	il	il	cln	cln	_	12	suj	_	_
5aedb0d9-9bd8-49f6-b5c3-0059f69b9bc6.xml.macaon	359	12	consacre	consacrer	v	v	_	_	_	_	_
5aedb0d9-9bd8-49f6-b5c3-0059f69b9bc6.xml.macaon	360	13	la	le	det	det	_	14	det	_	_
5aedb0d9-9bd8-49f6-b5c3-0059f69b9bc6.xml.macaon	361	14	ville	ville	nc	nc	_	12	obj	_	_
5aedb0d9-9bd8-49f6-b5c3-0059f69b9bc6.xml.macaon	362	15	à	à	prep	prep	_	14	dep	_	_
5aedb0d9-9bd8-49f6-b5c3-0059f69b9bc6.xml.macaon	363	16	la	le	det	det	_	17	det	_	_
5aedb0d9-9bd8-49f6-b5c3-0059f69b9bc6.xml.macaon	364	17	déesse	déesse	nc	nc	_	15	obj	_	_
5aedb0d9-9bd8-49f6-b5c3-0059f69b9bc6.xml.macaon	365	18	Athéna	Athéna	np	np	_	15	obj	_	_	B:Becoming:FE:Entity:G:368
5aedb0d9-9bd8-49f6-b5c3-0059f69b9bc6.xml.macaon	366	19	,	,	ponctw	ponctw	_	14	ponct	_	_
5aedb0d9-9bd8-49f6-b5c3-0059f69b9bc6.xml.macaon	367	20	qui	qui	prorel	prorel	_	21	suj	_	_
5aedb0d9-9bd8-49f6-b5c3-0059f69b9bc6.xml.macaon	368	21	devint	devenir	v	v	_	14	mod_rel	_	_	B:Becoming:TARGET:devenir:G:368
5aedb0d9-9bd8-49f6-b5c3-0059f69b9bc6.xml.macaon	369	22	alors	alors	adv	adv	_	21	mod	_	_
5aedb0d9-9bd8-49f6-b5c3-0059f69b9bc6.xml.macaon	370	23	la	le	det	det	_	24	det	_	_	B:Becoming:FE:Final_category:G:368
5aedb0d9-9bd8-49f6-b5c3-0059f69b9bc6.xml.macaon	371	24	déesse	déesse	nc	nc	_	21	obj	_	_	I:Becoming:FE:Final_category:G:368
5aedb0d9-9bd8-49f6-b5c3-0059f69b9bc6.xml.macaon	372	25	éponyme	éponyme	adj	adj	_	24	mod	_	_	I:Becoming:FE:Final_category:G:368
5aedb0d9-9bd8-49f6-b5c3-0059f69b9bc6.xml.macaon	373	26	de	de	prep	prep	_	24	dep	_	_	I:Becoming:FE:Final_category:G:368
5aedb0d9-9bd8-49f6-b5c3-0059f69b9bc6.xml.macaon	374	27	la	le	det	det	_	28	det	_	_	I:Becoming:FE:Final_category:G:368
5aedb0d9-9bd8-49f6-b5c3-0059f69b9bc6.xml.macaon	375	28	ville	ville	nc	nc	_	26	obj	_	_	I:Becoming:FE:Final_category:G:368
5aedb0d9-9bd8-49f6-b5c3-0059f69b9bc6.xml.macaon	376	29	.	.	poncts	poncts	_	12	ponct	_	_

5aedb0d9-9bd8-49f6-b5c3-0059f69b9bc6.xml.macaon	377	1	Une	une	det	det	_	3	det	_	_
5aedb0d9-9bd8-49f6-b5c3-0059f69b9bc6.xml.macaon	378	2	autre	autre	adj	adj	_	3	mod	_	_
5aedb0d9-9bd8-49f6-b5c3-0059f69b9bc6.xml.macaon	379	3	variante	variante	nc	nc	_	4	suj	_	_
5aedb0d9-9bd8-49f6-b5c3-0059f69b9bc6.xml.macaon	380	4	raconte	raconter	v	v	_	_	_	_	_
5aedb0d9-9bd8-49f6-b5c3-0059f69b9bc6.xml.macaon	381	5	que	que	csu	csu	_	4	obj	_	_
5aedb0d9-9bd8-49f6-b5c3-0059f69b9bc6.xml.macaon	382	6	c'	ce	cln	cln	_	7	suj	_	_
5aedb0d9-9bd8-49f6-b5c3-0059f69b9bc6.xml.macaon	383	7	est	être	v	v	_	5	obj	_	_
5aedb0d9-9bd8-49f6-b5c3-0059f69b9bc6.xml.macaon	384	8	Érichtonios	Érichtonios	adv	adv	_	7	mod	_	_
5aedb0d9-9bd8-49f6-b5c3-0059f69b9bc6.xml.macaon	385	9	,	,	ponctw	ponctw	_	4	ponct	_	_
5aedb0d9-9bd8-49f6-b5c3-0059f69b9bc6.xml.macaon	386	10	fils	fil	nc	nc	_	4	obj	_	_
5aedb0d9-9bd8-49f6-b5c3-0059f69b9bc6.xml.macaon	387	11	d'	de	prep	prep	_	10	dep	_	_
5aedb0d9-9bd8-49f6-b5c3-0059f69b9bc6.xml.macaon	388	12	Athéna	Athéna	np	np	_	11	obj	_	_
5aedb0d9-9bd8-49f6-b5c3-0059f69b9bc6.xml.macaon	389	13	et	et	coo	coo	_	12	coord	_	_
5aedb0d9-9bd8-49f6-b5c3-0059f69b9bc6.xml.macaon	390	14	d'	un	det	det	_	15	det	_	_
5aedb0d9-9bd8-49f6-b5c3-0059f69b9bc6.xml.macaon	391	15	Héphaïstos	Héphaïstos	nc	nc	_	11	obj	_	_
5aedb0d9-9bd8-49f6-b5c3-0059f69b9bc6.xml.macaon	392	16	,	,	ponctw	ponctw	_	15	ponct	_	_
5aedb0d9-9bd8-49f6-b5c3-0059f69b9bc6.xml.macaon	393	17	qui	qui	prorel	prorel	_	21	suj	_	_
5aedb0d9-9bd8-49f6-b5c3-0059f69b9bc6.xml.macaon	394	18	,	,	ponctw	ponctw	_	21	ponct	_	_
5aedb0d9-9bd8-49f6-b5c3-0059f69b9bc6.xml.macaon	395	19	ayant	avoir	vprespart	vprespart	_	20	__JOKER__	_	_
5aedb0d9-9bd8-49f6-b5c3-0059f69b9bc6.xml.macaon	396	20	été	être	vppart	vppart	_	21	aux_pass	_	_
5aedb0d9-9bd8-49f6-b5c3-0059f69b9bc6.xml.macaon	397	21	confié	confier	vppart	vppart	_	15	mod	_	_
5aedb0d9-9bd8-49f6-b5c3-0059f69b9bc6.xml.macaon	398	22	à	à	prep	prep	_	21	a_obj	_	_
5aedb0d9-9bd8-49f6-b5c3-0059f69b9bc6.xml.macaon	399	23	la	le	det	det	_	24	det	_	_
5aedb0d9-9bd8-49f6-b5c3-0059f69b9bc6.xml.macaon	400	24	garde	garde	nc	nc	_	22	obj	_	_
5aedb0d9-9bd8-49f6-b5c3-0059f69b9bc6.xml.macaon	401	25	bienveillante	bienveillant	adj	adj	_	24	mod	_	_
5aedb0d9-9bd8-49f6-b5c3-0059f69b9bc6.xml.macaon	402	26	des	des	prep	prep	_	21	mod	_	_
5aedb0d9-9bd8-49f6-b5c3-0059f69b9bc6.xml.macaon	403	27	filles	fille	nc	nc	_	26	obj	_	_
5aedb0d9-9bd8-49f6-b5c3-0059f69b9bc6.xml.macaon	404	28	de	de	prep	prep	_	27	dep	_	_
5aedb0d9-9bd8-49f6-b5c3-0059f69b9bc6.xml.macaon	405	29	Cécrops	Cécrops	nc	nc	_	28	obj	_	_
5aedb0d9-9bd8-49f6-b5c3-0059f69b9bc6.xml.macaon	406	30	,	,	ponctw	ponctw	_	31	ponct	_	_
5aedb0d9-9bd8-49f6-b5c3-0059f69b9bc6.xml.macaon	407	31	institua	instituer	v	v	_	27	mod_rel	_	_
5aedb0d9-9bd8-49f6-b5c3-0059f69b9bc6.xml.macaon	408	32	le	le	det	det	_	33	det	_	_
5aedb0d9-9bd8-49f6-b5c3-0059f69b9bc6.xml.macaon	409	33	culte	culte	nc	nc	_	31	obj	_	_
5aedb0d9-9bd8-49f6-b5c3-0059f69b9bc6.xml.macaon	410	34	de	de	prep	prep	_	33	dep	_	_
5aedb0d9-9bd8-49f6-b5c3-0059f69b9bc6.xml.macaon	411	35	sa	son	det	det	_	36	det	_	_
5aedb0d9-9bd8-49f6-b5c3-0059f69b9bc6.xml.macaon	412	36	mère	mère	nc	nc	_	34	obj	_	_
5aedb0d9-9bd8-49f6-b5c3-0059f69b9bc6.xml.macaon	413	37	dans	dans	prep	prep	_	36	dep	_	_
5aedb0d9-9bd8-49f6-b5c3-0059f69b9bc6.xml.macaon	414	38	la	le	det	det	_	39	det	_	_
5aedb0d9-9bd8-49f6-b5c3-0059f69b9bc6.xml.macaon	415	39	cité	cité	nc	nc	_	37	obj	_	_
5aedb0d9-9bd8-49f6-b5c3-0059f69b9bc6.xml.macaon	416	40	.	.	poncts	poncts	_	4	ponct	_	_
