5ec9b6ff-5900-4117-9dba-361687b412e7.xml.macaon	0	1	vikidia	vikidia	nc	nc	_	_	_	_	_

5ec9b6ff-5900-4117-9dba-361687b412e7.xml.macaon	1	1	5ec9b6ff	5ec9b6ff	adj	adj	_	3	mod	_	_
5ec9b6ff-5900-4117-9dba-361687b412e7.xml.macaon	2	2	-	-	ponctw	ponctw	_	1	ponct	_	_
5ec9b6ff-5900-4117-9dba-361687b412e7.xml.macaon	3	3	5900	5900	nc	nc	_	_	_	_	_
5ec9b6ff-5900-4117-9dba-361687b412e7.xml.macaon	4	4	-	-	ponctw	ponctw	_	3	ponct	_	_
5ec9b6ff-5900-4117-9dba-361687b412e7.xml.macaon	5	5	4117	4117	nc	nc	_	3	mod	_	_
5ec9b6ff-5900-4117-9dba-361687b412e7.xml.macaon	6	6	-	-	ponctw	ponctw	_	5	ponct	_	_
5ec9b6ff-5900-4117-9dba-361687b412e7.xml.macaon	7	7	9dba	9dba	nc	nc	_	5	mod	_	_
5ec9b6ff-5900-4117-9dba-361687b412e7.xml.macaon	8	8	-	-	ponctw	ponctw	_	7	ponct	_	_
5ec9b6ff-5900-4117-9dba-361687b412e7.xml.macaon	9	9	361687b412e7	361687b412e7	nc	nc	_	7	mod	_	_

5ec9b6ff-5900-4117-9dba-361687b412e7.xml.macaon	10	1	ADDED	ADDED	nc	nc	_	_	_	_	_

5ec9b6ff-5900-4117-9dba-361687b412e7.xml.macaon	11	1	2016	2016	adj	adj	_	3	mod	_	_
5ec9b6ff-5900-4117-9dba-361687b412e7.xml.macaon	12	2	-	-	ponctw	ponctw	_	1	ponct	_	_
5ec9b6ff-5900-4117-9dba-361687b412e7.xml.macaon	13	3	06	06	nc	nc	_	_	_	_	_
5ec9b6ff-5900-4117-9dba-361687b412e7.xml.macaon	14	4	-	-	ponctw	ponctw	_	3	ponct	_	_
5ec9b6ff-5900-4117-9dba-361687b412e7.xml.macaon	15	5	15T14	15T14	nc	nc	_	3	mod	_	_
5ec9b6ff-5900-4117-9dba-361687b412e7.xml.macaon	16	6	:	:	ponctw	ponctw	_	5	ponct	_	_
5ec9b6ff-5900-4117-9dba-361687b412e7.xml.macaon	17	7	53	53	nc	nc	_	5	mod	_	_
5ec9b6ff-5900-4117-9dba-361687b412e7.xml.macaon	18	8	:	:	ponctw	ponctw	_	7	ponct	_	_
5ec9b6ff-5900-4117-9dba-361687b412e7.xml.macaon	19	9	02Z	02Z	nc	nc	_	7	mod	_	_

5ec9b6ff-5900-4117-9dba-361687b412e7.xml.macaon	20	1	Phocée	phocée	vppart	vppart	_	_	_	_	_

5ec9b6ff-5900-4117-9dba-361687b412e7.xml.macaon	21	1	Phocée	phocée	vppart	vppart	_	_	_	_	_
5ec9b6ff-5900-4117-9dba-361687b412e7.xml.macaon	22	2	(	(	ponctw	ponctw	_	1	ponct	_	_
5ec9b6ff-5900-4117-9dba-361687b412e7.xml.macaon	23	3	en	en	prep	prep	_	1	mod	_	_
5ec9b6ff-5900-4117-9dba-361687b412e7.xml.macaon	24	4	grec	grec	nc	nc	_	3	obj	_	_
5ec9b6ff-5900-4117-9dba-361687b412e7.xml.macaon	25	5	ancien	ancien	adj	adj	_	4	mod	_	_
5ec9b6ff-5900-4117-9dba-361687b412e7.xml.macaon	26	6	Φ	Φ	ponctw	ponctw	_	4	ponct	_	_
5ec9b6ff-5900-4117-9dba-361687b412e7.xml.macaon	27	7	ώ	ώ	ponctw	ponctw	_	4	ponct	_	_
5ec9b6ff-5900-4117-9dba-361687b412e7.xml.macaon	28	8	κ	κ	ponctw	ponctw	_	4	ponct	_	_
5ec9b6ff-5900-4117-9dba-361687b412e7.xml.macaon	29	9	α	α	ponctw	ponctw	_	4	ponct	_	_
5ec9b6ff-5900-4117-9dba-361687b412e7.xml.macaon	30	10	ι	ι	ponctw	ponctw	_	4	ponct	_	_
5ec9b6ff-5900-4117-9dba-361687b412e7.xml.macaon	31	11	α	α	ponctw	ponctw	_	4	ponct	_	_
5ec9b6ff-5900-4117-9dba-361687b412e7.xml.macaon	32	12	/	/	prep	prep	_	4	dep	_	_
5ec9b6ff-5900-4117-9dba-361687b412e7.xml.macaon	33	13	Ph	Ph	np	np	_	12	obj	_	_
5ec9b6ff-5900-4117-9dba-361687b412e7.xml.macaon	34	14	ṓ	ṓ	prep	prep	_	4	dep	_	_
5ec9b6ff-5900-4117-9dba-361687b412e7.xml.macaon	35	15	kaia	kaia	nc	nc	_	14	obj	_	_
5ec9b6ff-5900-4117-9dba-361687b412e7.xml.macaon	36	16	,	,	ponctw	ponctw	_	15	ponct	_	_
5ec9b6ff-5900-4117-9dba-361687b412e7.xml.macaon	37	17	aujourd	aujourd	adv	adv	_	15	mod	_	_
5ec9b6ff-5900-4117-9dba-361687b412e7.xml.macaon	38	18	’	’	det	det	_	19	det	_	_
5ec9b6ff-5900-4117-9dba-361687b412e7.xml.macaon	39	19	hui	hui	nc	nc	_	14	obj	_	_
5ec9b6ff-5900-4117-9dba-361687b412e7.xml.macaon	40	20	Foça	Foça	np	np	_	19	mod	_	_
5ec9b6ff-5900-4117-9dba-361687b412e7.xml.macaon	41	21	,	,	ponctw	ponctw	_	19	ponct	_	_
5ec9b6ff-5900-4117-9dba-361687b412e7.xml.macaon	42	22	près#d'	près#de	prep	prep	_	28	mod	_	_
5ec9b6ff-5900-4117-9dba-361687b412e7.xml.macaon	43	23	Izmir	Izmir	np	np	_	22	obj	_	_
5ec9b6ff-5900-4117-9dba-361687b412e7.xml.macaon	44	24	,	,	ponctw	ponctw	_	28	ponct	_	_
5ec9b6ff-5900-4117-9dba-361687b412e7.xml.macaon	45	25	en	en	prep	prep	_	28	mod	_	_
5ec9b6ff-5900-4117-9dba-361687b412e7.xml.macaon	46	26	Turquie	Turquie	np	np	_	25	obj	_	_
5ec9b6ff-5900-4117-9dba-361687b412e7.xml.macaon	47	27	)	)	ponctw	ponctw	_	26	ponct	_	_
5ec9b6ff-5900-4117-9dba-361687b412e7.xml.macaon	48	28	est	être	v	v	_	14	__JOKER__	_	_
5ec9b6ff-5900-4117-9dba-361687b412e7.xml.macaon	49	29	une	un	det	det	_	31	det	_	_
5ec9b6ff-5900-4117-9dba-361687b412e7.xml.macaon	50	30	ancienne	ancien	adj	adj	_	31	mod	_	_
5ec9b6ff-5900-4117-9dba-361687b412e7.xml.macaon	51	31	cité	cité	nc	nc	_	28	ats	_	_
5ec9b6ff-5900-4117-9dba-361687b412e7.xml.macaon	52	32	grecque	grec	adj	adj	_	31	mod	_	_
5ec9b6ff-5900-4117-9dba-361687b412e7.xml.macaon	53	33	d	d	nc	nc	_	31	mod	_	_
5ec9b6ff-5900-4117-9dba-361687b412e7.xml.macaon	54	34	’	’	prep	prep	_	33	dep	_	_
5ec9b6ff-5900-4117-9dba-361687b412e7.xml.macaon	55	35	Asie	Asie	np	np	_	34	obj	_	_
5ec9b6ff-5900-4117-9dba-361687b412e7.xml.macaon	56	36	Mineure	Mineure	np	np	_	34	obj	_	_
5ec9b6ff-5900-4117-9dba-361687b412e7.xml.macaon	57	37	,	,	ponctw	ponctw	_	31	ponct	_	_
5ec9b6ff-5900-4117-9dba-361687b412e7.xml.macaon	58	38	sur	sur	prep	prep	_	31	dep	_	_
5ec9b6ff-5900-4117-9dba-361687b412e7.xml.macaon	59	39	la	le	det	det	_	40	det	_	_
5ec9b6ff-5900-4117-9dba-361687b412e7.xml.macaon	60	40	côte	côte	nc	nc	_	38	obj	_	_
5ec9b6ff-5900-4117-9dba-361687b412e7.xml.macaon	61	41	de	de	prep	prep	_	40	dep	_	_
5ec9b6ff-5900-4117-9dba-361687b412e7.xml.macaon	62	42	la	le	det	det	_	43	det	_	_
5ec9b6ff-5900-4117-9dba-361687b412e7.xml.macaon	63	43	mer	mer	nc	nc	_	41	obj	_	_
5ec9b6ff-5900-4117-9dba-361687b412e7.xml.macaon	64	44	Égée	Égée	vppart	vppart	_	43	mod	_	_
5ec9b6ff-5900-4117-9dba-361687b412e7.xml.macaon	65	45	.	.	poncts	poncts	_	28	ponct	_	_

5ec9b6ff-5900-4117-9dba-361687b412e7.xml.macaon	66	1	Antiquité	antiquité	nc	nc	_	_	_	_	_

5ec9b6ff-5900-4117-9dba-361687b412e7.xml.macaon	67	1	Phocée	phocée	vppart	vppart	_	_	_	_	_

5ec9b6ff-5900-4117-9dba-361687b412e7.xml.macaon	68	1	Phocée	phocée	vppart	vppart	_	_	_	_	_
5ec9b6ff-5900-4117-9dba-361687b412e7.xml.macaon	69	2	(	(	ponctw	ponctw	_	1	ponct	_	_
5ec9b6ff-5900-4117-9dba-361687b412e7.xml.macaon	70	3	en	en	prep	prep	_	1	mod	_	_
5ec9b6ff-5900-4117-9dba-361687b412e7.xml.macaon	71	4	grec	grec	nc	nc	_	3	obj	_	_
5ec9b6ff-5900-4117-9dba-361687b412e7.xml.macaon	72	5	ancien	ancien	adj	adj	_	4	mod	_	_
5ec9b6ff-5900-4117-9dba-361687b412e7.xml.macaon	73	6	Φ	Φ	ponctw	ponctw	_	4	ponct	_	_
5ec9b6ff-5900-4117-9dba-361687b412e7.xml.macaon	74	7	ώ	ώ	ponctw	ponctw	_	4	ponct	_	_
5ec9b6ff-5900-4117-9dba-361687b412e7.xml.macaon	75	8	κ	κ	ponctw	ponctw	_	4	ponct	_	_
5ec9b6ff-5900-4117-9dba-361687b412e7.xml.macaon	76	9	α	α	ponctw	ponctw	_	4	ponct	_	_
5ec9b6ff-5900-4117-9dba-361687b412e7.xml.macaon	77	10	ι	ι	ponctw	ponctw	_	4	ponct	_	_
5ec9b6ff-5900-4117-9dba-361687b412e7.xml.macaon	78	11	α	α	ponctw	ponctw	_	4	ponct	_	_
5ec9b6ff-5900-4117-9dba-361687b412e7.xml.macaon	79	12	/	/	prep	prep	_	4	dep	_	_
5ec9b6ff-5900-4117-9dba-361687b412e7.xml.macaon	80	13	Ph	Ph	np	np	_	12	obj	_	_
5ec9b6ff-5900-4117-9dba-361687b412e7.xml.macaon	81	14	ṓ	ṓ	prep	prep	_	4	dep	_	_
5ec9b6ff-5900-4117-9dba-361687b412e7.xml.macaon	82	15	kaia	kaia	nc	nc	_	14	obj	_	_
5ec9b6ff-5900-4117-9dba-361687b412e7.xml.macaon	83	16	,	,	ponctw	ponctw	_	15	ponct	_	_
5ec9b6ff-5900-4117-9dba-361687b412e7.xml.macaon	84	17	aujourd	aujourd	adv	adv	_	15	mod	_	_
5ec9b6ff-5900-4117-9dba-361687b412e7.xml.macaon	85	18	’	’	det	det	_	19	det	_	_
5ec9b6ff-5900-4117-9dba-361687b412e7.xml.macaon	86	19	hui	hui	nc	nc	_	14	obj	_	_
5ec9b6ff-5900-4117-9dba-361687b412e7.xml.macaon	87	20	Foça	Foça	np	np	_	19	mod	_	_
5ec9b6ff-5900-4117-9dba-361687b412e7.xml.macaon	88	21	,	,	ponctw	ponctw	_	19	ponct	_	_
5ec9b6ff-5900-4117-9dba-361687b412e7.xml.macaon	89	22	près#d'	près#de	prep	prep	_	28	mod	_	_
5ec9b6ff-5900-4117-9dba-361687b412e7.xml.macaon	90	23	Izmir	Izmir	np	np	_	22	obj	_	_
5ec9b6ff-5900-4117-9dba-361687b412e7.xml.macaon	91	24	,	,	ponctw	ponctw	_	28	ponct	_	_
5ec9b6ff-5900-4117-9dba-361687b412e7.xml.macaon	92	25	en	en	prep	prep	_	28	mod	_	_
5ec9b6ff-5900-4117-9dba-361687b412e7.xml.macaon	93	26	Turquie	Turquie	np	np	_	25	obj	_	_
5ec9b6ff-5900-4117-9dba-361687b412e7.xml.macaon	94	27	)	)	ponctw	ponctw	_	26	ponct	_	_
5ec9b6ff-5900-4117-9dba-361687b412e7.xml.macaon	95	28	est	être	v	v	_	14	__JOKER__	_	_
5ec9b6ff-5900-4117-9dba-361687b412e7.xml.macaon	96	29	une	un	det	det	_	31	det	_	_
5ec9b6ff-5900-4117-9dba-361687b412e7.xml.macaon	97	30	ancienne	ancien	adj	adj	_	31	mod	_	_
5ec9b6ff-5900-4117-9dba-361687b412e7.xml.macaon	98	31	cité	cité	nc	nc	_	28	ats	_	_
5ec9b6ff-5900-4117-9dba-361687b412e7.xml.macaon	99	32	grecque	grec	adj	adj	_	31	mod	_	_
5ec9b6ff-5900-4117-9dba-361687b412e7.xml.macaon	100	33	d	d	nc	nc	_	31	mod	_	_
5ec9b6ff-5900-4117-9dba-361687b412e7.xml.macaon	101	34	’	’	prep	prep	_	33	dep	_	_
5ec9b6ff-5900-4117-9dba-361687b412e7.xml.macaon	102	35	Asie	Asie	np	np	_	34	obj	_	_
5ec9b6ff-5900-4117-9dba-361687b412e7.xml.macaon	103	36	Mineure	Mineure	np	np	_	34	obj	_	_
5ec9b6ff-5900-4117-9dba-361687b412e7.xml.macaon	104	37	,	,	ponctw	ponctw	_	31	ponct	_	_
5ec9b6ff-5900-4117-9dba-361687b412e7.xml.macaon	105	38	sur	sur	prep	prep	_	31	dep	_	_
5ec9b6ff-5900-4117-9dba-361687b412e7.xml.macaon	106	39	la	le	det	det	_	40	det	_	_
5ec9b6ff-5900-4117-9dba-361687b412e7.xml.macaon	107	40	côte	côte	nc	nc	_	38	obj	_	_
5ec9b6ff-5900-4117-9dba-361687b412e7.xml.macaon	108	41	de	de	prep	prep	_	40	dep	_	_
5ec9b6ff-5900-4117-9dba-361687b412e7.xml.macaon	109	42	la	le	det	det	_	43	det	_	_
5ec9b6ff-5900-4117-9dba-361687b412e7.xml.macaon	110	43	mer	mer	nc	nc	_	41	obj	_	_
5ec9b6ff-5900-4117-9dba-361687b412e7.xml.macaon	111	44	Égée	Égée	vppart	vppart	_	43	mod	_	_
5ec9b6ff-5900-4117-9dba-361687b412e7.xml.macaon	112	45	.	.	poncts	poncts	_	28	ponct	_	_

5ec9b6ff-5900-4117-9dba-361687b412e7.xml.macaon	113	1	Elle	elle	cln	cln	_	4	suj	_	_
5ec9b6ff-5900-4117-9dba-361687b412e7.xml.macaon	114	2	a	avoir	v	v	_	4	aux_tps	_	_
5ec9b6ff-5900-4117-9dba-361687b412e7.xml.macaon	115	3	été	être	vppart	vppart	_	4	aux_pass	_	_
5ec9b6ff-5900-4117-9dba-361687b412e7.xml.macaon	116	4	fondée	fonder	vppart	vppart	_	_	_	_	_
5ec9b6ff-5900-4117-9dba-361687b412e7.xml.macaon	117	5	entre	entre	prep	prep	_	4	mod	_	_
5ec9b6ff-5900-4117-9dba-361687b412e7.xml.macaon	118	6	les	le	det	det	_	7	det	_	_
5ec9b6ff-5900-4117-9dba-361687b412e7.xml.macaon	119	7	Xe	Xe	nc	nc	_	5	obj	_	_
5ec9b6ff-5900-4117-9dba-361687b412e7.xml.macaon	120	8	et	et	coo	coo	_	4	coord	_	_
5ec9b6ff-5900-4117-9dba-361687b412e7.xml.macaon	121	9	VIIIe	VIIIe	adj	adj	_	10	mod	_	_
5ec9b6ff-5900-4117-9dba-361687b412e7.xml.macaon	122	10	siècles	siècle	nc	nc	_	8	dep_coord	_	_
5ec9b6ff-5900-4117-9dba-361687b412e7.xml.macaon	123	11	av.	av.	nc	nc	_	10	mod	_	_

5ec9b6ff-5900-4117-9dba-361687b412e7.xml.macaon	124	1	J.-C.	J.-C.	nc	nc	_	_	_	_	_
5ec9b6ff-5900-4117-9dba-361687b412e7.xml.macaon	125	2	par	par	prep	prep	_	1	dep	_	_
5ec9b6ff-5900-4117-9dba-361687b412e7.xml.macaon	126	3	des	un	det	det	_	4	det	_	_
5ec9b6ff-5900-4117-9dba-361687b412e7.xml.macaon	127	4	Grecs	grec	nc	nc	_	2	obj	_	_
5ec9b6ff-5900-4117-9dba-361687b412e7.xml.macaon	128	5	venus	venir	vppart	vppart	_	4	mod	_	_
5ec9b6ff-5900-4117-9dba-361687b412e7.xml.macaon	129	6	de	de	prep	prep	_	4	dep	_	_
5ec9b6ff-5900-4117-9dba-361687b412e7.xml.macaon	130	7	Grèce	Grèce	np	np	_	6	obj	_	_
5ec9b6ff-5900-4117-9dba-361687b412e7.xml.macaon	131	8	continentale	continental	adj	adj	_	7	mod	_	_
5ec9b6ff-5900-4117-9dba-361687b412e7.xml.macaon	132	9	.	.	poncts	poncts	_	1	ponct	_	_

5ec9b6ff-5900-4117-9dba-361687b412e7.xml.macaon	133	1	Les	les	det	det	_	2	det	_	_
5ec9b6ff-5900-4117-9dba-361687b412e7.xml.macaon	134	2	colonies	colonie	nc	nc	_	_	_	_	_
5ec9b6ff-5900-4117-9dba-361687b412e7.xml.macaon	135	3	phocéennes	phocéen	nc	nc	_	2	mod	_	_

5ec9b6ff-5900-4117-9dba-361687b412e7.xml.macaon	136	1	Colonies	colonies	det	det	_	2	det	_	_
5ec9b6ff-5900-4117-9dba-361687b412e7.xml.macaon	137	2	phocéennes	phocéen	nc	nc	_	_	_	_	_
5ec9b6ff-5900-4117-9dba-361687b412e7.xml.macaon	138	3	de	de	prep	prep	_	2	dep	_	_
5ec9b6ff-5900-4117-9dba-361687b412e7.xml.macaon	139	4	la	le	det	det	_	5	det	_	_
5ec9b6ff-5900-4117-9dba-361687b412e7.xml.macaon	140	5	Grèce	Grèce	np	np	_	3	obj	_	_
5ec9b6ff-5900-4117-9dba-361687b412e7.xml.macaon	141	6	antique	antique	adj	adj	_	5	mod	_	_

5ec9b6ff-5900-4117-9dba-361687b412e7.xml.macaon	142	1	Les	les	det	det	_	2	det	_	_
5ec9b6ff-5900-4117-9dba-361687b412e7.xml.macaon	143	2	Phocéens	phocéen	nc	nc	_	4	suj	_	_
5ec9b6ff-5900-4117-9dba-361687b412e7.xml.macaon	144	3	ont	avoir	v	v	_	4	aux_tps	_	_
5ec9b6ff-5900-4117-9dba-361687b412e7.xml.macaon	145	4	fondé	fonder	vppart	vppart	_	_	_	_	_
5ec9b6ff-5900-4117-9dba-361687b412e7.xml.macaon	146	5	au	au	prep	prep	_	4	mod	_	_
5ec9b6ff-5900-4117-9dba-361687b412e7.xml.macaon	147	6	début	début	nc	nc	_	5	obj	_	_	B:Activity_start:TARGET:début:G:147
5ec9b6ff-5900-4117-9dba-361687b412e7.xml.macaon	148	7	du	du	prep	prep	_	4	mod	_	_	B:Activity_start:FE:Time:G:147
5ec9b6ff-5900-4117-9dba-361687b412e7.xml.macaon	149	8	VIe	VIe	adj	adj	_	9	mod	_	_	I:Activity_start:FE:Time:G:147
5ec9b6ff-5900-4117-9dba-361687b412e7.xml.macaon	150	9	siècle	siècle	nc	nc	_	7	obj	_	_	I:Activity_start:FE:Time:G:147
5ec9b6ff-5900-4117-9dba-361687b412e7.xml.macaon	151	10	un	un	det	det	_	12	det	_	_
5ec9b6ff-5900-4117-9dba-361687b412e7.xml.macaon	152	11	grand	grand	adj	adj	_	12	mod	_	_
5ec9b6ff-5900-4117-9dba-361687b412e7.xml.macaon	153	12	nombre	nombre	nc	nc	_	7	obj	_	_
5ec9b6ff-5900-4117-9dba-361687b412e7.xml.macaon	154	13	de	de	prep	prep	_	12	dep	_	_
5ec9b6ff-5900-4117-9dba-361687b412e7.xml.macaon	155	14	colonies	colonie	nc	nc	_	13	obj	_	_
5ec9b6ff-5900-4117-9dba-361687b412e7.xml.macaon	156	15	,	,	ponctw	ponctw	_	12	ponct	_	_
5ec9b6ff-5900-4117-9dba-361687b412e7.xml.macaon	157	16	qui	qui	prorel	prorel	_	17	suj	_	_
5ec9b6ff-5900-4117-9dba-361687b412e7.xml.macaon	158	17	étaient	étayer	v	v	_	12	mod_rel	_	_
5ec9b6ff-5900-4117-9dba-361687b412e7.xml.macaon	159	18	des	un	det	det	_	19	det	_	_
5ec9b6ff-5900-4117-9dba-361687b412e7.xml.macaon	160	19	comptoirs	comptoir	nc	nc	_	17	obj	_	_
5ec9b6ff-5900-4117-9dba-361687b412e7.xml.macaon	161	20	de	de	prep	prep	_	19	dep	_	_
5ec9b6ff-5900-4117-9dba-361687b412e7.xml.macaon	162	21	commerce	commerce	nc	nc	_	20	obj	_	_
5ec9b6ff-5900-4117-9dba-361687b412e7.xml.macaon	163	22	maritime	maritime	adj	adj	_	21	mod	_	_
5ec9b6ff-5900-4117-9dba-361687b412e7.xml.macaon	164	23	:	:	ponctw	ponctw	_	19	ponct	_	_

5ec9b6ff-5900-4117-9dba-361687b412e7.xml.macaon	165	1	Massalia	Massalia	np	np	_	11	__JOKER__	_	_
5ec9b6ff-5900-4117-9dba-361687b412e7.xml.macaon	166	2	(	(	ponctw	ponctw	_	1	ponct	_	_
5ec9b6ff-5900-4117-9dba-361687b412e7.xml.macaon	167	3	Marseille	Marseille	np	np	_	1	mod	_	_
5ec9b6ff-5900-4117-9dba-361687b412e7.xml.macaon	168	4	,	,	ponctw	ponctw	_	3	ponct	_	_
5ec9b6ff-5900-4117-9dba-361687b412e7.xml.macaon	169	5	d'où	d'où	adv	adv	_	11	mod	_	_
5ec9b6ff-5900-4117-9dba-361687b412e7.xml.macaon	170	6	son	son	det	det	_	7	det	_	_
5ec9b6ff-5900-4117-9dba-361687b412e7.xml.macaon	171	7	appellation	appellation	nc	nc	_	11	suj	_	_
5ec9b6ff-5900-4117-9dba-361687b412e7.xml.macaon	172	8	commune	commun	adj	adj	_	7	mod	_	_
5ec9b6ff-5900-4117-9dba-361687b412e7.xml.macaon	173	9	de	de	prep	prep	_	7	dep	_	_
5ec9b6ff-5900-4117-9dba-361687b412e7.xml.macaon	174	10	«	«	ponctw	ponctw	_	7	ponct	_	_
5ec9b6ff-5900-4117-9dba-361687b412e7.xml.macaon	175	11	cité	citer	vppart	vppart	_	_	_	_	_
5ec9b6ff-5900-4117-9dba-361687b412e7.xml.macaon	176	12	phocéenne	phocéen	nc	nc	_	11	obj	_	_
5ec9b6ff-5900-4117-9dba-361687b412e7.xml.macaon	177	13	»	»	ponctw	ponctw	_	12	ponct	_	_
5ec9b6ff-5900-4117-9dba-361687b412e7.xml.macaon	178	14	)	)	ponctw	ponctw	_	12	ponct	_	_
5ec9b6ff-5900-4117-9dba-361687b412e7.xml.macaon	179	15	,	,	ponctw	ponctw	_	11	ponct	_	_
5ec9b6ff-5900-4117-9dba-361687b412e7.xml.macaon	180	16	vers	vers	prep	prep	_	11	mod	_	_
5ec9b6ff-5900-4117-9dba-361687b412e7.xml.macaon	181	17	-	-	ponctw	ponctw	_	16	ponct	_	_
5ec9b6ff-5900-4117-9dba-361687b412e7.xml.macaon	182	18	600	600	nc	nc	_	16	obj	_	_
5ec9b6ff-5900-4117-9dba-361687b412e7.xml.macaon	183	19	;	;	ponctw	ponctw	_	18	ponct	_	_
5ec9b6ff-5900-4117-9dba-361687b412e7.xml.macaon	184	20	puis	puis	coo	coo	_	18	coord	_	_
5ec9b6ff-5900-4117-9dba-361687b412e7.xml.macaon	185	21	Avenio	Avenio	np	np	_	20	dep_coord	_	_
5ec9b6ff-5900-4117-9dba-361687b412e7.xml.macaon	186	22	(	(	ponctw	ponctw	_	21	ponct	_	_
5ec9b6ff-5900-4117-9dba-361687b412e7.xml.macaon	187	23	Avignon	Avignon	np	np	_	21	mod	_	_
5ec9b6ff-5900-4117-9dba-361687b412e7.xml.macaon	188	24	)	)	ponctw	ponctw	_	23	ponct	_	_
5ec9b6ff-5900-4117-9dba-361687b412e7.xml.macaon	189	25	,	,	ponctw	ponctw	_	26	ponct	_	_
5ec9b6ff-5900-4117-9dba-361687b412e7.xml.macaon	190	26	Agathè	Agathè	np	np	_	23	mod	_	_
5ec9b6ff-5900-4117-9dba-361687b412e7.xml.macaon	191	27	Tychè	Tychè	np	np	_	26	mod	_	_
5ec9b6ff-5900-4117-9dba-361687b412e7.xml.macaon	192	28	(	(	ponctw	ponctw	_	27	ponct	_	_
5ec9b6ff-5900-4117-9dba-361687b412e7.xml.macaon	193	29	Agde	Agde	np	np	_	26	mod	_	_
5ec9b6ff-5900-4117-9dba-361687b412e7.xml.macaon	194	30	)	)	ponctw	ponctw	_	29	ponct	_	_
5ec9b6ff-5900-4117-9dba-361687b412e7.xml.macaon	195	31	,	,	ponctw	ponctw	_	29	ponct	_	_
5ec9b6ff-5900-4117-9dba-361687b412e7.xml.macaon	196	32	Antipolis	Antipolis	np	np	_	29	mod	_	_
5ec9b6ff-5900-4117-9dba-361687b412e7.xml.macaon	197	33	(	(	ponctw	ponctw	_	32	ponct	_	_
5ec9b6ff-5900-4117-9dba-361687b412e7.xml.macaon	198	34	Antibes	Antibes	np	np	_	32	mod	_	_
5ec9b6ff-5900-4117-9dba-361687b412e7.xml.macaon	199	35	)	)	ponctw	ponctw	_	34	ponct	_	_
5ec9b6ff-5900-4117-9dba-361687b412e7.xml.macaon	200	36	et	et	coo	coo	_	34	coord	_	_
5ec9b6ff-5900-4117-9dba-361687b412e7.xml.macaon	201	37	Nikaia	Nikaia	np	np	_	36	dep_coord	_	_
5ec9b6ff-5900-4117-9dba-361687b412e7.xml.macaon	202	38	(	(	ponctw	ponctw	_	37	ponct	_	_
5ec9b6ff-5900-4117-9dba-361687b412e7.xml.macaon	203	39	Nice	Nice	np	np	_	36	dep_coord	_	_
5ec9b6ff-5900-4117-9dba-361687b412e7.xml.macaon	204	40	)	)	ponctw	ponctw	_	39	ponct	_	_
5ec9b6ff-5900-4117-9dba-361687b412e7.xml.macaon	205	41	;	;	ponctw	ponctw	_	39	ponct	_	_
5ec9b6ff-5900-4117-9dba-361687b412e7.xml.macaon	206	42	Alalia	Alalia	np	np	_	39	mod	_	_
5ec9b6ff-5900-4117-9dba-361687b412e7.xml.macaon	207	43	(	(	ponctw	ponctw	_	42	ponct	_	_
5ec9b6ff-5900-4117-9dba-361687b412e7.xml.macaon	208	44	actuelle	actuel	adj	adj	_	42	mod	_	_
5ec9b6ff-5900-4117-9dba-361687b412e7.xml.macaon	209	45	Aléria	Aléria	np	np	_	42	mod	_	_
5ec9b6ff-5900-4117-9dba-361687b412e7.xml.macaon	210	46	)	)	ponctw	ponctw	_	45	ponct	_	_
5ec9b6ff-5900-4117-9dba-361687b412e7.xml.macaon	211	47	,	,	ponctw	ponctw	_	45	ponct	_	_
5ec9b6ff-5900-4117-9dba-361687b412e7.xml.macaon	212	48	sur	sur	prep	prep	_	18	__JOKER__	_	_
5ec9b6ff-5900-4117-9dba-361687b412e7.xml.macaon	213	49	la	le	det	det	_	50	det	_	_
5ec9b6ff-5900-4117-9dba-361687b412e7.xml.macaon	214	50	côte	côte	nc	nc	_	48	obj	_	_
5ec9b6ff-5900-4117-9dba-361687b412e7.xml.macaon	215	51	orientale	oriental	adj	adj	_	50	mod	_	_
5ec9b6ff-5900-4117-9dba-361687b412e7.xml.macaon	216	52	de	de	prep	prep	_	50	dep	_	_
5ec9b6ff-5900-4117-9dba-361687b412e7.xml.macaon	217	53	la	le	det	det	_	54	det	_	_
5ec9b6ff-5900-4117-9dba-361687b412e7.xml.macaon	218	54	Corse	Corse	np	np	_	52	obj	_	_
5ec9b6ff-5900-4117-9dba-361687b412e7.xml.macaon	219	55	,	,	ponctw	ponctw	_	54	ponct	_	_
5ec9b6ff-5900-4117-9dba-361687b412e7.xml.macaon	220	56	face#à	face#à	prep	prep	_	18	__JOKER__	_	_
5ec9b6ff-5900-4117-9dba-361687b412e7.xml.macaon	221	57	l'	le	det	det	_	58	det	_	_
5ec9b6ff-5900-4117-9dba-361687b412e7.xml.macaon	222	58	Étrurie	Étrurie	nc	nc	_	56	obj	_	_
5ec9b6ff-5900-4117-9dba-361687b412e7.xml.macaon	223	59	,	,	ponctw	ponctw	_	58	ponct	_	_
5ec9b6ff-5900-4117-9dba-361687b412e7.xml.macaon	224	60	vers	vers	prep	prep	_	18	__JOKER__	_	_
5ec9b6ff-5900-4117-9dba-361687b412e7.xml.macaon	225	61	-	-	ponctw	ponctw	_	60	ponct	_	_
5ec9b6ff-5900-4117-9dba-361687b412e7.xml.macaon	226	62	545	545	nc	nc	_	60	obj	_	_
5ec9b6ff-5900-4117-9dba-361687b412e7.xml.macaon	227	63	.	.	poncts	poncts	_	18	ponct	_	_

5ec9b6ff-5900-4117-9dba-361687b412e7.xml.macaon	228	1	Élée	Élée	vppart	vppart	_	_	_	_	_
5ec9b6ff-5900-4117-9dba-361687b412e7.xml.macaon	229	2	(	(	ponctw	ponctw	_	1	ponct	_	_
5ec9b6ff-5900-4117-9dba-361687b412e7.xml.macaon	230	3	Vélia	Vélia	np	np	_	1	__JOKER__	_	_
5ec9b6ff-5900-4117-9dba-361687b412e7.xml.macaon	231	4	)	)	ponctw	ponctw	_	3	ponct	_	_
5ec9b6ff-5900-4117-9dba-361687b412e7.xml.macaon	232	5	,	,	ponctw	ponctw	_	1	ponct	_	_
5ec9b6ff-5900-4117-9dba-361687b412e7.xml.macaon	233	6	dans	dans	prep	prep	_	1	mod	_	_
5ec9b6ff-5900-4117-9dba-361687b412e7.xml.macaon	234	7	le	le	det	det	_	8	det	_	_
5ec9b6ff-5900-4117-9dba-361687b412e7.xml.macaon	235	8	Sud	Sud	np	np	_	6	obj	_	_
5ec9b6ff-5900-4117-9dba-361687b412e7.xml.macaon	236	9	de#l'	de#l'	prep	prep	_	6	obj	_	_
5ec9b6ff-5900-4117-9dba-361687b412e7.xml.macaon	237	10	Italie	Italie	np	np	_	9	obj	_	_
5ec9b6ff-5900-4117-9dba-361687b412e7.xml.macaon	238	11	,	,	ponctw	ponctw	_	10	ponct	_	_
5ec9b6ff-5900-4117-9dba-361687b412e7.xml.macaon	239	12	patrie	patrie	nc	nc	_	9	obj	_	_
5ec9b6ff-5900-4117-9dba-361687b412e7.xml.macaon	240	13	des	des	prep	prep	_	12	dep	_	_
5ec9b6ff-5900-4117-9dba-361687b412e7.xml.macaon	241	14	philosophes	philosophe	nc	nc	_	13	obj	_	_
5ec9b6ff-5900-4117-9dba-361687b412e7.xml.macaon	242	15	Parménide	Parménide	np	np	_	14	mod	_	_
5ec9b6ff-5900-4117-9dba-361687b412e7.xml.macaon	243	16	et	et	coo	coo	_	15	coord	_	_
5ec9b6ff-5900-4117-9dba-361687b412e7.xml.macaon	244	17	Zénon	Zénon	adv	adv	_	16	mod	_	_
5ec9b6ff-5900-4117-9dba-361687b412e7.xml.macaon	245	18	d'	un	det	det	_	19	det	_	_
5ec9b6ff-5900-4117-9dba-361687b412e7.xml.macaon	246	19	Élée	Élée	nc	nc	_	16	dep_coord	_	_
5ec9b6ff-5900-4117-9dba-361687b412e7.xml.macaon	247	20	;	;	ponctw	ponctw	_	16	ponct	_	_
5ec9b6ff-5900-4117-9dba-361687b412e7.xml.macaon	248	21	Emporion	Emporion	np	np	_	14	mod	_	_
5ec9b6ff-5900-4117-9dba-361687b412e7.xml.macaon	249	22	(	(	ponctw	ponctw	_	21	ponct	_	_
5ec9b6ff-5900-4117-9dba-361687b412e7.xml.macaon	250	23	Empuries	Empuries	nc	nc	_	21	mod	_	_
5ec9b6ff-5900-4117-9dba-361687b412e7.xml.macaon	251	24	)	)	ponctw	ponctw	_	23	ponct	_	_
5ec9b6ff-5900-4117-9dba-361687b412e7.xml.macaon	252	25	,	,	ponctw	ponctw	_	23	ponct	_	_
5ec9b6ff-5900-4117-9dba-361687b412e7.xml.macaon	253	26	en	en	prep	prep	_	23	dep	_	_
5ec9b6ff-5900-4117-9dba-361687b412e7.xml.macaon	254	27	Espagne	Espagne	np	np	_	26	obj	_	_
5ec9b6ff-5900-4117-9dba-361687b412e7.xml.macaon	255	28	.	.	poncts	poncts	_	14	ponct	_	_

5ec9b6ff-5900-4117-9dba-361687b412e7.xml.macaon	256	1	Destruction	destruction	nc	nc	_	_	_	_	_
5ec9b6ff-5900-4117-9dba-361687b412e7.xml.macaon	257	2	de	de	prep	prep	_	1	dep	_	_
5ec9b6ff-5900-4117-9dba-361687b412e7.xml.macaon	258	3	la	le	det	det	_	4	det	_	_
5ec9b6ff-5900-4117-9dba-361687b412e7.xml.macaon	259	4	ville	ville	nc	nc	_	2	obj	_	_
5ec9b6ff-5900-4117-9dba-361687b412e7.xml.macaon	260	5	et	et	coo	coo	_	4	coord	_	_
5ec9b6ff-5900-4117-9dba-361687b412e7.xml.macaon	261	6	diaspora	diaspora	nc	nc	_	5	dep_coord	_	_
5ec9b6ff-5900-4117-9dba-361687b412e7.xml.macaon	262	7	phocéenne	phocéen	nc	nc	_	6	mod	_	_

5ec9b6ff-5900-4117-9dba-361687b412e7.xml.macaon	263	1	En	en	prep	prep	_	_	_	_	_
5ec9b6ff-5900-4117-9dba-361687b412e7.xml.macaon	264	2	546	546	det	det	_	3	det	_	_
5ec9b6ff-5900-4117-9dba-361687b412e7.xml.macaon	265	3	av.	av.	nc	nc	_	1	obj	_	_

5ec9b6ff-5900-4117-9dba-361687b412e7.xml.macaon	266	1	J.-C.	Jésus-Christ	np	np	_	4	suj	_	_
5ec9b6ff-5900-4117-9dba-361687b412e7.xml.macaon	267	2	,	,	ponctw	ponctw	_	1	ponct	_	_
5ec9b6ff-5900-4117-9dba-361687b412e7.xml.macaon	268	3	Phocée	Phocée	np	np	_	1	mod	_	_
5ec9b6ff-5900-4117-9dba-361687b412e7.xml.macaon	269	4	est	être	v	v	_	5	aux_tps	_	_
5ec9b6ff-5900-4117-9dba-361687b412e7.xml.macaon	270	5	prise	prendre	vppart	vppart	_	_	_	_	_
5ec9b6ff-5900-4117-9dba-361687b412e7.xml.macaon	271	6	par	par	prep	prep	_	5	mod	_	_
5ec9b6ff-5900-4117-9dba-361687b412e7.xml.macaon	272	7	les	le	det	det	_	8	det	_	_
5ec9b6ff-5900-4117-9dba-361687b412e7.xml.macaon	273	8	Perses	perse	nc	nc	_	6	obj	_	_
5ec9b6ff-5900-4117-9dba-361687b412e7.xml.macaon	274	9	de	de	prep	prep	_	8	dep	_	_
5ec9b6ff-5900-4117-9dba-361687b412e7.xml.macaon	275	10	Cyrus	Cyrus	np	np	_	9	obj	_	_
5ec9b6ff-5900-4117-9dba-361687b412e7.xml.macaon	276	11	le	le	det	det	_	12	det	_	_
5ec9b6ff-5900-4117-9dba-361687b412e7.xml.macaon	277	12	Grand	Grand	np	np	_	9	obj	_	_
5ec9b6ff-5900-4117-9dba-361687b412e7.xml.macaon	278	13	.	.	poncts	poncts	_	5	ponct	_	_

5ec9b6ff-5900-4117-9dba-361687b412e7.xml.macaon	279	1	Les	les	det	det	_	2	det	_	_
5ec9b6ff-5900-4117-9dba-361687b412e7.xml.macaon	280	2	habitants	habitant	nc	nc	_	4	suj	_	_
5ec9b6ff-5900-4117-9dba-361687b412e7.xml.macaon	281	3	s'	s'	clr	clr	_	4	aff	_	_
5ec9b6ff-5900-4117-9dba-361687b412e7.xml.macaon	282	4	enfuient	enfuir	v	v	_	_	_	_	_
5ec9b6ff-5900-4117-9dba-361687b412e7.xml.macaon	283	5	et	et	coo	coo	_	4	coord	_	_
5ec9b6ff-5900-4117-9dba-361687b412e7.xml.macaon	284	6	vont	aller	v	v	_	5	dep_coord	_	_
5ec9b6ff-5900-4117-9dba-361687b412e7.xml.macaon	285	7	se	se	clr	clr	_	8	aff	_	_
5ec9b6ff-5900-4117-9dba-361687b412e7.xml.macaon	286	8	réfugier	réfugier	vinf	vinf	_	6	obj	_	_
5ec9b6ff-5900-4117-9dba-361687b412e7.xml.macaon	287	9	dans	dans	prep	prep	_	8	mod	_	_
5ec9b6ff-5900-4117-9dba-361687b412e7.xml.macaon	288	10	leurs	son	det	det	_	11	det	_	_
5ec9b6ff-5900-4117-9dba-361687b412e7.xml.macaon	289	11	colonies	colonie	nc	nc	_	9	obj	_	_
5ec9b6ff-5900-4117-9dba-361687b412e7.xml.macaon	290	12	,	,	ponctw	ponctw	_	8	ponct	_	_
5ec9b6ff-5900-4117-9dba-361687b412e7.xml.macaon	291	13	contribuant	contribuer	vprespart	vprespart	_	5	__JOKER__	_	_
5ec9b6ff-5900-4117-9dba-361687b412e7.xml.macaon	292	14	ainsi	ainsi	adv	adv	_	13	__JOKER__	_	_
5ec9b6ff-5900-4117-9dba-361687b412e7.xml.macaon	293	15	à	à	prep	prep	_	13	mod	_	_
5ec9b6ff-5900-4117-9dba-361687b412e7.xml.macaon	294	16	leur	son	det	det	_	17	det	_	_
5ec9b6ff-5900-4117-9dba-361687b412e7.xml.macaon	295	17	développement	développement	nc	nc	_	15	obj	_	_
5ec9b6ff-5900-4117-9dba-361687b412e7.xml.macaon	296	18	.	.	poncts	poncts	_	4	ponct	_	_

5ec9b6ff-5900-4117-9dba-361687b412e7.xml.macaon	297	1	Cependant	cependant	adv	adv	_	11	mod	_	_
5ec9b6ff-5900-4117-9dba-361687b412e7.xml.macaon	298	2	,	,	ponctw	ponctw	_	11	ponct	_	_
5ec9b6ff-5900-4117-9dba-361687b412e7.xml.macaon	299	3	le	le	det	det	_	4	det	_	_	B:Buildings:FE:Place:G:312
5ec9b6ff-5900-4117-9dba-361687b412e7.xml.macaon	300	4	site	site	nc	nc	_	11	suj	_	_	I:Buildings:FE:Place:G:312
5ec9b6ff-5900-4117-9dba-361687b412e7.xml.macaon	301	5	de	de	prep	prep	_	4	dep	_	_	I:Buildings:FE:Place:G:312
5ec9b6ff-5900-4117-9dba-361687b412e7.xml.macaon	302	6	Phocée	Phocée	np	np	_	5	obj	_	_	I:Buildings:FE:Place:G:312
5ec9b6ff-5900-4117-9dba-361687b412e7.xml.macaon	303	7	n'	n'	advneg	advneg	_	11	mod	_	_
5ec9b6ff-5900-4117-9dba-361687b412e7.xml.macaon	304	8	est	être	v	v	_	11	aux_tps	_	_
5ec9b6ff-5900-4117-9dba-361687b412e7.xml.macaon	305	9	pas	pas	advneg	advneg	_	11	mod	_	_
5ec9b6ff-5900-4117-9dba-361687b412e7.xml.macaon	306	10	complètement	complètement	adv	adv	_	11	mod	_	_
5ec9b6ff-5900-4117-9dba-361687b412e7.xml.macaon	307	11	abandonné	abandonner	vppart	vppart	_	_	_	_	_
5ec9b6ff-5900-4117-9dba-361687b412e7.xml.macaon	308	12	:	:	ponctw	ponctw	_	11	ponct	_	_
5ec9b6ff-5900-4117-9dba-361687b412e7.xml.macaon	309	13	un	un	det	det	_	14	det	_	_	B:Buildings:FE:Created_entity:G:312
5ec9b6ff-5900-4117-9dba-361687b412e7.xml.macaon	310	14	théâtre	théâtre	nc	nc	_	16	suj	_	_	I:Buildings:FE:Created_entity:G:312
5ec9b6ff-5900-4117-9dba-361687b412e7.xml.macaon	311	15	est	être	v	v	_	16	aux_tps	_	_
5ec9b6ff-5900-4117-9dba-361687b412e7.xml.macaon	312	16	construit	construire	vppart	vppart	_	11	__JOKER__	_	_	B:Buildings:TARGET:construire:G:312
5ec9b6ff-5900-4117-9dba-361687b412e7.xml.macaon	313	17	au	au	prep	prep	_	16	mod	_	_
5ec9b6ff-5900-4117-9dba-361687b412e7.xml.macaon	314	18	IVe	IVe	adj	adj	_	19	mod	_	_
5ec9b6ff-5900-4117-9dba-361687b412e7.xml.macaon	315	19	siècle	siècle	nc	nc	_	17	obj	_	_
5ec9b6ff-5900-4117-9dba-361687b412e7.xml.macaon	316	20	av.	av.	nc	nc	_	19	mod	_	_

5ec9b6ff-5900-4117-9dba-361687b412e7.xml.macaon	317	1	J.-C.	J.-C.	adv	adv	_	7	mod	_	_
5ec9b6ff-5900-4117-9dba-361687b412e7.xml.macaon	318	2	Le	Le	det	det	_	3	det	_	_
5ec9b6ff-5900-4117-9dba-361687b412e7.xml.macaon	319	3	temple	temple	nc	nc	_	7	suj	_	_
5ec9b6ff-5900-4117-9dba-361687b412e7.xml.macaon	320	4	d'	de	prep	prep	_	3	dep	_	_
5ec9b6ff-5900-4117-9dba-361687b412e7.xml.macaon	321	5	Athéna	Athéna	np	np	_	4	obj	_	_
5ec9b6ff-5900-4117-9dba-361687b412e7.xml.macaon	322	6	s'	s'	clr	clr	_	7	aff	_	_
5ec9b6ff-5900-4117-9dba-361687b412e7.xml.macaon	323	7	effondre	effondrer	v	v	_	_	_	_	_
5ec9b6ff-5900-4117-9dba-361687b412e7.xml.macaon	324	8	à	à	prep	prep	_	7	a_obj	_	_
5ec9b6ff-5900-4117-9dba-361687b412e7.xml.macaon	325	9	la	le	det	det	_	10	det	_	_
5ec9b6ff-5900-4117-9dba-361687b412e7.xml.macaon	326	10	suite	suite	nc	nc	_	8	obj	_	_
5ec9b6ff-5900-4117-9dba-361687b412e7.xml.macaon	327	11	d'	de	prep	prep	_	10	dep	_	_
5ec9b6ff-5900-4117-9dba-361687b412e7.xml.macaon	328	12	un	un	det	det	_	13	det	_	_
5ec9b6ff-5900-4117-9dba-361687b412e7.xml.macaon	329	13	tremblement	tremblement	nc	nc	_	11	obj	_	_
5ec9b6ff-5900-4117-9dba-361687b412e7.xml.macaon	330	14	de	de	prep	prep	_	13	dep	_	_
5ec9b6ff-5900-4117-9dba-361687b412e7.xml.macaon	331	15	terre	terre	nc	nc	_	14	obj	_	_
5ec9b6ff-5900-4117-9dba-361687b412e7.xml.macaon	332	16	au	au	prep	prep	_	15	dep	_	_
5ec9b6ff-5900-4117-9dba-361687b412e7.xml.macaon	333	17	IIe	IIe	adj	adj	_	18	mod	_	_
5ec9b6ff-5900-4117-9dba-361687b412e7.xml.macaon	334	18	siècle	siècle	nc	nc	_	16	obj	_	_
5ec9b6ff-5900-4117-9dba-361687b412e7.xml.macaon	335	19	ap	ap	nc	nc	_	18	mod	_	_
5ec9b6ff-5900-4117-9dba-361687b412e7.xml.macaon	336	20	.	.	poncts	poncts	_	7	ponct	_	_

5ec9b6ff-5900-4117-9dba-361687b412e7.xml.macaon	337	1	J.-C.	Jésus-Christ	np	np	_	_	_	_	_
5ec9b6ff-5900-4117-9dba-361687b412e7.xml.macaon	338	2	,	,	ponctw	ponctw	_	1	ponct	_	_
5ec9b6ff-5900-4117-9dba-361687b412e7.xml.macaon	339	3	mais	mais	coo	coo	_	1	coord	_	_
5ec9b6ff-5900-4117-9dba-361687b412e7.xml.macaon	340	4	il	il	cln	cln	_	6	suj	_	_
5ec9b6ff-5900-4117-9dba-361687b412e7.xml.macaon	341	5	est	être	v	v	_	6	aux_tps	_	_
5ec9b6ff-5900-4117-9dba-361687b412e7.xml.macaon	342	6	reconstruit	reconstruire	vppart	vppart	_	3	dep_coord	_	_
5ec9b6ff-5900-4117-9dba-361687b412e7.xml.macaon	343	7	en	en	prep	prep	_	6	mod	_	_
5ec9b6ff-5900-4117-9dba-361687b412e7.xml.macaon	344	8	marbre	marbre	nc	nc	_	7	obj	_	_
5ec9b6ff-5900-4117-9dba-361687b412e7.xml.macaon	345	9	par	par	prep	prep	_	6	mod	_	_
5ec9b6ff-5900-4117-9dba-361687b412e7.xml.macaon	346	10	les	le	det	det	_	11	det	_	_
5ec9b6ff-5900-4117-9dba-361687b412e7.xml.macaon	347	11	Romains	romain	nc	nc	_	9	obj	_	_
5ec9b6ff-5900-4117-9dba-361687b412e7.xml.macaon	348	12	.	.	poncts	poncts	_	3	__JOKER__	_	_

5ec9b6ff-5900-4117-9dba-361687b412e7.xml.macaon	349	1	38	38	det	det	_	2	det	_	_
5ec9b6ff-5900-4117-9dba-361687b412e7.xml.macaon	350	2	°	degré	nc	nc	_	_	_	_	_
5ec9b6ff-5900-4117-9dba-361687b412e7.xml.macaon	351	3	40	40	adj	adj	_	2	mod	_	_
5ec9b6ff-5900-4117-9dba-361687b412e7.xml.macaon	352	4	′	′	prep	prep	_	2	dep	_	_
5ec9b6ff-5900-4117-9dba-361687b412e7.xml.macaon	353	5	03	03	det	det	_	6	det	_	_
5ec9b6ff-5900-4117-9dba-361687b412e7.xml.macaon	354	6	″	″	nc	nc	_	4	obj	_	_
5ec9b6ff-5900-4117-9dba-361687b412e7.xml.macaon	355	7	N	N	prep	prep	_	6	dep	_	_
5ec9b6ff-5900-4117-9dba-361687b412e7.xml.macaon	356	8	26	26	det	det	_	9	det	_	_
5ec9b6ff-5900-4117-9dba-361687b412e7.xml.macaon	357	9	°	degré	nc	nc	_	7	obj	_	_
5ec9b6ff-5900-4117-9dba-361687b412e7.xml.macaon	358	10	45	45	adj	adj	_	9	mod	_	_
5ec9b6ff-5900-4117-9dba-361687b412e7.xml.macaon	359	11	′	′	prep	prep	_	9	dep	_	_
5ec9b6ff-5900-4117-9dba-361687b412e7.xml.macaon	360	12	29	29	det	det	_	13	det	_	_
5ec9b6ff-5900-4117-9dba-361687b412e7.xml.macaon	361	13	″	″	nc	nc	_	11	obj	_	_
5ec9b6ff-5900-4117-9dba-361687b412e7.xml.macaon	362	14	E	E	adj	adj	_	13	mod	_	_
5ec9b6ff-5900-4117-9dba-361687b412e7.xml.macaon	363	15	/	/	ponctw	ponctw	_	13	ponct	_	_
5ec9b6ff-5900-4117-9dba-361687b412e7.xml.macaon	364	16	38.667502	38.667502	nc	nc	_	13	mod	_	_
5ec9b6ff-5900-4117-9dba-361687b412e7.xml.macaon	365	17	,	,	ponctw	ponctw	_	16	ponct	_	_
5ec9b6ff-5900-4117-9dba-361687b412e7.xml.macaon	366	18	26.758039	26.758039	nc	nc	_	16	mod	_	_
