62cf4352-419b-4f0f-9d05-cf8196af63d6.xml.macaon	0	1	vikidia	vikidia	nc	nc	_	_	_	_	_

62cf4352-419b-4f0f-9d05-cf8196af63d6.xml.macaon	1	1	62cf4352	62cf4352	adj	adj	_	3	mod	_	_
62cf4352-419b-4f0f-9d05-cf8196af63d6.xml.macaon	2	2	-	-	ponctw	ponctw	_	1	ponct	_	_
62cf4352-419b-4f0f-9d05-cf8196af63d6.xml.macaon	3	3	419b	419b	nc	nc	_	_	_	_	_
62cf4352-419b-4f0f-9d05-cf8196af63d6.xml.macaon	4	4	-	-	ponctw	ponctw	_	3	ponct	_	_
62cf4352-419b-4f0f-9d05-cf8196af63d6.xml.macaon	5	5	4f0f	4f0f	nc	nc	_	3	mod	_	_
62cf4352-419b-4f0f-9d05-cf8196af63d6.xml.macaon	6	6	-	-	ponctw	ponctw	_	5	ponct	_	_
62cf4352-419b-4f0f-9d05-cf8196af63d6.xml.macaon	7	7	9d05	9d05	adj	adj	_	5	mod	_	_
62cf4352-419b-4f0f-9d05-cf8196af63d6.xml.macaon	8	8	-	-	ponctw	ponctw	_	5	ponct	_	_
62cf4352-419b-4f0f-9d05-cf8196af63d6.xml.macaon	9	9	cf8196af63d6	cf8196af63d6	nc	nc	_	5	mod	_	_

62cf4352-419b-4f0f-9d05-cf8196af63d6.xml.macaon	10	1	ADDED	ADDED	nc	nc	_	_	_	_	_

62cf4352-419b-4f0f-9d05-cf8196af63d6.xml.macaon	11	1	2016	2016	adj	adj	_	3	mod	_	_
62cf4352-419b-4f0f-9d05-cf8196af63d6.xml.macaon	12	2	-	-	ponctw	ponctw	_	1	ponct	_	_
62cf4352-419b-4f0f-9d05-cf8196af63d6.xml.macaon	13	3	06	06	nc	nc	_	_	_	_	_
62cf4352-419b-4f0f-9d05-cf8196af63d6.xml.macaon	14	4	-	-	ponctw	ponctw	_	3	ponct	_	_
62cf4352-419b-4f0f-9d05-cf8196af63d6.xml.macaon	15	5	15T14	15T14	nc	nc	_	3	mod	_	_
62cf4352-419b-4f0f-9d05-cf8196af63d6.xml.macaon	16	6	:	:	ponctw	ponctw	_	5	ponct	_	_
62cf4352-419b-4f0f-9d05-cf8196af63d6.xml.macaon	17	7	52	52	det	det	_	9	det	_	_
62cf4352-419b-4f0f-9d05-cf8196af63d6.xml.macaon	18	8	:	:	ponctw	ponctw	_	9	ponct	_	_
62cf4352-419b-4f0f-9d05-cf8196af63d6.xml.macaon	19	9	29Z	29Z	nc	nc	_	5	mod	_	_

62cf4352-419b-4f0f-9d05-cf8196af63d6.xml.macaon	20	1	Boxe	boxe	nc	nc	_	_	_	_	_
62cf4352-419b-4f0f-9d05-cf8196af63d6.xml.macaon	21	2	antique	antique	adj	adj	_	1	mod	_	_

62cf4352-419b-4f0f-9d05-cf8196af63d6.xml.macaon	22	1	Le	le	det	det	_	2	det	_	_
62cf4352-419b-4f0f-9d05-cf8196af63d6.xml.macaon	23	2	pugilat	pugilat	nc	nc	_	_	_	_	_
62cf4352-419b-4f0f-9d05-cf8196af63d6.xml.macaon	24	3	ou	ou	coo	coo	_	2	coord	_	_
62cf4352-419b-4f0f-9d05-cf8196af63d6.xml.macaon	25	4	boxe	boxe	nc	nc	_	3	dep_coord	_	_
62cf4352-419b-4f0f-9d05-cf8196af63d6.xml.macaon	26	5	est	être	v	v	_	3	dep_coord	_	_
62cf4352-419b-4f0f-9d05-cf8196af63d6.xml.macaon	27	6	un	un	det	det	_	7	det	_	_
62cf4352-419b-4f0f-9d05-cf8196af63d6.xml.macaon	28	7	sport	sport	nc	nc	_	5	ats	_	_
62cf4352-419b-4f0f-9d05-cf8196af63d6.xml.macaon	29	8	pratiqué	pratiquer	vppart	vppart	_	7	mod	_	_
62cf4352-419b-4f0f-9d05-cf8196af63d6.xml.macaon	30	9	par	par	prep	prep	_	8	p_obj	_	_
62cf4352-419b-4f0f-9d05-cf8196af63d6.xml.macaon	31	10	les	le	det	det	_	11	det	_	_
62cf4352-419b-4f0f-9d05-cf8196af63d6.xml.macaon	32	11	Grecs	Grecs	np	np	_	9	obj	_	_
62cf4352-419b-4f0f-9d05-cf8196af63d6.xml.macaon	33	12	et	et	coo	coo	_	11	coord	_	_
62cf4352-419b-4f0f-9d05-cf8196af63d6.xml.macaon	34	13	les	le	det	det	_	14	det	_	_
62cf4352-419b-4f0f-9d05-cf8196af63d6.xml.macaon	35	14	Romains	romain	nc	nc	_	9	obj	_	_
62cf4352-419b-4f0f-9d05-cf8196af63d6.xml.macaon	36	15	dans	dans	prep	prep	_	8	mod	_	_
62cf4352-419b-4f0f-9d05-cf8196af63d6.xml.macaon	37	16	l'	le	det	det	_	17	det	_	_
62cf4352-419b-4f0f-9d05-cf8196af63d6.xml.macaon	38	17	Antiquité	antiquité	nc	nc	_	15	obj	_	_
62cf4352-419b-4f0f-9d05-cf8196af63d6.xml.macaon	39	18	.	.	poncts	poncts	_	5	ponct	_	_

62cf4352-419b-4f0f-9d05-cf8196af63d6.xml.macaon	40	1	C'	C'	cln	cln	_	2	suj	_	_
62cf4352-419b-4f0f-9d05-cf8196af63d6.xml.macaon	41	2	est	être	v	v	_	_	_	_	_
62cf4352-419b-4f0f-9d05-cf8196af63d6.xml.macaon	42	3	une	un	det	det	_	4	det	_	_
62cf4352-419b-4f0f-9d05-cf8196af63d6.xml.macaon	43	4	épreuve	épreuve	nc	nc	_	2	ats	_	_
62cf4352-419b-4f0f-9d05-cf8196af63d6.xml.macaon	44	5	sportive	sportif	adj	adj	_	4	mod	_	_
62cf4352-419b-4f0f-9d05-cf8196af63d6.xml.macaon	45	6	opposant	opposer	vprespart	vprespart	_	5	__JOKER__	_	_
62cf4352-419b-4f0f-9d05-cf8196af63d6.xml.macaon	46	7	deux	deux	det	det	_	8	det	_	_
62cf4352-419b-4f0f-9d05-cf8196af63d6.xml.macaon	47	8	combattants	combattant	nc	nc	_	2	obj	_	_
62cf4352-419b-4f0f-9d05-cf8196af63d6.xml.macaon	48	9	qui	qui	prorel	prorel	_	11	suj	_	_
62cf4352-419b-4f0f-9d05-cf8196af63d6.xml.macaon	49	10	se	se	clr	clr	_	11	aff	_	_
62cf4352-419b-4f0f-9d05-cf8196af63d6.xml.macaon	50	11	donnent	donner	v	v	_	8	mod_rel	_	_	B:OTHER:G
62cf4352-419b-4f0f-9d05-cf8196af63d6.xml.macaon	51	12	des	un	det	det	_	13	det	_	_
62cf4352-419b-4f0f-9d05-cf8196af63d6.xml.macaon	52	13	coups	coup	nc	nc	_	11	obj	_	_
62cf4352-419b-4f0f-9d05-cf8196af63d6.xml.macaon	53	14	de	de	prep	prep	_	13	dep	_	_
62cf4352-419b-4f0f-9d05-cf8196af63d6.xml.macaon	54	15	poings	poing	nc	nc	_	14	obj	_	_
62cf4352-419b-4f0f-9d05-cf8196af63d6.xml.macaon	55	16	.	.	poncts	poncts	_	2	ponct	_	_

62cf4352-419b-4f0f-9d05-cf8196af63d6.xml.macaon	56	1	Antiquité	antiquité	nc	nc	_	_	_	_	_

62cf4352-419b-4f0f-9d05-cf8196af63d6.xml.macaon	57	1	Boxe	boxe	nc	nc	_	_	_	_	_
62cf4352-419b-4f0f-9d05-cf8196af63d6.xml.macaon	58	2	antique	antique	adj	adj	_	1	mod	_	_

62cf4352-419b-4f0f-9d05-cf8196af63d6.xml.macaon	59	1	Le	le	det	det	_	2	det	_	_
62cf4352-419b-4f0f-9d05-cf8196af63d6.xml.macaon	60	2	pugilat	pugilat	nc	nc	_	_	_	_	_
62cf4352-419b-4f0f-9d05-cf8196af63d6.xml.macaon	61	3	ou	ou	coo	coo	_	2	coord	_	_
62cf4352-419b-4f0f-9d05-cf8196af63d6.xml.macaon	62	4	boxe	boxe	nc	nc	_	3	dep_coord	_	_
62cf4352-419b-4f0f-9d05-cf8196af63d6.xml.macaon	63	5	est	être	v	v	_	3	dep_coord	_	_
62cf4352-419b-4f0f-9d05-cf8196af63d6.xml.macaon	64	6	un	un	det	det	_	7	det	_	_
62cf4352-419b-4f0f-9d05-cf8196af63d6.xml.macaon	65	7	sport	sport	nc	nc	_	5	ats	_	_
62cf4352-419b-4f0f-9d05-cf8196af63d6.xml.macaon	66	8	pratiqué	pratiquer	vppart	vppart	_	7	mod	_	_
62cf4352-419b-4f0f-9d05-cf8196af63d6.xml.macaon	67	9	par	par	prep	prep	_	8	p_obj	_	_
62cf4352-419b-4f0f-9d05-cf8196af63d6.xml.macaon	68	10	les	le	det	det	_	11	det	_	_
62cf4352-419b-4f0f-9d05-cf8196af63d6.xml.macaon	69	11	Grecs	Grecs	np	np	_	9	obj	_	_
62cf4352-419b-4f0f-9d05-cf8196af63d6.xml.macaon	70	12	et	et	coo	coo	_	11	coord	_	_
62cf4352-419b-4f0f-9d05-cf8196af63d6.xml.macaon	71	13	les	le	det	det	_	14	det	_	_
62cf4352-419b-4f0f-9d05-cf8196af63d6.xml.macaon	72	14	Romains	romain	nc	nc	_	9	obj	_	_
62cf4352-419b-4f0f-9d05-cf8196af63d6.xml.macaon	73	15	dans	dans	prep	prep	_	8	mod	_	_
62cf4352-419b-4f0f-9d05-cf8196af63d6.xml.macaon	74	16	l'	le	det	det	_	17	det	_	_
62cf4352-419b-4f0f-9d05-cf8196af63d6.xml.macaon	75	17	Antiquité	antiquité	nc	nc	_	15	obj	_	_
62cf4352-419b-4f0f-9d05-cf8196af63d6.xml.macaon	76	18	.	.	poncts	poncts	_	5	ponct	_	_

62cf4352-419b-4f0f-9d05-cf8196af63d6.xml.macaon	77	1	C'	C'	cln	cln	_	2	suj	_	_
62cf4352-419b-4f0f-9d05-cf8196af63d6.xml.macaon	78	2	est	être	v	v	_	_	_	_	_
62cf4352-419b-4f0f-9d05-cf8196af63d6.xml.macaon	79	3	une	un	det	det	_	4	det	_	_
62cf4352-419b-4f0f-9d05-cf8196af63d6.xml.macaon	80	4	épreuve	épreuve	nc	nc	_	2	ats	_	_
62cf4352-419b-4f0f-9d05-cf8196af63d6.xml.macaon	81	5	sportive	sportif	adj	adj	_	4	mod	_	_
62cf4352-419b-4f0f-9d05-cf8196af63d6.xml.macaon	82	6	opposant	opposer	vprespart	vprespart	_	5	__JOKER__	_	_
62cf4352-419b-4f0f-9d05-cf8196af63d6.xml.macaon	83	7	deux	deux	det	det	_	8	det	_	_
62cf4352-419b-4f0f-9d05-cf8196af63d6.xml.macaon	84	8	combattants	combattant	nc	nc	_	2	obj	_	_
62cf4352-419b-4f0f-9d05-cf8196af63d6.xml.macaon	85	9	qui	qui	prorel	prorel	_	11	suj	_	_
62cf4352-419b-4f0f-9d05-cf8196af63d6.xml.macaon	86	10	se	se	clr	clr	_	11	aff	_	_
62cf4352-419b-4f0f-9d05-cf8196af63d6.xml.macaon	87	11	donnent	donner	v	v	_	8	mod_rel	_	_	B:OTHER:G
62cf4352-419b-4f0f-9d05-cf8196af63d6.xml.macaon	88	12	des	un	det	det	_	13	det	_	_
62cf4352-419b-4f0f-9d05-cf8196af63d6.xml.macaon	89	13	coups	coup	nc	nc	_	11	obj	_	_
62cf4352-419b-4f0f-9d05-cf8196af63d6.xml.macaon	90	14	de	de	prep	prep	_	13	dep	_	_
62cf4352-419b-4f0f-9d05-cf8196af63d6.xml.macaon	91	15	poings	poing	nc	nc	_	14	obj	_	_
62cf4352-419b-4f0f-9d05-cf8196af63d6.xml.macaon	92	16	.	.	poncts	poncts	_	2	ponct	_	_

62cf4352-419b-4f0f-9d05-cf8196af63d6.xml.macaon	93	1	Le	le	det	det	_	2	det	_	_
62cf4352-419b-4f0f-9d05-cf8196af63d6.xml.macaon	94	2	pugilat	pugilat	nc	nc	_	3	suj	_	_
62cf4352-419b-4f0f-9d05-cf8196af63d6.xml.macaon	95	3	est	être	v	v	_	_	_	_	_
62cf4352-419b-4f0f-9d05-cf8196af63d6.xml.macaon	96	4	un	un	det	det	_	5	det	_	_
62cf4352-419b-4f0f-9d05-cf8196af63d6.xml.macaon	97	5	sport	sport	nc	nc	_	3	obj	_	_
62cf4352-419b-4f0f-9d05-cf8196af63d6.xml.macaon	98	6	de	de	prep	prep	_	5	dep	_	_
62cf4352-419b-4f0f-9d05-cf8196af63d6.xml.macaon	99	7	combat	combat	nc	nc	_	6	obj	_	_	B:Hostile_encounter:TARGET:combat:G:99
62cf4352-419b-4f0f-9d05-cf8196af63d6.xml.macaon	100	8	où	où	prorel	prorel	_	12	__JOKER__	_	_
62cf4352-419b-4f0f-9d05-cf8196af63d6.xml.macaon	101	9	les	le	det	det	_	10	det	_	_	B:Hostile_encounter:FE:Sides:G:99
62cf4352-419b-4f0f-9d05-cf8196af63d6.xml.macaon	102	10	adversaires	adversaire	nc	nc	_	12	suj	_	_	I:Hostile_encounter:FE:Sides:G:99
62cf4352-419b-4f0f-9d05-cf8196af63d6.xml.macaon	103	11	se	se	clr	clr	_	12	aff	_	_
62cf4352-419b-4f0f-9d05-cf8196af63d6.xml.macaon	104	12	donnent	donner	v	v	_	7	mod_rel	_	_	B:OTHER:G
62cf4352-419b-4f0f-9d05-cf8196af63d6.xml.macaon	105	13	des	un	det	det	_	14	det	_	_
62cf4352-419b-4f0f-9d05-cf8196af63d6.xml.macaon	106	14	coups	coup	nc	nc	_	12	obj	_	_
62cf4352-419b-4f0f-9d05-cf8196af63d6.xml.macaon	107	15	.	.	poncts	poncts	_	7	ponct	_	_

62cf4352-419b-4f0f-9d05-cf8196af63d6.xml.macaon	108	1	Il	il	cln	cln	_	4	suj	_	_
62cf4352-419b-4f0f-9d05-cf8196af63d6.xml.macaon	109	2	n'	n'	advneg	advneg	_	4	mod	_	_
62cf4352-419b-4f0f-9d05-cf8196af63d6.xml.macaon	110	3	y	y	clo	clo	_	4	__JOKER__	_	_
62cf4352-419b-4f0f-9d05-cf8196af63d6.xml.macaon	111	4	a	avoir	v	v	_	_	_	_	_
62cf4352-419b-4f0f-9d05-cf8196af63d6.xml.macaon	112	5	pas#de	pas#de	prep	prep	_	4	obj	_	_
62cf4352-419b-4f0f-9d05-cf8196af63d6.xml.macaon	113	6	catégorie	catégorie	nc	nc	_	5	obj	_	_
62cf4352-419b-4f0f-9d05-cf8196af63d6.xml.macaon	114	7	de	de	prep	prep	_	6	dep	_	_
62cf4352-419b-4f0f-9d05-cf8196af63d6.xml.macaon	115	8	poids	poids	nc	nc	_	7	obj	_	_	B:Dimension:TARGET:poids:G:115
62cf4352-419b-4f0f-9d05-cf8196af63d6.xml.macaon	116	9	comme	comme	prep	prep	_	8	dep	_	_
62cf4352-419b-4f0f-9d05-cf8196af63d6.xml.macaon	117	10	aujourd'hui	aujourd'hui	adv	adv	_	8	mod	_	_
62cf4352-419b-4f0f-9d05-cf8196af63d6.xml.macaon	118	11	dans	dans	prep	prep	_	4	mod	_	_
62cf4352-419b-4f0f-9d05-cf8196af63d6.xml.macaon	119	12	la	le	det	det	_	13	det	_	_
62cf4352-419b-4f0f-9d05-cf8196af63d6.xml.macaon	120	13	boxe	boxe	nc	nc	_	11	obj	_	_
62cf4352-419b-4f0f-9d05-cf8196af63d6.xml.macaon	121	14	.	.	poncts	poncts	_	4	ponct	_	_

62cf4352-419b-4f0f-9d05-cf8196af63d6.xml.macaon	122	1	Les	les	det	det	_	2	det	_	_
62cf4352-419b-4f0f-9d05-cf8196af63d6.xml.macaon	123	2	rencontres	rencontre	nc	nc	_	4	suj	_	_
62cf4352-419b-4f0f-9d05-cf8196af63d6.xml.macaon	124	3	se	se	clr	clr	_	4	aff	_	_
62cf4352-419b-4f0f-9d05-cf8196af63d6.xml.macaon	125	4	font	faire	v	v	_	_	_	_	_
62cf4352-419b-4f0f-9d05-cf8196af63d6.xml.macaon	126	5	au	au	prep	prep	_	4	de_obj	_	_
62cf4352-419b-4f0f-9d05-cf8196af63d6.xml.macaon	127	6	hasard	hasard	nc	nc	_	5	obj	_	_
62cf4352-419b-4f0f-9d05-cf8196af63d6.xml.macaon	128	7	.	.	poncts	poncts	_	4	ponct	_	_

62cf4352-419b-4f0f-9d05-cf8196af63d6.xml.macaon	129	1	Les	les	det	det	_	2	det	_	_
62cf4352-419b-4f0f-9d05-cf8196af63d6.xml.macaon	130	2	boxeurs	boxeur	nc	nc	_	4	suj	_	_
62cf4352-419b-4f0f-9d05-cf8196af63d6.xml.macaon	131	3	ne	ne	advneg	advneg	_	4	mod	_	_
62cf4352-419b-4f0f-9d05-cf8196af63d6.xml.macaon	132	4	portent	porter	v	v	_	_	_	_	_
62cf4352-419b-4f0f-9d05-cf8196af63d6.xml.macaon	133	5	pas#de	pas#de	prep	prep	_	4	mod	_	_
62cf4352-419b-4f0f-9d05-cf8196af63d6.xml.macaon	134	6	gants	gant	nc	nc	_	5	obj	_	_
62cf4352-419b-4f0f-9d05-cf8196af63d6.xml.macaon	135	7	comme	comme	prep	prep	_	4	mod	_	_
62cf4352-419b-4f0f-9d05-cf8196af63d6.xml.macaon	136	8	aujourd'hui	aujourd'hui	adv	adv	_	7	mod	_	_
62cf4352-419b-4f0f-9d05-cf8196af63d6.xml.macaon	137	9	.	.	poncts	poncts	_	4	ponct	_	_

62cf4352-419b-4f0f-9d05-cf8196af63d6.xml.macaon	138	1	Ils	ils	cln	cln	_	2	suj	_	_
62cf4352-419b-4f0f-9d05-cf8196af63d6.xml.macaon	139	2	enroulent	enrouler	v	v	_	_	_	_	_
62cf4352-419b-4f0f-9d05-cf8196af63d6.xml.macaon	140	3	des	un	det	det	_	4	det	_	_
62cf4352-419b-4f0f-9d05-cf8196af63d6.xml.macaon	141	4	lanières	lanière	nc	nc	_	2	obj	_	_
62cf4352-419b-4f0f-9d05-cf8196af63d6.xml.macaon	142	5	de	de	prep	prep	_	4	dep	_	_
62cf4352-419b-4f0f-9d05-cf8196af63d6.xml.macaon	143	6	cuirs	cuir	nc	nc	_	5	obj	_	_
62cf4352-419b-4f0f-9d05-cf8196af63d6.xml.macaon	144	7	autour#de	autour#de	prep	prep	_	6	dep	_	_
62cf4352-419b-4f0f-9d05-cf8196af63d6.xml.macaon	145	8	leurs	son	det	det	_	9	det	_	_
62cf4352-419b-4f0f-9d05-cf8196af63d6.xml.macaon	146	9	mains	main	nc	nc	_	7	obj	_	_
62cf4352-419b-4f0f-9d05-cf8196af63d6.xml.macaon	147	10	et	et	coo	coo	_	5	coord	_	_
62cf4352-419b-4f0f-9d05-cf8196af63d6.xml.macaon	148	11	de	de	prep	prep	_	10	dep_coord	_	_
62cf4352-419b-4f0f-9d05-cf8196af63d6.xml.macaon	149	12	leurs	son	det	det	_	13	det	_	_
62cf4352-419b-4f0f-9d05-cf8196af63d6.xml.macaon	150	13	poignets	poignet	nc	nc	_	11	obj	_	_
62cf4352-419b-4f0f-9d05-cf8196af63d6.xml.macaon	151	14	.	.	poncts	poncts	_	2	ponct	_	_

62cf4352-419b-4f0f-9d05-cf8196af63d6.xml.macaon	152	1	Les	les	det	det	_	2	det	_	_
62cf4352-419b-4f0f-9d05-cf8196af63d6.xml.macaon	153	2	doigts	doigt	nc	nc	_	3	suj	_	_
62cf4352-419b-4f0f-9d05-cf8196af63d6.xml.macaon	154	3	restent	rester	v	v	_	_	_	_	_
62cf4352-419b-4f0f-9d05-cf8196af63d6.xml.macaon	155	4	libres	libre	adj	adj	_	3	ats	_	_
62cf4352-419b-4f0f-9d05-cf8196af63d6.xml.macaon	156	5	.	.	poncts	poncts	_	3	ponct	_	_

62cf4352-419b-4f0f-9d05-cf8196af63d6.xml.macaon	157	1	Certains	certains	pro	pro	_	3	suj	_	_
62cf4352-419b-4f0f-9d05-cf8196af63d6.xml.macaon	158	2	y	y	clo	clo	_	3	__JOKER__	_	_
62cf4352-419b-4f0f-9d05-cf8196af63d6.xml.macaon	159	3	rajoutent	rajouter	v	v	_	_	_	_	_
62cf4352-419b-4f0f-9d05-cf8196af63d6.xml.macaon	160	4	des	un	det	det	_	5	det	_	_
62cf4352-419b-4f0f-9d05-cf8196af63d6.xml.macaon	161	5	pointes	pointe	nc	nc	_	3	obj	_	_
62cf4352-419b-4f0f-9d05-cf8196af63d6.xml.macaon	162	6	de	de	prep	prep	_	5	dep	_	_
62cf4352-419b-4f0f-9d05-cf8196af63d6.xml.macaon	163	7	fer	fer	nc	nc	_	6	obj	_	_
62cf4352-419b-4f0f-9d05-cf8196af63d6.xml.macaon	164	8	.	.	poncts	poncts	_	3	ponct	_	_

62cf4352-419b-4f0f-9d05-cf8196af63d6.xml.macaon	165	1	La	la	det	det	_	2	det	_	_
62cf4352-419b-4f0f-9d05-cf8196af63d6.xml.macaon	166	2	tête	tête	nc	nc	_	6	suj	_	_
62cf4352-419b-4f0f-9d05-cf8196af63d6.xml.macaon	167	3	des	des	prep	prep	_	2	dep	_	_
62cf4352-419b-4f0f-9d05-cf8196af63d6.xml.macaon	168	4	combattants	combattant	nc	nc	_	3	obj	_	_
62cf4352-419b-4f0f-9d05-cf8196af63d6.xml.macaon	169	5	est	être	v	v	_	6	aux_tps	_	_
62cf4352-419b-4f0f-9d05-cf8196af63d6.xml.macaon	170	6	protégée	protéger	vppart	vppart	_	_	_	_	_
62cf4352-419b-4f0f-9d05-cf8196af63d6.xml.macaon	171	7	par	par	prep	prep	_	6	mod	_	_
62cf4352-419b-4f0f-9d05-cf8196af63d6.xml.macaon	172	8	une	un	det	det	_	9	det	_	_
62cf4352-419b-4f0f-9d05-cf8196af63d6.xml.macaon	173	9	calotte	calotte	nc	nc	_	7	obj	_	_
62cf4352-419b-4f0f-9d05-cf8196af63d6.xml.macaon	174	10	de	de	prep	prep	_	9	dep	_	_
62cf4352-419b-4f0f-9d05-cf8196af63d6.xml.macaon	175	11	bronze	bronze	nc	nc	_	10	obj	_	_
62cf4352-419b-4f0f-9d05-cf8196af63d6.xml.macaon	176	12	.	.	poncts	poncts	_	7	__JOKER__	_	_

62cf4352-419b-4f0f-9d05-cf8196af63d6.xml.macaon	177	1	Le	le	det	det	_	2	det	_	_
62cf4352-419b-4f0f-9d05-cf8196af63d6.xml.macaon	178	2	combat	combat	nc	nc	_	4	suj	_	_	B:Hostile_encounter:TARGET:combat:G:178
62cf4352-419b-4f0f-9d05-cf8196af63d6.xml.macaon	179	3	se	se	clr	clr	_	4	aff	_	_
62cf4352-419b-4f0f-9d05-cf8196af63d6.xml.macaon	180	4	déroule	dérouler	v	v	_	_	_	_	_
62cf4352-419b-4f0f-9d05-cf8196af63d6.xml.macaon	181	5	en	en	prep	prep	_	4	mod	_	_
62cf4352-419b-4f0f-9d05-cf8196af63d6.xml.macaon	182	6	continu	continu	adj	adj	_	5	obj	_	_
62cf4352-419b-4f0f-9d05-cf8196af63d6.xml.macaon	183	7	(	(	ponctw	ponctw	_	11	ponct	_	_
62cf4352-419b-4f0f-9d05-cf8196af63d6.xml.macaon	184	8	il	il	cln	cln	_	11	suj	_	_
62cf4352-419b-4f0f-9d05-cf8196af63d6.xml.macaon	185	9	n'	n'	advneg	advneg	_	11	mod	_	_
62cf4352-419b-4f0f-9d05-cf8196af63d6.xml.macaon	186	10	y	y	clo	clo	_	11	__JOKER__	_	_
62cf4352-419b-4f0f-9d05-cf8196af63d6.xml.macaon	187	11	a	avoir	v	v	_	4	mod	_	_
62cf4352-419b-4f0f-9d05-cf8196af63d6.xml.macaon	188	12	pas#de	pas#de	prep	prep	_	11	obj	_	_
62cf4352-419b-4f0f-9d05-cf8196af63d6.xml.macaon	189	13	reprises	reprise	nc	nc	_	12	obj	_	_
62cf4352-419b-4f0f-9d05-cf8196af63d6.xml.macaon	190	14	ou	ou	coo	coo	_	13	coord	_	_
62cf4352-419b-4f0f-9d05-cf8196af63d6.xml.macaon	191	15	rounds	round	nc	nc	_	14	dep_coord	_	_
62cf4352-419b-4f0f-9d05-cf8196af63d6.xml.macaon	192	16	comme	comme	prep	prep	_	15	dep	_	_
62cf4352-419b-4f0f-9d05-cf8196af63d6.xml.macaon	193	17	aujourd'hui	aujourd'hui	adv	adv	_	15	mod	_	_
62cf4352-419b-4f0f-9d05-cf8196af63d6.xml.macaon	194	18	)	)	ponctw	ponctw	_	14	ponct	_	_
62cf4352-419b-4f0f-9d05-cf8196af63d6.xml.macaon	195	19	.	.	poncts	poncts	_	4	ponct	_	_

62cf4352-419b-4f0f-9d05-cf8196af63d6.xml.macaon	196	1	On	on	cln	cln	_	2	suj	_	_
62cf4352-419b-4f0f-9d05-cf8196af63d6.xml.macaon	197	2	peut	pouvoir	v	v	_	_	_	_	_
62cf4352-419b-4f0f-9d05-cf8196af63d6.xml.macaon	198	3	continuer	continuer	vinf	vinf	_	2	obj	_	_
62cf4352-419b-4f0f-9d05-cf8196af63d6.xml.macaon	199	4	à	à	prep	prep	_	3	a_obj	_	_
62cf4352-419b-4f0f-9d05-cf8196af63d6.xml.macaon	200	5	frapper	frapper	vinf	vinf	_	4	obj	_	_
62cf4352-419b-4f0f-9d05-cf8196af63d6.xml.macaon	201	6	un	un	det	det	_	7	det	_	_
62cf4352-419b-4f0f-9d05-cf8196af63d6.xml.macaon	202	7	adversaire	adversaire	nc	nc	_	5	obj	_	_
62cf4352-419b-4f0f-9d05-cf8196af63d6.xml.macaon	203	8	tombé	tomber	vppart	vppart	_	7	mod	_	_
62cf4352-419b-4f0f-9d05-cf8196af63d6.xml.macaon	204	9	à	à	prep	prep	_	8	a_obj	_	_
62cf4352-419b-4f0f-9d05-cf8196af63d6.xml.macaon	205	10	terre	terre	nc	nc	_	9	obj	_	_
62cf4352-419b-4f0f-9d05-cf8196af63d6.xml.macaon	206	11	.	.	poncts	poncts	_	2	ponct	_	_

62cf4352-419b-4f0f-9d05-cf8196af63d6.xml.macaon	207	1	Les	les	det	det	_	2	det	_	_
62cf4352-419b-4f0f-9d05-cf8196af63d6.xml.macaon	208	2	coups	coup	nc	nc	_	4	suj	_	_
62cf4352-419b-4f0f-9d05-cf8196af63d6.xml.macaon	209	3	sont	être	v	v	_	4	aux_tps	_	_
62cf4352-419b-4f0f-9d05-cf8196af63d6.xml.macaon	210	4	portés	porter	vppart	vppart	_	_	_	_	_
62cf4352-419b-4f0f-9d05-cf8196af63d6.xml.macaon	211	5	à	à	prep	prep	_	4	mod	_	_
62cf4352-419b-4f0f-9d05-cf8196af63d6.xml.macaon	212	6	la	le	det	det	_	7	det	_	_
62cf4352-419b-4f0f-9d05-cf8196af63d6.xml.macaon	213	7	tête	tête	nc	nc	_	5	obj	_	_
62cf4352-419b-4f0f-9d05-cf8196af63d6.xml.macaon	214	8	.	.	poncts	poncts	_	4	__JOKER__	_	_

62cf4352-419b-4f0f-9d05-cf8196af63d6.xml.macaon	215	1	Mais	mais	coo	coo	_	_	_	_	_
62cf4352-419b-4f0f-9d05-cf8196af63d6.xml.macaon	216	2	on	on	cln	cln	_	4	suj	_	_
62cf4352-419b-4f0f-9d05-cf8196af63d6.xml.macaon	217	3	ne	ne	advneg	advneg	_	4	mod	_	_
62cf4352-419b-4f0f-9d05-cf8196af63d6.xml.macaon	218	4	doit	devoir	v	v	_	1	dep_coord	_	_
62cf4352-419b-4f0f-9d05-cf8196af63d6.xml.macaon	219	5	pas	pas	advneg	advneg	_	4	mod	_	_
62cf4352-419b-4f0f-9d05-cf8196af63d6.xml.macaon	220	6	tuer	tuer	vinf	vinf	_	4	obj	_	_	B:Killing:TARGET:tuer:G:220
62cf4352-419b-4f0f-9d05-cf8196af63d6.xml.macaon	221	7	l'	le	det	det	_	8	det	_	_	B:Killing:FE:Victim:G:220
62cf4352-419b-4f0f-9d05-cf8196af63d6.xml.macaon	222	8	adversaire	adversaire	nc	nc	_	6	obj	_	_	I:Killing:FE:Victim:G:220
62cf4352-419b-4f0f-9d05-cf8196af63d6.xml.macaon	223	9	.	.	poncts	poncts	_	4	ponct	_	_

62cf4352-419b-4f0f-9d05-cf8196af63d6.xml.macaon	224	1	Le	le	det	det	_	2	det	_	_
62cf4352-419b-4f0f-9d05-cf8196af63d6.xml.macaon	225	2	combat	combat	nc	nc	_	4	suj	_	_	B:Hostile_encounter:TARGET:combat:G:225
62cf4352-419b-4f0f-9d05-cf8196af63d6.xml.macaon	226	3	s'	s'	clr	clr	_	4	aff	_	_
62cf4352-419b-4f0f-9d05-cf8196af63d6.xml.macaon	227	4	arrête	arrêter	v	v	_	_	_	_	_	B:OTHER:G
62cf4352-419b-4f0f-9d05-cf8196af63d6.xml.macaon	228	5	par	par	prep	prep	_	4	p_obj	_	_
62cf4352-419b-4f0f-9d05-cf8196af63d6.xml.macaon	229	6	KO	KO	np	np	_	5	obj	_	_
62cf4352-419b-4f0f-9d05-cf8196af63d6.xml.macaon	230	7	(	(	ponctw	ponctw	_	4	ponct	_	_
62cf4352-419b-4f0f-9d05-cf8196af63d6.xml.macaon	231	8	adversaire	adversaire	nc	nc	_	4	obj	_	_
62cf4352-419b-4f0f-9d05-cf8196af63d6.xml.macaon	232	9	incapable	incapable	adj	adj	_	8	mod	_	_
62cf4352-419b-4f0f-9d05-cf8196af63d6.xml.macaon	233	10	de	de	prep	prep	_	8	dep	_	_
62cf4352-419b-4f0f-9d05-cf8196af63d6.xml.macaon	234	11	se	se	clr	clr	_	12	aff	_	_
62cf4352-419b-4f0f-9d05-cf8196af63d6.xml.macaon	235	12	relever	relever	vinf	vinf	_	10	obj	_	_
62cf4352-419b-4f0f-9d05-cf8196af63d6.xml.macaon	236	13	)	)	ponctw	ponctw	_	10	ponct	_	_
62cf4352-419b-4f0f-9d05-cf8196af63d6.xml.macaon	237	14	ou	ou	coo	coo	_	10	coord	_	_
62cf4352-419b-4f0f-9d05-cf8196af63d6.xml.macaon	238	15	par	par	prep	prep	_	14	dep_coord	_	_
62cf4352-419b-4f0f-9d05-cf8196af63d6.xml.macaon	239	16	abandon	abandon	nc	nc	_	15	obj	_	_
62cf4352-419b-4f0f-9d05-cf8196af63d6.xml.macaon	240	17	d'	de	prep	prep	_	16	dep	_	_
62cf4352-419b-4f0f-9d05-cf8196af63d6.xml.macaon	241	18	un	un	pro	pro	_	17	obj	_	_
62cf4352-419b-4f0f-9d05-cf8196af63d6.xml.macaon	242	19	des	des	prep	prep	_	14	dep_coord	_	_
62cf4352-419b-4f0f-9d05-cf8196af63d6.xml.macaon	243	20	deux	deux	adj	adj	_	21	mod	_	_
62cf4352-419b-4f0f-9d05-cf8196af63d6.xml.macaon	244	21	combattants	combattant	nc	nc	_	19	obj	_	_
62cf4352-419b-4f0f-9d05-cf8196af63d6.xml.macaon	245	22	.	.	poncts	poncts	_	4	ponct	_	_

62cf4352-419b-4f0f-9d05-cf8196af63d6.xml.macaon	246	1	Le	le	det	det	_	2	det	_	_
62cf4352-419b-4f0f-9d05-cf8196af63d6.xml.macaon	247	2	pugilat	pugilat	nc	nc	_	5	suj	_	_
62cf4352-419b-4f0f-9d05-cf8196af63d6.xml.macaon	248	3	a	avoir	v	v	_	5	aux_tps	_	_
62cf4352-419b-4f0f-9d05-cf8196af63d6.xml.macaon	249	4	été	être	vppart	vppart	_	5	aux_pass	_	_
62cf4352-419b-4f0f-9d05-cf8196af63d6.xml.macaon	250	5	introduit	introduire	vppart	vppart	_	_	_	_	_
62cf4352-419b-4f0f-9d05-cf8196af63d6.xml.macaon	251	6	aux	aux	prep	prep	_	5	mod	_	_
62cf4352-419b-4f0f-9d05-cf8196af63d6.xml.macaon	252	7	Jeux	Jeux	nc	nc	_	6	obj	_	_
62cf4352-419b-4f0f-9d05-cf8196af63d6.xml.macaon	253	8	olympiques	olympique	adj	adj	_	7	mod	_	_
62cf4352-419b-4f0f-9d05-cf8196af63d6.xml.macaon	254	9	antiques	antique	adj	adj	_	7	mod	_	_
62cf4352-419b-4f0f-9d05-cf8196af63d6.xml.macaon	255	10	à	à	prep	prep	_	5	a_obj	_	_
62cf4352-419b-4f0f-9d05-cf8196af63d6.xml.macaon	256	11	l'	le	det	det	_	12	det	_	_
62cf4352-419b-4f0f-9d05-cf8196af63d6.xml.macaon	257	12	occasion	occasion	nc	nc	_	10	obj	_	_
62cf4352-419b-4f0f-9d05-cf8196af63d6.xml.macaon	258	13	de	de	prep	prep	_	12	dep	_	_
62cf4352-419b-4f0f-9d05-cf8196af63d6.xml.macaon	259	14	la	le	det	det	_	15	det	_	_
62cf4352-419b-4f0f-9d05-cf8196af63d6.xml.macaon	260	15	23	23	nc	nc	_	13	obj	_	_
62cf4352-419b-4f0f-9d05-cf8196af63d6.xml.macaon	261	16	ème	ème	adj	adj	_	15	mod	_	_
62cf4352-419b-4f0f-9d05-cf8196af63d6.xml.macaon	262	17	olympiade	olympiade	nc	nc	_	13	obj	_	_
62cf4352-419b-4f0f-9d05-cf8196af63d6.xml.macaon	263	18	.	.	poncts	poncts	_	5	ponct	_	_

62cf4352-419b-4f0f-9d05-cf8196af63d6.xml.macaon	264	1	Vikiliens	vikiliens	nc	nc	_	_	_	_	_
62cf4352-419b-4f0f-9d05-cf8196af63d6.xml.macaon	265	2	pour	pour	prep	prep	_	1	dep	_	_
62cf4352-419b-4f0f-9d05-cf8196af63d6.xml.macaon	266	3	compléter	compléter	vinf	vinf	_	2	obj	_	_
62cf4352-419b-4f0f-9d05-cf8196af63d6.xml.macaon	267	4	sur	sur	prep	prep	_	3	mod	_	_
62cf4352-419b-4f0f-9d05-cf8196af63d6.xml.macaon	268	5	les	le	det	det	_	6	det	_	_
62cf4352-419b-4f0f-9d05-cf8196af63d6.xml.macaon	269	6	sports	sport	nc	nc	_	4	obj	_	_
62cf4352-419b-4f0f-9d05-cf8196af63d6.xml.macaon	270	7	de	de	prep	prep	_	6	dep	_	_
62cf4352-419b-4f0f-9d05-cf8196af63d6.xml.macaon	271	8	combats	combat	nc	nc	_	7	obj	_	_	B:Hostile_encounter:TARGET:combat:G:271
62cf4352-419b-4f0f-9d05-cf8196af63d6.xml.macaon	272	9	dans	dans	prep	prep	_	3	mod	_	_
62cf4352-419b-4f0f-9d05-cf8196af63d6.xml.macaon	273	10	l'	le	det	det	_	11	det	_	_
62cf4352-419b-4f0f-9d05-cf8196af63d6.xml.macaon	274	11	Antiquité	antiquité	nc	nc	_	9	obj	_	_

62cf4352-419b-4f0f-9d05-cf8196af63d6.xml.macaon	275	1	pancrace	pancrace	nc	nc	_	_	_	_	_
62cf4352-419b-4f0f-9d05-cf8196af63d6.xml.macaon	276	2	lutte	lutte	nc	nc	_	1	mod	_	_
62cf4352-419b-4f0f-9d05-cf8196af63d6.xml.macaon	277	3	(	(	ponctw	ponctw	_	1	ponct	_	_
62cf4352-419b-4f0f-9d05-cf8196af63d6.xml.macaon	278	4	sport	sport	nc	nc	_	1	mod	_	_
62cf4352-419b-4f0f-9d05-cf8196af63d6.xml.macaon	279	5	antique	antique	adj	adj	_	4	mod	_	_
62cf4352-419b-4f0f-9d05-cf8196af63d6.xml.macaon	280	6	)	)	ponctw	ponctw	_	1	ponct	_	_
