63112091-aa55-415e-85cf-6baa850831f7.xml.macaon	0	1	vikidia	vikidia	nc	nc	_	_	_	_	_

63112091-aa55-415e-85cf-6baa850831f7.xml.macaon	1	1	63112091	63112091	adj	adj	_	3	mod	_	_
63112091-aa55-415e-85cf-6baa850831f7.xml.macaon	2	2	-	-	ponctw	ponctw	_	1	ponct	_	_
63112091-aa55-415e-85cf-6baa850831f7.xml.macaon	3	3	aa55	aa55	nc	nc	_	_	_	_	_
63112091-aa55-415e-85cf-6baa850831f7.xml.macaon	4	4	-	-	ponctw	ponctw	_	3	ponct	_	_
63112091-aa55-415e-85cf-6baa850831f7.xml.macaon	5	5	415e	415e	nc	nc	_	3	mod	_	_
63112091-aa55-415e-85cf-6baa850831f7.xml.macaon	6	6	-	-	ponctw	ponctw	_	5	ponct	_	_
63112091-aa55-415e-85cf-6baa850831f7.xml.macaon	7	7	85cf	85cf	adj	adj	_	5	mod	_	_
63112091-aa55-415e-85cf-6baa850831f7.xml.macaon	8	8	-	-	ponctw	ponctw	_	5	ponct	_	_
63112091-aa55-415e-85cf-6baa850831f7.xml.macaon	9	9	6baa850831f7	6baa850831f7	adj	adj	_	5	mod	_	_

63112091-aa55-415e-85cf-6baa850831f7.xml.macaon	10	1	ADDED	ADDED	nc	nc	_	_	_	_	_

63112091-aa55-415e-85cf-6baa850831f7.xml.macaon	11	1	2016	2016	adj	adj	_	3	mod	_	_
63112091-aa55-415e-85cf-6baa850831f7.xml.macaon	12	2	-	-	ponctw	ponctw	_	1	ponct	_	_
63112091-aa55-415e-85cf-6baa850831f7.xml.macaon	13	3	06	06	nc	nc	_	_	_	_	_
63112091-aa55-415e-85cf-6baa850831f7.xml.macaon	14	4	-	-	ponctw	ponctw	_	3	ponct	_	_
63112091-aa55-415e-85cf-6baa850831f7.xml.macaon	15	5	15T14	15T14	nc	nc	_	3	mod	_	_
63112091-aa55-415e-85cf-6baa850831f7.xml.macaon	16	6	:	:	ponctw	ponctw	_	5	ponct	_	_
63112091-aa55-415e-85cf-6baa850831f7.xml.macaon	17	7	52	52	det	det	_	9	det	_	_
63112091-aa55-415e-85cf-6baa850831f7.xml.macaon	18	8	:	:	ponctw	ponctw	_	9	ponct	_	_
63112091-aa55-415e-85cf-6baa850831f7.xml.macaon	19	9	44Z	44Z	nc	nc	_	5	mod	_	_

63112091-aa55-415e-85cf-6baa850831f7.xml.macaon	20	1	Enfers	enfer	nc	nc	_	_	_	_	_

63112091-aa55-415e-85cf-6baa850831f7.xml.macaon	21	1	Les	les	det	det	_	2	det	_	_
63112091-aa55-415e-85cf-6baa850831f7.xml.macaon	22	2	Enfers	enfer	nc	nc	_	_	_	_	_
63112091-aa55-415e-85cf-6baa850831f7.xml.macaon	23	3	(	(	ponctw	ponctw	_	2	ponct	_	_
63112091-aa55-415e-85cf-6baa850831f7.xml.macaon	24	4	avec	avec	prep	prep	_	2	dep	_	_
63112091-aa55-415e-85cf-6baa850831f7.xml.macaon	25	5	une	un	det	det	_	6	det	_	_
63112091-aa55-415e-85cf-6baa850831f7.xml.macaon	26	6	majuscule	majuscule	adj	adj	_	2	mod	_	_
63112091-aa55-415e-85cf-6baa850831f7.xml.macaon	27	7	et	et	coo	coo	_	2	coord	_	_
63112091-aa55-415e-85cf-6baa850831f7.xml.macaon	28	8	au	au	prep	prep	_	7	dep_coord	_	_
63112091-aa55-415e-85cf-6baa850831f7.xml.macaon	29	9	pluriel	pluriel	nc	nc	_	8	obj	_	_
63112091-aa55-415e-85cf-6baa850831f7.xml.macaon	30	10	)	)	ponctw	ponctw	_	11	ponct	_	_
63112091-aa55-415e-85cf-6baa850831f7.xml.macaon	31	11	étaient	étayer	v	v	_	7	dep_coord	_	_
63112091-aa55-415e-85cf-6baa850831f7.xml.macaon	32	12	,	,	ponctw	ponctw	_	11	ponct	_	_
63112091-aa55-415e-85cf-6baa850831f7.xml.macaon	33	13	pour	pour	prep	prep	_	11	mod	_	_
63112091-aa55-415e-85cf-6baa850831f7.xml.macaon	34	14	les	le	det	det	_	15	det	_	_
63112091-aa55-415e-85cf-6baa850831f7.xml.macaon	35	15	Anciens	ancien	nc	nc	_	13	obj	_	_
63112091-aa55-415e-85cf-6baa850831f7.xml.macaon	36	16	,	,	ponctw	ponctw	_	15	ponct	_	_
63112091-aa55-415e-85cf-6baa850831f7.xml.macaon	37	17	le	le	det	det	_	18	det	_	_
63112091-aa55-415e-85cf-6baa850831f7.xml.macaon	38	18	lieu	lieu	nc	nc	_	13	obj	_	_
63112091-aa55-415e-85cf-6baa850831f7.xml.macaon	39	19	de	de	prep	prep	_	18	dep	_	_
63112091-aa55-415e-85cf-6baa850831f7.xml.macaon	40	20	séjour	séjour	nc	nc	_	19	obj	_	_
63112091-aa55-415e-85cf-6baa850831f7.xml.macaon	41	21	souterrain	souterrain	adj	adj	_	20	mod	_	_
63112091-aa55-415e-85cf-6baa850831f7.xml.macaon	42	22	des	des	prep	prep	_	20	dep	_	_
63112091-aa55-415e-85cf-6baa850831f7.xml.macaon	43	23	âmes	âme	nc	nc	_	22	obj	_	_
63112091-aa55-415e-85cf-6baa850831f7.xml.macaon	44	24	après	après	prep	prep	_	23	dep	_	_
63112091-aa55-415e-85cf-6baa850831f7.xml.macaon	45	25	la	le	det	det	_	26	det	_	_
63112091-aa55-415e-85cf-6baa850831f7.xml.macaon	46	26	mort	mort	nc	nc	_	24	obj	_	_	B:Death:TARGET:mort:G:46
63112091-aa55-415e-85cf-6baa850831f7.xml.macaon	47	27	.	.	poncts	poncts	_	11	ponct	_	_

63112091-aa55-415e-85cf-6baa850831f7.xml.macaon	48	1	Antiquité	antiquité	nc	nc	_	_	_	_	_

63112091-aa55-415e-85cf-6baa850831f7.xml.macaon	49	1	Enfers	enfer	nc	nc	_	_	_	_	_

63112091-aa55-415e-85cf-6baa850831f7.xml.macaon	50	1	Les	les	det	det	_	2	det	_	_
63112091-aa55-415e-85cf-6baa850831f7.xml.macaon	51	2	Enfers	enfer	nc	nc	_	_	_	_	_
63112091-aa55-415e-85cf-6baa850831f7.xml.macaon	52	3	(	(	ponctw	ponctw	_	2	ponct	_	_
63112091-aa55-415e-85cf-6baa850831f7.xml.macaon	53	4	avec	avec	prep	prep	_	2	dep	_	_
63112091-aa55-415e-85cf-6baa850831f7.xml.macaon	54	5	une	un	det	det	_	6	det	_	_
63112091-aa55-415e-85cf-6baa850831f7.xml.macaon	55	6	majuscule	majuscule	adj	adj	_	2	mod	_	_
63112091-aa55-415e-85cf-6baa850831f7.xml.macaon	56	7	et	et	coo	coo	_	2	coord	_	_
63112091-aa55-415e-85cf-6baa850831f7.xml.macaon	57	8	au	au	prep	prep	_	7	dep_coord	_	_
63112091-aa55-415e-85cf-6baa850831f7.xml.macaon	58	9	pluriel	pluriel	nc	nc	_	8	obj	_	_
63112091-aa55-415e-85cf-6baa850831f7.xml.macaon	59	10	)	)	ponctw	ponctw	_	11	ponct	_	_
63112091-aa55-415e-85cf-6baa850831f7.xml.macaon	60	11	étaient	étayer	v	v	_	7	dep_coord	_	_
63112091-aa55-415e-85cf-6baa850831f7.xml.macaon	61	12	,	,	ponctw	ponctw	_	11	ponct	_	_
63112091-aa55-415e-85cf-6baa850831f7.xml.macaon	62	13	pour	pour	prep	prep	_	11	mod	_	_
63112091-aa55-415e-85cf-6baa850831f7.xml.macaon	63	14	les	le	det	det	_	15	det	_	_
63112091-aa55-415e-85cf-6baa850831f7.xml.macaon	64	15	Anciens	ancien	nc	nc	_	13	obj	_	_
63112091-aa55-415e-85cf-6baa850831f7.xml.macaon	65	16	,	,	ponctw	ponctw	_	15	ponct	_	_
63112091-aa55-415e-85cf-6baa850831f7.xml.macaon	66	17	le	le	det	det	_	18	det	_	_
63112091-aa55-415e-85cf-6baa850831f7.xml.macaon	67	18	lieu	lieu	nc	nc	_	13	obj	_	_
63112091-aa55-415e-85cf-6baa850831f7.xml.macaon	68	19	de	de	prep	prep	_	18	dep	_	_
63112091-aa55-415e-85cf-6baa850831f7.xml.macaon	69	20	séjour	séjour	nc	nc	_	19	obj	_	_
63112091-aa55-415e-85cf-6baa850831f7.xml.macaon	70	21	souterrain	souterrain	adj	adj	_	20	mod	_	_
63112091-aa55-415e-85cf-6baa850831f7.xml.macaon	71	22	des	des	prep	prep	_	20	dep	_	_
63112091-aa55-415e-85cf-6baa850831f7.xml.macaon	72	23	âmes	âme	nc	nc	_	22	obj	_	_
63112091-aa55-415e-85cf-6baa850831f7.xml.macaon	73	24	après	après	prep	prep	_	23	dep	_	_
63112091-aa55-415e-85cf-6baa850831f7.xml.macaon	74	25	la	le	det	det	_	26	det	_	_
63112091-aa55-415e-85cf-6baa850831f7.xml.macaon	75	26	mort	mort	nc	nc	_	24	obj	_	_	B:Death:TARGET:mort:G:75
63112091-aa55-415e-85cf-6baa850831f7.xml.macaon	76	27	.	.	poncts	poncts	_	11	ponct	_	_

63112091-aa55-415e-85cf-6baa850831f7.xml.macaon	77	1	Enfers	enfers	prep	prep	_	_	_	_	_
63112091-aa55-415e-85cf-6baa850831f7.xml.macaon	78	2	grecs	grec	nc	nc	_	1	obj	_	_
63112091-aa55-415e-85cf-6baa850831f7.xml.macaon	79	3	et	et	coo	coo	_	2	coord	_	_
63112091-aa55-415e-85cf-6baa850831f7.xml.macaon	80	4	romains	romain	nc	nc	_	3	dep_coord	_	_

63112091-aa55-415e-85cf-6baa850831f7.xml.macaon	81	1	Dans	dans	prep	prep	_	8	mod	_	_
63112091-aa55-415e-85cf-6baa850831f7.xml.macaon	82	2	la	le	det	det	_	3	det	_	_
63112091-aa55-415e-85cf-6baa850831f7.xml.macaon	83	3	mythologie	mythologie	nc	nc	_	1	obj	_	_
63112091-aa55-415e-85cf-6baa850831f7.xml.macaon	84	4	grecque	grec	adj	adj	_	3	mod	_	_
63112091-aa55-415e-85cf-6baa850831f7.xml.macaon	85	5	,	,	ponctw	ponctw	_	8	ponct	_	_
63112091-aa55-415e-85cf-6baa850831f7.xml.macaon	86	6	les	le	det	det	_	7	det	_	_
63112091-aa55-415e-85cf-6baa850831f7.xml.macaon	87	7	Enfers	enfer	nc	nc	_	8	suj	_	_
63112091-aa55-415e-85cf-6baa850831f7.xml.macaon	88	8	sont	être	v	v	_	_	_	_	_
63112091-aa55-415e-85cf-6baa850831f7.xml.macaon	89	9	le	le	det	det	_	10	det	_	_
63112091-aa55-415e-85cf-6baa850831f7.xml.macaon	90	10	royaume	royaume	nc	nc	_	8	obj	_	_
63112091-aa55-415e-85cf-6baa850831f7.xml.macaon	91	11	de	de	prep	prep	_	10	dep	_	_
63112091-aa55-415e-85cf-6baa850831f7.xml.macaon	92	12	Hadès	Hadès	np	np	_	11	obj	_	_
63112091-aa55-415e-85cf-6baa850831f7.xml.macaon	93	13	(	(	ponctw	ponctw	_	10	ponct	_	_
63112091-aa55-415e-85cf-6baa850831f7.xml.macaon	94	14	Pluton	Pluton	np	np	_	10	mod	_	_
63112091-aa55-415e-85cf-6baa850831f7.xml.macaon	95	15	dans	dans	prep	prep	_	8	mod	_	_
63112091-aa55-415e-85cf-6baa850831f7.xml.macaon	96	16	la	le	det	det	_	17	det	_	_
63112091-aa55-415e-85cf-6baa850831f7.xml.macaon	97	17	mythologie	mythologie	nc	nc	_	15	obj	_	_
63112091-aa55-415e-85cf-6baa850831f7.xml.macaon	98	18	romaine	romain	adj	adj	_	17	mod	_	_
63112091-aa55-415e-85cf-6baa850831f7.xml.macaon	99	19	)	)	ponctw	ponctw	_	17	ponct	_	_
63112091-aa55-415e-85cf-6baa850831f7.xml.macaon	100	20	.	.	poncts	poncts	_	8	ponct	_	_

63112091-aa55-415e-85cf-6baa850831f7.xml.macaon	101	1	Ils	ils	cln	cln	_	3	suj	_	_
63112091-aa55-415e-85cf-6baa850831f7.xml.macaon	102	2	sont	être	v	v	_	3	aux_tps	_	_
63112091-aa55-415e-85cf-6baa850831f7.xml.macaon	103	3	composés	composer	vppart	vppart	_	8	__JOKER__	_	_
63112091-aa55-415e-85cf-6baa850831f7.xml.macaon	104	4	de	de	prep	prep	_	3	mod	_	_
63112091-aa55-415e-85cf-6baa850831f7.xml.macaon	105	5	régions	région	nc	nc	_	4	obj	_	_
63112091-aa55-415e-85cf-6baa850831f7.xml.macaon	106	6	différentes	différent	adj	adj	_	5	mod	_	_
63112091-aa55-415e-85cf-6baa850831f7.xml.macaon	107	7	où	où	prorel	prorel	_	8	suj	_	_
63112091-aa55-415e-85cf-6baa850831f7.xml.macaon	108	8	vont	aller	v	v	_	_	_	_	_
63112091-aa55-415e-85cf-6baa850831f7.xml.macaon	109	9	les	le	det	det	_	10	det	_	_
63112091-aa55-415e-85cf-6baa850831f7.xml.macaon	110	10	âmes	âme	nc	nc	_	8	obj	_	_
63112091-aa55-415e-85cf-6baa850831f7.xml.macaon	111	11	en	en	prep	prep	_	10	dep	_	_
63112091-aa55-415e-85cf-6baa850831f7.xml.macaon	112	12	fonction	fonction	nc	nc	_	11	obj	_	_
63112091-aa55-415e-85cf-6baa850831f7.xml.macaon	113	13	de	de	prep	prep	_	12	dep	_	_
63112091-aa55-415e-85cf-6baa850831f7.xml.macaon	114	14	leur	son	det	det	_	15	det	_	_
63112091-aa55-415e-85cf-6baa850831f7.xml.macaon	115	15	vie	vie	nc	nc	_	13	obj	_	_
63112091-aa55-415e-85cf-6baa850831f7.xml.macaon	116	16	sur	sur	prep	prep	_	15	dep	_	_
63112091-aa55-415e-85cf-6baa850831f7.xml.macaon	117	17	Terre	Terre	nc	nc	_	16	obj	_	_
63112091-aa55-415e-85cf-6baa850831f7.xml.macaon	118	18	:	:	ponctw	ponctw	_	15	ponct	_	_
63112091-aa55-415e-85cf-6baa850831f7.xml.macaon	119	19	par#exemple	par#exemple	adv	adv	_	15	mod	_	_
63112091-aa55-415e-85cf-6baa850831f7.xml.macaon	120	20	,	,	ponctw	ponctw	_	26	ponct	_	_
63112091-aa55-415e-85cf-6baa850831f7.xml.macaon	121	21	les	le	det	det	_	22	det	_	_
63112091-aa55-415e-85cf-6baa850831f7.xml.macaon	122	22	champs	champ	nc	nc	_	26	suj	_	_
63112091-aa55-415e-85cf-6baa850831f7.xml.macaon	123	23	Élysées	Élysées	vppart	vppart	_	22	mod	_	_
63112091-aa55-415e-85cf-6baa850831f7.xml.macaon	124	24	,	,	ponctw	ponctw	_	22	ponct	_	_
63112091-aa55-415e-85cf-6baa850831f7.xml.macaon	125	25	où	où	prorel	prorel	_	26	suj	_	_
63112091-aa55-415e-85cf-6baa850831f7.xml.macaon	126	26	vont	aller	v	v	_	15	mod_rel	_	_
63112091-aa55-415e-85cf-6baa850831f7.xml.macaon	127	27	les	le	det	det	_	28	det	_	_
63112091-aa55-415e-85cf-6baa850831f7.xml.macaon	128	28	âmes	âme	nc	nc	_	26	obj	_	_
63112091-aa55-415e-85cf-6baa850831f7.xml.macaon	129	29	des	des	prep	prep	_	28	dep	_	_
63112091-aa55-415e-85cf-6baa850831f7.xml.macaon	130	30	héros	héros	nc	nc	_	29	obj	_	_
63112091-aa55-415e-85cf-6baa850831f7.xml.macaon	131	31	et	et	coo	coo	_	29	coord	_	_
63112091-aa55-415e-85cf-6baa850831f7.xml.macaon	132	32	des	des	prep	prep	_	31	dep_coord	_	_
63112091-aa55-415e-85cf-6baa850831f7.xml.macaon	133	33	justes	juste	nc	nc	_	32	obj	_	_
63112091-aa55-415e-85cf-6baa850831f7.xml.macaon	134	34	,	,	ponctw	ponctw	_	33	ponct	_	_
63112091-aa55-415e-85cf-6baa850831f7.xml.macaon	135	35	ou	ou	coo	coo	_	33	coord	_	_
63112091-aa55-415e-85cf-6baa850831f7.xml.macaon	136	36	le	le	det	det	_	37	det	_	_
63112091-aa55-415e-85cf-6baa850831f7.xml.macaon	137	37	Tartare	Tartare	np	np	_	33	mod	_	_
63112091-aa55-415e-85cf-6baa850831f7.xml.macaon	138	38	,	,	ponctw	ponctw	_	40	ponct	_	_
63112091-aa55-415e-85cf-6baa850831f7.xml.macaon	139	39	où	où	prorel	prorel	_	40	suj	_	_
63112091-aa55-415e-85cf-6baa850831f7.xml.macaon	140	40	vont	aller	v	v	_	28	mod_rel	_	_
63112091-aa55-415e-85cf-6baa850831f7.xml.macaon	141	41	entre#autres	entre#autres	prep	prep	_	40	mod	_	_
63112091-aa55-415e-85cf-6baa850831f7.xml.macaon	142	42	les	le	det	det	_	43	det	_	_
63112091-aa55-415e-85cf-6baa850831f7.xml.macaon	143	43	traitres	traitres	nc	nc	_	41	obj	_	_
63112091-aa55-415e-85cf-6baa850831f7.xml.macaon	144	44	ou	ou	coo	coo	_	43	coord	_	_
63112091-aa55-415e-85cf-6baa850831f7.xml.macaon	145	45	les	le	det	det	_	46	det	_	_
63112091-aa55-415e-85cf-6baa850831f7.xml.macaon	146	46	assassins	assassin	nc	nc	_	44	dep_coord	_	_
63112091-aa55-415e-85cf-6baa850831f7.xml.macaon	147	47	.	.	poncts	poncts	_	8	ponct	_	_

63112091-aa55-415e-85cf-6baa850831f7.xml.macaon	148	1	Enfers	enfer	nc	nc	_	_	_	_	_
63112091-aa55-415e-85cf-6baa850831f7.xml.macaon	149	2	étrusques	étrusque	adj	adj	_	1	mod	_	_

63112091-aa55-415e-85cf-6baa850831f7.xml.macaon	150	1	La	la	det	det	_	2	det	_	_	B:Subjective_influence:FE:Cognizer:G:161
63112091-aa55-415e-85cf-6baa850831f7.xml.macaon	151	2	vision	vision	nc	nc	_	_	_	_	_	I:Subjective_influence:FE:Cognizer:G:161
63112091-aa55-415e-85cf-6baa850831f7.xml.macaon	152	3	des	des	prep	prep	_	2	dep	_	_	I:Subjective_influence:FE:Cognizer:G:161
63112091-aa55-415e-85cf-6baa850831f7.xml.macaon	153	4	Enfers	enfer	nc	nc	_	3	obj	_	_	I:Subjective_influence:FE:Cognizer:G:161
63112091-aa55-415e-85cf-6baa850831f7.xml.macaon	154	5	,	,	ponctw	ponctw	_	12	ponct	_	_
63112091-aa55-415e-85cf-6baa850831f7.xml.macaon	155	6	dans	dans	prep	prep	_	12	mod	_	_
63112091-aa55-415e-85cf-6baa850831f7.xml.macaon	156	7	la	le	det	det	_	8	det	_	_
63112091-aa55-415e-85cf-6baa850831f7.xml.macaon	157	8	mythologie	mythologie	nc	nc	_	6	obj	_	_
63112091-aa55-415e-85cf-6baa850831f7.xml.macaon	158	9	étrusque	étrusque	adj	adj	_	8	mod	_	_
63112091-aa55-415e-85cf-6baa850831f7.xml.macaon	159	10	,	,	ponctw	ponctw	_	12	ponct	_	_
63112091-aa55-415e-85cf-6baa850831f7.xml.macaon	160	11	fut	être	v	v	_	12	aux_tps	_	_
63112091-aa55-415e-85cf-6baa850831f7.xml.macaon	161	12	influencée	influencer	vppart	vppart	_	4	mod_rel	_	_	B:Subjective_influence:TARGET:influencer:G:161
63112091-aa55-415e-85cf-6baa850831f7.xml.macaon	162	13	par	par	prep	prep	_	12	mod	_	_
63112091-aa55-415e-85cf-6baa850831f7.xml.macaon	163	14	celle	celui	pro	pro	_	13	obj	_	_	B:Subjective_influence:FE:Entity:G:161
63112091-aa55-415e-85cf-6baa850831f7.xml.macaon	164	15	de	de	prep	prep	_	14	dep	_	_	I:Subjective_influence:FE:Entity:G:161
63112091-aa55-415e-85cf-6baa850831f7.xml.macaon	165	16	la	le	det	det	_	17	det	_	_	I:Subjective_influence:FE:Entity:G:161
63112091-aa55-415e-85cf-6baa850831f7.xml.macaon	166	17	mythologie	mythologie	nc	nc	_	15	obj	_	_	I:Subjective_influence:FE:Entity:G:161
63112091-aa55-415e-85cf-6baa850831f7.xml.macaon	167	18	grecque	grec	adj	adj	_	17	mod	_	_	I:Subjective_influence:FE:Entity:G:161
63112091-aa55-415e-85cf-6baa850831f7.xml.macaon	168	19	.	.	poncts	poncts	_	4	ponct	_	_

63112091-aa55-415e-85cf-6baa850831f7.xml.macaon	169	1	Les	les	det	det	_	2	det	_	_
63112091-aa55-415e-85cf-6baa850831f7.xml.macaon	170	2	Enfers	enfer	nc	nc	_	3	suj	_	_
63112091-aa55-415e-85cf-6baa850831f7.xml.macaon	171	3	ont	avoir	v	v	_	_	_	_	_
63112091-aa55-415e-85cf-6baa850831f7.xml.macaon	172	4	aussi	aussi	adv	adv	_	3	mod	_	_
63112091-aa55-415e-85cf-6baa850831f7.xml.macaon	173	5	un	un	det	det	_	6	det	_	_
63112091-aa55-415e-85cf-6baa850831f7.xml.macaon	174	6	roi	roi	nc	nc	_	3	obj	_	_
63112091-aa55-415e-85cf-6baa850831f7.xml.macaon	175	7	(	(	ponctw	ponctw	_	6	ponct	_	_
63112091-aa55-415e-85cf-6baa850831f7.xml.macaon	176	8	nommé	nommer	vppart	vppart	_	6	mod	_	_	B:OTHER:G
63112091-aa55-415e-85cf-6baa850831f7.xml.macaon	177	9	Aïta	Aïta	np	np	_	6	mod	_	_
63112091-aa55-415e-85cf-6baa850831f7.xml.macaon	178	10	)	)	ponctw	ponctw	_	6	ponct	_	_
63112091-aa55-415e-85cf-6baa850831f7.xml.macaon	179	11	,	,	ponctw	ponctw	_	6	ponct	_	_
63112091-aa55-415e-85cf-6baa850831f7.xml.macaon	180	12	mais	mais	coo	coo	_	6	coord	_	_
63112091-aa55-415e-85cf-6baa850831f7.xml.macaon	181	13	sont	être	v	v	_	12	dep_coord	_	_
63112091-aa55-415e-85cf-6baa850831f7.xml.macaon	182	14	plus	plus	adv	adv	_	15	mod	_	_
63112091-aa55-415e-85cf-6baa850831f7.xml.macaon	183	15	sinistres	sinistre	adj	adj	_	13	ats	_	_
63112091-aa55-415e-85cf-6baa850831f7.xml.macaon	184	16	que	que	csu	csu	_	13	obj	_	_
63112091-aa55-415e-85cf-6baa850831f7.xml.macaon	185	17	ceux	celui	pro	pro	_	16	__JOKER__	_	_
63112091-aa55-415e-85cf-6baa850831f7.xml.macaon	186	18	des	des	prep	prep	_	16	obj	_	_
63112091-aa55-415e-85cf-6baa850831f7.xml.macaon	187	19	Grecs	grec	nc	nc	_	18	obj	_	_
63112091-aa55-415e-85cf-6baa850831f7.xml.macaon	188	20	en	en	prep	prep	_	19	dep	_	_
63112091-aa55-415e-85cf-6baa850831f7.xml.macaon	189	21	raison	raison	nc	nc	_	20	obj	_	_
63112091-aa55-415e-85cf-6baa850831f7.xml.macaon	190	22	des	des	prep	prep	_	21	dep	_	_
63112091-aa55-415e-85cf-6baa850831f7.xml.macaon	191	23	nombreuses	nombreux	adj	adj	_	24	mod	_	_
63112091-aa55-415e-85cf-6baa850831f7.xml.macaon	192	24	scènes	scène	nc	nc	_	22	obj	_	_
63112091-aa55-415e-85cf-6baa850831f7.xml.macaon	193	25	d'	de	prep	prep	_	24	dep	_	_
63112091-aa55-415e-85cf-6baa850831f7.xml.macaon	194	26	horreur	horreur	nc	nc	_	25	obj	_	_
63112091-aa55-415e-85cf-6baa850831f7.xml.macaon	195	27	qui	qui	prorel	prorel	_	28	suj	_	_
63112091-aa55-415e-85cf-6baa850831f7.xml.macaon	196	28	s'	s'	v	v	_	16	obj	_	_
63112091-aa55-415e-85cf-6baa850831f7.xml.macaon	197	29	y	y	clo	clo	_	30	__JOKER__	_	_
63112091-aa55-415e-85cf-6baa850831f7.xml.macaon	198	30	déroulent	dérouler	v	v	_	16	obj	_	_
63112091-aa55-415e-85cf-6baa850831f7.xml.macaon	199	31	et	et	coo	coo	_	30	coord	_	_
63112091-aa55-415e-85cf-6baa850831f7.xml.macaon	200	32	de	de	prep	prep	_	31	dep_coord	_	_
63112091-aa55-415e-85cf-6baa850831f7.xml.macaon	201	33	la	le	det	det	_	34	det	_	_
63112091-aa55-415e-85cf-6baa850831f7.xml.macaon	202	34	présence	présence	nc	nc	_	32	obj	_	_
63112091-aa55-415e-85cf-6baa850831f7.xml.macaon	203	35	de	de	prep	prep	_	34	dep	_	_
63112091-aa55-415e-85cf-6baa850831f7.xml.macaon	204	36	monstres	monstre	nc	nc	_	35	obj	_	_
63112091-aa55-415e-85cf-6baa850831f7.xml.macaon	205	37	.	.	poncts	poncts	_	13	ponct	_	_

63112091-aa55-415e-85cf-6baa850831f7.xml.macaon	206	1	Vikilien	vikilien	nc	nc	_	_	_	_	_
63112091-aa55-415e-85cf-6baa850831f7.xml.macaon	207	2	pour	pour	prep	prep	_	1	dep	_	_
63112091-aa55-415e-85cf-6baa850831f7.xml.macaon	208	3	compléter	compléter	vinf	vinf	_	2	obj	_	_
63112091-aa55-415e-85cf-6baa850831f7.xml.macaon	209	4	sur	sur	prep	prep	_	3	mod	_	_
63112091-aa55-415e-85cf-6baa850831f7.xml.macaon	210	5	les	le	det	det	_	6	det	_	_
63112091-aa55-415e-85cf-6baa850831f7.xml.macaon	211	6	visions	vision	nc	nc	_	4	obj	_	_
63112091-aa55-415e-85cf-6baa850831f7.xml.macaon	212	7	de#l'	de#l'	prep	prep	_	3	mod	_	_
63112091-aa55-415e-85cf-6baa850831f7.xml.macaon	213	8	Au-Delà	Au-Delà	np	np	_	7	obj	_	_

63112091-aa55-415e-85cf-6baa850831f7.xml.macaon	214	1	Enfer	enfer	vinf	vinf	_	_	_	_	_
63112091-aa55-415e-85cf-6baa850831f7.xml.macaon	215	2	:	:	ponctw	ponctw	_	1	ponct	_	_
63112091-aa55-415e-85cf-6baa850831f7.xml.macaon	216	3	la	le	det	det	_	4	det	_	_
63112091-aa55-415e-85cf-6baa850831f7.xml.macaon	217	4	vision	vision	nc	nc	_	1	obj	_	_
63112091-aa55-415e-85cf-6baa850831f7.xml.macaon	218	5	chrétienne	chrétien	adj	adj	_	4	mod	_	_

63112091-aa55-415e-85cf-6baa850831f7.xml.macaon	219	1	Source	source	nc	nc	_	_	_	_	_

63112091-aa55-415e-85cf-6baa850831f7.xml.macaon	220	1	Sur	sur	prep	prep	_	9	__JOKER__	_	_
63112091-aa55-415e-85cf-6baa850831f7.xml.macaon	221	2	les	le	det	det	_	3	det	_	_
63112091-aa55-415e-85cf-6baa850831f7.xml.macaon	222	3	Enfers	enfer	nc	nc	_	1	obj	_	_
63112091-aa55-415e-85cf-6baa850831f7.xml.macaon	223	4	étrusques	étrusque	adj	adj	_	3	mod	_	_
63112091-aa55-415e-85cf-6baa850831f7.xml.macaon	224	5	:	:	ponctw	ponctw	_	3	ponct	_	_
63112091-aa55-415e-85cf-6baa850831f7.xml.macaon	225	6	«	«	ponctw	ponctw	_	3	ponct	_	_
63112091-aa55-415e-85cf-6baa850831f7.xml.macaon	226	7	Étrusques	étrusque	adj	adj	_	3	mod	_	_
63112091-aa55-415e-85cf-6baa850831f7.xml.macaon	227	8	»	»	ponctw	ponctw	_	7	ponct	_	_
63112091-aa55-415e-85cf-6baa850831f7.xml.macaon	228	9	.	.	poncts	poncts	_	_	_	_	_

63112091-aa55-415e-85cf-6baa850831f7.xml.macaon	229	1	Encyclopédie	encyclopédie	prep	prep	_	_	_	_	_
63112091-aa55-415e-85cf-6baa850831f7.xml.macaon	230	2	Larousse	Larousse	np	np	_	1	obj	_	_
63112091-aa55-415e-85cf-6baa850831f7.xml.macaon	231	3	en	en	prep	prep	_	2	dep	_	_
63112091-aa55-415e-85cf-6baa850831f7.xml.macaon	232	4	ligne	ligne	nc	nc	_	3	obj	_	_
63112091-aa55-415e-85cf-6baa850831f7.xml.macaon	233	5	.	.	poncts	poncts	_	2	__JOKER__	_	_

63112091-aa55-415e-85cf-6baa850831f7.xml.macaon	234	1	Page	Page	np	np	_	_	_	_	_
63112091-aa55-415e-85cf-6baa850831f7.xml.macaon	235	2	consultée	consulter	vppart	vppart	_	1	mod	_	_
63112091-aa55-415e-85cf-6baa850831f7.xml.macaon	236	3	le	le	det	det	_	5	det	_	_
63112091-aa55-415e-85cf-6baa850831f7.xml.macaon	237	4	19	19	adj	adj	_	5	mod	_	_
63112091-aa55-415e-85cf-6baa850831f7.xml.macaon	238	5	mars	mar	nc	nc	_	1	mod	_	_
63112091-aa55-415e-85cf-6baa850831f7.xml.macaon	239	6	2009	2009	adj	adj	_	5	mod	_	_
63112091-aa55-415e-85cf-6baa850831f7.xml.macaon	240	7	.	.	poncts	poncts	_	1	__JOKER__	_	_
