68d48bfe-493d-4722-a891-a1d10ae78730.xml.macaon	0	1	vikidia	vikidia	nc	nc	_	_	_	_	_

68d48bfe-493d-4722-a891-a1d10ae78730.xml.macaon	1	1	68d48bfe	68d48bfe	adj	adj	_	3	mod	_	_
68d48bfe-493d-4722-a891-a1d10ae78730.xml.macaon	2	2	-	-	ponctw	ponctw	_	1	ponct	_	_
68d48bfe-493d-4722-a891-a1d10ae78730.xml.macaon	3	3	493d	493d	nc	nc	_	_	_	_	_
68d48bfe-493d-4722-a891-a1d10ae78730.xml.macaon	4	4	-	-	ponctw	ponctw	_	3	ponct	_	_
68d48bfe-493d-4722-a891-a1d10ae78730.xml.macaon	5	5	4722	4722	nc	nc	_	3	mod	_	_
68d48bfe-493d-4722-a891-a1d10ae78730.xml.macaon	6	6	-	-	ponctw	ponctw	_	5	ponct	_	_
68d48bfe-493d-4722-a891-a1d10ae78730.xml.macaon	7	7	a891	a891	nc	nc	_	5	mod	_	_
68d48bfe-493d-4722-a891-a1d10ae78730.xml.macaon	8	8	-	-	ponctw	ponctw	_	7	ponct	_	_
68d48bfe-493d-4722-a891-a1d10ae78730.xml.macaon	9	9	a1d10ae78730	a1d10ae78730	nc	nc	_	7	mod	_	_

68d48bfe-493d-4722-a891-a1d10ae78730.xml.macaon	10	1	ADDED	ADDED	nc	nc	_	_	_	_	_

68d48bfe-493d-4722-a891-a1d10ae78730.xml.macaon	11	1	2016	2016	adj	adj	_	3	mod	_	_
68d48bfe-493d-4722-a891-a1d10ae78730.xml.macaon	12	2	-	-	ponctw	ponctw	_	1	ponct	_	_
68d48bfe-493d-4722-a891-a1d10ae78730.xml.macaon	13	3	06	06	nc	nc	_	_	_	_	_
68d48bfe-493d-4722-a891-a1d10ae78730.xml.macaon	14	4	-	-	ponctw	ponctw	_	3	ponct	_	_
68d48bfe-493d-4722-a891-a1d10ae78730.xml.macaon	15	5	15T14	15T14	nc	nc	_	3	mod	_	_
68d48bfe-493d-4722-a891-a1d10ae78730.xml.macaon	16	6	:	:	ponctw	ponctw	_	5	ponct	_	_
68d48bfe-493d-4722-a891-a1d10ae78730.xml.macaon	17	7	52	52	det	det	_	9	det	_	_
68d48bfe-493d-4722-a891-a1d10ae78730.xml.macaon	18	8	:	:	ponctw	ponctw	_	9	ponct	_	_
68d48bfe-493d-4722-a891-a1d10ae78730.xml.macaon	19	9	54Z	54Z	nc	nc	_	5	mod	_	_

68d48bfe-493d-4722-a891-a1d10ae78730.xml.macaon	20	1	Arianisme	arianisme	nc	nc	_	_	_	_	_

68d48bfe-493d-4722-a891-a1d10ae78730.xml.macaon	21	1	L'	L'	det	det	_	2	det	_	_
68d48bfe-493d-4722-a891-a1d10ae78730.xml.macaon	22	2	arianisme	arianisme	nc	nc	_	3	suj	_	_
68d48bfe-493d-4722-a891-a1d10ae78730.xml.macaon	23	3	est	être	v	v	_	_	_	_	_
68d48bfe-493d-4722-a891-a1d10ae78730.xml.macaon	24	4	une	un	det	det	_	5	det	_	_
68d48bfe-493d-4722-a891-a1d10ae78730.xml.macaon	25	5	doctrine	doctrine	nc	nc	_	3	ats	_	_
68d48bfe-493d-4722-a891-a1d10ae78730.xml.macaon	26	6	chrétienne	chrétien	adj	adj	_	5	mod	_	_
68d48bfe-493d-4722-a891-a1d10ae78730.xml.macaon	27	7	,	,	ponctw	ponctw	_	5	ponct	_	_
68d48bfe-493d-4722-a891-a1d10ae78730.xml.macaon	28	8	apparue	apparaître	vppart	vppart	_	5	mod	_	_
68d48bfe-493d-4722-a891-a1d10ae78730.xml.macaon	29	9	au	au	prep	prep	_	8	mod	_	_
68d48bfe-493d-4722-a891-a1d10ae78730.xml.macaon	30	10	début	début	nc	nc	_	9	obj	_	_	B:Activity_start:TARGET:début:G:30
68d48bfe-493d-4722-a891-a1d10ae78730.xml.macaon	31	11	du	du	prep	prep	_	8	mod	_	_	B:Activity_start:FE:Time:G:30
68d48bfe-493d-4722-a891-a1d10ae78730.xml.macaon	32	12	IVe	IVe	adj	adj	_	13	mod	_	_	I:Activity_start:FE:Time:G:30
68d48bfe-493d-4722-a891-a1d10ae78730.xml.macaon	33	13	siècle	siècle	nc	nc	_	11	obj	_	_	I:Activity_start:FE:Time:G:30
68d48bfe-493d-4722-a891-a1d10ae78730.xml.macaon	34	14	et	et	coo	coo	_	13	coord	_	_
68d48bfe-493d-4722-a891-a1d10ae78730.xml.macaon	35	15	qui	qui	prorel	prorel	_	24	suj	_	_
68d48bfe-493d-4722-a891-a1d10ae78730.xml.macaon	36	16	après	après	prep	prep	_	15	__JOKER__	_	_
68d48bfe-493d-4722-a891-a1d10ae78730.xml.macaon	37	17	bien#des	bien#du	det	det	_	18	det	_	_
68d48bfe-493d-4722-a891-a1d10ae78730.xml.macaon	38	18	hésitations	hésitation	nc	nc	_	16	obj	_	_
68d48bfe-493d-4722-a891-a1d10ae78730.xml.macaon	39	19	et	et	coo	coo	_	16	coord	_	_
68d48bfe-493d-4722-a891-a1d10ae78730.xml.macaon	40	20	des	des	prep	prep	_	24	mod	_	_
68d48bfe-493d-4722-a891-a1d10ae78730.xml.macaon	41	21	combats	combat	nc	nc	_	20	obj	_	_	B:Hostile_encounter:TARGET:combat:G:41
68d48bfe-493d-4722-a891-a1d10ae78730.xml.macaon	42	22	a	avoir	v	v	_	24	aux_tps	_	_
68d48bfe-493d-4722-a891-a1d10ae78730.xml.macaon	43	23	été	être	vppart	vppart	_	24	aux_pass	_	_
68d48bfe-493d-4722-a891-a1d10ae78730.xml.macaon	44	24	considérée	considérer	vppart	vppart	_	13	mod	_	_
68d48bfe-493d-4722-a891-a1d10ae78730.xml.macaon	45	25	comme	comme	prep	prep	_	24	mod	_	_
68d48bfe-493d-4722-a891-a1d10ae78730.xml.macaon	46	26	hérétique	hérétique	adj	adj	_	25	obj	_	_
68d48bfe-493d-4722-a891-a1d10ae78730.xml.macaon	47	27	.	.	poncts	poncts	_	3	ponct	_	_

68d48bfe-493d-4722-a891-a1d10ae78730.xml.macaon	48	1	Elle	elle	cln	cln	_	3	suj	_	_
68d48bfe-493d-4722-a891-a1d10ae78730.xml.macaon	49	2	s'	s'	clr	clr	_	3	aff	_	_
68d48bfe-493d-4722-a891-a1d10ae78730.xml.macaon	50	3	oppose	opposer	v	v	_	_	_	_	_
68d48bfe-493d-4722-a891-a1d10ae78730.xml.macaon	51	4	au	au	prep	prep	_	3	de_obj	_	_
68d48bfe-493d-4722-a891-a1d10ae78730.xml.macaon	52	5	christianisme	christianisme	nc	nc	_	4	obj	_	_
68d48bfe-493d-4722-a891-a1d10ae78730.xml.macaon	53	6	majoritaire	majoritaire	adj	adj	_	5	mod	_	_
68d48bfe-493d-4722-a891-a1d10ae78730.xml.macaon	54	7	de#l'	de#l'	prep	prep	_	3	mod	_	_
68d48bfe-493d-4722-a891-a1d10ae78730.xml.macaon	55	8	époque	époque	nc	nc	_	7	obj	_	_
68d48bfe-493d-4722-a891-a1d10ae78730.xml.macaon	56	9	sur	sur	prep	prep	_	8	dep	_	_
68d48bfe-493d-4722-a891-a1d10ae78730.xml.macaon	57	10	la	le	det	det	_	11	det	_	_
68d48bfe-493d-4722-a891-a1d10ae78730.xml.macaon	58	11	question	question	nc	nc	_	9	obj	_	_
68d48bfe-493d-4722-a891-a1d10ae78730.xml.macaon	59	12	de	de	prep	prep	_	11	dep	_	_
68d48bfe-493d-4722-a891-a1d10ae78730.xml.macaon	60	13	la	le	det	det	_	14	det	_	_
68d48bfe-493d-4722-a891-a1d10ae78730.xml.macaon	61	14	divinité	divinité	nc	nc	_	12	obj	_	_
68d48bfe-493d-4722-a891-a1d10ae78730.xml.macaon	62	15	de	de	prep	prep	_	14	dep	_	_
68d48bfe-493d-4722-a891-a1d10ae78730.xml.macaon	63	16	Jésus	Jésus	np	np	_	15	obj	_	_
68d48bfe-493d-4722-a891-a1d10ae78730.xml.macaon	64	17	.	.	poncts	poncts	_	3	ponct	_	_

68d48bfe-493d-4722-a891-a1d10ae78730.xml.macaon	65	1	Les	les	det	det	_	2	det	_	_	B:Origin:FE:Entity:G:67
68d48bfe-493d-4722-a891-a1d10ae78730.xml.macaon	66	2	idées	idée	nc	nc	_	3	suj	_	_	I:Origin:FE:Entity:G:67
68d48bfe-493d-4722-a891-a1d10ae78730.xml.macaon	67	3	proviennent	provenir	v	v	_	_	_	_	_	B:Origin:TARGET:provenir:G:67
68d48bfe-493d-4722-a891-a1d10ae78730.xml.macaon	68	4	d'	un	det	det	_	5	det	_	_	B:Origin:FE:Origin:G:67
68d48bfe-493d-4722-a891-a1d10ae78730.xml.macaon	69	5	Arius	Arius	np	np	_	3	__JOKER__	_	_	I:Origin:FE:Origin:G:67
68d48bfe-493d-4722-a891-a1d10ae78730.xml.macaon	70	6	un	un	det	det	_	7	det	_	_	I:Origin:FE:Origin:G:67
68d48bfe-493d-4722-a891-a1d10ae78730.xml.macaon	71	7	prêtre	prêtre	nc	nc	_	3	obj	_	_	I:Origin:FE:Origin:G:67
68d48bfe-493d-4722-a891-a1d10ae78730.xml.macaon	72	8	catholique	catholique	adj	adj	_	7	mod	_	_	I:Origin:FE:Origin:G:67
68d48bfe-493d-4722-a891-a1d10ae78730.xml.macaon	73	9	d'	de	prep	prep	_	7	dep	_	_	I:Origin:FE:Origin:G:67
68d48bfe-493d-4722-a891-a1d10ae78730.xml.macaon	74	10	Alexandrie	Alexandrie	np	np	_	9	obj	_	_	I:Origin:FE:Origin:G:67
68d48bfe-493d-4722-a891-a1d10ae78730.xml.macaon	75	11	,	,	ponctw	ponctw	_	10	ponct	_	_	I:Origin:FE:Origin:G:67
68d48bfe-493d-4722-a891-a1d10ae78730.xml.macaon	76	12	d'origine	d'origine	nc	nc	_	9	obj	_	_	I:Origin:FE:Origin:G:67
68d48bfe-493d-4722-a891-a1d10ae78730.xml.macaon	77	13	libyenne	libyen	adj	adj	_	12	mod	_	_	I:Origin:FE:Origin:G:67
68d48bfe-493d-4722-a891-a1d10ae78730.xml.macaon	78	14	,	,	ponctw	ponctw	_	12	ponct	_	_
68d48bfe-493d-4722-a891-a1d10ae78730.xml.macaon	79	15	de	de	prep	prep	_	12	dep	_	_
68d48bfe-493d-4722-a891-a1d10ae78730.xml.macaon	80	16	la	le	det	det	_	17	det	_	_
68d48bfe-493d-4722-a891-a1d10ae78730.xml.macaon	81	17	fin	fin	nc	nc	_	15	obj	_	_
68d48bfe-493d-4722-a891-a1d10ae78730.xml.macaon	82	18	du	du	prep	prep	_	17	dep	_	_
68d48bfe-493d-4722-a891-a1d10ae78730.xml.macaon	83	19	IIe	IIe	nc	nc	_	18	obj	_	_
68d48bfe-493d-4722-a891-a1d10ae78730.xml.macaon	84	20	et	et	coo	coo	_	18	coord	_	_
68d48bfe-493d-4722-a891-a1d10ae78730.xml.macaon	85	21	du	du	prep	prep	_	20	dep_coord	_	_
68d48bfe-493d-4722-a891-a1d10ae78730.xml.macaon	86	22	début	début	nc	nc	_	21	obj	_	_	B:Activity_start:TARGET:début:G:86
68d48bfe-493d-4722-a891-a1d10ae78730.xml.macaon	87	23	du	du	prep	prep	_	20	dep_coord	_	_	B:Activity_start:FE:Time:G:86
68d48bfe-493d-4722-a891-a1d10ae78730.xml.macaon	88	24	IVe	IVe	adj	adj	_	25	mod	_	_	I:Activity_start:FE:Time:G:86
68d48bfe-493d-4722-a891-a1d10ae78730.xml.macaon	89	25	siècle	siècle	nc	nc	_	23	obj	_	_	I:Activity_start:FE:Time:G:86
68d48bfe-493d-4722-a891-a1d10ae78730.xml.macaon	90	26	.	.	poncts	poncts	_	3	ponct	_	_

68d48bfe-493d-4722-a891-a1d10ae78730.xml.macaon	91	1	Antiquité	antiquité	nc	nc	_	_	_	_	_

68d48bfe-493d-4722-a891-a1d10ae78730.xml.macaon	92	1	Arianisme	arianisme	nc	nc	_	_	_	_	_

68d48bfe-493d-4722-a891-a1d10ae78730.xml.macaon	93	1	L'	L'	det	det	_	2	det	_	_
68d48bfe-493d-4722-a891-a1d10ae78730.xml.macaon	94	2	arianisme	arianisme	nc	nc	_	3	suj	_	_
68d48bfe-493d-4722-a891-a1d10ae78730.xml.macaon	95	3	est	être	v	v	_	_	_	_	_
68d48bfe-493d-4722-a891-a1d10ae78730.xml.macaon	96	4	une	un	det	det	_	5	det	_	_
68d48bfe-493d-4722-a891-a1d10ae78730.xml.macaon	97	5	doctrine	doctrine	nc	nc	_	3	ats	_	_
68d48bfe-493d-4722-a891-a1d10ae78730.xml.macaon	98	6	chrétienne	chrétien	adj	adj	_	5	mod	_	_
68d48bfe-493d-4722-a891-a1d10ae78730.xml.macaon	99	7	,	,	ponctw	ponctw	_	5	ponct	_	_
68d48bfe-493d-4722-a891-a1d10ae78730.xml.macaon	100	8	apparue	apparaître	vppart	vppart	_	5	mod	_	_
68d48bfe-493d-4722-a891-a1d10ae78730.xml.macaon	101	9	au	au	prep	prep	_	8	mod	_	_
68d48bfe-493d-4722-a891-a1d10ae78730.xml.macaon	102	10	début	début	nc	nc	_	9	obj	_	_	B:Activity_start:TARGET:début:G:102
68d48bfe-493d-4722-a891-a1d10ae78730.xml.macaon	103	11	du	du	prep	prep	_	8	mod	_	_	B:Activity_start:FE:Time:G:102
68d48bfe-493d-4722-a891-a1d10ae78730.xml.macaon	104	12	IVe	IVe	adj	adj	_	13	mod	_	_	I:Activity_start:FE:Time:G:102
68d48bfe-493d-4722-a891-a1d10ae78730.xml.macaon	105	13	siècle	siècle	nc	nc	_	11	obj	_	_	I:Activity_start:FE:Time:G:102
68d48bfe-493d-4722-a891-a1d10ae78730.xml.macaon	106	14	et	et	coo	coo	_	13	coord	_	_
68d48bfe-493d-4722-a891-a1d10ae78730.xml.macaon	107	15	qui	qui	prorel	prorel	_	24	suj	_	_
68d48bfe-493d-4722-a891-a1d10ae78730.xml.macaon	108	16	après	après	prep	prep	_	15	__JOKER__	_	_
68d48bfe-493d-4722-a891-a1d10ae78730.xml.macaon	109	17	bien#des	bien#du	det	det	_	18	det	_	_
68d48bfe-493d-4722-a891-a1d10ae78730.xml.macaon	110	18	hésitations	hésitation	nc	nc	_	16	obj	_	_
68d48bfe-493d-4722-a891-a1d10ae78730.xml.macaon	111	19	et	et	coo	coo	_	16	coord	_	_
68d48bfe-493d-4722-a891-a1d10ae78730.xml.macaon	112	20	des	des	prep	prep	_	24	mod	_	_
68d48bfe-493d-4722-a891-a1d10ae78730.xml.macaon	113	21	combats	combat	nc	nc	_	20	obj	_	_	B:Hostile_encounter:TARGET:combat:G:113
68d48bfe-493d-4722-a891-a1d10ae78730.xml.macaon	114	22	a	avoir	v	v	_	24	aux_tps	_	_
68d48bfe-493d-4722-a891-a1d10ae78730.xml.macaon	115	23	été	être	vppart	vppart	_	24	aux_pass	_	_
68d48bfe-493d-4722-a891-a1d10ae78730.xml.macaon	116	24	considérée	considérer	vppart	vppart	_	13	mod	_	_
68d48bfe-493d-4722-a891-a1d10ae78730.xml.macaon	117	25	comme	comme	prep	prep	_	24	mod	_	_
68d48bfe-493d-4722-a891-a1d10ae78730.xml.macaon	118	26	hérétique	hérétique	adj	adj	_	25	obj	_	_
68d48bfe-493d-4722-a891-a1d10ae78730.xml.macaon	119	27	.	.	poncts	poncts	_	3	ponct	_	_

68d48bfe-493d-4722-a891-a1d10ae78730.xml.macaon	120	1	Elle	elle	cln	cln	_	3	suj	_	_
68d48bfe-493d-4722-a891-a1d10ae78730.xml.macaon	121	2	s'	s'	clr	clr	_	3	aff	_	_
68d48bfe-493d-4722-a891-a1d10ae78730.xml.macaon	122	3	oppose	opposer	v	v	_	_	_	_	_
68d48bfe-493d-4722-a891-a1d10ae78730.xml.macaon	123	4	au	au	prep	prep	_	3	de_obj	_	_
68d48bfe-493d-4722-a891-a1d10ae78730.xml.macaon	124	5	christianisme	christianisme	nc	nc	_	4	obj	_	_
68d48bfe-493d-4722-a891-a1d10ae78730.xml.macaon	125	6	majoritaire	majoritaire	adj	adj	_	5	mod	_	_
68d48bfe-493d-4722-a891-a1d10ae78730.xml.macaon	126	7	de#l'	de#l'	prep	prep	_	3	mod	_	_
68d48bfe-493d-4722-a891-a1d10ae78730.xml.macaon	127	8	époque	époque	nc	nc	_	7	obj	_	_
68d48bfe-493d-4722-a891-a1d10ae78730.xml.macaon	128	9	sur	sur	prep	prep	_	8	dep	_	_
68d48bfe-493d-4722-a891-a1d10ae78730.xml.macaon	129	10	la	le	det	det	_	11	det	_	_
68d48bfe-493d-4722-a891-a1d10ae78730.xml.macaon	130	11	question	question	nc	nc	_	9	obj	_	_
68d48bfe-493d-4722-a891-a1d10ae78730.xml.macaon	131	12	de	de	prep	prep	_	11	dep	_	_
68d48bfe-493d-4722-a891-a1d10ae78730.xml.macaon	132	13	la	le	det	det	_	14	det	_	_
68d48bfe-493d-4722-a891-a1d10ae78730.xml.macaon	133	14	divinité	divinité	nc	nc	_	12	obj	_	_
68d48bfe-493d-4722-a891-a1d10ae78730.xml.macaon	134	15	de	de	prep	prep	_	14	dep	_	_
68d48bfe-493d-4722-a891-a1d10ae78730.xml.macaon	135	16	Jésus	Jésus	np	np	_	15	obj	_	_
68d48bfe-493d-4722-a891-a1d10ae78730.xml.macaon	136	17	.	.	poncts	poncts	_	3	ponct	_	_

68d48bfe-493d-4722-a891-a1d10ae78730.xml.macaon	137	1	Les	les	det	det	_	2	det	_	_
68d48bfe-493d-4722-a891-a1d10ae78730.xml.macaon	138	2	idées	idée	nc	nc	_	3	suj	_	_
68d48bfe-493d-4722-a891-a1d10ae78730.xml.macaon	139	3	proviennent	provenir	v	v	_	_	_	_	_	B:Origin:TARGET:provenir:G:139
68d48bfe-493d-4722-a891-a1d10ae78730.xml.macaon	140	4	d'	un	det	det	_	5	det	_	_
68d48bfe-493d-4722-a891-a1d10ae78730.xml.macaon	141	5	Arius	Arius	np	np	_	3	__JOKER__	_	_
68d48bfe-493d-4722-a891-a1d10ae78730.xml.macaon	142	6	un	un	det	det	_	7	det	_	_
68d48bfe-493d-4722-a891-a1d10ae78730.xml.macaon	143	7	prêtre	prêtre	nc	nc	_	3	obj	_	_
68d48bfe-493d-4722-a891-a1d10ae78730.xml.macaon	144	8	catholique	catholique	adj	adj	_	7	mod	_	_
68d48bfe-493d-4722-a891-a1d10ae78730.xml.macaon	145	9	d'	de	prep	prep	_	7	dep	_	_
68d48bfe-493d-4722-a891-a1d10ae78730.xml.macaon	146	10	Alexandrie	Alexandrie	np	np	_	9	obj	_	_
68d48bfe-493d-4722-a891-a1d10ae78730.xml.macaon	147	11	,	,	ponctw	ponctw	_	10	ponct	_	_
68d48bfe-493d-4722-a891-a1d10ae78730.xml.macaon	148	12	d'origine	d'origine	nc	nc	_	9	obj	_	_
68d48bfe-493d-4722-a891-a1d10ae78730.xml.macaon	149	13	libyenne	libyen	adj	adj	_	12	mod	_	_
68d48bfe-493d-4722-a891-a1d10ae78730.xml.macaon	150	14	,	,	ponctw	ponctw	_	12	ponct	_	_
68d48bfe-493d-4722-a891-a1d10ae78730.xml.macaon	151	15	de	de	prep	prep	_	12	dep	_	_
68d48bfe-493d-4722-a891-a1d10ae78730.xml.macaon	152	16	la	le	det	det	_	17	det	_	_
68d48bfe-493d-4722-a891-a1d10ae78730.xml.macaon	153	17	fin	fin	nc	nc	_	15	obj	_	_
68d48bfe-493d-4722-a891-a1d10ae78730.xml.macaon	154	18	du	du	prep	prep	_	17	dep	_	_
68d48bfe-493d-4722-a891-a1d10ae78730.xml.macaon	155	19	IIe	IIe	nc	nc	_	18	obj	_	_
68d48bfe-493d-4722-a891-a1d10ae78730.xml.macaon	156	20	et	et	coo	coo	_	18	coord	_	_
68d48bfe-493d-4722-a891-a1d10ae78730.xml.macaon	157	21	du	du	prep	prep	_	20	dep_coord	_	_
68d48bfe-493d-4722-a891-a1d10ae78730.xml.macaon	158	22	début	début	nc	nc	_	21	obj	_	_	B:Activity_start:TARGET:début:G:158
68d48bfe-493d-4722-a891-a1d10ae78730.xml.macaon	159	23	du	du	prep	prep	_	20	dep_coord	_	_	B:Activity_start:FE:Time:G:158
68d48bfe-493d-4722-a891-a1d10ae78730.xml.macaon	160	24	IVe	IVe	adj	adj	_	25	mod	_	_	I:Activity_start:FE:Time:G:158
68d48bfe-493d-4722-a891-a1d10ae78730.xml.macaon	161	25	siècle	siècle	nc	nc	_	23	obj	_	_	I:Activity_start:FE:Time:G:158
68d48bfe-493d-4722-a891-a1d10ae78730.xml.macaon	162	26	.	.	poncts	poncts	_	3	ponct	_	_

68d48bfe-493d-4722-a891-a1d10ae78730.xml.macaon	163	1	Idées	idées	vppart	vppart	_	_	_	_	_
68d48bfe-493d-4722-a891-a1d10ae78730.xml.macaon	164	2	de#l'	de#l'	prep	prep	_	1	mod	_	_
68d48bfe-493d-4722-a891-a1d10ae78730.xml.macaon	165	3	arianisme	arianisme	nc	nc	_	2	obj	_	_

68d48bfe-493d-4722-a891-a1d10ae78730.xml.macaon	166	1	L'	L'	det	det	_	2	det	_	_	B:Origin:FE:Entity:G:168
68d48bfe-493d-4722-a891-a1d10ae78730.xml.macaon	167	2	arianisme	arianisme	nc	nc	_	3	suj	_	_	I:Origin:FE:Entity:G:168
68d48bfe-493d-4722-a891-a1d10ae78730.xml.macaon	168	3	provient	provenir	v	v	_	_	_	_	_	B:Origin:TARGET:provenir:G:168
68d48bfe-493d-4722-a891-a1d10ae78730.xml.macaon	169	4	du	du	prep	prep	_	3	obj	_	_	B:Origin:FE:Origin:G:168
68d48bfe-493d-4722-a891-a1d10ae78730.xml.macaon	170	5	débat	débat	nc	nc	_	4	obj	_	_	I:Origin:FE:Origin:G:168
68d48bfe-493d-4722-a891-a1d10ae78730.xml.macaon	171	6	pour	pour	prep	prep	_	5	dep	_	_
68d48bfe-493d-4722-a891-a1d10ae78730.xml.macaon	172	7	préciser	préciser	vinf	vinf	_	6	obj	_	_
68d48bfe-493d-4722-a891-a1d10ae78730.xml.macaon	173	8	les	le	det	det	_	9	det	_	_
68d48bfe-493d-4722-a891-a1d10ae78730.xml.macaon	174	9	relations	relation	nc	nc	_	7	obj	_	_
68d48bfe-493d-4722-a891-a1d10ae78730.xml.macaon	175	10	existantes	existant	adj	adj	_	9	mod	_	_
68d48bfe-493d-4722-a891-a1d10ae78730.xml.macaon	176	11	entre	entre	prep	prep	_	7	mod	_	_
68d48bfe-493d-4722-a891-a1d10ae78730.xml.macaon	177	12	Dieu	Dieu	np	np	_	11	obj	_	_
68d48bfe-493d-4722-a891-a1d10ae78730.xml.macaon	178	13	le	le	det	det	_	14	det	_	_
68d48bfe-493d-4722-a891-a1d10ae78730.xml.macaon	179	14	père	père	nc	nc	_	7	obj	_	_
68d48bfe-493d-4722-a891-a1d10ae78730.xml.macaon	180	15	(	(	ponctw	ponctw	_	14	ponct	_	_
68d48bfe-493d-4722-a891-a1d10ae78730.xml.macaon	181	16	éternel	éternel	nc	nc	_	7	obj	_	_
68d48bfe-493d-4722-a891-a1d10ae78730.xml.macaon	182	17	et	et	coo	coo	_	16	coord	_	_
68d48bfe-493d-4722-a891-a1d10ae78730.xml.macaon	183	18	incréé	incréé	adj	adj	_	17	dep_coord	_	_
68d48bfe-493d-4722-a891-a1d10ae78730.xml.macaon	184	19	)	)	ponctw	ponctw	_	16	ponct	_	_
68d48bfe-493d-4722-a891-a1d10ae78730.xml.macaon	185	20	et	et	coo	coo	_	16	coord	_	_
68d48bfe-493d-4722-a891-a1d10ae78730.xml.macaon	186	21	Jésus	Jésus	np	np	_	20	dep_coord	_	_	B:Creating:FE:Created_entity:G:189
68d48bfe-493d-4722-a891-a1d10ae78730.xml.macaon	187	22	(	(	ponctw	ponctw	_	21	ponct	_	_
68d48bfe-493d-4722-a891-a1d10ae78730.xml.macaon	188	23	personne	personne	nc	nc	_	20	dep_coord	_	_	B:Creating:FE:Created_entity:G:189
68d48bfe-493d-4722-a891-a1d10ae78730.xml.macaon	189	24	créée	créer	vppart	vppart	_	23	mod	_	_	B:Creating:TARGET:créer:G:189
68d48bfe-493d-4722-a891-a1d10ae78730.xml.macaon	190	25	par	par	prep	prep	_	24	p_obj	_	_	B:Creating:FE:Creator:G:189
68d48bfe-493d-4722-a891-a1d10ae78730.xml.macaon	191	26	Dieu	Dieu	np	np	_	25	obj	_	_	I:Creating:FE:Creator:G:189
68d48bfe-493d-4722-a891-a1d10ae78730.xml.macaon	192	27	le	le	det	det	_	28	det	_	_	I:Creating:FE:Creator:G:189
68d48bfe-493d-4722-a891-a1d10ae78730.xml.macaon	193	28	père	père	nc	nc	_	25	obj	_	_	I:Creating:FE:Creator:G:189
68d48bfe-493d-4722-a891-a1d10ae78730.xml.macaon	194	29	par	par	prep	prep	_	24	mod	_	_
68d48bfe-493d-4722-a891-a1d10ae78730.xml.macaon	195	30	l'	le	det	det	_	31	det	_	_
68d48bfe-493d-4722-a891-a1d10ae78730.xml.macaon	196	31	intermédiaire	intermédiaire	nc	nc	_	29	obj	_	_
68d48bfe-493d-4722-a891-a1d10ae78730.xml.macaon	197	32	de#l'	de#l'	prep	prep	_	31	dep	_	_
68d48bfe-493d-4722-a891-a1d10ae78730.xml.macaon	198	33	Esprit	Esprit	np	np	_	32	obj	_	_	B:Creating:FE:Co-participant:G:189
68d48bfe-493d-4722-a891-a1d10ae78730.xml.macaon	199	34	saint	saint	adj	adj	_	33	mod	_	_	I:Creating:FE:Co-participant:G:189
68d48bfe-493d-4722-a891-a1d10ae78730.xml.macaon	200	35	)	)	ponctw	ponctw	_	33	ponct	_	_
68d48bfe-493d-4722-a891-a1d10ae78730.xml.macaon	201	36	.	.	poncts	poncts	_	3	__JOKER__	_	_

68d48bfe-493d-4722-a891-a1d10ae78730.xml.macaon	202	1	A	A	prep	prep	_	11	mod	_	_
68d48bfe-493d-4722-a891-a1d10ae78730.xml.macaon	203	2	cette	ce	det	det	_	3	det	_	_
68d48bfe-493d-4722-a891-a1d10ae78730.xml.macaon	204	3	époque	époque	nc	nc	_	1	obj	_	_
68d48bfe-493d-4722-a891-a1d10ae78730.xml.macaon	205	4	,	,	ponctw	ponctw	_	11	ponct	_	_
68d48bfe-493d-4722-a891-a1d10ae78730.xml.macaon	206	5	ces	ce	det	det	_	6	det	_	_
68d48bfe-493d-4722-a891-a1d10ae78730.xml.macaon	207	6	relations	relation	nc	nc	_	11	suj	_	_
68d48bfe-493d-4722-a891-a1d10ae78730.xml.macaon	208	7	n'	n'	advneg	advneg	_	11	mod	_	_
68d48bfe-493d-4722-a891-a1d10ae78730.xml.macaon	209	8	étaient	étayer	v	v	_	11	aux_tps	_	_
68d48bfe-493d-4722-a891-a1d10ae78730.xml.macaon	210	9	pas#encore	pas#encore	adv	adv	_	11	mod	_	_
68d48bfe-493d-4722-a891-a1d10ae78730.xml.macaon	211	10	bien	bien	adv	adv	_	11	mod	_	_
68d48bfe-493d-4722-a891-a1d10ae78730.xml.macaon	212	11	définies	définir	vppart	vppart	_	_	_	_	_
68d48bfe-493d-4722-a891-a1d10ae78730.xml.macaon	213	12	par	par	prep	prep	_	11	p_obj	_	_
68d48bfe-493d-4722-a891-a1d10ae78730.xml.macaon	214	13	les	le	det	det	_	14	det	_	_
68d48bfe-493d-4722-a891-a1d10ae78730.xml.macaon	215	14	penseurs	penseur	nc	nc	_	12	obj	_	_
68d48bfe-493d-4722-a891-a1d10ae78730.xml.macaon	216	15	chrétiens	chrétien	adj	adj	_	14	mod	_	_
68d48bfe-493d-4722-a891-a1d10ae78730.xml.macaon	217	16	.	.	poncts	poncts	_	11	__JOKER__	_	_

68d48bfe-493d-4722-a891-a1d10ae78730.xml.macaon	218	1	Pour	pour	prep	prep	_	6	mod	_	_
68d48bfe-493d-4722-a891-a1d10ae78730.xml.macaon	219	2	un	un	det	det	_	3	det	_	_
68d48bfe-493d-4722-a891-a1d10ae78730.xml.macaon	220	3	arien	arien	nc	nc	_	1	obj	_	_
68d48bfe-493d-4722-a891-a1d10ae78730.xml.macaon	221	4	Jésus	Jésus	np	np	_	1	obj	_	_
68d48bfe-493d-4722-a891-a1d10ae78730.xml.macaon	222	5	n'	n'	advneg	advneg	_	6	mod	_	_
68d48bfe-493d-4722-a891-a1d10ae78730.xml.macaon	223	6	est	être	v	v	_	_	_	_	_
68d48bfe-493d-4722-a891-a1d10ae78730.xml.macaon	224	7	pas	pas	advneg	advneg	_	6	mod	_	_
68d48bfe-493d-4722-a891-a1d10ae78730.xml.macaon	225	8	Dieu	Dieu	np	np	_	11	__JOKER__	_	_
68d48bfe-493d-4722-a891-a1d10ae78730.xml.macaon	226	9	,	,	ponctw	ponctw	_	11	ponct	_	_
68d48bfe-493d-4722-a891-a1d10ae78730.xml.macaon	227	10	il	il	cln	cln	_	11	suj	_	_
68d48bfe-493d-4722-a891-a1d10ae78730.xml.macaon	228	11	est	être	v	v	_	6	mod	_	_
68d48bfe-493d-4722-a891-a1d10ae78730.xml.macaon	229	12	la	le	det	det	_	13	det	_	_
68d48bfe-493d-4722-a891-a1d10ae78730.xml.macaon	230	13	première	premier	adj	adj	_	11	ats	_	_
68d48bfe-493d-4722-a891-a1d10ae78730.xml.macaon	231	14	des	des	prep	prep	_	11	mod	_	_
68d48bfe-493d-4722-a891-a1d10ae78730.xml.macaon	232	15	créatures	créature	nc	nc	_	14	obj	_	_
68d48bfe-493d-4722-a891-a1d10ae78730.xml.macaon	233	16	.	.	poncts	poncts	_	6	ponct	_	_

68d48bfe-493d-4722-a891-a1d10ae78730.xml.macaon	234	1	Jésus	Jésus	np	np	_	2	suj	_	_	B:Creating:FE:Created_entity:G:248
68d48bfe-493d-4722-a891-a1d10ae78730.xml.macaon	235	2	est	être	v	v	_	_	_	_	_
68d48bfe-493d-4722-a891-a1d10ae78730.xml.macaon	236	3	inférieur	inférieur	adj	adj	_	2	ats	_	_
68d48bfe-493d-4722-a891-a1d10ae78730.xml.macaon	237	4	à	à	prep	prep	_	2	a_obj	_	_
68d48bfe-493d-4722-a891-a1d10ae78730.xml.macaon	238	5	Dieu	Dieu	np	np	_	4	obj	_	_
68d48bfe-493d-4722-a891-a1d10ae78730.xml.macaon	239	6	(	(	ponctw	ponctw	_	2	ponct	_	_
68d48bfe-493d-4722-a891-a1d10ae78730.xml.macaon	240	7	le	le	det	det	_	8	det	_	_
68d48bfe-493d-4722-a891-a1d10ae78730.xml.macaon	241	8	père	père	nc	nc	_	15	suj	_	_
68d48bfe-493d-4722-a891-a1d10ae78730.xml.macaon	242	9	)	)	ponctw	ponctw	_	8	ponct	_	_
68d48bfe-493d-4722-a891-a1d10ae78730.xml.macaon	243	10	,	,	ponctw	ponctw	_	8	ponct	_	_
68d48bfe-493d-4722-a891-a1d10ae78730.xml.macaon	244	11	et	et	coo	coo	_	8	coord	_	_
68d48bfe-493d-4722-a891-a1d10ae78730.xml.macaon	245	12	il	il	cln	cln	_	15	suj	_	_	B:Creating:FE:Created_entity:G:248
68d48bfe-493d-4722-a891-a1d10ae78730.xml.macaon	246	13	a	avoir	v	v	_	15	aux_tps	_	_
68d48bfe-493d-4722-a891-a1d10ae78730.xml.macaon	247	14	été	être	vppart	vppart	_	15	aux_pass	_	_
68d48bfe-493d-4722-a891-a1d10ae78730.xml.macaon	248	15	créé	créer	vppart	vppart	_	2	__JOKER__	_	_	B:Creating:TARGET:créer:G:248
68d48bfe-493d-4722-a891-a1d10ae78730.xml.macaon	249	16	comme	comme	prep	prep	_	15	mod	_	_
68d48bfe-493d-4722-a891-a1d10ae78730.xml.macaon	250	17	personne	personne	nc	nc	_	16	obj	_	_
68d48bfe-493d-4722-a891-a1d10ae78730.xml.macaon	251	18	humaine	humain	adj	adj	_	17	mod	_	_
68d48bfe-493d-4722-a891-a1d10ae78730.xml.macaon	252	19	,	,	ponctw	ponctw	_	17	ponct	_	_
68d48bfe-493d-4722-a891-a1d10ae78730.xml.macaon	253	20	même	même	adv	adv	_	21	mod	_	_
68d48bfe-493d-4722-a891-a1d10ae78730.xml.macaon	254	21	temporaire	temporaire	adj	adj	_	17	mod	_	_
68d48bfe-493d-4722-a891-a1d10ae78730.xml.macaon	255	22	.	.	poncts	poncts	_	2	ponct	_	_

68d48bfe-493d-4722-a891-a1d10ae78730.xml.macaon	256	1	Jésus	Jésus	np	np	_	2	suj	_	_
68d48bfe-493d-4722-a891-a1d10ae78730.xml.macaon	257	2	a	avoir	v	v	_	4	aux_tps	_	_
68d48bfe-493d-4722-a891-a1d10ae78730.xml.macaon	258	3	été	être	vppart	vppart	_	4	aux_pass	_	_
68d48bfe-493d-4722-a891-a1d10ae78730.xml.macaon	259	4	élevé	élever	vppart	vppart	_	_	_	_	_	B:OTHER:G
68d48bfe-493d-4722-a891-a1d10ae78730.xml.macaon	260	5	par	par	prep	prep	_	4	p_obj	_	_
68d48bfe-493d-4722-a891-a1d10ae78730.xml.macaon	261	6	la	le	det	det	_	7	det	_	_
68d48bfe-493d-4722-a891-a1d10ae78730.xml.macaon	262	7	grâce	grâce	nc	nc	_	5	obj	_	_
68d48bfe-493d-4722-a891-a1d10ae78730.xml.macaon	263	8	divine	divin	adj	adj	_	7	mod	_	_
68d48bfe-493d-4722-a891-a1d10ae78730.xml.macaon	264	9	au	au	prep	prep	_	4	mod	_	_
68d48bfe-493d-4722-a891-a1d10ae78730.xml.macaon	265	10	dessus	dessus	nc	nc	_	9	obj	_	_
68d48bfe-493d-4722-a891-a1d10ae78730.xml.macaon	266	11	des	des	prep	prep	_	10	dep	_	_
68d48bfe-493d-4722-a891-a1d10ae78730.xml.macaon	267	12	autres	autre	adj	adj	_	13	mod	_	_
68d48bfe-493d-4722-a891-a1d10ae78730.xml.macaon	268	13	hommes	homme	nc	nc	_	11	obj	_	_
68d48bfe-493d-4722-a891-a1d10ae78730.xml.macaon	269	14	,	,	ponctw	ponctw	_	16	ponct	_	_
68d48bfe-493d-4722-a891-a1d10ae78730.xml.macaon	270	15	il	il	cln	cln	_	16	suj	_	_	B:Participation:FE:Participant1:G:271
68d48bfe-493d-4722-a891-a1d10ae78730.xml.macaon	271	16	participe	participer	v	v	_	13	mod_rel	_	_	B:Participation:TARGET:participer:G:271
68d48bfe-493d-4722-a891-a1d10ae78730.xml.macaon	272	17	donc	donc	adv	adv	_	16	mod	_	_
68d48bfe-493d-4722-a891-a1d10ae78730.xml.macaon	273	18	de	de	prep	prep	_	16	de_obj	_	_
68d48bfe-493d-4722-a891-a1d10ae78730.xml.macaon	274	19	la	le	det	det	_	20	det	_	_	B:Participation:FE:Event:G:271
68d48bfe-493d-4722-a891-a1d10ae78730.xml.macaon	275	20	divinité	divinité	nc	nc	_	18	obj	_	_	I:Participation:FE:Event:G:271
68d48bfe-493d-4722-a891-a1d10ae78730.xml.macaon	276	21	de	de	prep	prep	_	20	dep	_	_	I:Participation:FE:Event:G:271
68d48bfe-493d-4722-a891-a1d10ae78730.xml.macaon	277	22	Dieu	Dieu	np	np	_	21	obj	_	_	I:Participation:FE:Event:G:271
68d48bfe-493d-4722-a891-a1d10ae78730.xml.macaon	278	23	le	le	det	det	_	24	det	_	_	I:Participation:FE:Event:G:271
68d48bfe-493d-4722-a891-a1d10ae78730.xml.macaon	279	24	père	père	nc	nc	_	21	obj	_	_	I:Participation:FE:Event:G:271
68d48bfe-493d-4722-a891-a1d10ae78730.xml.macaon	280	25	.	.	poncts	poncts	_	4	ponct	_	_

68d48bfe-493d-4722-a891-a1d10ae78730.xml.macaon	281	1	Donc	donc	adv	adv	_	8	mod	_	_
68d48bfe-493d-4722-a891-a1d10ae78730.xml.macaon	282	2	pour	pour	prep	prep	_	8	mod	_	_
68d48bfe-493d-4722-a891-a1d10ae78730.xml.macaon	283	3	un	un	det	det	_	4	det	_	_
68d48bfe-493d-4722-a891-a1d10ae78730.xml.macaon	284	4	arien	arien	nc	nc	_	2	obj	_	_
68d48bfe-493d-4722-a891-a1d10ae78730.xml.macaon	285	5	,	,	ponctw	ponctw	_	8	ponct	_	_
68d48bfe-493d-4722-a891-a1d10ae78730.xml.macaon	286	6	Jésus	Jésus	np	np	_	8	suj	_	_
68d48bfe-493d-4722-a891-a1d10ae78730.xml.macaon	287	7	n'	n'	advneg	advneg	_	8	mod	_	_
68d48bfe-493d-4722-a891-a1d10ae78730.xml.macaon	288	8	est	être	v	v	_	_	_	_	_
68d48bfe-493d-4722-a891-a1d10ae78730.xml.macaon	289	9	pas	pas	advneg	advneg	_	8	mod	_	_
68d48bfe-493d-4722-a891-a1d10ae78730.xml.macaon	290	10	consubstantiel	consubstantiel	adj	adj	_	8	ats	_	_
68d48bfe-493d-4722-a891-a1d10ae78730.xml.macaon	291	11	à	à	prep	prep	_	8	a_obj	_	_
68d48bfe-493d-4722-a891-a1d10ae78730.xml.macaon	292	12	Dieu	Dieu	np	np	_	11	obj	_	_
68d48bfe-493d-4722-a891-a1d10ae78730.xml.macaon	293	13	,	,	ponctw	ponctw	_	8	ponct	_	_
68d48bfe-493d-4722-a891-a1d10ae78730.xml.macaon	294	14	comme	comme	csu	csu	_	8	mod	_	_
68d48bfe-493d-4722-a891-a1d10ae78730.xml.macaon	295	15	le	le	clo	clo	_	16	__JOKER__	_	_
68d48bfe-493d-4722-a891-a1d10ae78730.xml.macaon	296	16	croient	croire	v	v	_	14	obj	_	_
68d48bfe-493d-4722-a891-a1d10ae78730.xml.macaon	297	17	une	un	det	det	_	19	det	_	_
68d48bfe-493d-4722-a891-a1d10ae78730.xml.macaon	298	18	grande	grand	adj	adj	_	19	mod	_	_
68d48bfe-493d-4722-a891-a1d10ae78730.xml.macaon	299	19	partie	partie	nc	nc	_	16	obj	_	_
68d48bfe-493d-4722-a891-a1d10ae78730.xml.macaon	300	20	des	des	prep	prep	_	19	dep	_	_
68d48bfe-493d-4722-a891-a1d10ae78730.xml.macaon	301	21	chrétiens	chrétien	nc	nc	_	20	obj	_	_
68d48bfe-493d-4722-a891-a1d10ae78730.xml.macaon	302	22	de#l'	de#l'	prep	prep	_	21	dep	_	_
68d48bfe-493d-4722-a891-a1d10ae78730.xml.macaon	303	23	époque	époque	nc	nc	_	22	obj	_	_
68d48bfe-493d-4722-a891-a1d10ae78730.xml.macaon	304	24	.	.	poncts	poncts	_	8	ponct	_	_

68d48bfe-493d-4722-a891-a1d10ae78730.xml.macaon	305	1	La	la	det	det	_	2	det	_	_
68d48bfe-493d-4722-a891-a1d10ae78730.xml.macaon	306	2	lutte	lutte	nc	nc	_	_	_	_	_
68d48bfe-493d-4722-a891-a1d10ae78730.xml.macaon	307	3	entre	entre	prep	prep	_	2	dep	_	_
68d48bfe-493d-4722-a891-a1d10ae78730.xml.macaon	308	4	les	le	det	det	_	5	det	_	_
68d48bfe-493d-4722-a891-a1d10ae78730.xml.macaon	309	5	ariens	arien	nc	nc	_	3	obj	_	_
68d48bfe-493d-4722-a891-a1d10ae78730.xml.macaon	310	6	et	et	coo	coo	_	5	coord	_	_
68d48bfe-493d-4722-a891-a1d10ae78730.xml.macaon	311	7	les	le	det	det	_	8	det	_	_
68d48bfe-493d-4722-a891-a1d10ae78730.xml.macaon	312	8	chrétiens	chrétien	nc	nc	_	6	dep_coord	_	_
68d48bfe-493d-4722-a891-a1d10ae78730.xml.macaon	313	9	traditionnels	traditionnel	adj	adj	_	8	mod	_	_
68d48bfe-493d-4722-a891-a1d10ae78730.xml.macaon	314	10	dans	dans	prep	prep	_	6	dep_coord	_	_
68d48bfe-493d-4722-a891-a1d10ae78730.xml.macaon	315	11	l'	le	det	det	_	12	det	_	_
68d48bfe-493d-4722-a891-a1d10ae78730.xml.macaon	316	12	empire	empire	nc	nc	_	10	obj	_	_
68d48bfe-493d-4722-a891-a1d10ae78730.xml.macaon	317	13	romain	romain	adj	adj	_	12	mod	_	_

68d48bfe-493d-4722-a891-a1d10ae78730.xml.macaon	318	1	La	la	det	det	_	2	det	_	_
68d48bfe-493d-4722-a891-a1d10ae78730.xml.macaon	319	2	querelle	querelle	nc	nc	_	_	_	_	_
68d48bfe-493d-4722-a891-a1d10ae78730.xml.macaon	320	3	qui	qui	prorel	prorel	_	4	suj	_	_
68d48bfe-493d-4722-a891-a1d10ae78730.xml.macaon	321	4	oppose	opposer	v	v	_	2	mod_rel	_	_
68d48bfe-493d-4722-a891-a1d10ae78730.xml.macaon	322	5	les	le	det	det	_	7	det	_	_
68d48bfe-493d-4722-a891-a1d10ae78730.xml.macaon	323	6	deux	deux	adj	adj	_	7	mod	_	_
68d48bfe-493d-4722-a891-a1d10ae78730.xml.macaon	324	7	tendances	tendance	nc	nc	_	4	obj	_	_
68d48bfe-493d-4722-a891-a1d10ae78730.xml.macaon	325	8	du	du	prep	prep	_	7	dep	_	_
68d48bfe-493d-4722-a891-a1d10ae78730.xml.macaon	326	9	christianisme	christianisme	nc	nc	_	8	obj	_	_
68d48bfe-493d-4722-a891-a1d10ae78730.xml.macaon	327	10	au	au	prep	prep	_	9	dep	_	_
68d48bfe-493d-4722-a891-a1d10ae78730.xml.macaon	328	11	IVe	IVe	adj	adj	_	12	mod	_	_
68d48bfe-493d-4722-a891-a1d10ae78730.xml.macaon	329	12	siècle	siècle	nc	nc	_	10	obj	_	_
68d48bfe-493d-4722-a891-a1d10ae78730.xml.macaon	330	13	,	,	ponctw	ponctw	_	15	ponct	_	_
68d48bfe-493d-4722-a891-a1d10ae78730.xml.macaon	331	14	se	se	clr	clr	_	15	aff	_	_
68d48bfe-493d-4722-a891-a1d10ae78730.xml.macaon	332	15	double	doubler	v	v	_	9	mod_rel	_	_
68d48bfe-493d-4722-a891-a1d10ae78730.xml.macaon	333	16	d'	de	prep	prep	_	15	de_obj	_	_
68d48bfe-493d-4722-a891-a1d10ae78730.xml.macaon	334	17	une	un	det	det	_	18	det	_	_
68d48bfe-493d-4722-a891-a1d10ae78730.xml.macaon	335	18	intervention	intervention	nc	nc	_	16	obj	_	_
68d48bfe-493d-4722-a891-a1d10ae78730.xml.macaon	336	19	des	des	prep	prep	_	18	dep	_	_
68d48bfe-493d-4722-a891-a1d10ae78730.xml.macaon	337	20	empereurs	empereur	nc	nc	_	19	obj	_	_
68d48bfe-493d-4722-a891-a1d10ae78730.xml.macaon	338	21	romains	romain	adj	adj	_	20	mod	_	_
68d48bfe-493d-4722-a891-a1d10ae78730.xml.macaon	339	22	.	.	poncts	poncts	_	4	ponct	_	_

68d48bfe-493d-4722-a891-a1d10ae78730.xml.macaon	340	1	Certains	certains	pro	pro	_	2	suj	_	_	B:Assistance:FE:Helper:G:341
68d48bfe-493d-4722-a891-a1d10ae78730.xml.macaon	341	2	soutiennent	soutenir	v	v	_	_	_	_	_	B:Assistance:TARGET:soutenir:G:341
68d48bfe-493d-4722-a891-a1d10ae78730.xml.macaon	342	3	le	le	det	det	_	4	det	_	_	B:Assistance:FE:Benefited_party:G:341
68d48bfe-493d-4722-a891-a1d10ae78730.xml.macaon	343	4	christianisme	christianisme	nc	nc	_	2	obj	_	_	I:Assistance:FE:Benefited_party:G:341
68d48bfe-493d-4722-a891-a1d10ae78730.xml.macaon	344	5	officiel	officiel	adj	adj	_	4	mod	_	_	I:Assistance:FE:Benefited_party:G:341
68d48bfe-493d-4722-a891-a1d10ae78730.xml.macaon	345	6	,	,	ponctw	ponctw	_	2	ponct	_	_
68d48bfe-493d-4722-a891-a1d10ae78730.xml.macaon	346	7	d'autres	d'autres	prep	prep	_	2	mod	_	_
68d48bfe-493d-4722-a891-a1d10ae78730.xml.macaon	347	8	l'	le	det	det	_	9	det	_	_
68d48bfe-493d-4722-a891-a1d10ae78730.xml.macaon	348	9	arianisme	arianisme	nc	nc	_	7	obj	_	_
68d48bfe-493d-4722-a891-a1d10ae78730.xml.macaon	349	10	.	.	poncts	poncts	_	2	ponct	_	_

68d48bfe-493d-4722-a891-a1d10ae78730.xml.macaon	350	1	En	en	prep	prep	_	8	__JOKER__	_	_
68d48bfe-493d-4722-a891-a1d10ae78730.xml.macaon	351	2	fonction	fonction	nc	nc	_	1	obj	_	_
68d48bfe-493d-4722-a891-a1d10ae78730.xml.macaon	352	3	du	du	prep	prep	_	2	dep	_	_
68d48bfe-493d-4722-a891-a1d10ae78730.xml.macaon	353	4	pouvoir	pouvoir	nc	nc	_	3	obj	_	_
68d48bfe-493d-4722-a891-a1d10ae78730.xml.macaon	354	5	des	des	prep	prep	_	4	dep	_	_
68d48bfe-493d-4722-a891-a1d10ae78730.xml.macaon	355	6	empereurs	empereur	nc	nc	_	5	obj	_	_
68d48bfe-493d-4722-a891-a1d10ae78730.xml.macaon	356	7	l'	le	det	det	_	8	det	_	_
68d48bfe-493d-4722-a891-a1d10ae78730.xml.macaon	357	8	arianisme	arianisme	nc	nc	_	10	suj	_	_
68d48bfe-493d-4722-a891-a1d10ae78730.xml.macaon	358	9	est	être	v	v	_	10	aux_tps	_	_
68d48bfe-493d-4722-a891-a1d10ae78730.xml.macaon	359	10	persécuté	persécuter	vppart	vppart	_	_	_	_	_
68d48bfe-493d-4722-a891-a1d10ae78730.xml.macaon	360	11	ou	ou	coo	coo	_	10	__JOKER__	_	_
68d48bfe-493d-4722-a891-a1d10ae78730.xml.macaon	361	12	c'	ce	cln	cln	_	13	suj	_	_
68d48bfe-493d-4722-a891-a1d10ae78730.xml.macaon	362	13	est	être	v	v	_	11	dep_coord	_	_
68d48bfe-493d-4722-a891-a1d10ae78730.xml.macaon	363	14	le	le	det	det	_	15	det	_	_
68d48bfe-493d-4722-a891-a1d10ae78730.xml.macaon	364	15	christianisme	christianisme	nc	nc	_	13	ats	_	_
68d48bfe-493d-4722-a891-a1d10ae78730.xml.macaon	365	16	traditionnel	traditionnel	adj	adj	_	15	mod	_	_
68d48bfe-493d-4722-a891-a1d10ae78730.xml.macaon	366	17	qui	qui	prorel	prorel	_	19	suj	_	_
68d48bfe-493d-4722-a891-a1d10ae78730.xml.macaon	367	18	l'	l'	clo	clo	_	19	__JOKER__	_	_
68d48bfe-493d-4722-a891-a1d10ae78730.xml.macaon	368	19	est	être	v	v	_	11	dep_coord	_	_
68d48bfe-493d-4722-a891-a1d10ae78730.xml.macaon	369	20	.	.	poncts	poncts	_	10	ponct	_	_

68d48bfe-493d-4722-a891-a1d10ae78730.xml.macaon	370	1	De	de	det	det	_	3	det	_	_
68d48bfe-493d-4722-a891-a1d10ae78730.xml.macaon	371	2	nombreux	nombreux	adj	adj	_	3	mod	_	_
68d48bfe-493d-4722-a891-a1d10ae78730.xml.macaon	372	3	conciles	concile	nc	nc	_	7	suj	_	_
68d48bfe-493d-4722-a891-a1d10ae78730.xml.macaon	373	4	chrétiens	chrétien	adj	adj	_	3	mod	_	_
68d48bfe-493d-4722-a891-a1d10ae78730.xml.macaon	374	5	de#l'	de#l'	prep	prep	_	7	mod	_	_
68d48bfe-493d-4722-a891-a1d10ae78730.xml.macaon	375	6	époque	époque	nc	nc	_	5	obj	_	_
68d48bfe-493d-4722-a891-a1d10ae78730.xml.macaon	376	7	traitent	traiter	v	v	_	_	_	_	_
68d48bfe-493d-4722-a891-a1d10ae78730.xml.macaon	377	8	de#l'	du	det	det	_	9	det	_	_
68d48bfe-493d-4722-a891-a1d10ae78730.xml.macaon	378	9	arianisme	arianisme	nc	nc	_	7	obj	_	_
68d48bfe-493d-4722-a891-a1d10ae78730.xml.macaon	379	10	pour	pour	prep	prep	_	9	dep	_	_
68d48bfe-493d-4722-a891-a1d10ae78730.xml.macaon	380	11	le	le	clo	clo	_	12	__JOKER__	_	_
68d48bfe-493d-4722-a891-a1d10ae78730.xml.macaon	381	12	condamner	condamner	vinf	vinf	_	10	obj	_	_
68d48bfe-493d-4722-a891-a1d10ae78730.xml.macaon	382	13	dans	dans	prep	prep	_	12	mod	_	_
68d48bfe-493d-4722-a891-a1d10ae78730.xml.macaon	383	14	la#plupart#des	la#plupart#du	det	det	_	15	det	_	_
68d48bfe-493d-4722-a891-a1d10ae78730.xml.macaon	384	15	cas	cas	nc	nc	_	13	obj	_	_
68d48bfe-493d-4722-a891-a1d10ae78730.xml.macaon	385	16	.	.	poncts	poncts	_	7	ponct	_	_

68d48bfe-493d-4722-a891-a1d10ae78730.xml.macaon	386	1	Pendant	pendant	prep	prep	_	15	mod	_	_
68d48bfe-493d-4722-a891-a1d10ae78730.xml.macaon	387	2	le	le	det	det	_	3	det	_	_
68d48bfe-493d-4722-a891-a1d10ae78730.xml.macaon	388	3	règne	règne	nc	nc	_	1	obj	_	_
68d48bfe-493d-4722-a891-a1d10ae78730.xml.macaon	389	4	de#l'	de#l'	prep	prep	_	3	dep	_	_
68d48bfe-493d-4722-a891-a1d10ae78730.xml.macaon	390	5	empereur	empereur	nc	nc	_	4	obj	_	_
68d48bfe-493d-4722-a891-a1d10ae78730.xml.macaon	391	6	Constantin	Constantin	np	np	_	5	mod	_	_
68d48bfe-493d-4722-a891-a1d10ae78730.xml.macaon	392	7	Ier	Ier	np	np	_	5	mod	_	_
68d48bfe-493d-4722-a891-a1d10ae78730.xml.macaon	393	8	,	,	ponctw	ponctw	_	3	ponct	_	_
68d48bfe-493d-4722-a891-a1d10ae78730.xml.macaon	394	9	en	en	prep	prep	_	3	dep	_	_
68d48bfe-493d-4722-a891-a1d10ae78730.xml.macaon	395	10	325	325	nc	nc	_	9	obj	_	_
68d48bfe-493d-4722-a891-a1d10ae78730.xml.macaon	396	11	le	le	det	det	_	12	det	_	_
68d48bfe-493d-4722-a891-a1d10ae78730.xml.macaon	397	12	concile	concile	nc	nc	_	10	mod	_	_
68d48bfe-493d-4722-a891-a1d10ae78730.xml.macaon	398	13	de	de	prep	prep	_	12	dep	_	_
68d48bfe-493d-4722-a891-a1d10ae78730.xml.macaon	399	14	Nicée	Nicée	np	np	_	13	obj	_	_
68d48bfe-493d-4722-a891-a1d10ae78730.xml.macaon	400	15	condamne	condamner	v	v	_	_	_	_	_
68d48bfe-493d-4722-a891-a1d10ae78730.xml.macaon	401	16	l'	le	det	det	_	17	det	_	_
68d48bfe-493d-4722-a891-a1d10ae78730.xml.macaon	402	17	arianisme	arianisme	nc	nc	_	15	obj	_	_
68d48bfe-493d-4722-a891-a1d10ae78730.xml.macaon	403	18	.	.	poncts	poncts	_	15	ponct	_	_

68d48bfe-493d-4722-a891-a1d10ae78730.xml.macaon	404	1	En	en	prep	prep	_	8	mod	_	_
68d48bfe-493d-4722-a891-a1d10ae78730.xml.macaon	405	2	379	379	nc	nc	_	1	obj	_	_
68d48bfe-493d-4722-a891-a1d10ae78730.xml.macaon	406	3	,	,	ponctw	ponctw	_	8	ponct	_	_
68d48bfe-493d-4722-a891-a1d10ae78730.xml.macaon	407	4	l'	le	det	det	_	5	det	_	_
68d48bfe-493d-4722-a891-a1d10ae78730.xml.macaon	408	5	empereur	empereur	nc	nc	_	8	suj	_	_
68d48bfe-493d-4722-a891-a1d10ae78730.xml.macaon	409	6	Théodose	Théodose	np	np	_	5	mod	_	_
68d48bfe-493d-4722-a891-a1d10ae78730.xml.macaon	410	7	Ier	Ier	np	np	_	6	mod	_	_
68d48bfe-493d-4722-a891-a1d10ae78730.xml.macaon	411	8	élimine	éliminer	v	v	_	_	_	_	_
68d48bfe-493d-4722-a891-a1d10ae78730.xml.macaon	412	9	l'	le	det	det	_	10	det	_	_
68d48bfe-493d-4722-a891-a1d10ae78730.xml.macaon	413	10	arianisme	arianisme	nc	nc	_	8	obj	_	_
68d48bfe-493d-4722-a891-a1d10ae78730.xml.macaon	414	11	de#l'	de#l'	prep	prep	_	10	dep	_	_
68d48bfe-493d-4722-a891-a1d10ae78730.xml.macaon	415	12	empire	empire	nc	nc	_	11	obj	_	_
68d48bfe-493d-4722-a891-a1d10ae78730.xml.macaon	416	13	.	.	poncts	poncts	_	8	ponct	_	_

68d48bfe-493d-4722-a891-a1d10ae78730.xml.macaon	417	1	La	la	det	det	_	2	det	_	_
68d48bfe-493d-4722-a891-a1d10ae78730.xml.macaon	418	2	lutte	lutte	nc	nc	_	_	_	_	_
68d48bfe-493d-4722-a891-a1d10ae78730.xml.macaon	419	3	entre	entre	prep	prep	_	2	dep	_	_
68d48bfe-493d-4722-a891-a1d10ae78730.xml.macaon	420	4	les	le	det	det	_	5	det	_	_
68d48bfe-493d-4722-a891-a1d10ae78730.xml.macaon	421	5	ariens	arien	nc	nc	_	3	obj	_	_
68d48bfe-493d-4722-a891-a1d10ae78730.xml.macaon	422	6	et	et	coo	coo	_	5	coord	_	_
68d48bfe-493d-4722-a891-a1d10ae78730.xml.macaon	423	7	les	le	det	det	_	8	det	_	_
68d48bfe-493d-4722-a891-a1d10ae78730.xml.macaon	424	8	chrétiens	chrétien	nc	nc	_	6	dep_coord	_	_
68d48bfe-493d-4722-a891-a1d10ae78730.xml.macaon	425	9	traditionnels	traditionnel	adj	adj	_	8	mod	_	_
68d48bfe-493d-4722-a891-a1d10ae78730.xml.macaon	426	10	dans	dans	prep	prep	_	6	dep_coord	_	_
68d48bfe-493d-4722-a891-a1d10ae78730.xml.macaon	427	11	l'	le	det	det	_	12	det	_	_
68d48bfe-493d-4722-a891-a1d10ae78730.xml.macaon	428	12	Europe	Europe	np	np	_	10	obj	_	_
68d48bfe-493d-4722-a891-a1d10ae78730.xml.macaon	429	13	germanique	germanique	adj	adj	_	12	mod	_	_

68d48bfe-493d-4722-a891-a1d10ae78730.xml.macaon	430	1	L'	L'	det	det	_	2	det	_	_
68d48bfe-493d-4722-a891-a1d10ae78730.xml.macaon	431	2	arianisme	arianisme	nc	nc	_	4	suj	_	_
68d48bfe-493d-4722-a891-a1d10ae78730.xml.macaon	432	3	est	être	v	v	_	4	aux_tps	_	_
68d48bfe-493d-4722-a891-a1d10ae78730.xml.macaon	433	4	adopté	adopter	vppart	vppart	_	_	_	_	_
68d48bfe-493d-4722-a891-a1d10ae78730.xml.macaon	434	5	par	par	prep	prep	_	4	mod	_	_
68d48bfe-493d-4722-a891-a1d10ae78730.xml.macaon	435	6	les	le	det	det	_	7	det	_	_
68d48bfe-493d-4722-a891-a1d10ae78730.xml.macaon	436	7	peuples	peuple	nc	nc	_	5	obj	_	_
68d48bfe-493d-4722-a891-a1d10ae78730.xml.macaon	437	8	germaniques	germanique	adj	adj	_	7	mod	_	_
68d48bfe-493d-4722-a891-a1d10ae78730.xml.macaon	438	9	comme	comme	prep	prep	_	7	dep	_	_
68d48bfe-493d-4722-a891-a1d10ae78730.xml.macaon	439	10	les	le	det	det	_	11	det	_	_
68d48bfe-493d-4722-a891-a1d10ae78730.xml.macaon	440	11	Ostrogoths	Ostrogoths	np	np	_	9	obj	_	_
68d48bfe-493d-4722-a891-a1d10ae78730.xml.macaon	441	12	,	,	ponctw	ponctw	_	11	ponct	_	_
68d48bfe-493d-4722-a891-a1d10ae78730.xml.macaon	442	13	les	le	det	det	_	14	det	_	_
68d48bfe-493d-4722-a891-a1d10ae78730.xml.macaon	443	14	Wisigoths	Wisigoths	np	np	_	11	mod	_	_
68d48bfe-493d-4722-a891-a1d10ae78730.xml.macaon	444	15	,	,	ponctw	ponctw	_	14	ponct	_	_
68d48bfe-493d-4722-a891-a1d10ae78730.xml.macaon	445	16	les	le	det	det	_	17	det	_	_
68d48bfe-493d-4722-a891-a1d10ae78730.xml.macaon	446	17	Vandales	Vandales	np	np	_	14	mod	_	_
68d48bfe-493d-4722-a891-a1d10ae78730.xml.macaon	447	18	et	et	coo	coo	_	17	coord	_	_
68d48bfe-493d-4722-a891-a1d10ae78730.xml.macaon	448	19	les	le	det	det	_	20	det	_	_
68d48bfe-493d-4722-a891-a1d10ae78730.xml.macaon	449	20	Burgondes	Burgondes	np	np	_	18	dep_coord	_	_
68d48bfe-493d-4722-a891-a1d10ae78730.xml.macaon	450	21	.	.	poncts	poncts	_	7	ponct	_	_

68d48bfe-493d-4722-a891-a1d10ae78730.xml.macaon	451	1	Ceux-ci	celui-ci	pro	pro	_	2	suj	_	_
68d48bfe-493d-4722-a891-a1d10ae78730.xml.macaon	452	2	envahissent	envahir	v	v	_	_	_	_	_
68d48bfe-493d-4722-a891-a1d10ae78730.xml.macaon	453	3	et	et	coo	coo	_	2	coord	_	_
68d48bfe-493d-4722-a891-a1d10ae78730.xml.macaon	454	4	se	se	clr	clr	_	5	aff	_	_
68d48bfe-493d-4722-a891-a1d10ae78730.xml.macaon	455	5	partagent	partager	v	v	_	3	dep_coord	_	_
68d48bfe-493d-4722-a891-a1d10ae78730.xml.macaon	456	6	la	le	det	det	_	7	det	_	_
68d48bfe-493d-4722-a891-a1d10ae78730.xml.macaon	457	7	partie	partie	nc	nc	_	5	obj	_	_
68d48bfe-493d-4722-a891-a1d10ae78730.xml.macaon	458	8	occidentale	occidental	adj	adj	_	7	mod	_	_
68d48bfe-493d-4722-a891-a1d10ae78730.xml.macaon	459	9	de#l'	de#l'	prep	prep	_	5	mod	_	_
68d48bfe-493d-4722-a891-a1d10ae78730.xml.macaon	460	10	empire	empire	nc	nc	_	9	obj	_	_
68d48bfe-493d-4722-a891-a1d10ae78730.xml.macaon	461	11	romain	romain	adj	adj	_	10	mod	_	_
68d48bfe-493d-4722-a891-a1d10ae78730.xml.macaon	462	12	à	à	prep	prep	_	10	dep	_	_
68d48bfe-493d-4722-a891-a1d10ae78730.xml.macaon	463	13	la	le	det	det	_	14	det	_	_
68d48bfe-493d-4722-a891-a1d10ae78730.xml.macaon	464	14	fin	fin	nc	nc	_	12	obj	_	_
68d48bfe-493d-4722-a891-a1d10ae78730.xml.macaon	465	15	du	du	prep	prep	_	14	dep	_	_
68d48bfe-493d-4722-a891-a1d10ae78730.xml.macaon	466	16	Ve	Ve	np	np	_	15	obj	_	_
68d48bfe-493d-4722-a891-a1d10ae78730.xml.macaon	467	17	siècle	siècle	nc	nc	_	15	obj	_	_
68d48bfe-493d-4722-a891-a1d10ae78730.xml.macaon	468	18	.	.	poncts	poncts	_	2	ponct	_	_

68d48bfe-493d-4722-a891-a1d10ae78730.xml.macaon	469	1	L'	L'	det	det	_	2	det	_	_
68d48bfe-493d-4722-a891-a1d10ae78730.xml.macaon	470	2	arianisme	arianisme	nc	nc	_	4	suj	_	_
68d48bfe-493d-4722-a891-a1d10ae78730.xml.macaon	471	3	s'	s'	clr	clr	_	4	aff	_	_
68d48bfe-493d-4722-a891-a1d10ae78730.xml.macaon	472	4	oppose	opposer	v	v	_	_	_	_	_
68d48bfe-493d-4722-a891-a1d10ae78730.xml.macaon	473	5	alors	alors	adv	adv	_	4	mod	_	_
68d48bfe-493d-4722-a891-a1d10ae78730.xml.macaon	474	6	aux	aux	prep	prep	_	4	de_obj	_	_
68d48bfe-493d-4722-a891-a1d10ae78730.xml.macaon	475	7	chrétiens	chrétien	nc	nc	_	6	obj	_	_
68d48bfe-493d-4722-a891-a1d10ae78730.xml.macaon	476	8	traditionnels	traditionnel	adj	adj	_	7	mod	_	_
68d48bfe-493d-4722-a891-a1d10ae78730.xml.macaon	477	9	nombreux	nombreux	adj	adj	_	7	mod	_	_
68d48bfe-493d-4722-a891-a1d10ae78730.xml.macaon	478	10	dans	dans	prep	prep	_	4	mod	_	_
68d48bfe-493d-4722-a891-a1d10ae78730.xml.macaon	479	11	les	le	det	det	_	12	det	_	_
68d48bfe-493d-4722-a891-a1d10ae78730.xml.macaon	480	12	villes	ville	nc	nc	_	10	obj	_	_
68d48bfe-493d-4722-a891-a1d10ae78730.xml.macaon	481	13	.	.	poncts	poncts	_	4	ponct	_	_

68d48bfe-493d-4722-a891-a1d10ae78730.xml.macaon	482	1	Les	les	det	det	_	2	det	_	_
68d48bfe-493d-4722-a891-a1d10ae78730.xml.macaon	483	2	Burgondes	Burgondes	nc	nc	_	3	suj	_	_
68d48bfe-493d-4722-a891-a1d10ae78730.xml.macaon	484	3	sont	être	v	v	_	_	_	_	_
68d48bfe-493d-4722-a891-a1d10ae78730.xml.macaon	485	4	les	le	det	det	_	6	det	_	_
68d48bfe-493d-4722-a891-a1d10ae78730.xml.macaon	486	5	premiers	premier	adj	adj	_	6	mod	_	_
68d48bfe-493d-4722-a891-a1d10ae78730.xml.macaon	487	6	germains	germain	nc	nc	_	3	obj	_	_
68d48bfe-493d-4722-a891-a1d10ae78730.xml.macaon	488	7	à	à	prep	prep	_	6	dep	_	_
68d48bfe-493d-4722-a891-a1d10ae78730.xml.macaon	489	8	se	se	clr	clr	_	9	aff	_	_
68d48bfe-493d-4722-a891-a1d10ae78730.xml.macaon	490	9	convertir	convertir	vinf	vinf	_	7	obj	_	_
68d48bfe-493d-4722-a891-a1d10ae78730.xml.macaon	491	10	au	au	prep	prep	_	9	mod	_	_
68d48bfe-493d-4722-a891-a1d10ae78730.xml.macaon	492	11	christianisme	christianisme	nc	nc	_	10	obj	_	_
68d48bfe-493d-4722-a891-a1d10ae78730.xml.macaon	493	12	traditionnel	traditionnel	adj	adj	_	11	mod	_	_
68d48bfe-493d-4722-a891-a1d10ae78730.xml.macaon	494	13	.	.	poncts	poncts	_	3	ponct	_	_

68d48bfe-493d-4722-a891-a1d10ae78730.xml.macaon	495	1	Clovis	Clovis	np	np	_	_	_	_	_
68d48bfe-493d-4722-a891-a1d10ae78730.xml.macaon	496	2	Ier	Ier	np	np	_	1	mod	_	_
68d48bfe-493d-4722-a891-a1d10ae78730.xml.macaon	497	3	,	,	ponctw	ponctw	_	1	ponct	_	_
68d48bfe-493d-4722-a891-a1d10ae78730.xml.macaon	498	4	le	le	det	det	_	5	det	_	_
68d48bfe-493d-4722-a891-a1d10ae78730.xml.macaon	499	5	roi	roi	nc	nc	_	1	mod	_	_
68d48bfe-493d-4722-a891-a1d10ae78730.xml.macaon	500	6	des	des	prep	prep	_	5	dep	_	_
68d48bfe-493d-4722-a891-a1d10ae78730.xml.macaon	501	7	Francs	Francs	np	np	_	6	obj	_	_
68d48bfe-493d-4722-a891-a1d10ae78730.xml.macaon	502	8	et	et	coo	coo	_	7	coord	_	_
68d48bfe-493d-4722-a891-a1d10ae78730.xml.macaon	503	9	païen	païen	nc	nc	_	8	dep_coord	_	_
68d48bfe-493d-4722-a891-a1d10ae78730.xml.macaon	504	10	,	,	ponctw	ponctw	_	12	ponct	_	_
68d48bfe-493d-4722-a891-a1d10ae78730.xml.macaon	505	11	se	se	clr	clr	_	12	aff	_	_
68d48bfe-493d-4722-a891-a1d10ae78730.xml.macaon	506	12	convertit	convertir	v	v	_	8	dep_coord	_	_
68d48bfe-493d-4722-a891-a1d10ae78730.xml.macaon	507	13	au	au	prep	prep	_	12	de_obj	_	_
68d48bfe-493d-4722-a891-a1d10ae78730.xml.macaon	508	14	christianisme	christianisme	nc	nc	_	13	obj	_	_
68d48bfe-493d-4722-a891-a1d10ae78730.xml.macaon	509	15	en	en	prep	prep	_	14	dep	_	_
68d48bfe-493d-4722-a891-a1d10ae78730.xml.macaon	510	16	496	496	nc	nc	_	15	obj	_	_
68d48bfe-493d-4722-a891-a1d10ae78730.xml.macaon	511	17	(	(	ponctw	ponctw	_	14	ponct	_	_
68d48bfe-493d-4722-a891-a1d10ae78730.xml.macaon	512	18	ou	ou	coo	coo	_	14	coord	_	_
68d48bfe-493d-4722-a891-a1d10ae78730.xml.macaon	513	19	498	498	adj	adj	_	18	dep_coord	_	_
68d48bfe-493d-4722-a891-a1d10ae78730.xml.macaon	514	20	)	)	ponctw	ponctw	_	14	ponct	_	_
68d48bfe-493d-4722-a891-a1d10ae78730.xml.macaon	515	21	.	.	poncts	poncts	_	12	ponct	_	_

68d48bfe-493d-4722-a891-a1d10ae78730.xml.macaon	516	1	Clovis	Clovis	np	np	_	_	_	_	_
68d48bfe-493d-4722-a891-a1d10ae78730.xml.macaon	517	2	triomphe	triomphe	nc	nc	_	1	mod	_	_
68d48bfe-493d-4722-a891-a1d10ae78730.xml.macaon	518	3	du	du	prep	prep	_	2	dep	_	_
68d48bfe-493d-4722-a891-a1d10ae78730.xml.macaon	519	4	roi	roi	nc	nc	_	3	obj	_	_
68d48bfe-493d-4722-a891-a1d10ae78730.xml.macaon	520	5	wisigoth	wisigoth	adj	adj	_	4	mod	_	_
68d48bfe-493d-4722-a891-a1d10ae78730.xml.macaon	521	6	et	et	coo	coo	_	2	coord	_	_
68d48bfe-493d-4722-a891-a1d10ae78730.xml.macaon	522	7	impose	imposer	v	v	_	6	dep_coord	_	_
68d48bfe-493d-4722-a891-a1d10ae78730.xml.macaon	523	8	le	le	det	det	_	9	det	_	_
68d48bfe-493d-4722-a891-a1d10ae78730.xml.macaon	524	9	christianisme	christianisme	nc	nc	_	7	obj	_	_
68d48bfe-493d-4722-a891-a1d10ae78730.xml.macaon	525	10	traditionnel	traditionnel	adj	adj	_	9	mod	_	_
68d48bfe-493d-4722-a891-a1d10ae78730.xml.macaon	526	11	dans	dans	prep	prep	_	7	mod	_	_
68d48bfe-493d-4722-a891-a1d10ae78730.xml.macaon	527	12	son	son	det	det	_	13	det	_	_
68d48bfe-493d-4722-a891-a1d10ae78730.xml.macaon	528	13	royaume	royaume	nc	nc	_	11	obj	_	_
68d48bfe-493d-4722-a891-a1d10ae78730.xml.macaon	529	14	.	.	poncts	poncts	_	7	ponct	_	_

68d48bfe-493d-4722-a891-a1d10ae78730.xml.macaon	530	1	L'	L'	det	det	_	2	det	_	_
68d48bfe-493d-4722-a891-a1d10ae78730.xml.macaon	531	2	arianisme	arianisme	nc	nc	_	4	suj	_	_
68d48bfe-493d-4722-a891-a1d10ae78730.xml.macaon	532	3	ne	ne	advneg	advneg	_	4	mod	_	_
68d48bfe-493d-4722-a891-a1d10ae78730.xml.macaon	533	4	survit	survivre	v	v	_	_	_	_	_
68d48bfe-493d-4722-a891-a1d10ae78730.xml.macaon	534	5	alors#que	alors#que	csu	csu	_	4	obj	_	_
68d48bfe-493d-4722-a891-a1d10ae78730.xml.macaon	535	6	chez	chez	prep	prep	_	4	mod	_	_
68d48bfe-493d-4722-a891-a1d10ae78730.xml.macaon	536	7	les	le	det	det	_	8	det	_	_
68d48bfe-493d-4722-a891-a1d10ae78730.xml.macaon	537	8	Lombards	lombard	nc	nc	_	6	obj	_	_
68d48bfe-493d-4722-a891-a1d10ae78730.xml.macaon	538	9	.	.	poncts	poncts	_	4	ponct	_	_

68d48bfe-493d-4722-a891-a1d10ae78730.xml.macaon	539	1	Mais	mais	coo	coo	_	_	_	_	_
68d48bfe-493d-4722-a891-a1d10ae78730.xml.macaon	540	2	à	à	prep	prep	_	1	dep_coord	_	_	B:Finish_competition:FE:Time:G:548
68d48bfe-493d-4722-a891-a1d10ae78730.xml.macaon	541	3	la	le	det	det	_	4	det	_	_	I:Finish_competition:FE:Time:G:548
68d48bfe-493d-4722-a891-a1d10ae78730.xml.macaon	542	4	fin	fin	nc	nc	_	2	obj	_	_	I:Finish_competition:FE:Time:G:548
68d48bfe-493d-4722-a891-a1d10ae78730.xml.macaon	543	5	du	du	prep	prep	_	1	dep_coord	_	_	I:Finish_competition:FE:Time:G:548
68d48bfe-493d-4722-a891-a1d10ae78730.xml.macaon	544	6	VIIIe	VIIIe	adj	adj	_	7	mod	_	_	I:Finish_competition:FE:Time:G:548
68d48bfe-493d-4722-a891-a1d10ae78730.xml.macaon	545	7	siècle	siècle	nc	nc	_	5	obj	_	_	I:Finish_competition:FE:Time:G:548
68d48bfe-493d-4722-a891-a1d10ae78730.xml.macaon	546	8	,	,	ponctw	ponctw	_	7	ponct	_	_
68d48bfe-493d-4722-a891-a1d10ae78730.xml.macaon	547	9	la	le	det	det	_	10	det	_	_
68d48bfe-493d-4722-a891-a1d10ae78730.xml.macaon	548	10	défaite	défaite	nc	nc	_	7	mod	_	_	B:Finish_competition:TARGET:défaite:G:548
68d48bfe-493d-4722-a891-a1d10ae78730.xml.macaon	549	11	de	de	prep	prep	_	10	dep	_	_
68d48bfe-493d-4722-a891-a1d10ae78730.xml.macaon	550	12	ceux-ci	celui-ci	pro	pro	_	11	obj	_	_	B:Finish_competition:FE:Competitor:G:548
68d48bfe-493d-4722-a891-a1d10ae78730.xml.macaon	551	13	face#à	face#à	prep	prep	_	16	mod	_	_
68d48bfe-493d-4722-a891-a1d10ae78730.xml.macaon	552	14	Charlemagne	Charlemagne	np	np	_	13	obj	_	_	B:Finish_competition:FE:Opponent:G:548
68d48bfe-493d-4722-a891-a1d10ae78730.xml.macaon	553	15	,	,	ponctw	ponctw	_	16	ponct	_	_
68d48bfe-493d-4722-a891-a1d10ae78730.xml.macaon	554	16	est	être	v	v	_	12	mod_rel	_	_
68d48bfe-493d-4722-a891-a1d10ae78730.xml.macaon	555	17	un	un	det	det	_	18	det	_	_
68d48bfe-493d-4722-a891-a1d10ae78730.xml.macaon	556	18	coup	coup	nc	nc	_	16	ats	_	_
68d48bfe-493d-4722-a891-a1d10ae78730.xml.macaon	557	19	mortel	mortel	adj	adj	_	18	mod	_	_
68d48bfe-493d-4722-a891-a1d10ae78730.xml.macaon	558	20	pour	pour	prep	prep	_	16	mod	_	_
68d48bfe-493d-4722-a891-a1d10ae78730.xml.macaon	559	21	l'	le	det	det	_	22	det	_	_
68d48bfe-493d-4722-a891-a1d10ae78730.xml.macaon	560	22	arianisme	arianisme	nc	nc	_	20	obj	_	_
68d48bfe-493d-4722-a891-a1d10ae78730.xml.macaon	561	23	.	.	poncts	poncts	_	16	ponct	_	_

68d48bfe-493d-4722-a891-a1d10ae78730.xml.macaon	562	1	L'	L'	det	det	_	2	det	_	_
68d48bfe-493d-4722-a891-a1d10ae78730.xml.macaon	563	2	arianisme	arianisme	nc	nc	_	3	suj	_	_
68d48bfe-493d-4722-a891-a1d10ae78730.xml.macaon	564	3	disparaît	disparaître	v	v	_	_	_	_	_
68d48bfe-493d-4722-a891-a1d10ae78730.xml.macaon	565	4	alors	alors	adv	adv	_	3	mod	_	_
68d48bfe-493d-4722-a891-a1d10ae78730.xml.macaon	566	5	d'	un	det	det	_	6	det	_	_
68d48bfe-493d-4722-a891-a1d10ae78730.xml.macaon	567	6	Europe	Europe	np	np	_	3	__JOKER__	_	_
68d48bfe-493d-4722-a891-a1d10ae78730.xml.macaon	568	7	occidentale	occidental	adj	adj	_	6	mod	_	_
68d48bfe-493d-4722-a891-a1d10ae78730.xml.macaon	569	8	.	.	poncts	poncts	_	3	ponct	_	_
