726e90c4-c0d9-4759-bd0f-4cfa05dcb03f.xml.macaon	0	1	vikidia	vikidia	nc	nc	_	_	_	_	_

726e90c4-c0d9-4759-bd0f-4cfa05dcb03f.xml.macaon	1	1	726e90c4	726e90c4	adj	adj	_	3	mod	_	_
726e90c4-c0d9-4759-bd0f-4cfa05dcb03f.xml.macaon	2	2	-	-	ponctw	ponctw	_	1	ponct	_	_
726e90c4-c0d9-4759-bd0f-4cfa05dcb03f.xml.macaon	3	3	c0d9	c0d9	nc	nc	_	_	_	_	_
726e90c4-c0d9-4759-bd0f-4cfa05dcb03f.xml.macaon	4	4	-	-	ponctw	ponctw	_	3	ponct	_	_
726e90c4-c0d9-4759-bd0f-4cfa05dcb03f.xml.macaon	5	5	4759	4759	nc	nc	_	3	mod	_	_
726e90c4-c0d9-4759-bd0f-4cfa05dcb03f.xml.macaon	6	6	-	-	ponctw	ponctw	_	5	ponct	_	_
726e90c4-c0d9-4759-bd0f-4cfa05dcb03f.xml.macaon	7	7	bd0f	bd0f	nc	nc	_	5	mod	_	_
726e90c4-c0d9-4759-bd0f-4cfa05dcb03f.xml.macaon	8	8	-	-	ponctw	ponctw	_	7	ponct	_	_
726e90c4-c0d9-4759-bd0f-4cfa05dcb03f.xml.macaon	9	9	4cfa05dcb03f	4cfa05dcb03f	nc	nc	_	7	mod	_	_

726e90c4-c0d9-4759-bd0f-4cfa05dcb03f.xml.macaon	10	1	ADDED	ADDED	nc	nc	_	_	_	_	_

726e90c4-c0d9-4759-bd0f-4cfa05dcb03f.xml.macaon	11	1	2016	2016	adj	adj	_	3	mod	_	_
726e90c4-c0d9-4759-bd0f-4cfa05dcb03f.xml.macaon	12	2	-	-	ponctw	ponctw	_	1	ponct	_	_
726e90c4-c0d9-4759-bd0f-4cfa05dcb03f.xml.macaon	13	3	06	06	nc	nc	_	_	_	_	_
726e90c4-c0d9-4759-bd0f-4cfa05dcb03f.xml.macaon	14	4	-	-	ponctw	ponctw	_	3	ponct	_	_
726e90c4-c0d9-4759-bd0f-4cfa05dcb03f.xml.macaon	15	5	15T14	15T14	nc	nc	_	3	mod	_	_
726e90c4-c0d9-4759-bd0f-4cfa05dcb03f.xml.macaon	16	6	:	:	ponctw	ponctw	_	5	ponct	_	_
726e90c4-c0d9-4759-bd0f-4cfa05dcb03f.xml.macaon	17	7	52	52	det	det	_	9	det	_	_
726e90c4-c0d9-4759-bd0f-4cfa05dcb03f.xml.macaon	18	8	:	:	ponctw	ponctw	_	9	ponct	_	_
726e90c4-c0d9-4759-bd0f-4cfa05dcb03f.xml.macaon	19	9	50Z	50Z	nc	nc	_	5	mod	_	_

726e90c4-c0d9-4759-bd0f-4cfa05dcb03f.xml.macaon	20	1	Destruction	destruction	nc	nc	_	_	_	_	_
726e90c4-c0d9-4759-bd0f-4cfa05dcb03f.xml.macaon	21	2	de	de	prep	prep	_	1	dep	_	_
726e90c4-c0d9-4759-bd0f-4cfa05dcb03f.xml.macaon	22	3	la	le	det	det	_	4	det	_	_
726e90c4-c0d9-4759-bd0f-4cfa05dcb03f.xml.macaon	23	4	civilisation	civilisation	nc	nc	_	2	obj	_	_
726e90c4-c0d9-4759-bd0f-4cfa05dcb03f.xml.macaon	24	5	mycénienne	mycénien	nc	nc	_	4	mod	_	_

726e90c4-c0d9-4759-bd0f-4cfa05dcb03f.xml.macaon	25	1	Traditionnellement	traditionnellement	adv	adv	_	10	mod	_	_
726e90c4-c0d9-4759-bd0f-4cfa05dcb03f.xml.macaon	26	2	la	le	det	det	_	3	det	_	_
726e90c4-c0d9-4759-bd0f-4cfa05dcb03f.xml.macaon	27	3	destruction	destruction	nc	nc	_	10	suj	_	_
726e90c4-c0d9-4759-bd0f-4cfa05dcb03f.xml.macaon	28	4	de	de	prep	prep	_	3	dep	_	_
726e90c4-c0d9-4759-bd0f-4cfa05dcb03f.xml.macaon	29	5	la	le	det	det	_	6	det	_	_
726e90c4-c0d9-4759-bd0f-4cfa05dcb03f.xml.macaon	30	6	civilisation	civilisation	nc	nc	_	4	obj	_	_
726e90c4-c0d9-4759-bd0f-4cfa05dcb03f.xml.macaon	31	7	mycénienne	mycénien	nc	nc	_	6	mod	_	_
726e90c4-c0d9-4759-bd0f-4cfa05dcb03f.xml.macaon	32	8	a	avoir	v	v	_	10	aux_tps	_	_
726e90c4-c0d9-4759-bd0f-4cfa05dcb03f.xml.macaon	33	9	été	être	vppart	vppart	_	10	aux_pass	_	_
726e90c4-c0d9-4759-bd0f-4cfa05dcb03f.xml.macaon	34	10	attribuée	attribuer	vppart	vppart	_	_	_	_	_
726e90c4-c0d9-4759-bd0f-4cfa05dcb03f.xml.macaon	35	11	à	à	prep	prep	_	10	a_obj	_	_
726e90c4-c0d9-4759-bd0f-4cfa05dcb03f.xml.macaon	36	12	l'	le	det	det	_	13	det	_	_
726e90c4-c0d9-4759-bd0f-4cfa05dcb03f.xml.macaon	37	13	invasion	invasion	nc	nc	_	11	obj	_	_
726e90c4-c0d9-4759-bd0f-4cfa05dcb03f.xml.macaon	38	14	du	du	prep	prep	_	10	mod	_	_
726e90c4-c0d9-4759-bd0f-4cfa05dcb03f.xml.macaon	39	15	Péloponnèse	Péloponnèse	nc	nc	_	14	obj	_	_
726e90c4-c0d9-4759-bd0f-4cfa05dcb03f.xml.macaon	40	16	par	par	prep	prep	_	15	dep	_	_
726e90c4-c0d9-4759-bd0f-4cfa05dcb03f.xml.macaon	41	17	des	un	det	det	_	18	det	_	_
726e90c4-c0d9-4759-bd0f-4cfa05dcb03f.xml.macaon	42	18	Doriens	dorien	nc	nc	_	16	obj	_	_
726e90c4-c0d9-4759-bd0f-4cfa05dcb03f.xml.macaon	43	19	,	,	ponctw	ponctw	_	18	ponct	_	_
726e90c4-c0d9-4759-bd0f-4cfa05dcb03f.xml.macaon	44	20	invasion	invasion	nc	nc	_	18	mod	_	_
726e90c4-c0d9-4759-bd0f-4cfa05dcb03f.xml.macaon	45	21	qui	qui	prorel	prorel	_	23	suj	_	_
726e90c4-c0d9-4759-bd0f-4cfa05dcb03f.xml.macaon	46	22	aurait	avoir	v	v	_	23	aux_tps	_	_
726e90c4-c0d9-4759-bd0f-4cfa05dcb03f.xml.macaon	47	23	eu	avoir	vppart	vppart	_	20	mod	_	_
726e90c4-c0d9-4759-bd0f-4cfa05dcb03f.xml.macaon	48	24	lieu	lieu	nc	nc	_	23	obj	_	_
726e90c4-c0d9-4759-bd0f-4cfa05dcb03f.xml.macaon	49	25	vers	vers	prep	prep	_	23	mod	_	_
726e90c4-c0d9-4759-bd0f-4cfa05dcb03f.xml.macaon	50	26	1200	1200	det	det	_	27	det	_	_
726e90c4-c0d9-4759-bd0f-4cfa05dcb03f.xml.macaon	51	27	av.	av.	nc	nc	_	25	obj	_	_

726e90c4-c0d9-4759-bd0f-4cfa05dcb03f.xml.macaon	52	1	J.-C.	Jésus-Christ	np	np	_	_	_	_	_
726e90c4-c0d9-4759-bd0f-4cfa05dcb03f.xml.macaon	53	2	.	.	poncts	poncts	_	1	__JOKER__	_	_

726e90c4-c0d9-4759-bd0f-4cfa05dcb03f.xml.macaon	54	1	Les	les	det	det	_	2	det	_	_	B:Appointing:FE:Selector:G:59
726e90c4-c0d9-4759-bd0f-4cfa05dcb03f.xml.macaon	55	2	Grecs	grec	nc	nc	_	6	suj	_	_	I:Appointing:FE:Selector:G:59
726e90c4-c0d9-4759-bd0f-4cfa05dcb03f.xml.macaon	56	3	de#l'	de#l'	prep	prep	_	2	dep	_	_	I:Appointing:FE:Selector:G:59
726e90c4-c0d9-4759-bd0f-4cfa05dcb03f.xml.macaon	57	4	Antiquité	Antiquité	np	np	_	3	obj	_	_	I:Appointing:FE:Selector:G:59
726e90c4-c0d9-4759-bd0f-4cfa05dcb03f.xml.macaon	58	5	avaient	avoir	v	v	_	6	aux_tps	_	_
726e90c4-c0d9-4759-bd0f-4cfa05dcb03f.xml.macaon	59	6	nommé	nommer	vppart	vppart	_	_	_	_	_	B:Appointing:TARGET:nommer:G:59
726e90c4-c0d9-4759-bd0f-4cfa05dcb03f.xml.macaon	60	7	cette	ce	det	det	_	8	det	_	_	B:Appointing:FE:Body:G:59
726e90c4-c0d9-4759-bd0f-4cfa05dcb03f.xml.macaon	61	8	migration	migration	nc	nc	_	6	obj	_	_	I:Appointing:FE:Body:G:59
726e90c4-c0d9-4759-bd0f-4cfa05dcb03f.xml.macaon	62	9	le	le	det	det	_	10	det	_	_	B:Appointing:FE:Function:G:59
726e90c4-c0d9-4759-bd0f-4cfa05dcb03f.xml.macaon	63	10	retour	retour	nc	nc	_	8	mod	_	_	I:Appointing:FE:Function:G:59
726e90c4-c0d9-4759-bd0f-4cfa05dcb03f.xml.macaon	64	11	des	des	prep	prep	_	6	mod	_	_	I:Appointing:FE:Function:G:59
726e90c4-c0d9-4759-bd0f-4cfa05dcb03f.xml.macaon	65	12	Héraklides	Héraklides	nc	nc	_	11	obj	_	_	I:Appointing:FE:Function:G:59
726e90c4-c0d9-4759-bd0f-4cfa05dcb03f.xml.macaon	66	13	(	(	ponctw	ponctw	_	12	ponct	_	_
726e90c4-c0d9-4759-bd0f-4cfa05dcb03f.xml.macaon	67	14	les	le	det	det	_	15	det	_	_
726e90c4-c0d9-4759-bd0f-4cfa05dcb03f.xml.macaon	68	15	descendants	descendant	nc	nc	_	12	mod	_	_
726e90c4-c0d9-4759-bd0f-4cfa05dcb03f.xml.macaon	69	16	d'	de	prep	prep	_	15	dep	_	_
726e90c4-c0d9-4759-bd0f-4cfa05dcb03f.xml.macaon	70	17	Héraklès	Héraklès	nc	nc	_	16	obj	_	_
726e90c4-c0d9-4759-bd0f-4cfa05dcb03f.xml.macaon	71	18	)	)	ponctw	ponctw	_	15	ponct	_	_
726e90c4-c0d9-4759-bd0f-4cfa05dcb03f.xml.macaon	72	19	.	.	poncts	poncts	_	6	ponct	_	_

726e90c4-c0d9-4759-bd0f-4cfa05dcb03f.xml.macaon	73	1	Antiquité	antiquité	nc	nc	_	_	_	_	_

726e90c4-c0d9-4759-bd0f-4cfa05dcb03f.xml.macaon	74	1	Destruction	destruction	nc	nc	_	_	_	_	_
726e90c4-c0d9-4759-bd0f-4cfa05dcb03f.xml.macaon	75	2	de	de	prep	prep	_	1	dep	_	_
726e90c4-c0d9-4759-bd0f-4cfa05dcb03f.xml.macaon	76	3	la	le	det	det	_	4	det	_	_
726e90c4-c0d9-4759-bd0f-4cfa05dcb03f.xml.macaon	77	4	civilisation	civilisation	nc	nc	_	2	obj	_	_
726e90c4-c0d9-4759-bd0f-4cfa05dcb03f.xml.macaon	78	5	mycénienne	mycénien	nc	nc	_	4	mod	_	_

726e90c4-c0d9-4759-bd0f-4cfa05dcb03f.xml.macaon	79	1	Traditionnellement	traditionnellement	adv	adv	_	10	mod	_	_
726e90c4-c0d9-4759-bd0f-4cfa05dcb03f.xml.macaon	80	2	la	le	det	det	_	3	det	_	_
726e90c4-c0d9-4759-bd0f-4cfa05dcb03f.xml.macaon	81	3	destruction	destruction	nc	nc	_	10	suj	_	_
726e90c4-c0d9-4759-bd0f-4cfa05dcb03f.xml.macaon	82	4	de	de	prep	prep	_	3	dep	_	_
726e90c4-c0d9-4759-bd0f-4cfa05dcb03f.xml.macaon	83	5	la	le	det	det	_	6	det	_	_
726e90c4-c0d9-4759-bd0f-4cfa05dcb03f.xml.macaon	84	6	civilisation	civilisation	nc	nc	_	4	obj	_	_
726e90c4-c0d9-4759-bd0f-4cfa05dcb03f.xml.macaon	85	7	mycénienne	mycénien	nc	nc	_	6	mod	_	_
726e90c4-c0d9-4759-bd0f-4cfa05dcb03f.xml.macaon	86	8	a	avoir	v	v	_	10	aux_tps	_	_
726e90c4-c0d9-4759-bd0f-4cfa05dcb03f.xml.macaon	87	9	été	être	vppart	vppart	_	10	aux_pass	_	_
726e90c4-c0d9-4759-bd0f-4cfa05dcb03f.xml.macaon	88	10	attribuée	attribuer	vppart	vppart	_	_	_	_	_
726e90c4-c0d9-4759-bd0f-4cfa05dcb03f.xml.macaon	89	11	à	à	prep	prep	_	10	a_obj	_	_
726e90c4-c0d9-4759-bd0f-4cfa05dcb03f.xml.macaon	90	12	l'	le	det	det	_	13	det	_	_
726e90c4-c0d9-4759-bd0f-4cfa05dcb03f.xml.macaon	91	13	invasion	invasion	nc	nc	_	11	obj	_	_
726e90c4-c0d9-4759-bd0f-4cfa05dcb03f.xml.macaon	92	14	du	du	prep	prep	_	10	mod	_	_
726e90c4-c0d9-4759-bd0f-4cfa05dcb03f.xml.macaon	93	15	Péloponnèse	Péloponnèse	nc	nc	_	14	obj	_	_
726e90c4-c0d9-4759-bd0f-4cfa05dcb03f.xml.macaon	94	16	par	par	prep	prep	_	15	dep	_	_
726e90c4-c0d9-4759-bd0f-4cfa05dcb03f.xml.macaon	95	17	des	un	det	det	_	18	det	_	_
726e90c4-c0d9-4759-bd0f-4cfa05dcb03f.xml.macaon	96	18	Doriens	dorien	nc	nc	_	16	obj	_	_
726e90c4-c0d9-4759-bd0f-4cfa05dcb03f.xml.macaon	97	19	,	,	ponctw	ponctw	_	18	ponct	_	_
726e90c4-c0d9-4759-bd0f-4cfa05dcb03f.xml.macaon	98	20	invasion	invasion	nc	nc	_	18	mod	_	_
726e90c4-c0d9-4759-bd0f-4cfa05dcb03f.xml.macaon	99	21	qui	qui	prorel	prorel	_	23	suj	_	_
726e90c4-c0d9-4759-bd0f-4cfa05dcb03f.xml.macaon	100	22	aurait	avoir	v	v	_	23	aux_tps	_	_
726e90c4-c0d9-4759-bd0f-4cfa05dcb03f.xml.macaon	101	23	eu	avoir	vppart	vppart	_	20	mod	_	_
726e90c4-c0d9-4759-bd0f-4cfa05dcb03f.xml.macaon	102	24	lieu	lieu	nc	nc	_	23	obj	_	_
726e90c4-c0d9-4759-bd0f-4cfa05dcb03f.xml.macaon	103	25	vers	vers	prep	prep	_	23	mod	_	_
726e90c4-c0d9-4759-bd0f-4cfa05dcb03f.xml.macaon	104	26	1200	1200	det	det	_	27	det	_	_
726e90c4-c0d9-4759-bd0f-4cfa05dcb03f.xml.macaon	105	27	av.	av.	nc	nc	_	25	obj	_	_

726e90c4-c0d9-4759-bd0f-4cfa05dcb03f.xml.macaon	106	1	J.-C.	Jésus-Christ	np	np	_	_	_	_	_
726e90c4-c0d9-4759-bd0f-4cfa05dcb03f.xml.macaon	107	2	.	.	poncts	poncts	_	1	__JOKER__	_	_

726e90c4-c0d9-4759-bd0f-4cfa05dcb03f.xml.macaon	108	1	Les	les	det	det	_	2	det	_	_	B:Appointing:FE:Selector:G:113
726e90c4-c0d9-4759-bd0f-4cfa05dcb03f.xml.macaon	109	2	Grecs	grec	nc	nc	_	6	suj	_	_	I:Appointing:FE:Selector:G:113
726e90c4-c0d9-4759-bd0f-4cfa05dcb03f.xml.macaon	110	3	de#l'	de#l'	prep	prep	_	2	dep	_	_	I:Appointing:FE:Selector:G:113
726e90c4-c0d9-4759-bd0f-4cfa05dcb03f.xml.macaon	111	4	Antiquité	Antiquité	np	np	_	3	obj	_	_	I:Appointing:FE:Selector:G:113
726e90c4-c0d9-4759-bd0f-4cfa05dcb03f.xml.macaon	112	5	avaient	avoir	v	v	_	6	aux_tps	_	_
726e90c4-c0d9-4759-bd0f-4cfa05dcb03f.xml.macaon	113	6	nommé	nommer	vppart	vppart	_	_	_	_	_	B:Appointing:TARGET:nommer:G:113
726e90c4-c0d9-4759-bd0f-4cfa05dcb03f.xml.macaon	114	7	cette	ce	det	det	_	8	det	_	_	B:Appointing:FE:Body:G:113
726e90c4-c0d9-4759-bd0f-4cfa05dcb03f.xml.macaon	115	8	migration	migration	nc	nc	_	6	obj	_	_	I:Appointing:FE:Body:G:113
726e90c4-c0d9-4759-bd0f-4cfa05dcb03f.xml.macaon	116	9	le	le	det	det	_	10	det	_	_	B:Appointing:FE:Function:G:113
726e90c4-c0d9-4759-bd0f-4cfa05dcb03f.xml.macaon	117	10	retour	retour	nc	nc	_	8	mod	_	_	I:Appointing:FE:Function:G:113
726e90c4-c0d9-4759-bd0f-4cfa05dcb03f.xml.macaon	118	11	des	des	prep	prep	_	6	mod	_	_	I:Appointing:FE:Function:G:113
726e90c4-c0d9-4759-bd0f-4cfa05dcb03f.xml.macaon	119	12	Héraklides	Héraklides	nc	nc	_	11	obj	_	_	I:Appointing:FE:Function:G:113
726e90c4-c0d9-4759-bd0f-4cfa05dcb03f.xml.macaon	120	13	(	(	ponctw	ponctw	_	12	ponct	_	_
726e90c4-c0d9-4759-bd0f-4cfa05dcb03f.xml.macaon	121	14	les	le	det	det	_	15	det	_	_
726e90c4-c0d9-4759-bd0f-4cfa05dcb03f.xml.macaon	122	15	descendants	descendant	nc	nc	_	12	mod	_	_
726e90c4-c0d9-4759-bd0f-4cfa05dcb03f.xml.macaon	123	16	d'	de	prep	prep	_	15	dep	_	_
726e90c4-c0d9-4759-bd0f-4cfa05dcb03f.xml.macaon	124	17	Héraklès	Héraklès	nc	nc	_	16	obj	_	_
726e90c4-c0d9-4759-bd0f-4cfa05dcb03f.xml.macaon	125	18	)	)	ponctw	ponctw	_	15	ponct	_	_
726e90c4-c0d9-4759-bd0f-4cfa05dcb03f.xml.macaon	126	19	.	.	poncts	poncts	_	6	ponct	_	_

726e90c4-c0d9-4759-bd0f-4cfa05dcb03f.xml.macaon	127	1	Au	au	prep	prep	_	_	_	_	_
726e90c4-c0d9-4759-bd0f-4cfa05dcb03f.xml.macaon	128	2	début	début	nc	nc	_	1	obj	_	_	B:Activity_start:TARGET:début:G:128
726e90c4-c0d9-4759-bd0f-4cfa05dcb03f.xml.macaon	129	3	du	du	prep	prep	_	2	dep	_	_
726e90c4-c0d9-4759-bd0f-4cfa05dcb03f.xml.macaon	130	4	XIIe	XIIe	adj	adj	_	5	mod	_	_
726e90c4-c0d9-4759-bd0f-4cfa05dcb03f.xml.macaon	131	5	siècle	siècle	nc	nc	_	3	obj	_	_
726e90c4-c0d9-4759-bd0f-4cfa05dcb03f.xml.macaon	132	6	av.	av.	nc	nc	_	5	mod	_	_

726e90c4-c0d9-4759-bd0f-4cfa05dcb03f.xml.macaon	133	1	J.-C.	J.-C.	adv	adv	_	3	__JOKER__	_	_
726e90c4-c0d9-4759-bd0f-4cfa05dcb03f.xml.macaon	134	2	la	le	det	det	_	3	det	_	_
726e90c4-c0d9-4759-bd0f-4cfa05dcb03f.xml.macaon	135	3	Grèce	Grèce	np	np	_	_	_	_	_
726e90c4-c0d9-4759-bd0f-4cfa05dcb03f.xml.macaon	136	4	entre	entre	prep	prep	_	3	dep	_	_
726e90c4-c0d9-4759-bd0f-4cfa05dcb03f.xml.macaon	137	5	dans	dans	prep	prep	_	4	obj	_	_
726e90c4-c0d9-4759-bd0f-4cfa05dcb03f.xml.macaon	138	6	les	le	det	det	_	8	det	_	_
726e90c4-c0d9-4759-bd0f-4cfa05dcb03f.xml.macaon	139	7	«	«	ponctw	ponctw	_	8	ponct	_	_
726e90c4-c0d9-4759-bd0f-4cfa05dcb03f.xml.macaon	140	8	siècles	siècle	nc	nc	_	5	obj	_	_
726e90c4-c0d9-4759-bd0f-4cfa05dcb03f.xml.macaon	141	9	obscurs	obscur	adj	adj	_	8	mod	_	_
726e90c4-c0d9-4759-bd0f-4cfa05dcb03f.xml.macaon	142	10	»	»	ponctw	ponctw	_	8	ponct	_	_
726e90c4-c0d9-4759-bd0f-4cfa05dcb03f.xml.macaon	143	11	qui	qui	prorel	prorel	_	12	suj	_	_
726e90c4-c0d9-4759-bd0f-4cfa05dcb03f.xml.macaon	144	12	sont	être	v	v	_	8	mod_rel	_	_
726e90c4-c0d9-4759-bd0f-4cfa05dcb03f.xml.macaon	145	13	une	un	det	det	_	14	det	_	_
726e90c4-c0d9-4759-bd0f-4cfa05dcb03f.xml.macaon	146	14	époque	époque	nc	nc	_	12	ats	_	_
726e90c4-c0d9-4759-bd0f-4cfa05dcb03f.xml.macaon	147	15	de	de	prep	prep	_	14	dep	_	_
726e90c4-c0d9-4759-bd0f-4cfa05dcb03f.xml.macaon	148	16	bouleversements	bouleversement	nc	nc	_	15	obj	_	_
726e90c4-c0d9-4759-bd0f-4cfa05dcb03f.xml.macaon	149	17	politiques	politique	adj	adj	_	16	mod	_	_
726e90c4-c0d9-4759-bd0f-4cfa05dcb03f.xml.macaon	150	18	,	,	ponctw	ponctw	_	16	ponct	_	_
726e90c4-c0d9-4759-bd0f-4cfa05dcb03f.xml.macaon	151	19	sociaux	social	adj	adj	_	16	mod	_	_
726e90c4-c0d9-4759-bd0f-4cfa05dcb03f.xml.macaon	152	20	,	,	ponctw	ponctw	_	21	ponct	_	_
726e90c4-c0d9-4759-bd0f-4cfa05dcb03f.xml.macaon	153	21	culturels	culturel	adj	adj	_	16	mod	_	_
726e90c4-c0d9-4759-bd0f-4cfa05dcb03f.xml.macaon	154	22	et	et	coo	coo	_	21	coord	_	_
726e90c4-c0d9-4759-bd0f-4cfa05dcb03f.xml.macaon	155	23	religieux	religieux	adj	adj	_	22	dep_coord	_	_
726e90c4-c0d9-4759-bd0f-4cfa05dcb03f.xml.macaon	156	24	.	.	poncts	poncts	_	12	ponct	_	_

726e90c4-c0d9-4759-bd0f-4cfa05dcb03f.xml.macaon	157	1	La	la	det	det	_	2	det	_	_
726e90c4-c0d9-4759-bd0f-4cfa05dcb03f.xml.macaon	158	2	Grèce	Grèce	np	np	_	4	suj	_	_
726e90c4-c0d9-4759-bd0f-4cfa05dcb03f.xml.macaon	159	3	mycénienne	mycénien	nc	nc	_	4	suj	_	_
726e90c4-c0d9-4759-bd0f-4cfa05dcb03f.xml.macaon	160	4	disparaît	disparaître	v	v	_	_	_	_	_
726e90c4-c0d9-4759-bd0f-4cfa05dcb03f.xml.macaon	161	5	alors	alors	adv	adv	_	4	mod	_	_
726e90c4-c0d9-4759-bd0f-4cfa05dcb03f.xml.macaon	162	6	et	et	coo	coo	_	4	coord	_	_
726e90c4-c0d9-4759-bd0f-4cfa05dcb03f.xml.macaon	163	7	à	à	prep	prep	_	4	a_obj	_	_
726e90c4-c0d9-4759-bd0f-4cfa05dcb03f.xml.macaon	164	8	l'	le	det	det	_	9	det	_	_
726e90c4-c0d9-4759-bd0f-4cfa05dcb03f.xml.macaon	165	9	issue	issue	nc	nc	_	7	obj	_	_
726e90c4-c0d9-4759-bd0f-4cfa05dcb03f.xml.macaon	166	10	des	des	prep	prep	_	9	dep	_	_
726e90c4-c0d9-4759-bd0f-4cfa05dcb03f.xml.macaon	167	11	siècles	siècle	nc	nc	_	10	obj	_	_
726e90c4-c0d9-4759-bd0f-4cfa05dcb03f.xml.macaon	168	12	obscurs	obscur	adj	adj	_	11	mod	_	_
726e90c4-c0d9-4759-bd0f-4cfa05dcb03f.xml.macaon	169	13	,	,	ponctw	ponctw	_	11	ponct	_	_
726e90c4-c0d9-4759-bd0f-4cfa05dcb03f.xml.macaon	170	14	au	au	prep	prep	_	11	dep	_	_
726e90c4-c0d9-4759-bd0f-4cfa05dcb03f.xml.macaon	171	15	VIIIe	VIIIe	adj	adj	_	16	mod	_	_
726e90c4-c0d9-4759-bd0f-4cfa05dcb03f.xml.macaon	172	16	siècle	siècle	nc	nc	_	14	obj	_	_
726e90c4-c0d9-4759-bd0f-4cfa05dcb03f.xml.macaon	173	17	av.	av.	nc	nc	_	16	mod	_	_

726e90c4-c0d9-4759-bd0f-4cfa05dcb03f.xml.macaon	174	1	J.-C.	Jésus-Christ	np	np	_	3	suj	_	_
726e90c4-c0d9-4759-bd0f-4cfa05dcb03f.xml.macaon	175	2	,	,	ponctw	ponctw	_	3	ponct	_	_
726e90c4-c0d9-4759-bd0f-4cfa05dcb03f.xml.macaon	176	3	apparaît	apparaître	v	v	_	_	_	_	_
726e90c4-c0d9-4759-bd0f-4cfa05dcb03f.xml.macaon	177	4	la	le	det	det	_	5	det	_	_
726e90c4-c0d9-4759-bd0f-4cfa05dcb03f.xml.macaon	178	5	Grèce	Grèce	np	np	_	3	__JOKER__	_	_
726e90c4-c0d9-4759-bd0f-4cfa05dcb03f.xml.macaon	179	6	archaïque	archaïque	adj	adj	_	5	mod	_	_
726e90c4-c0d9-4759-bd0f-4cfa05dcb03f.xml.macaon	180	7	,	,	ponctw	ponctw	_	3	ponct	_	_
726e90c4-c0d9-4759-bd0f-4cfa05dcb03f.xml.macaon	181	8	qui	qui	prorel	prorel	_	9	suj	_	_
726e90c4-c0d9-4759-bd0f-4cfa05dcb03f.xml.macaon	182	9	est	être	v	v	_	3	mod	_	_
726e90c4-c0d9-4759-bd0f-4cfa05dcb03f.xml.macaon	183	10	tout#à#fait	tout#à#fait	adv	adv	_	11	mod	_	_
726e90c4-c0d9-4759-bd0f-4cfa05dcb03f.xml.macaon	184	11	différente	différent	adj	adj	_	9	ats	_	_
726e90c4-c0d9-4759-bd0f-4cfa05dcb03f.xml.macaon	185	12	.	.	poncts	poncts	_	3	ponct	_	_

726e90c4-c0d9-4759-bd0f-4cfa05dcb03f.xml.macaon	186	1	Mais	mais	coo	coo	_	_	_	_	_
726e90c4-c0d9-4759-bd0f-4cfa05dcb03f.xml.macaon	187	2	faut	faillir	v	v	_	1	dep_coord	_	_
726e90c4-c0d9-4759-bd0f-4cfa05dcb03f.xml.macaon	188	3	-il	-il	cln	cln	_	2	suj	_	_
726e90c4-c0d9-4759-bd0f-4cfa05dcb03f.xml.macaon	189	4	rendre	rendre	vinf	vinf	_	2	obj	_	_
726e90c4-c0d9-4759-bd0f-4cfa05dcb03f.xml.macaon	190	5	seuls	seul	adj	adj	_	6	mod	_	_
726e90c4-c0d9-4759-bd0f-4cfa05dcb03f.xml.macaon	191	6	responsables	responsable	nc	nc	_	4	obj	_	_
726e90c4-c0d9-4759-bd0f-4cfa05dcb03f.xml.macaon	192	7	de	de	prep	prep	_	6	dep	_	_
726e90c4-c0d9-4759-bd0f-4cfa05dcb03f.xml.macaon	193	8	ces	ce	det	det	_	9	det	_	_
726e90c4-c0d9-4759-bd0f-4cfa05dcb03f.xml.macaon	194	9	changements	changement	nc	nc	_	7	obj	_	_
726e90c4-c0d9-4759-bd0f-4cfa05dcb03f.xml.macaon	195	10	les	le	det	det	_	12	det	_	_
726e90c4-c0d9-4759-bd0f-4cfa05dcb03f.xml.macaon	196	11	«	«	ponctw	ponctw	_	12	ponct	_	_
726e90c4-c0d9-4759-bd0f-4cfa05dcb03f.xml.macaon	197	12	envahisseurs	envahisseur	nc	nc	_	4	obj	_	_
726e90c4-c0d9-4759-bd0f-4cfa05dcb03f.xml.macaon	198	13	»	»	ponctw	ponctw	_	12	ponct	_	_
726e90c4-c0d9-4759-bd0f-4cfa05dcb03f.xml.macaon	199	14	doriens	dorien	nc	nc	_	12	mod	_	_
726e90c4-c0d9-4759-bd0f-4cfa05dcb03f.xml.macaon	200	15	?	?	poncts	poncts	_	2	ponct	_	_

726e90c4-c0d9-4759-bd0f-4cfa05dcb03f.xml.macaon	201	1	Des	des	det	det	_	2	det	_	_
726e90c4-c0d9-4759-bd0f-4cfa05dcb03f.xml.macaon	202	2	recherches	recherche	nc	nc	_	4	suj	_	_	B:Scrutiny:TARGET:recherche:G:202
726e90c4-c0d9-4759-bd0f-4cfa05dcb03f.xml.macaon	203	3	ont	avoir	v	v	_	4	aux_tps	_	_
726e90c4-c0d9-4759-bd0f-4cfa05dcb03f.xml.macaon	204	4	pu	pouvoir	vppart	vppart	_	_	_	_	_
726e90c4-c0d9-4759-bd0f-4cfa05dcb03f.xml.macaon	205	5	mettre	mettre	vinf	vinf	_	4	obj	_	_
726e90c4-c0d9-4759-bd0f-4cfa05dcb03f.xml.macaon	206	6	en	en	prep	prep	_	5	mod	_	_
726e90c4-c0d9-4759-bd0f-4cfa05dcb03f.xml.macaon	207	7	évidence	évidence	nc	nc	_	6	obj	_	_
726e90c4-c0d9-4759-bd0f-4cfa05dcb03f.xml.macaon	208	8	des	des	prep	prep	_	5	mod	_	_
726e90c4-c0d9-4759-bd0f-4cfa05dcb03f.xml.macaon	209	9	changements	changement	nc	nc	_	8	obj	_	_
726e90c4-c0d9-4759-bd0f-4cfa05dcb03f.xml.macaon	210	10	climatiques	climatique	adj	adj	_	9	mod	_	_
726e90c4-c0d9-4759-bd0f-4cfa05dcb03f.xml.macaon	211	11	.	.	poncts	poncts	_	5	__JOKER__	_	_

726e90c4-c0d9-4759-bd0f-4cfa05dcb03f.xml.macaon	212	1	À	À	prep	prep	_	7	mod	_	_
726e90c4-c0d9-4759-bd0f-4cfa05dcb03f.xml.macaon	213	2	cette	ce	det	det	_	3	det	_	_
726e90c4-c0d9-4759-bd0f-4cfa05dcb03f.xml.macaon	214	3	époque	époque	nc	nc	_	1	obj	_	_
726e90c4-c0d9-4759-bd0f-4cfa05dcb03f.xml.macaon	215	4	,	,	ponctw	ponctw	_	7	ponct	_	_
726e90c4-c0d9-4759-bd0f-4cfa05dcb03f.xml.macaon	216	5	les	le	det	det	_	6	det	_	_
726e90c4-c0d9-4759-bd0f-4cfa05dcb03f.xml.macaon	217	6	sédiments	sédiment	nc	nc	_	7	suj	_	_
726e90c4-c0d9-4759-bd0f-4cfa05dcb03f.xml.macaon	218	7	montrent	montrer	v	v	_	_	_	_	_
726e90c4-c0d9-4759-bd0f-4cfa05dcb03f.xml.macaon	219	8	une	un	det	det	_	9	det	_	_
726e90c4-c0d9-4759-bd0f-4cfa05dcb03f.xml.macaon	220	9	alternance	alternance	nc	nc	_	7	obj	_	_
726e90c4-c0d9-4759-bd0f-4cfa05dcb03f.xml.macaon	221	10	de	de	prep	prep	_	9	dep	_	_
726e90c4-c0d9-4759-bd0f-4cfa05dcb03f.xml.macaon	222	11	très	très	adv	adv	_	12	mod	_	_
726e90c4-c0d9-4759-bd0f-4cfa05dcb03f.xml.macaon	223	12	fortes	fort	adj	adj	_	13	mod	_	_
726e90c4-c0d9-4759-bd0f-4cfa05dcb03f.xml.macaon	224	13	pluies	pluie	nc	nc	_	10	obj	_	_
726e90c4-c0d9-4759-bd0f-4cfa05dcb03f.xml.macaon	225	14	et	et	coo	coo	_	10	coord	_	_
726e90c4-c0d9-4759-bd0f-4cfa05dcb03f.xml.macaon	226	15	de	de	prep	prep	_	14	dep_coord	_	_
726e90c4-c0d9-4759-bd0f-4cfa05dcb03f.xml.macaon	227	16	sécheresses	sécheresse	nc	nc	_	15	obj	_	_
726e90c4-c0d9-4759-bd0f-4cfa05dcb03f.xml.macaon	228	17	prolongées	prolonger	vppart	vppart	_	9	mod	_	_
726e90c4-c0d9-4759-bd0f-4cfa05dcb03f.xml.macaon	229	18	.	.	poncts	poncts	_	7	ponct	_	_

726e90c4-c0d9-4759-bd0f-4cfa05dcb03f.xml.macaon	230	1	Ces	ces	det	det	_	3	det	_	_	B:Objective_influence:FE:Influencing_situation:G:233
726e90c4-c0d9-4759-bd0f-4cfa05dcb03f.xml.macaon	231	2	fortes	fort	adj	adj	_	3	mod	_	_	I:Objective_influence:FE:Influencing_situation:G:233
726e90c4-c0d9-4759-bd0f-4cfa05dcb03f.xml.macaon	232	3	variations	variation	nc	nc	_	4	suj	_	_	I:Objective_influence:FE:Influencing_situation:G:233
726e90c4-c0d9-4759-bd0f-4cfa05dcb03f.xml.macaon	233	4	affectent	affecter	v	v	_	_	_	_	_	B:Objective_influence:TARGET:affecter:G:233
726e90c4-c0d9-4759-bd0f-4cfa05dcb03f.xml.macaon	234	5	la	le	det	det	_	6	det	_	_	B:Objective_influence:FE:Dependent_situation:G:233
726e90c4-c0d9-4759-bd0f-4cfa05dcb03f.xml.macaon	235	6	flore	flore	nc	nc	_	4	obj	_	_	I:Objective_influence:FE:Dependent_situation:G:233
726e90c4-c0d9-4759-bd0f-4cfa05dcb03f.xml.macaon	236	7	et	et	coo	coo	_	6	coord	_	_	I:Objective_influence:FE:Dependent_situation:G:233
726e90c4-c0d9-4759-bd0f-4cfa05dcb03f.xml.macaon	237	8	la	le	det	det	_	9	det	_	_	I:Objective_influence:FE:Dependent_situation:G:233
726e90c4-c0d9-4759-bd0f-4cfa05dcb03f.xml.macaon	238	9	faune	faune	nc	nc	_	7	dep_coord	_	_	I:Objective_influence:FE:Dependent_situation:G:233
726e90c4-c0d9-4759-bd0f-4cfa05dcb03f.xml.macaon	239	10	.	.	poncts	poncts	_	4	ponct	_	_

726e90c4-c0d9-4759-bd0f-4cfa05dcb03f.xml.macaon	240	1	Les	les	det	det	_	2	det	_	_
726e90c4-c0d9-4759-bd0f-4cfa05dcb03f.xml.macaon	241	2	récoltes	récolte	nc	nc	_	5	suj	_	_
726e90c4-c0d9-4759-bd0f-4cfa05dcb03f.xml.macaon	242	3	de	de	prep	prep	_	2	dep	_	_
726e90c4-c0d9-4759-bd0f-4cfa05dcb03f.xml.macaon	243	4	céréales	céréale	nc	nc	_	3	obj	_	_
726e90c4-c0d9-4759-bd0f-4cfa05dcb03f.xml.macaon	244	5	sont	être	v	v	_	_	_	_	_
726e90c4-c0d9-4759-bd0f-4cfa05dcb03f.xml.macaon	245	6	compromises	compromettre	adj	adj	_	5	ats	_	_
726e90c4-c0d9-4759-bd0f-4cfa05dcb03f.xml.macaon	246	7	,	,	ponctw	ponctw	_	10	ponct	_	_
726e90c4-c0d9-4759-bd0f-4cfa05dcb03f.xml.macaon	247	8	les	le	det	det	_	9	det	_	_
726e90c4-c0d9-4759-bd0f-4cfa05dcb03f.xml.macaon	248	9	paysans	paysan	nc	nc	_	10	suj	_	_
726e90c4-c0d9-4759-bd0f-4cfa05dcb03f.xml.macaon	249	10	ont	avoir	v	v	_	5	mod	_	_
726e90c4-c0d9-4759-bd0f-4cfa05dcb03f.xml.macaon	250	11	des	un	det	det	_	12	det	_	_
726e90c4-c0d9-4759-bd0f-4cfa05dcb03f.xml.macaon	251	12	difficultés	difficulté	nc	nc	_	10	obj	_	_
726e90c4-c0d9-4759-bd0f-4cfa05dcb03f.xml.macaon	252	13	et	et	coo	coo	_	10	coord	_	_
726e90c4-c0d9-4759-bd0f-4cfa05dcb03f.xml.macaon	253	14	certains	certains	pro	pro	_	13	dep_coord	_	_
726e90c4-c0d9-4759-bd0f-4cfa05dcb03f.xml.macaon	254	15	abandonnent	abandonner	v	v	_	13	dep_coord	_	_
726e90c4-c0d9-4759-bd0f-4cfa05dcb03f.xml.macaon	255	16	la	le	det	det	_	17	det	_	_
726e90c4-c0d9-4759-bd0f-4cfa05dcb03f.xml.macaon	256	17	culture	culture	nc	nc	_	15	obj	_	_
726e90c4-c0d9-4759-bd0f-4cfa05dcb03f.xml.macaon	257	18	pour	pour	prep	prep	_	17	dep	_	_
726e90c4-c0d9-4759-bd0f-4cfa05dcb03f.xml.macaon	258	19	se	se	clr	clr	_	20	aff	_	_
726e90c4-c0d9-4759-bd0f-4cfa05dcb03f.xml.macaon	259	20	consacrer	consacrer	vinf	vinf	_	18	obj	_	_
726e90c4-c0d9-4759-bd0f-4cfa05dcb03f.xml.macaon	260	21	à	à	prep	prep	_	20	a_obj	_	_
726e90c4-c0d9-4759-bd0f-4cfa05dcb03f.xml.macaon	261	22	l'	le	det	det	_	23	det	_	_
726e90c4-c0d9-4759-bd0f-4cfa05dcb03f.xml.macaon	262	23	élevage	élevage	nc	nc	_	21	obj	_	_
726e90c4-c0d9-4759-bd0f-4cfa05dcb03f.xml.macaon	263	24	du	du	prep	prep	_	20	mod	_	_
726e90c4-c0d9-4759-bd0f-4cfa05dcb03f.xml.macaon	264	25	petit	petit	adj	adj	_	26	mod	_	_
726e90c4-c0d9-4759-bd0f-4cfa05dcb03f.xml.macaon	265	26	bétail	bétail	nc	nc	_	24	obj	_	_
726e90c4-c0d9-4759-bd0f-4cfa05dcb03f.xml.macaon	266	27	.	.	poncts	poncts	_	5	ponct	_	_

726e90c4-c0d9-4759-bd0f-4cfa05dcb03f.xml.macaon	267	1	L'	L'	det	det	_	2	det	_	_
726e90c4-c0d9-4759-bd0f-4cfa05dcb03f.xml.macaon	268	2	arrivée	arrivé	nc	nc	_	_	_	_	_
726e90c4-c0d9-4759-bd0f-4cfa05dcb03f.xml.macaon	269	3	dans	dans	prep	prep	_	2	dep	_	_
726e90c4-c0d9-4759-bd0f-4cfa05dcb03f.xml.macaon	270	4	les	le	det	det	_	5	det	_	_
726e90c4-c0d9-4759-bd0f-4cfa05dcb03f.xml.macaon	271	5	eaux	eau	nc	nc	_	3	obj	_	_
726e90c4-c0d9-4759-bd0f-4cfa05dcb03f.xml.macaon	272	6	marines	marin	adj	adj	_	5	mod	_	_
726e90c4-c0d9-4759-bd0f-4cfa05dcb03f.xml.macaon	273	7	,	,	ponctw	ponctw	_	11	ponct	_	_
726e90c4-c0d9-4759-bd0f-4cfa05dcb03f.xml.macaon	274	8	d'	un	det	det	_	9	det	_	_
726e90c4-c0d9-4759-bd0f-4cfa05dcb03f.xml.macaon	275	9	eaux	eau	nc	nc	_	11	suj	_	_
726e90c4-c0d9-4759-bd0f-4cfa05dcb03f.xml.macaon	276	10	continentales	continental	adj	adj	_	9	mod	_	_
726e90c4-c0d9-4759-bd0f-4cfa05dcb03f.xml.macaon	277	11	surchargées	surcharger	vppart	vppart	_	5	mod	_	_
726e90c4-c0d9-4759-bd0f-4cfa05dcb03f.xml.macaon	278	12	en	en	prep	prep	_	11	mod	_	_
726e90c4-c0d9-4759-bd0f-4cfa05dcb03f.xml.macaon	279	13	terre	terre	nc	nc	_	12	obj	_	_
726e90c4-c0d9-4759-bd0f-4cfa05dcb03f.xml.macaon	280	14	arrachées	arracher	vppart	vppart	_	13	mod	_	_
726e90c4-c0d9-4759-bd0f-4cfa05dcb03f.xml.macaon	281	15	aux	aux	prep	prep	_	14	mod	_	_
726e90c4-c0d9-4759-bd0f-4cfa05dcb03f.xml.macaon	282	16	pentes	pente	nc	nc	_	15	obj	_	_
726e90c4-c0d9-4759-bd0f-4cfa05dcb03f.xml.macaon	283	17	,	,	ponctw	ponctw	_	18	ponct	_	_
726e90c4-c0d9-4759-bd0f-4cfa05dcb03f.xml.macaon	284	18	rend	rendre	v	v	_	13	mod_rel	_	_
726e90c4-c0d9-4759-bd0f-4cfa05dcb03f.xml.macaon	285	19	les	le	det	det	_	20	det	_	_
726e90c4-c0d9-4759-bd0f-4cfa05dcb03f.xml.macaon	286	20	eaux	eau	nc	nc	_	18	obj	_	_
726e90c4-c0d9-4759-bd0f-4cfa05dcb03f.xml.macaon	287	21	côtières	côtier	adj	adj	_	20	mod	_	_
726e90c4-c0d9-4759-bd0f-4cfa05dcb03f.xml.macaon	288	22	troubles	trouble	adj	adj	_	20	mod	_	_
726e90c4-c0d9-4759-bd0f-4cfa05dcb03f.xml.macaon	289	23	et	et	coo	coo	_	22	coord	_	_
726e90c4-c0d9-4759-bd0f-4cfa05dcb03f.xml.macaon	290	24	défavorables	défavorable	adj	adj	_	23	dep_coord	_	_
726e90c4-c0d9-4759-bd0f-4cfa05dcb03f.xml.macaon	291	25	aux	aux	prep	prep	_	18	mod	_	_
726e90c4-c0d9-4759-bd0f-4cfa05dcb03f.xml.macaon	292	26	poissons	poisson	nc	nc	_	25	obj	_	_
726e90c4-c0d9-4759-bd0f-4cfa05dcb03f.xml.macaon	293	27	.	.	poncts	poncts	_	18	ponct	_	_

726e90c4-c0d9-4759-bd0f-4cfa05dcb03f.xml.macaon	294	1	La	la	det	det	_	2	det	_	_
726e90c4-c0d9-4759-bd0f-4cfa05dcb03f.xml.macaon	295	2	pêche	pêche	nc	nc	_	10	suj	_	_	B:Hunting:TARGET:pêche:G:295
726e90c4-c0d9-4759-bd0f-4cfa05dcb03f.xml.macaon	296	3	,	,	ponctw	ponctw	_	2	ponct	_	_
726e90c4-c0d9-4759-bd0f-4cfa05dcb03f.xml.macaon	297	4	alors	alors	adv	adv	_	5	mod	_	_
726e90c4-c0d9-4759-bd0f-4cfa05dcb03f.xml.macaon	298	5	uniquement	uniquement	adv	adv	_	6	mod	_	_
726e90c4-c0d9-4759-bd0f-4cfa05dcb03f.xml.macaon	299	6	côtière	côtier	adj	adj	_	2	mod	_	_
726e90c4-c0d9-4759-bd0f-4cfa05dcb03f.xml.macaon	300	7	,	,	ponctw	ponctw	_	8	ponct	_	_
726e90c4-c0d9-4759-bd0f-4cfa05dcb03f.xml.macaon	301	8	est	être	v	v	_	10	aux_tps	_	_
726e90c4-c0d9-4759-bd0f-4cfa05dcb03f.xml.macaon	302	9	aussi	aussi	adv	adv	_	10	mod	_	_
726e90c4-c0d9-4759-bd0f-4cfa05dcb03f.xml.macaon	303	10	affectée	affecter	vppart	vppart	_	_	_	_	_	B:Appointing:TARGET:affecter:G:303
726e90c4-c0d9-4759-bd0f-4cfa05dcb03f.xml.macaon	304	11	.	.	poncts	poncts	_	10	ponct	_	_

726e90c4-c0d9-4759-bd0f-4cfa05dcb03f.xml.macaon	305	1	Les	les	det	det	_	2	det	_	_	B:Awareness:FE:Cognizer:G:310
726e90c4-c0d9-4759-bd0f-4cfa05dcb03f.xml.macaon	306	2	régions	région	nc	nc	_	6	suj	_	_	I:Awareness:FE:Cognizer:G:310
726e90c4-c0d9-4759-bd0f-4cfa05dcb03f.xml.macaon	307	3	les	le	det	det	_	5	det	_	_	I:Awareness:FE:Cognizer:G:310
726e90c4-c0d9-4759-bd0f-4cfa05dcb03f.xml.macaon	308	4	plus	plus	adv	adv	_	5	mod	_	_	I:Awareness:FE:Cognizer:G:310
726e90c4-c0d9-4759-bd0f-4cfa05dcb03f.xml.macaon	309	5	exposées	exposé	adj	adj	_	2	mod	_	_	I:Awareness:FE:Cognizer:G:310
726e90c4-c0d9-4759-bd0f-4cfa05dcb03f.xml.macaon	310	6	connaissent	connaître	v	v	_	_	_	_	_	B:Awareness:TARGET:connaître:G:310
726e90c4-c0d9-4759-bd0f-4cfa05dcb03f.xml.macaon	311	7	certainement	certainement	adv	adv	_	6	mod	_	_
726e90c4-c0d9-4759-bd0f-4cfa05dcb03f.xml.macaon	312	8	des	un	det	det	_	9	det	_	_	B:Awareness:FE:Content:G:310
726e90c4-c0d9-4759-bd0f-4cfa05dcb03f.xml.macaon	313	9	troubles	trouble	nc	nc	_	6	obj	_	_	I:Awareness:FE:Content:G:310
726e90c4-c0d9-4759-bd0f-4cfa05dcb03f.xml.macaon	314	10	sociaux	social	adj	adj	_	9	mod	_	_	I:Awareness:FE:Content:G:310
726e90c4-c0d9-4759-bd0f-4cfa05dcb03f.xml.macaon	315	11	et	et	coo	coo	_	9	coord	_	_
726e90c4-c0d9-4759-bd0f-4cfa05dcb03f.xml.macaon	316	12	se	se	clr	clr	_	13	aff	_	_
726e90c4-c0d9-4759-bd0f-4cfa05dcb03f.xml.macaon	317	13	dépeuplent	dépeupler	v	v	_	11	dep_coord	_	_
726e90c4-c0d9-4759-bd0f-4cfa05dcb03f.xml.macaon	318	14	.	.	poncts	poncts	_	6	ponct	_	_

726e90c4-c0d9-4759-bd0f-4cfa05dcb03f.xml.macaon	319	1	Les	les	det	det	_	2	det	_	_
726e90c4-c0d9-4759-bd0f-4cfa05dcb03f.xml.macaon	320	2	difficultés	difficulté	nc	nc	_	5	suj	_	_
726e90c4-c0d9-4759-bd0f-4cfa05dcb03f.xml.macaon	321	3	ne	ne	advneg	advneg	_	5	mod	_	_
726e90c4-c0d9-4759-bd0f-4cfa05dcb03f.xml.macaon	322	4	se	se	clr	clr	_	5	aff	_	_
726e90c4-c0d9-4759-bd0f-4cfa05dcb03f.xml.macaon	323	5	cantonnent	cantonner	v	v	_	_	_	_	_
726e90c4-c0d9-4759-bd0f-4cfa05dcb03f.xml.macaon	324	6	pas	pas	advneg	advneg	_	5	mod	_	_
726e90c4-c0d9-4759-bd0f-4cfa05dcb03f.xml.macaon	325	7	qu'	qu'	advneg	advneg	_	5	mod	_	_
726e90c4-c0d9-4759-bd0f-4cfa05dcb03f.xml.macaon	326	8	à	à	prep	prep	_	5	a_obj	_	_
726e90c4-c0d9-4759-bd0f-4cfa05dcb03f.xml.macaon	327	9	la	le	det	det	_	10	det	_	_
726e90c4-c0d9-4759-bd0f-4cfa05dcb03f.xml.macaon	328	10	Grèce	Grèce	np	np	_	8	obj	_	_
726e90c4-c0d9-4759-bd0f-4cfa05dcb03f.xml.macaon	329	11	.	.	poncts	poncts	_	5	ponct	_	_

726e90c4-c0d9-4759-bd0f-4cfa05dcb03f.xml.macaon	330	1	En	en	prep	prep	_	7	mod	_	_
726e90c4-c0d9-4759-bd0f-4cfa05dcb03f.xml.macaon	331	2	Anatolie	Anatolie	np	np	_	1	obj	_	_
726e90c4-c0d9-4759-bd0f-4cfa05dcb03f.xml.macaon	332	3	,	,	ponctw	ponctw	_	7	ponct	_	_
726e90c4-c0d9-4759-bd0f-4cfa05dcb03f.xml.macaon	333	4	l'	le	det	det	_	5	det	_	_
726e90c4-c0d9-4759-bd0f-4cfa05dcb03f.xml.macaon	334	5	empire	empire	nc	nc	_	7	suj	_	_
726e90c4-c0d9-4759-bd0f-4cfa05dcb03f.xml.macaon	335	6	hittite	hittite	adj	adj	_	5	mod	_	_
726e90c4-c0d9-4759-bd0f-4cfa05dcb03f.xml.macaon	336	7	disparaît	disparaître	v	v	_	_	_	_	_
726e90c4-c0d9-4759-bd0f-4cfa05dcb03f.xml.macaon	337	8	.	.	poncts	poncts	_	7	ponct	_	_

726e90c4-c0d9-4759-bd0f-4cfa05dcb03f.xml.macaon	338	1	L'	L'	det	det	_	2	det	_	_	B:Attack:FE:Victim:G:352
726e90c4-c0d9-4759-bd0f-4cfa05dcb03f.xml.macaon	339	2	Égypte	Égypte	np	np	_	_	_	_	_	I:Attack:FE:Victim:G:352
726e90c4-c0d9-4759-bd0f-4cfa05dcb03f.xml.macaon	340	3	de	de	prep	prep	_	2	dep	_	_	I:Attack:FE:Victim:G:352
726e90c4-c0d9-4759-bd0f-4cfa05dcb03f.xml.macaon	341	4	la	le	det	det	_	5	det	_	_	I:Attack:FE:Victim:G:352
726e90c4-c0d9-4759-bd0f-4cfa05dcb03f.xml.macaon	342	5	fin	fin	nc	nc	_	3	obj	_	_	I:Attack:FE:Victim:G:352
726e90c4-c0d9-4759-bd0f-4cfa05dcb03f.xml.macaon	343	6	de	de	prep	prep	_	5	dep	_	_	I:Attack:FE:Victim:G:352
726e90c4-c0d9-4759-bd0f-4cfa05dcb03f.xml.macaon	344	7	la	le	det	det	_	8	det	_	_	I:Attack:FE:Victim:G:352
726e90c4-c0d9-4759-bd0f-4cfa05dcb03f.xml.macaon	345	8	XIXe	XIXe	nc	nc	_	6	obj	_	_	I:Attack:FE:Victim:G:352
726e90c4-c0d9-4759-bd0f-4cfa05dcb03f.xml.macaon	346	9	et	et	coo	coo	_	6	coord	_	_	I:Attack:FE:Victim:G:352
726e90c4-c0d9-4759-bd0f-4cfa05dcb03f.xml.macaon	347	10	de	de	prep	prep	_	9	dep_coord	_	_	I:Attack:FE:Victim:G:352
726e90c4-c0d9-4759-bd0f-4cfa05dcb03f.xml.macaon	348	11	la	le	det	det	_	13	det	_	_	I:Attack:FE:Victim:G:352
726e90c4-c0d9-4759-bd0f-4cfa05dcb03f.xml.macaon	349	12	XXe	XXe	adj	adj	_	13	mod	_	_	I:Attack:FE:Victim:G:352
726e90c4-c0d9-4759-bd0f-4cfa05dcb03f.xml.macaon	350	13	dynasties	dynastie	nc	nc	_	10	obj	_	_	I:Attack:FE:Victim:G:352
726e90c4-c0d9-4759-bd0f-4cfa05dcb03f.xml.macaon	351	14	est	être	v	v	_	15	aux_tps	_	_
726e90c4-c0d9-4759-bd0f-4cfa05dcb03f.xml.macaon	352	15	attaquée	attaquer	vppart	vppart	_	13	mod	_	_	B:Attack:TARGET:attaquer:G:352
726e90c4-c0d9-4759-bd0f-4cfa05dcb03f.xml.macaon	353	16	par	par	prep	prep	_	15	mod	_	_
726e90c4-c0d9-4759-bd0f-4cfa05dcb03f.xml.macaon	354	17	les	le	det	det	_	18	det	_	_	B:Attack:FE:Assaillant:G:352
726e90c4-c0d9-4759-bd0f-4cfa05dcb03f.xml.macaon	355	18	peuples	peuple	nc	nc	_	16	obj	_	_	I:Attack:FE:Assaillant:G:352
726e90c4-c0d9-4759-bd0f-4cfa05dcb03f.xml.macaon	356	19	de	de	prep	prep	_	18	dep	_	_	I:Attack:FE:Assaillant:G:352
726e90c4-c0d9-4759-bd0f-4cfa05dcb03f.xml.macaon	357	20	la	le	det	det	_	21	det	_	_	I:Attack:FE:Assaillant:G:352
726e90c4-c0d9-4759-bd0f-4cfa05dcb03f.xml.macaon	358	21	mer	mer	nc	nc	_	19	obj	_	_	I:Attack:FE:Assaillant:G:352
726e90c4-c0d9-4759-bd0f-4cfa05dcb03f.xml.macaon	359	22	.	.	poncts	poncts	_	13	ponct	_	_

726e90c4-c0d9-4759-bd0f-4cfa05dcb03f.xml.macaon	360	1	En	en	prep	prep	_	7	mod	_	_
726e90c4-c0d9-4759-bd0f-4cfa05dcb03f.xml.macaon	361	2	Palestine	Palestine	np	np	_	1	obj	_	_
726e90c4-c0d9-4759-bd0f-4cfa05dcb03f.xml.macaon	362	3	,	,	ponctw	ponctw	_	7	ponct	_	_
726e90c4-c0d9-4759-bd0f-4cfa05dcb03f.xml.macaon	363	4	les	le	det	det	_	6	det	_	_	B:Awareness:FE:Cognizer:G:366
726e90c4-c0d9-4759-bd0f-4cfa05dcb03f.xml.macaon	364	5	citées	citer	adj	adj	_	6	mod	_	_	I:Awareness:FE:Cognizer:G:366
726e90c4-c0d9-4759-bd0f-4cfa05dcb03f.xml.macaon	365	6	cananéennes	cananéen	nc	nc	_	7	suj	_	_	I:Awareness:FE:Cognizer:G:366
726e90c4-c0d9-4759-bd0f-4cfa05dcb03f.xml.macaon	366	7	connaissent	connaître	v	v	_	_	_	_	_	B:Awareness:TARGET:connaître:G:366
726e90c4-c0d9-4759-bd0f-4cfa05dcb03f.xml.macaon	367	8	elles	lui	pro	pro	_	7	__JOKER__	_	_
726e90c4-c0d9-4759-bd0f-4cfa05dcb03f.xml.macaon	368	9	aussi	aussi	adv	adv	_	8	mod	_	_
726e90c4-c0d9-4759-bd0f-4cfa05dcb03f.xml.macaon	369	10	des	un	det	det	_	11	det	_	_	B:Awareness:FE:Content:G:366
726e90c4-c0d9-4759-bd0f-4cfa05dcb03f.xml.macaon	370	11	troubles	trouble	nc	nc	_	7	obj	_	_	I:Awareness:FE:Content:G:366
726e90c4-c0d9-4759-bd0f-4cfa05dcb03f.xml.macaon	371	12	,	,	ponctw	ponctw	_	19	ponct	_	_
726e90c4-c0d9-4759-bd0f-4cfa05dcb03f.xml.macaon	372	13	une	un	det	det	_	14	det	_	_
726e90c4-c0d9-4759-bd0f-4cfa05dcb03f.xml.macaon	373	14	partie	partie	nc	nc	_	19	suj	_	_
726e90c4-c0d9-4759-bd0f-4cfa05dcb03f.xml.macaon	374	15	de	de	prep	prep	_	14	dep	_	_
726e90c4-c0d9-4759-bd0f-4cfa05dcb03f.xml.macaon	375	16	la	le	det	det	_	17	det	_	_
726e90c4-c0d9-4759-bd0f-4cfa05dcb03f.xml.macaon	376	17	population	population	nc	nc	_	15	obj	_	_
726e90c4-c0d9-4759-bd0f-4cfa05dcb03f.xml.macaon	377	18	se	se	clr	clr	_	19	aff	_	_
726e90c4-c0d9-4759-bd0f-4cfa05dcb03f.xml.macaon	378	19	replie	replier	v	v	_	11	mod_rel	_	_
726e90c4-c0d9-4759-bd0f-4cfa05dcb03f.xml.macaon	379	20	sur	sur	prep	prep	_	19	mod	_	_
726e90c4-c0d9-4759-bd0f-4cfa05dcb03f.xml.macaon	380	21	les	le	det	det	_	23	det	_	_
726e90c4-c0d9-4759-bd0f-4cfa05dcb03f.xml.macaon	381	22	Hautes	haut	adj	adj	_	23	mod	_	_
726e90c4-c0d9-4759-bd0f-4cfa05dcb03f.xml.macaon	382	23	Terres	terre	nc	nc	_	20	obj	_	_
726e90c4-c0d9-4759-bd0f-4cfa05dcb03f.xml.macaon	383	24	.	.	poncts	poncts	_	7	ponct	_	_

726e90c4-c0d9-4759-bd0f-4cfa05dcb03f.xml.macaon	384	1	En	en	prep	prep	_	6	mod	_	_
726e90c4-c0d9-4759-bd0f-4cfa05dcb03f.xml.macaon	385	2	Grèce	Grèce	np	np	_	1	obj	_	_
726e90c4-c0d9-4759-bd0f-4cfa05dcb03f.xml.macaon	386	3	même	même	adv	adv	_	6	mod	_	_
726e90c4-c0d9-4759-bd0f-4cfa05dcb03f.xml.macaon	387	4	,	,	ponctw	ponctw	_	6	ponct	_	_
726e90c4-c0d9-4759-bd0f-4cfa05dcb03f.xml.macaon	388	5	il	il	cln	cln	_	6	suj	_	_
726e90c4-c0d9-4759-bd0f-4cfa05dcb03f.xml.macaon	389	6	semble	sembler	v	v	_	_	_	_	_
726e90c4-c0d9-4759-bd0f-4cfa05dcb03f.xml.macaon	390	7	qu'	qu'	csu	csu	_	6	obj	_	_
726e90c4-c0d9-4759-bd0f-4cfa05dcb03f.xml.macaon	391	8	il	il	cln	cln	_	11	suj	_	_
726e90c4-c0d9-4759-bd0f-4cfa05dcb03f.xml.macaon	392	9	y	y	clo	clo	_	11	a_obj	_	_
726e90c4-c0d9-4759-bd0f-4cfa05dcb03f.xml.macaon	393	10	ait	avoir	v	v	_	11	aux_tps	_	_
726e90c4-c0d9-4759-bd0f-4cfa05dcb03f.xml.macaon	394	11	eu	avoir	vppart	vppart	_	7	obj	_	_
726e90c4-c0d9-4759-bd0f-4cfa05dcb03f.xml.macaon	395	12	aussi	aussi	adv	adv	_	11	mod	_	_
726e90c4-c0d9-4759-bd0f-4cfa05dcb03f.xml.macaon	396	13	des	un	det	det	_	14	det	_	_
726e90c4-c0d9-4759-bd0f-4cfa05dcb03f.xml.macaon	397	14	menaces	menace	nc	nc	_	11	obj	_	_
726e90c4-c0d9-4759-bd0f-4cfa05dcb03f.xml.macaon	398	15	sur	sur	prep	prep	_	11	mod	_	_
726e90c4-c0d9-4759-bd0f-4cfa05dcb03f.xml.macaon	399	16	les	le	det	det	_	17	det	_	_
726e90c4-c0d9-4759-bd0f-4cfa05dcb03f.xml.macaon	400	17	régions	région	nc	nc	_	15	obj	_	_
726e90c4-c0d9-4759-bd0f-4cfa05dcb03f.xml.macaon	401	18	côtières	côtier	adj	adj	_	17	mod	_	_
726e90c4-c0d9-4759-bd0f-4cfa05dcb03f.xml.macaon	402	19	,	,	ponctw	ponctw	_	17	ponct	_	_
726e90c4-c0d9-4759-bd0f-4cfa05dcb03f.xml.macaon	403	20	puisque	puisque	csu	csu	_	17	mod	_	_
726e90c4-c0d9-4759-bd0f-4cfa05dcb03f.xml.macaon	404	21	les	le	det	det	_	22	det	_	_	B:Origin:FE:Entity:G:406
726e90c4-c0d9-4759-bd0f-4cfa05dcb03f.xml.macaon	405	22	textes	texte	nc	nc	_	27	suj	_	_	I:Origin:FE:Entity:G:406
726e90c4-c0d9-4759-bd0f-4cfa05dcb03f.xml.macaon	406	23	provenant	provenir	vprespart	vprespart	_	22	__JOKER__	_	_	B:Origin:TARGET:provenir:G:406
726e90c4-c0d9-4759-bd0f-4cfa05dcb03f.xml.macaon	407	24	de	de	prep	prep	_	23	de_obj	_	_
726e90c4-c0d9-4759-bd0f-4cfa05dcb03f.xml.macaon	408	25	Pylos	Pylos	np	np	_	24	obj	_	_	B:Origin:FE:Origin:G:406
726e90c4-c0d9-4759-bd0f-4cfa05dcb03f.xml.macaon	409	26	,	,	ponctw	ponctw	_	22	ponct	_	_
726e90c4-c0d9-4759-bd0f-4cfa05dcb03f.xml.macaon	410	27	écrits	écrire	vppart	vppart	_	20	obj	_	_	B:Statement:TARGET:écrire:G:410
726e90c4-c0d9-4759-bd0f-4cfa05dcb03f.xml.macaon	411	28	en	en	prep	prep	_	27	mod	_	_
726e90c4-c0d9-4759-bd0f-4cfa05dcb03f.xml.macaon	412	29	linéaire	linéaire	nc	nc	_	28	obj	_	_
726e90c4-c0d9-4759-bd0f-4cfa05dcb03f.xml.macaon	413	30	B	B	nc	nc	_	29	mod	_	_
726e90c4-c0d9-4759-bd0f-4cfa05dcb03f.xml.macaon	414	31	,	,	ponctw	ponctw	_	32	ponct	_	_
726e90c4-c0d9-4759-bd0f-4cfa05dcb03f.xml.macaon	415	32	mentionnent	mentionner	v	v	_	20	obj	_	_
726e90c4-c0d9-4759-bd0f-4cfa05dcb03f.xml.macaon	416	33	l'	le	det	det	_	34	det	_	_	B:Statement:FE:Message:G:410
726e90c4-c0d9-4759-bd0f-4cfa05dcb03f.xml.macaon	417	34	envoi	envoi	nc	nc	_	32	obj	_	_	I:Statement:FE:Message:G:410
726e90c4-c0d9-4759-bd0f-4cfa05dcb03f.xml.macaon	418	35	de	de	prep	prep	_	34	dep	_	_	I:Statement:FE:Message:G:410
726e90c4-c0d9-4759-bd0f-4cfa05dcb03f.xml.macaon	419	36	soldats	soldat	nc	nc	_	35	obj	_	_	I:Statement:FE:Message:G:410
726e90c4-c0d9-4759-bd0f-4cfa05dcb03f.xml.macaon	420	37	vers	vers	prep	prep	_	36	dep	_	_	I:Statement:FE:Message:G:410
726e90c4-c0d9-4759-bd0f-4cfa05dcb03f.xml.macaon	421	38	les	le	det	det	_	39	det	_	_	I:Statement:FE:Message:G:410
726e90c4-c0d9-4759-bd0f-4cfa05dcb03f.xml.macaon	422	39	côtes	côte	nc	nc	_	37	obj	_	_	I:Statement:FE:Message:G:410
726e90c4-c0d9-4759-bd0f-4cfa05dcb03f.xml.macaon	423	40	.	.	poncts	poncts	_	6	__JOKER__	_	_

726e90c4-c0d9-4759-bd0f-4cfa05dcb03f.xml.macaon	424	1	Une	une	det	det	_	2	det	_	_
726e90c4-c0d9-4759-bd0f-4cfa05dcb03f.xml.macaon	425	2	partie	partie	nc	nc	_	_	_	_	_
726e90c4-c0d9-4759-bd0f-4cfa05dcb03f.xml.macaon	426	3	de#l'	de#l'	prep	prep	_	2	dep	_	_
726e90c4-c0d9-4759-bd0f-4cfa05dcb03f.xml.macaon	427	4	activité	activité	nc	nc	_	3	obj	_	_
726e90c4-c0d9-4759-bd0f-4cfa05dcb03f.xml.macaon	428	5	des	des	prep	prep	_	4	dep	_	_
726e90c4-c0d9-4759-bd0f-4cfa05dcb03f.xml.macaon	429	6	Grecs	grec	nc	nc	_	5	obj	_	_
726e90c4-c0d9-4759-bd0f-4cfa05dcb03f.xml.macaon	430	7	de#l'	de#l'	prep	prep	_	11	mod	_	_
726e90c4-c0d9-4759-bd0f-4cfa05dcb03f.xml.macaon	431	8	époque	époque	nc	nc	_	7	obj	_	_
726e90c4-c0d9-4759-bd0f-4cfa05dcb03f.xml.macaon	432	9	mycénienne	mycénien	nc	nc	_	8	mod	_	_
726e90c4-c0d9-4759-bd0f-4cfa05dcb03f.xml.macaon	433	10	était	être	v	v	_	11	aux_pass	_	_
726e90c4-c0d9-4759-bd0f-4cfa05dcb03f.xml.macaon	434	11	liée	lier	vppart	vppart	_	4	mod_rel	_	_
726e90c4-c0d9-4759-bd0f-4cfa05dcb03f.xml.macaon	435	12	au	au	prep	prep	_	11	mod	_	_
726e90c4-c0d9-4759-bd0f-4cfa05dcb03f.xml.macaon	436	13	commerce	commerce	nc	nc	_	12	obj	_	_
726e90c4-c0d9-4759-bd0f-4cfa05dcb03f.xml.macaon	437	14	dans	dans	prep	prep	_	11	mod	_	_
726e90c4-c0d9-4759-bd0f-4cfa05dcb03f.xml.macaon	438	15	la	le	det	det	_	16	det	_	_
726e90c4-c0d9-4759-bd0f-4cfa05dcb03f.xml.macaon	439	16	mer	mer	nc	nc	_	14	obj	_	_
726e90c4-c0d9-4759-bd0f-4cfa05dcb03f.xml.macaon	440	17	Égée	Égée	vppart	vppart	_	16	mod	_	_
726e90c4-c0d9-4759-bd0f-4cfa05dcb03f.xml.macaon	441	18	.	.	poncts	poncts	_	17	ponct	_	_

726e90c4-c0d9-4759-bd0f-4cfa05dcb03f.xml.macaon	442	1	Du#fait#de	du#fait#de	prep	prep	_	7	mod	_	_
726e90c4-c0d9-4759-bd0f-4cfa05dcb03f.xml.macaon	443	2	l'	le	det	det	_	3	det	_	_
726e90c4-c0d9-4759-bd0f-4cfa05dcb03f.xml.macaon	444	3	insécurité	insécurité	nc	nc	_	1	obj	_	_
726e90c4-c0d9-4759-bd0f-4cfa05dcb03f.xml.macaon	445	4	et	et	coo	coo	_	1	coord	_	_
726e90c4-c0d9-4759-bd0f-4cfa05dcb03f.xml.macaon	446	5	des	des	prep	prep	_	4	dep_coord	_	_
726e90c4-c0d9-4759-bd0f-4cfa05dcb03f.xml.macaon	447	6	difficultés	difficulté	nc	nc	_	5	obj	_	_
726e90c4-c0d9-4759-bd0f-4cfa05dcb03f.xml.macaon	448	7	rencontrées	rencontrer	vppart	vppart	_	_	_	_	_
726e90c4-c0d9-4759-bd0f-4cfa05dcb03f.xml.macaon	449	8	par	par	prep	prep	_	7	p_obj	_	_
726e90c4-c0d9-4759-bd0f-4cfa05dcb03f.xml.macaon	450	9	les	le	det	det	_	10	det	_	_
726e90c4-c0d9-4759-bd0f-4cfa05dcb03f.xml.macaon	451	10	peuples	peuple	nc	nc	_	8	obj	_	_
726e90c4-c0d9-4759-bd0f-4cfa05dcb03f.xml.macaon	452	11	clients	client	adj	adj	_	10	mod	_	_
726e90c4-c0d9-4759-bd0f-4cfa05dcb03f.xml.macaon	453	12	et	et	coo	coo	_	10	coord	_	_
726e90c4-c0d9-4759-bd0f-4cfa05dcb03f.xml.macaon	454	13	fournisseurs	fournisseur	nc	nc	_	12	dep_coord	_	_
726e90c4-c0d9-4759-bd0f-4cfa05dcb03f.xml.macaon	455	14	,	,	ponctw	ponctw	_	19	ponct	_	_
726e90c4-c0d9-4759-bd0f-4cfa05dcb03f.xml.macaon	456	15	cette	ce	det	det	_	16	det	_	_
726e90c4-c0d9-4759-bd0f-4cfa05dcb03f.xml.macaon	457	16	source	source	nc	nc	_	19	suj	_	_
726e90c4-c0d9-4759-bd0f-4cfa05dcb03f.xml.macaon	458	17	de	de	prep	prep	_	16	dep	_	_
726e90c4-c0d9-4759-bd0f-4cfa05dcb03f.xml.macaon	459	18	revenus	revenu	nc	nc	_	17	obj	_	_
726e90c4-c0d9-4759-bd0f-4cfa05dcb03f.xml.macaon	460	19	diminue	diminuer	v	v	_	12	dep_coord	_	_
726e90c4-c0d9-4759-bd0f-4cfa05dcb03f.xml.macaon	461	20	.	.	poncts	poncts	_	7	ponct	_	_

726e90c4-c0d9-4759-bd0f-4cfa05dcb03f.xml.macaon	462	1	Les	les	det	det	_	2	det	_	_	B:Subjective_influence:FE:Cognizer:G:468
726e90c4-c0d9-4759-bd0f-4cfa05dcb03f.xml.macaon	463	2	récits	récit	nc	nc	_	5	suj	_	_	I:Subjective_influence:FE:Cognizer:G:468
726e90c4-c0d9-4759-bd0f-4cfa05dcb03f.xml.macaon	464	3	mythologiques	mythologique	adj	adj	_	2	mod	_	_	I:Subjective_influence:FE:Cognizer:G:468
726e90c4-c0d9-4759-bd0f-4cfa05dcb03f.xml.macaon	465	4	qui	qui	prorel	prorel	_	5	suj	_	_
726e90c4-c0d9-4759-bd0f-4cfa05dcb03f.xml.macaon	466	5	prennent	prendre	v	v	_	_	_	_	_
726e90c4-c0d9-4759-bd0f-4cfa05dcb03f.xml.macaon	467	6	leur	son	det	det	_	7	det	_	_
726e90c4-c0d9-4759-bd0f-4cfa05dcb03f.xml.macaon	468	7	inspiration	inspiration	nc	nc	_	5	obj	_	_	B:Subjective_influence:TARGET:inspiration:G:468
726e90c4-c0d9-4759-bd0f-4cfa05dcb03f.xml.macaon	469	8	dans	dans	prep	prep	_	5	mod	_	_	B:Subjective_influence:FE:Situation:G:468
726e90c4-c0d9-4759-bd0f-4cfa05dcb03f.xml.macaon	470	9	la	le	det	det	_	10	det	_	_	I:Subjective_influence:FE:Situation:G:468
726e90c4-c0d9-4759-bd0f-4cfa05dcb03f.xml.macaon	471	10	période	période	nc	nc	_	8	obj	_	_	I:Subjective_influence:FE:Situation:G:468
726e90c4-c0d9-4759-bd0f-4cfa05dcb03f.xml.macaon	472	11	mycénienne	mycénien	nc	nc	_	10	mod	_	_	I:Subjective_influence:FE:Situation:G:468
726e90c4-c0d9-4759-bd0f-4cfa05dcb03f.xml.macaon	473	12	,	,	ponctw	ponctw	_	13	ponct	_	_
726e90c4-c0d9-4759-bd0f-4cfa05dcb03f.xml.macaon	474	13	montrent	montrer	v	v	_	10	mod_rel	_	_
726e90c4-c0d9-4759-bd0f-4cfa05dcb03f.xml.macaon	475	14	également	également	adv	adv	_	13	mod	_	_
726e90c4-c0d9-4759-bd0f-4cfa05dcb03f.xml.macaon	476	15	des	un	det	det	_	16	det	_	_
726e90c4-c0d9-4759-bd0f-4cfa05dcb03f.xml.macaon	477	16	luttes	lutte	nc	nc	_	13	obj	_	_
726e90c4-c0d9-4759-bd0f-4cfa05dcb03f.xml.macaon	478	17	pour	pour	prep	prep	_	13	mod	_	_
726e90c4-c0d9-4759-bd0f-4cfa05dcb03f.xml.macaon	479	18	le	le	det	det	_	19	det	_	_
726e90c4-c0d9-4759-bd0f-4cfa05dcb03f.xml.macaon	480	19	pouvoir	pouvoir	nc	nc	_	17	obj	_	_
726e90c4-c0d9-4759-bd0f-4cfa05dcb03f.xml.macaon	481	20	entre	entre	prep	prep	_	19	dep	_	_
726e90c4-c0d9-4759-bd0f-4cfa05dcb03f.xml.macaon	482	21	les	le	det	det	_	23	det	_	_
726e90c4-c0d9-4759-bd0f-4cfa05dcb03f.xml.macaon	483	22	différentes	différent	adj	adj	_	23	mod	_	_
726e90c4-c0d9-4759-bd0f-4cfa05dcb03f.xml.macaon	484	23	factions	faction	nc	nc	_	20	obj	_	_
726e90c4-c0d9-4759-bd0f-4cfa05dcb03f.xml.macaon	485	24	de	de	prep	prep	_	23	dep	_	_
726e90c4-c0d9-4759-bd0f-4cfa05dcb03f.xml.macaon	486	25	la	le	det	det	_	26	det	_	_
726e90c4-c0d9-4759-bd0f-4cfa05dcb03f.xml.macaon	487	26	noblesse	noblesse	nc	nc	_	24	obj	_	_
726e90c4-c0d9-4759-bd0f-4cfa05dcb03f.xml.macaon	488	27	.	.	poncts	poncts	_	5	ponct	_	_

726e90c4-c0d9-4759-bd0f-4cfa05dcb03f.xml.macaon	489	1	Les	les	det	det	_	2	det	_	_
726e90c4-c0d9-4759-bd0f-4cfa05dcb03f.xml.macaon	490	2	luttes	lutte	nc	nc	_	_	_	_	_
726e90c4-c0d9-4759-bd0f-4cfa05dcb03f.xml.macaon	491	3	sanglantes	sanglant	adj	adj	_	2	mod	_	_
726e90c4-c0d9-4759-bd0f-4cfa05dcb03f.xml.macaon	492	4	entre	entre	prep	prep	_	2	dep	_	_
726e90c4-c0d9-4759-bd0f-4cfa05dcb03f.xml.macaon	493	5	Agamemnon	Agamemnon	np	np	_	4	obj	_	_
726e90c4-c0d9-4759-bd0f-4cfa05dcb03f.xml.macaon	494	6	et	et	coo	coo	_	5	coord	_	_
726e90c4-c0d9-4759-bd0f-4cfa05dcb03f.xml.macaon	495	7	Egisthe	Egisthe	np	np	_	6	dep_coord	_	_
726e90c4-c0d9-4759-bd0f-4cfa05dcb03f.xml.macaon	496	8	,	,	ponctw	ponctw	_	7	ponct	_	_
726e90c4-c0d9-4759-bd0f-4cfa05dcb03f.xml.macaon	497	9	entre	entre	prep	prep	_	6	dep_coord	_	_
726e90c4-c0d9-4759-bd0f-4cfa05dcb03f.xml.macaon	498	10	Atrée	Atrée	np	np	_	9	obj	_	_
726e90c4-c0d9-4759-bd0f-4cfa05dcb03f.xml.macaon	499	11	et	et	coo	coo	_	10	coord	_	_
726e90c4-c0d9-4759-bd0f-4cfa05dcb03f.xml.macaon	500	12	Thyeste	Thyeste	np	np	_	11	dep_coord	_	_
726e90c4-c0d9-4759-bd0f-4cfa05dcb03f.xml.macaon	501	13	,	,	ponctw	ponctw	_	12	ponct	_	_
726e90c4-c0d9-4759-bd0f-4cfa05dcb03f.xml.macaon	502	14	héros	héros	nc	nc	_	11	dep_coord	_	_
726e90c4-c0d9-4759-bd0f-4cfa05dcb03f.xml.macaon	503	15	mycéniens	mycénien	nc	nc	_	14	mod	_	_
726e90c4-c0d9-4759-bd0f-4cfa05dcb03f.xml.macaon	504	16	,	,	ponctw	ponctw	_	14	ponct	_	_
726e90c4-c0d9-4759-bd0f-4cfa05dcb03f.xml.macaon	505	17	en	en	clo	clo	_	18	__JOKER__	_	_
726e90c4-c0d9-4759-bd0f-4cfa05dcb03f.xml.macaon	506	18	sont	être	v	v	_	11	dep_coord	_	_
726e90c4-c0d9-4759-bd0f-4cfa05dcb03f.xml.macaon	507	19	le	le	det	det	_	20	det	_	_
726e90c4-c0d9-4759-bd0f-4cfa05dcb03f.xml.macaon	508	20	reflet	reflet	nc	nc	_	18	ats	_	_
726e90c4-c0d9-4759-bd0f-4cfa05dcb03f.xml.macaon	509	21	.	.	poncts	poncts	_	18	ponct	_	_

726e90c4-c0d9-4759-bd0f-4cfa05dcb03f.xml.macaon	510	1	Il	il	cln	cln	_	3	suj	_	_
726e90c4-c0d9-4759-bd0f-4cfa05dcb03f.xml.macaon	511	2	se	se	clr	clr	_	3	aff	_	_
726e90c4-c0d9-4759-bd0f-4cfa05dcb03f.xml.macaon	512	3	peut	pouvoir	v	v	_	_	_	_	_
726e90c4-c0d9-4759-bd0f-4cfa05dcb03f.xml.macaon	513	4	qu'	qu'	advneg	advneg	_	10	mod	_	_
726e90c4-c0d9-4759-bd0f-4cfa05dcb03f.xml.macaon	514	5	une	un	det	det	_	6	det	_	_
726e90c4-c0d9-4759-bd0f-4cfa05dcb03f.xml.macaon	515	6	partie	partie	nc	nc	_	10	suj	_	_
726e90c4-c0d9-4759-bd0f-4cfa05dcb03f.xml.macaon	516	7	des	des	prep	prep	_	6	dep	_	_
726e90c4-c0d9-4759-bd0f-4cfa05dcb03f.xml.macaon	517	8	destructions	destruction	nc	nc	_	7	obj	_	_
726e90c4-c0d9-4759-bd0f-4cfa05dcb03f.xml.macaon	518	9	soient	être	v	v	_	10	aux_pass	_	_
726e90c4-c0d9-4759-bd0f-4cfa05dcb03f.xml.macaon	519	10	liées	lier	vppart	vppart	_	3	__JOKER__	_	_
726e90c4-c0d9-4759-bd0f-4cfa05dcb03f.xml.macaon	520	11	à	à	prep	prep	_	10	a_obj	_	_
726e90c4-c0d9-4759-bd0f-4cfa05dcb03f.xml.macaon	521	12	ces	ce	det	det	_	13	det	_	_
726e90c4-c0d9-4759-bd0f-4cfa05dcb03f.xml.macaon	522	13	évènements	évènements	nc	nc	_	11	obj	_	_
726e90c4-c0d9-4759-bd0f-4cfa05dcb03f.xml.macaon	523	14	politiques	politique	adj	adj	_	13	mod	_	_
726e90c4-c0d9-4759-bd0f-4cfa05dcb03f.xml.macaon	524	15	.	.	poncts	poncts	_	3	ponct	_	_

726e90c4-c0d9-4759-bd0f-4cfa05dcb03f.xml.macaon	525	1	Du#moins	du#moins	adv	adv	_	4	mod	_	_
726e90c4-c0d9-4759-bd0f-4cfa05dcb03f.xml.macaon	526	2	ces	ce	det	det	_	3	det	_	_
726e90c4-c0d9-4759-bd0f-4cfa05dcb03f.xml.macaon	527	3	luttes	lutte	nc	nc	_	4	suj	_	_
726e90c4-c0d9-4759-bd0f-4cfa05dcb03f.xml.macaon	528	4	fragilisent	fragiliser	v	v	_	_	_	_	_
726e90c4-c0d9-4759-bd0f-4cfa05dcb03f.xml.macaon	529	5	le	le	det	det	_	6	det	_	_
726e90c4-c0d9-4759-bd0f-4cfa05dcb03f.xml.macaon	530	6	pouvoir	pouvoir	nc	nc	_	4	obj	_	_
726e90c4-c0d9-4759-bd0f-4cfa05dcb03f.xml.macaon	531	7	royal	royal	adj	adj	_	6	mod	_	_
726e90c4-c0d9-4759-bd0f-4cfa05dcb03f.xml.macaon	532	8	.	.	poncts	poncts	_	4	ponct	_	_

726e90c4-c0d9-4759-bd0f-4cfa05dcb03f.xml.macaon	533	1	Il	il	cln	cln	_	2	suj	_	_
726e90c4-c0d9-4759-bd0f-4cfa05dcb03f.xml.macaon	534	2	semble	sembler	v	v	_	_	_	_	_
726e90c4-c0d9-4759-bd0f-4cfa05dcb03f.xml.macaon	535	3	que	que	csu	csu	_	2	obj	_	_
726e90c4-c0d9-4759-bd0f-4cfa05dcb03f.xml.macaon	536	4	la	le	det	det	_	5	det	_	_
726e90c4-c0d9-4759-bd0f-4cfa05dcb03f.xml.macaon	537	5	population	population	nc	nc	_	7	suj	_	_
726e90c4-c0d9-4759-bd0f-4cfa05dcb03f.xml.macaon	538	6	se	se	clr	clr	_	7	aff	_	_
726e90c4-c0d9-4759-bd0f-4cfa05dcb03f.xml.macaon	539	7	replie	replier	v	v	_	3	obj	_	_
726e90c4-c0d9-4759-bd0f-4cfa05dcb03f.xml.macaon	540	8	sur	sur	prep	prep	_	7	mod	_	_
726e90c4-c0d9-4759-bd0f-4cfa05dcb03f.xml.macaon	541	9	elle-même	lui-même	pro	pro	_	8	obj	_	_
726e90c4-c0d9-4759-bd0f-4cfa05dcb03f.xml.macaon	542	10	,	,	ponctw	ponctw	_	12	ponct	_	_
726e90c4-c0d9-4759-bd0f-4cfa05dcb03f.xml.macaon	543	11	se	se	clr	clr	_	12	aff	_	_
726e90c4-c0d9-4759-bd0f-4cfa05dcb03f.xml.macaon	544	12	détache	détacher	v	v	_	3	obj	_	_
726e90c4-c0d9-4759-bd0f-4cfa05dcb03f.xml.macaon	545	13	des	un	det	det	_	14	det	_	_
726e90c4-c0d9-4759-bd0f-4cfa05dcb03f.xml.macaon	546	14	rois	roi	nc	nc	_	17	suj	_	_
726e90c4-c0d9-4759-bd0f-4cfa05dcb03f.xml.macaon	547	15	et	et	coo	coo	_	14	coord	_	_
726e90c4-c0d9-4759-bd0f-4cfa05dcb03f.xml.macaon	548	16	se	se	clr	clr	_	17	aff	_	_
726e90c4-c0d9-4759-bd0f-4cfa05dcb03f.xml.macaon	549	17	place	placer	v	v	_	3	obj	_	_
726e90c4-c0d9-4759-bd0f-4cfa05dcb03f.xml.macaon	550	18	sous	sous	prep	prep	_	17	mod	_	_
726e90c4-c0d9-4759-bd0f-4cfa05dcb03f.xml.macaon	551	19	l'	le	det	det	_	20	det	_	_
726e90c4-c0d9-4759-bd0f-4cfa05dcb03f.xml.macaon	552	20	autorité	autorité	nc	nc	_	18	obj	_	_
726e90c4-c0d9-4759-bd0f-4cfa05dcb03f.xml.macaon	553	21	de	de	prep	prep	_	20	dep	_	_
726e90c4-c0d9-4759-bd0f-4cfa05dcb03f.xml.macaon	554	22	chefs	chef	nc	nc	_	21	obj	_	_
726e90c4-c0d9-4759-bd0f-4cfa05dcb03f.xml.macaon	555	23	locaux	local	adj	adj	_	22	mod	_	_
726e90c4-c0d9-4759-bd0f-4cfa05dcb03f.xml.macaon	556	24	.	.	poncts	poncts	_	2	ponct	_	_

726e90c4-c0d9-4759-bd0f-4cfa05dcb03f.xml.macaon	557	1	Il	il	cln	cln	_	2	suj	_	_
726e90c4-c0d9-4759-bd0f-4cfa05dcb03f.xml.macaon	558	2	est	être	v	v	_	_	_	_	_
726e90c4-c0d9-4759-bd0f-4cfa05dcb03f.xml.macaon	559	3	possible	possible	adj	adj	_	2	ats	_	_
726e90c4-c0d9-4759-bd0f-4cfa05dcb03f.xml.macaon	560	4	également	également	adv	adv	_	2	mod	_	_
726e90c4-c0d9-4759-bd0f-4cfa05dcb03f.xml.macaon	561	5	que	que	csu	csu	_	2	obj	_	_
726e90c4-c0d9-4759-bd0f-4cfa05dcb03f.xml.macaon	562	6	les	le	det	det	_	7	det	_	_
726e90c4-c0d9-4759-bd0f-4cfa05dcb03f.xml.macaon	563	7	éléments	élément	nc	nc	_	5	obj	_	_
726e90c4-c0d9-4759-bd0f-4cfa05dcb03f.xml.macaon	564	8	les	le	det	det	_	10	det	_	_
726e90c4-c0d9-4759-bd0f-4cfa05dcb03f.xml.macaon	565	9	plus	plus	adv	adv	_	10	mod	_	_
726e90c4-c0d9-4759-bd0f-4cfa05dcb03f.xml.macaon	566	10	pauvres	pauvre	adj	adj	_	7	mod	_	_
726e90c4-c0d9-4759-bd0f-4cfa05dcb03f.xml.macaon	567	11	et	et	coo	coo	_	7	coord	_	_
726e90c4-c0d9-4759-bd0f-4cfa05dcb03f.xml.macaon	568	12	les	le	det	det	_	14	det	_	_
726e90c4-c0d9-4759-bd0f-4cfa05dcb03f.xml.macaon	569	13	plus	plus	adv	adv	_	14	mod	_	_
726e90c4-c0d9-4759-bd0f-4cfa05dcb03f.xml.macaon	570	14	maltraités	maltraiter	adj	adj	_	11	dep_coord	_	_
726e90c4-c0d9-4759-bd0f-4cfa05dcb03f.xml.macaon	571	15	de	de	prep	prep	_	14	dep	_	_
726e90c4-c0d9-4759-bd0f-4cfa05dcb03f.xml.macaon	572	16	la	le	det	det	_	17	det	_	_
726e90c4-c0d9-4759-bd0f-4cfa05dcb03f.xml.macaon	573	17	société	société	nc	nc	_	15	obj	_	_
726e90c4-c0d9-4759-bd0f-4cfa05dcb03f.xml.macaon	574	18	,	,	ponctw	ponctw	_	20	ponct	_	_
726e90c4-c0d9-4759-bd0f-4cfa05dcb03f.xml.macaon	575	19	se	se	clr	clr	_	20	aff	_	_
726e90c4-c0d9-4759-bd0f-4cfa05dcb03f.xml.macaon	576	20	révoltent	révolter	v	v	_	5	obj	_	_
726e90c4-c0d9-4759-bd0f-4cfa05dcb03f.xml.macaon	577	21	.	.	poncts	poncts	_	2	ponct	_	_

726e90c4-c0d9-4759-bd0f-4cfa05dcb03f.xml.macaon	578	1	Les	les	det	det	_	2	det	_	_
726e90c4-c0d9-4759-bd0f-4cfa05dcb03f.xml.macaon	579	2	royaumes	royaume	nc	nc	_	_	_	_	_
726e90c4-c0d9-4759-bd0f-4cfa05dcb03f.xml.macaon	580	3	mycéniens	mycénien	nc	nc	_	2	mod	_	_
726e90c4-c0d9-4759-bd0f-4cfa05dcb03f.xml.macaon	581	4	,	,	ponctw	ponctw	_	2	ponct	_	_
726e90c4-c0d9-4759-bd0f-4cfa05dcb03f.xml.macaon	582	5	où	où	prorel	prorel	_	11	__JOKER__	_	_
726e90c4-c0d9-4759-bd0f-4cfa05dcb03f.xml.macaon	583	6	l'	le	det	det	_	7	det	_	_
726e90c4-c0d9-4759-bd0f-4cfa05dcb03f.xml.macaon	584	7	économie	économie	nc	nc	_	11	suj	_	_
726e90c4-c0d9-4759-bd0f-4cfa05dcb03f.xml.macaon	585	8	et	et	coo	coo	_	7	coord	_	_
726e90c4-c0d9-4759-bd0f-4cfa05dcb03f.xml.macaon	586	9	la	le	det	det	_	10	det	_	_
726e90c4-c0d9-4759-bd0f-4cfa05dcb03f.xml.macaon	587	10	société	société	nc	nc	_	8	dep_coord	_	_
726e90c4-c0d9-4759-bd0f-4cfa05dcb03f.xml.macaon	588	11	étaient	étayer	v	v	_	12	aux_tps	_	_
726e90c4-c0d9-4759-bd0f-4cfa05dcb03f.xml.macaon	589	12	centrées	centrer	vppart	vppart	_	2	mod_rel	_	_
726e90c4-c0d9-4759-bd0f-4cfa05dcb03f.xml.macaon	590	13	sur	sur	prep	prep	_	12	mod	_	_
726e90c4-c0d9-4759-bd0f-4cfa05dcb03f.xml.macaon	591	14	le	le	det	det	_	15	det	_	_
726e90c4-c0d9-4759-bd0f-4cfa05dcb03f.xml.macaon	592	15	palais	palais	nc	nc	_	13	obj	_	_
726e90c4-c0d9-4759-bd0f-4cfa05dcb03f.xml.macaon	593	16	,	,	ponctw	ponctw	_	12	ponct	_	_
726e90c4-c0d9-4759-bd0f-4cfa05dcb03f.xml.macaon	594	17	avec	avec	prep	prep	_	12	mod	_	_
726e90c4-c0d9-4759-bd0f-4cfa05dcb03f.xml.macaon	595	18	une	un	det	det	_	19	det	_	_
726e90c4-c0d9-4759-bd0f-4cfa05dcb03f.xml.macaon	596	19	bureaucratie	bureaucratie	nc	nc	_	17	obj	_	_
726e90c4-c0d9-4759-bd0f-4cfa05dcb03f.xml.macaon	597	20	efficace	efficace	adj	adj	_	19	mod	_	_
726e90c4-c0d9-4759-bd0f-4cfa05dcb03f.xml.macaon	598	21	,	,	ponctw	ponctw	_	22	ponct	_	_
726e90c4-c0d9-4759-bd0f-4cfa05dcb03f.xml.macaon	599	22	ont	avoir	v	v	_	19	mod_rel	_	_
726e90c4-c0d9-4759-bd0f-4cfa05dcb03f.xml.macaon	600	23	du	du	prep	prep	_	22	obj	_	_
726e90c4-c0d9-4759-bd0f-4cfa05dcb03f.xml.macaon	601	24	mal	mal	nc	nc	_	23	obj	_	_
726e90c4-c0d9-4759-bd0f-4cfa05dcb03f.xml.macaon	602	25	à	à	prep	prep	_	22	obj	_	_
726e90c4-c0d9-4759-bd0f-4cfa05dcb03f.xml.macaon	603	26	faire	faire	vinf	vinf	_	25	obj	_	_
726e90c4-c0d9-4759-bd0f-4cfa05dcb03f.xml.macaon	604	27	face#à	face#à	prep	prep	_	26	mod	_	_
726e90c4-c0d9-4759-bd0f-4cfa05dcb03f.xml.macaon	605	28	ces	ce	det	det	_	29	det	_	_
726e90c4-c0d9-4759-bd0f-4cfa05dcb03f.xml.macaon	606	29	changements	changement	nc	nc	_	27	obj	_	_
726e90c4-c0d9-4759-bd0f-4cfa05dcb03f.xml.macaon	607	30	et	et	coo	coo	_	25	coord	_	_
726e90c4-c0d9-4759-bd0f-4cfa05dcb03f.xml.macaon	608	31	progressivement	progressivement	adv	adv	_	32	mod	_	_
726e90c4-c0d9-4759-bd0f-4cfa05dcb03f.xml.macaon	609	32	disparaissent	disparaître	v	v	_	30	dep_coord	_	_
726e90c4-c0d9-4759-bd0f-4cfa05dcb03f.xml.macaon	610	33	pour	pour	prep	prep	_	32	mod	_	_
726e90c4-c0d9-4759-bd0f-4cfa05dcb03f.xml.macaon	611	34	laisser	laisser	vinf	vinf	_	33	obj	_	_
726e90c4-c0d9-4759-bd0f-4cfa05dcb03f.xml.macaon	612	35	la	le	det	det	_	36	det	_	_
726e90c4-c0d9-4759-bd0f-4cfa05dcb03f.xml.macaon	613	36	place	place	nc	nc	_	34	obj	_	_
726e90c4-c0d9-4759-bd0f-4cfa05dcb03f.xml.macaon	614	37	à	à	prep	prep	_	34	a_obj	_	_
726e90c4-c0d9-4759-bd0f-4cfa05dcb03f.xml.macaon	615	38	une	un	det	det	_	40	det	_	_
726e90c4-c0d9-4759-bd0f-4cfa05dcb03f.xml.macaon	616	39	nouvelle	nouveau	adj	adj	_	40	mod	_	_
726e90c4-c0d9-4759-bd0f-4cfa05dcb03f.xml.macaon	617	40	organisation	organisation	nc	nc	_	37	obj	_	_
726e90c4-c0d9-4759-bd0f-4cfa05dcb03f.xml.macaon	618	41	politique	politique	adj	adj	_	40	mod	_	_
726e90c4-c0d9-4759-bd0f-4cfa05dcb03f.xml.macaon	619	42	et	et	coo	coo	_	41	coord	_	_
726e90c4-c0d9-4759-bd0f-4cfa05dcb03f.xml.macaon	620	43	sociale	social	adj	adj	_	42	dep_coord	_	_
726e90c4-c0d9-4759-bd0f-4cfa05dcb03f.xml.macaon	621	44	.	.	poncts	poncts	_	22	ponct	_	_
