75174b5a-e212-4c0f-98bd-2cb91388295c.xml.macaon	0	1	vikidia	vikidia	nc	nc	_	_	_	_	_

75174b5a-e212-4c0f-98bd-2cb91388295c.xml.macaon	1	1	75174b5a	75174b5a	adj	adj	_	3	mod	_	_
75174b5a-e212-4c0f-98bd-2cb91388295c.xml.macaon	2	2	-	-	ponctw	ponctw	_	1	ponct	_	_
75174b5a-e212-4c0f-98bd-2cb91388295c.xml.macaon	3	3	e212	e212	nc	nc	_	_	_	_	_
75174b5a-e212-4c0f-98bd-2cb91388295c.xml.macaon	4	4	-	-	ponctw	ponctw	_	3	ponct	_	_
75174b5a-e212-4c0f-98bd-2cb91388295c.xml.macaon	5	5	4c0f	4c0f	nc	nc	_	3	mod	_	_
75174b5a-e212-4c0f-98bd-2cb91388295c.xml.macaon	6	6	-	-	ponctw	ponctw	_	5	ponct	_	_
75174b5a-e212-4c0f-98bd-2cb91388295c.xml.macaon	7	7	98bd	98bd	adj	adj	_	5	mod	_	_
75174b5a-e212-4c0f-98bd-2cb91388295c.xml.macaon	8	8	-	-	ponctw	ponctw	_	5	ponct	_	_
75174b5a-e212-4c0f-98bd-2cb91388295c.xml.macaon	9	9	2cb91388295c	2cb91388295c	nc	nc	_	5	mod	_	_

75174b5a-e212-4c0f-98bd-2cb91388295c.xml.macaon	10	1	ADDED	ADDED	nc	nc	_	_	_	_	_

75174b5a-e212-4c0f-98bd-2cb91388295c.xml.macaon	11	1	2016	2016	adj	adj	_	3	mod	_	_
75174b5a-e212-4c0f-98bd-2cb91388295c.xml.macaon	12	2	-	-	ponctw	ponctw	_	1	ponct	_	_
75174b5a-e212-4c0f-98bd-2cb91388295c.xml.macaon	13	3	06	06	nc	nc	_	_	_	_	_
75174b5a-e212-4c0f-98bd-2cb91388295c.xml.macaon	14	4	-	-	ponctw	ponctw	_	3	ponct	_	_
75174b5a-e212-4c0f-98bd-2cb91388295c.xml.macaon	15	5	15T14	15T14	nc	nc	_	3	mod	_	_
75174b5a-e212-4c0f-98bd-2cb91388295c.xml.macaon	16	6	:	:	ponctw	ponctw	_	5	ponct	_	_
75174b5a-e212-4c0f-98bd-2cb91388295c.xml.macaon	17	7	53	53	nc	nc	_	5	mod	_	_
75174b5a-e212-4c0f-98bd-2cb91388295c.xml.macaon	18	8	:	:	ponctw	ponctw	_	7	ponct	_	_
75174b5a-e212-4c0f-98bd-2cb91388295c.xml.macaon	19	9	26Z	26Z	nc	nc	_	7	mod	_	_

75174b5a-e212-4c0f-98bd-2cb91388295c.xml.macaon	20	1	Saut	saut	nc	nc	_	_	_	_	_
75174b5a-e212-4c0f-98bd-2cb91388295c.xml.macaon	21	2	en	en	prep	prep	_	1	dep	_	_
75174b5a-e212-4c0f-98bd-2cb91388295c.xml.macaon	22	3	longueur	longueur	nc	nc	_	2	obj	_	_
75174b5a-e212-4c0f-98bd-2cb91388295c.xml.macaon	23	4	dans	dans	prep	prep	_	3	dep	_	_
75174b5a-e212-4c0f-98bd-2cb91388295c.xml.macaon	24	5	l'	le	det	det	_	6	det	_	_
75174b5a-e212-4c0f-98bd-2cb91388295c.xml.macaon	25	6	Antiquité	antiquité	nc	nc	_	4	obj	_	_

75174b5a-e212-4c0f-98bd-2cb91388295c.xml.macaon	26	1	Dans	dans	prep	prep	_	_	_	_	_
75174b5a-e212-4c0f-98bd-2cb91388295c.xml.macaon	27	2	l'	le	det	det	_	3	det	_	_
75174b5a-e212-4c0f-98bd-2cb91388295c.xml.macaon	28	3	Antiquité	antiquité	nc	nc	_	1	obj	_	_
75174b5a-e212-4c0f-98bd-2cb91388295c.xml.macaon	29	4	,	,	ponctw	ponctw	_	6	ponct	_	_
75174b5a-e212-4c0f-98bd-2cb91388295c.xml.macaon	30	5	les	le	det	det	_	6	det	_	_
75174b5a-e212-4c0f-98bd-2cb91388295c.xml.macaon	31	6	Grecs	Grecs	np	np	_	3	mod	_	_
75174b5a-e212-4c0f-98bd-2cb91388295c.xml.macaon	32	7	et	et	coo	coo	_	6	coord	_	_
75174b5a-e212-4c0f-98bd-2cb91388295c.xml.macaon	33	8	les	le	det	det	_	9	det	_	_
75174b5a-e212-4c0f-98bd-2cb91388295c.xml.macaon	34	9	Romains	romain	nc	nc	_	7	dep_coord	_	_
75174b5a-e212-4c0f-98bd-2cb91388295c.xml.macaon	35	10	pratiquaient	pratiquer	v	v	_	7	dep_coord	_	_
75174b5a-e212-4c0f-98bd-2cb91388295c.xml.macaon	36	11	l'	le	det	det	_	12	det	_	_
75174b5a-e212-4c0f-98bd-2cb91388295c.xml.macaon	37	12	épreuve	épreuve	nc	nc	_	10	obj	_	_
75174b5a-e212-4c0f-98bd-2cb91388295c.xml.macaon	38	13	sportive	sportif	adj	adj	_	12	mod	_	_
75174b5a-e212-4c0f-98bd-2cb91388295c.xml.macaon	39	14	du	du	prep	prep	_	10	mod	_	_
75174b5a-e212-4c0f-98bd-2cb91388295c.xml.macaon	40	15	saut	saut	nc	nc	_	14	obj	_	_
75174b5a-e212-4c0f-98bd-2cb91388295c.xml.macaon	41	16	en	en	prep	prep	_	15	dep	_	_
75174b5a-e212-4c0f-98bd-2cb91388295c.xml.macaon	42	17	longueur	longueur	nc	nc	_	16	obj	_	_
75174b5a-e212-4c0f-98bd-2cb91388295c.xml.macaon	43	18	.	.	poncts	poncts	_	10	ponct	_	_

75174b5a-e212-4c0f-98bd-2cb91388295c.xml.macaon	44	1	Le	le	det	det	_	2	det	_	_
75174b5a-e212-4c0f-98bd-2cb91388295c.xml.macaon	45	2	saut	saut	nc	nc	_	5	suj	_	_
75174b5a-e212-4c0f-98bd-2cb91388295c.xml.macaon	46	3	en	en	prep	prep	_	2	dep	_	_
75174b5a-e212-4c0f-98bd-2cb91388295c.xml.macaon	47	4	longueur	longueur	nc	nc	_	3	obj	_	_
75174b5a-e212-4c0f-98bd-2cb91388295c.xml.macaon	48	5	est	être	v	v	_	_	_	_	_
75174b5a-e212-4c0f-98bd-2cb91388295c.xml.macaon	49	6	la	le	det	det	_	8	det	_	_
75174b5a-e212-4c0f-98bd-2cb91388295c.xml.macaon	50	7	seconde	seconde	adj	adj	_	8	mod	_	_
75174b5a-e212-4c0f-98bd-2cb91388295c.xml.macaon	51	8	épreuve	épreuve	nc	nc	_	5	obj	_	_
75174b5a-e212-4c0f-98bd-2cb91388295c.xml.macaon	52	9	du	du	prep	prep	_	8	dep	_	_
75174b5a-e212-4c0f-98bd-2cb91388295c.xml.macaon	53	10	penthatlon	penthatlon	nc	nc	_	9	obj	_	_
75174b5a-e212-4c0f-98bd-2cb91388295c.xml.macaon	54	11	des	des	prep	prep	_	10	dep	_	_
75174b5a-e212-4c0f-98bd-2cb91388295c.xml.macaon	55	12	jeux	jeu	nc	nc	_	11	obj	_	_
75174b5a-e212-4c0f-98bd-2cb91388295c.xml.macaon	56	13	olympiques	olympique	adj	adj	_	12	mod	_	_
75174b5a-e212-4c0f-98bd-2cb91388295c.xml.macaon	57	14	antiques	antique	adj	adj	_	12	mod	_	_
75174b5a-e212-4c0f-98bd-2cb91388295c.xml.macaon	58	15	.	.	poncts	poncts	_	5	ponct	_	_

75174b5a-e212-4c0f-98bd-2cb91388295c.xml.macaon	59	1	Antiquité	antiquité	nc	nc	_	_	_	_	_

75174b5a-e212-4c0f-98bd-2cb91388295c.xml.macaon	60	1	Saut	saut	nc	nc	_	_	_	_	_
75174b5a-e212-4c0f-98bd-2cb91388295c.xml.macaon	61	2	en	en	prep	prep	_	1	dep	_	_
75174b5a-e212-4c0f-98bd-2cb91388295c.xml.macaon	62	3	longueur	longueur	nc	nc	_	2	obj	_	_
75174b5a-e212-4c0f-98bd-2cb91388295c.xml.macaon	63	4	dans	dans	prep	prep	_	3	dep	_	_
75174b5a-e212-4c0f-98bd-2cb91388295c.xml.macaon	64	5	l'	le	det	det	_	6	det	_	_
75174b5a-e212-4c0f-98bd-2cb91388295c.xml.macaon	65	6	Antiquité	antiquité	nc	nc	_	4	obj	_	_

75174b5a-e212-4c0f-98bd-2cb91388295c.xml.macaon	66	1	Dans	dans	prep	prep	_	_	_	_	_
75174b5a-e212-4c0f-98bd-2cb91388295c.xml.macaon	67	2	l'	le	det	det	_	3	det	_	_
75174b5a-e212-4c0f-98bd-2cb91388295c.xml.macaon	68	3	Antiquité	antiquité	nc	nc	_	1	obj	_	_
75174b5a-e212-4c0f-98bd-2cb91388295c.xml.macaon	69	4	,	,	ponctw	ponctw	_	6	ponct	_	_
75174b5a-e212-4c0f-98bd-2cb91388295c.xml.macaon	70	5	les	le	det	det	_	6	det	_	_
75174b5a-e212-4c0f-98bd-2cb91388295c.xml.macaon	71	6	Grecs	Grecs	np	np	_	3	mod	_	_
75174b5a-e212-4c0f-98bd-2cb91388295c.xml.macaon	72	7	et	et	coo	coo	_	6	coord	_	_
75174b5a-e212-4c0f-98bd-2cb91388295c.xml.macaon	73	8	les	le	det	det	_	9	det	_	_
75174b5a-e212-4c0f-98bd-2cb91388295c.xml.macaon	74	9	Romains	romain	nc	nc	_	7	dep_coord	_	_
75174b5a-e212-4c0f-98bd-2cb91388295c.xml.macaon	75	10	pratiquaient	pratiquer	v	v	_	7	dep_coord	_	_
75174b5a-e212-4c0f-98bd-2cb91388295c.xml.macaon	76	11	l'	le	det	det	_	12	det	_	_
75174b5a-e212-4c0f-98bd-2cb91388295c.xml.macaon	77	12	épreuve	épreuve	nc	nc	_	10	obj	_	_
75174b5a-e212-4c0f-98bd-2cb91388295c.xml.macaon	78	13	sportive	sportif	adj	adj	_	12	mod	_	_
75174b5a-e212-4c0f-98bd-2cb91388295c.xml.macaon	79	14	du	du	prep	prep	_	10	mod	_	_
75174b5a-e212-4c0f-98bd-2cb91388295c.xml.macaon	80	15	saut	saut	nc	nc	_	14	obj	_	_
75174b5a-e212-4c0f-98bd-2cb91388295c.xml.macaon	81	16	en	en	prep	prep	_	15	dep	_	_
75174b5a-e212-4c0f-98bd-2cb91388295c.xml.macaon	82	17	longueur	longueur	nc	nc	_	16	obj	_	_
75174b5a-e212-4c0f-98bd-2cb91388295c.xml.macaon	83	18	.	.	poncts	poncts	_	10	ponct	_	_

75174b5a-e212-4c0f-98bd-2cb91388295c.xml.macaon	84	1	Le	le	det	det	_	2	det	_	_
75174b5a-e212-4c0f-98bd-2cb91388295c.xml.macaon	85	2	saut	saut	nc	nc	_	5	suj	_	_
75174b5a-e212-4c0f-98bd-2cb91388295c.xml.macaon	86	3	en	en	prep	prep	_	2	dep	_	_
75174b5a-e212-4c0f-98bd-2cb91388295c.xml.macaon	87	4	longueur	longueur	nc	nc	_	3	obj	_	_
75174b5a-e212-4c0f-98bd-2cb91388295c.xml.macaon	88	5	est	être	v	v	_	_	_	_	_
75174b5a-e212-4c0f-98bd-2cb91388295c.xml.macaon	89	6	la	le	det	det	_	8	det	_	_
75174b5a-e212-4c0f-98bd-2cb91388295c.xml.macaon	90	7	seconde	seconde	adj	adj	_	8	mod	_	_
75174b5a-e212-4c0f-98bd-2cb91388295c.xml.macaon	91	8	épreuve	épreuve	nc	nc	_	5	obj	_	_
75174b5a-e212-4c0f-98bd-2cb91388295c.xml.macaon	92	9	du	du	prep	prep	_	8	dep	_	_
75174b5a-e212-4c0f-98bd-2cb91388295c.xml.macaon	93	10	penthatlon	penthatlon	nc	nc	_	9	obj	_	_
75174b5a-e212-4c0f-98bd-2cb91388295c.xml.macaon	94	11	des	des	prep	prep	_	10	dep	_	_
75174b5a-e212-4c0f-98bd-2cb91388295c.xml.macaon	95	12	jeux	jeu	nc	nc	_	11	obj	_	_
75174b5a-e212-4c0f-98bd-2cb91388295c.xml.macaon	96	13	olympiques	olympique	adj	adj	_	12	mod	_	_
75174b5a-e212-4c0f-98bd-2cb91388295c.xml.macaon	97	14	antiques	antique	adj	adj	_	12	mod	_	_
75174b5a-e212-4c0f-98bd-2cb91388295c.xml.macaon	98	15	.	.	poncts	poncts	_	5	ponct	_	_

75174b5a-e212-4c0f-98bd-2cb91388295c.xml.macaon	99	1	Techniques	technique	adj	adj	_	_	_	_	_
75174b5a-e212-4c0f-98bd-2cb91388295c.xml.macaon	100	2	de	de	prep	prep	_	1	dep	_	_
75174b5a-e212-4c0f-98bd-2cb91388295c.xml.macaon	101	3	saut	saut	nc	nc	_	2	obj	_	_

75174b5a-e212-4c0f-98bd-2cb91388295c.xml.macaon	102	1	On	on	cln	cln	_	2	suj	_	_
75174b5a-e212-4c0f-98bd-2cb91388295c.xml.macaon	103	2	pense	penser	v	v	_	_	_	_	_
75174b5a-e212-4c0f-98bd-2cb91388295c.xml.macaon	104	3	que	que	csu	csu	_	2	obj	_	_
75174b5a-e212-4c0f-98bd-2cb91388295c.xml.macaon	105	4	le	le	det	det	_	5	det	_	_
75174b5a-e212-4c0f-98bd-2cb91388295c.xml.macaon	106	5	saut	saut	nc	nc	_	3	obj	_	_
75174b5a-e212-4c0f-98bd-2cb91388295c.xml.macaon	107	6	en	en	prep	prep	_	3	obj	_	_
75174b5a-e212-4c0f-98bd-2cb91388295c.xml.macaon	108	7	longueur	longueur	nc	nc	_	6	obj	_	_
75174b5a-e212-4c0f-98bd-2cb91388295c.xml.macaon	109	8	était	être	v	v	_	3	obj	_	_
75174b5a-e212-4c0f-98bd-2cb91388295c.xml.macaon	110	9	une	un	det	det	_	10	det	_	_
75174b5a-e212-4c0f-98bd-2cb91388295c.xml.macaon	111	10	suite	suite	nc	nc	_	8	obj	_	_
75174b5a-e212-4c0f-98bd-2cb91388295c.xml.macaon	112	11	de	de	prep	prep	_	10	dep	_	_
75174b5a-e212-4c0f-98bd-2cb91388295c.xml.macaon	113	12	cinq	cinq	det	det	_	13	det	_	_
75174b5a-e212-4c0f-98bd-2cb91388295c.xml.macaon	114	13	sauts	saut	nc	nc	_	11	obj	_	_
75174b5a-e212-4c0f-98bd-2cb91388295c.xml.macaon	115	14	sans	sans	prep	prep	_	13	dep	_	_
75174b5a-e212-4c0f-98bd-2cb91388295c.xml.macaon	116	15	élan	élan	nc	nc	_	14	obj	_	_
75174b5a-e212-4c0f-98bd-2cb91388295c.xml.macaon	117	16	.	.	poncts	poncts	_	2	ponct	_	_

75174b5a-e212-4c0f-98bd-2cb91388295c.xml.macaon	118	1	L'	L'	det	det	_	2	det	_	_	B:Activity_start:FE:Agent:G:120
75174b5a-e212-4c0f-98bd-2cb91388295c.xml.macaon	119	2	athlète	athlète	nc	nc	_	3	suj	_	_	I:Activity_start:FE:Agent:G:120
75174b5a-e212-4c0f-98bd-2cb91388295c.xml.macaon	120	3	commence	commencer	v	v	_	_	_	_	_	B:Activity_start:TARGET:commencer:G:120
75174b5a-e212-4c0f-98bd-2cb91388295c.xml.macaon	121	4	le	le	det	det	_	5	det	_	_	B:Activity_start:FE:Activity:G:120
75174b5a-e212-4c0f-98bd-2cb91388295c.xml.macaon	122	5	saut	saut	nc	nc	_	3	obj	_	_	I:Activity_start:FE:Activity:G:120
75174b5a-e212-4c0f-98bd-2cb91388295c.xml.macaon	123	6	à#partir#d'	à#partir#de	prep	prep	_	3	mod	_	_	B:Activity_start:FE:Means:G:120
75174b5a-e212-4c0f-98bd-2cb91388295c.xml.macaon	124	7	un	un	det	det	_	8	det	_	_	I:Activity_start:FE:Means:G:120
75174b5a-e212-4c0f-98bd-2cb91388295c.xml.macaon	125	8	sol	sol	nc	nc	_	6	obj	_	_	I:Activity_start:FE:Means:G:120
75174b5a-e212-4c0f-98bd-2cb91388295c.xml.macaon	126	9	dur	dur	adj	adj	_	8	mod	_	_	I:Activity_start:FE:Means:G:120
75174b5a-e212-4c0f-98bd-2cb91388295c.xml.macaon	127	10	et	et	coo	coo	_	8	coord	_	_
75174b5a-e212-4c0f-98bd-2cb91388295c.xml.macaon	128	11	retombe	retomber	v	v	_	10	dep_coord	_	_
75174b5a-e212-4c0f-98bd-2cb91388295c.xml.macaon	129	12	sur	sur	prep	prep	_	11	mod	_	_
75174b5a-e212-4c0f-98bd-2cb91388295c.xml.macaon	130	13	un	un	det	det	_	14	det	_	_
75174b5a-e212-4c0f-98bd-2cb91388295c.xml.macaon	131	14	sol	sol	nc	nc	_	12	obj	_	_
75174b5a-e212-4c0f-98bd-2cb91388295c.xml.macaon	132	15	qui	qui	prorel	prorel	_	17	suj	_	_
75174b5a-e212-4c0f-98bd-2cb91388295c.xml.macaon	133	16	a	avoir	v	v	_	17	aux_tps	_	_
75174b5a-e212-4c0f-98bd-2cb91388295c.xml.macaon	134	17	été	être	vppart	vppart	_	18	aux_pass	_	_
75174b5a-e212-4c0f-98bd-2cb91388295c.xml.macaon	135	18	ameubli	ameublir	vppart	vppart	_	14	mod	_	_
75174b5a-e212-4c0f-98bd-2cb91388295c.xml.macaon	136	19	.	.	poncts	poncts	_	3	ponct	_	_

75174b5a-e212-4c0f-98bd-2cb91388295c.xml.macaon	137	1	Afin#d'	afin#de	prep	prep	_	_	_	_	_	B:Assistance:FE:Goal:G:147
75174b5a-e212-4c0f-98bd-2cb91388295c.xml.macaon	138	2	augmenter	augmenter	vinf	vinf	_	1	obj	_	_	I:Assistance:FE:Goal:G:147
75174b5a-e212-4c0f-98bd-2cb91388295c.xml.macaon	139	3	la	le	det	det	_	4	det	_	_	I:Assistance:FE:Goal:G:147
75174b5a-e212-4c0f-98bd-2cb91388295c.xml.macaon	140	4	longueur	longueur	nc	nc	_	2	obj	_	_	I:Assistance:FE:Goal:G:147
75174b5a-e212-4c0f-98bd-2cb91388295c.xml.macaon	141	5	du	du	prep	prep	_	4	dep	_	_	I:Assistance:FE:Goal:G:147
75174b5a-e212-4c0f-98bd-2cb91388295c.xml.macaon	142	6	saut	saut	nc	nc	_	5	obj	_	_	I:Assistance:FE:Goal:G:147
75174b5a-e212-4c0f-98bd-2cb91388295c.xml.macaon	143	7	,	,	ponctw	ponctw	_	4	ponct	_	_
75174b5a-e212-4c0f-98bd-2cb91388295c.xml.macaon	144	8	l'	le	det	det	_	9	det	_	_
75174b5a-e212-4c0f-98bd-2cb91388295c.xml.macaon	145	9	athlète	athlète	nc	nc	_	2	obj	_	_	B:Assistance:FE:Benefited_party:G:147
75174b5a-e212-4c0f-98bd-2cb91388295c.xml.macaon	146	10	s'	s'	prep	prep	_	9	dep	_	_	B:Assistance:FE:Benefited_party:G:147
75174b5a-e212-4c0f-98bd-2cb91388295c.xml.macaon	147	11	aide	aide	nc	nc	_	10	obj	_	_	B:Assistance:TARGET:aide:G:147
75174b5a-e212-4c0f-98bd-2cb91388295c.xml.macaon	148	12	avec	avec	prep	prep	_	2	mod	_	_	B:Assistance:FE:Instrument:G:147
75174b5a-e212-4c0f-98bd-2cb91388295c.xml.macaon	149	13	des	un	det	det	_	14	det	_	_	I:Assistance:FE:Instrument:G:147
75174b5a-e212-4c0f-98bd-2cb91388295c.xml.macaon	150	14	haltères	haltère	nc	nc	_	12	obj	_	_	I:Assistance:FE:Instrument:G:147
75174b5a-e212-4c0f-98bd-2cb91388295c.xml.macaon	151	15	qu'	que	prorel	prorel	_	17	mod	_	_
75174b5a-e212-4c0f-98bd-2cb91388295c.xml.macaon	152	16	il	il	cln	cln	_	17	suj	_	_
75174b5a-e212-4c0f-98bd-2cb91388295c.xml.macaon	153	17	porte	porter	v	v	_	14	mod_rel	_	_
75174b5a-e212-4c0f-98bd-2cb91388295c.xml.macaon	154	18	dans	dans	prep	prep	_	17	mod	_	_
75174b5a-e212-4c0f-98bd-2cb91388295c.xml.macaon	155	19	les	le	det	det	_	20	det	_	_
75174b5a-e212-4c0f-98bd-2cb91388295c.xml.macaon	156	20	mains	main	nc	nc	_	18	obj	_	_
75174b5a-e212-4c0f-98bd-2cb91388295c.xml.macaon	157	21	.	.	poncts	poncts	_	17	ponct	_	_

75174b5a-e212-4c0f-98bd-2cb91388295c.xml.macaon	158	1	Ces	ces	det	det	_	2	det	_	_
75174b5a-e212-4c0f-98bd-2cb91388295c.xml.macaon	159	2	poids	poids	nc	nc	_	_	_	_	_	B:Dimension:TARGET:poids:G:159
75174b5a-e212-4c0f-98bd-2cb91388295c.xml.macaon	160	3	,	,	ponctw	ponctw	_	2	ponct	_	_
75174b5a-e212-4c0f-98bd-2cb91388295c.xml.macaon	161	4	de	de	prep	prep	_	2	dep	_	_	B:Dimension:FE:Measurement:G:159
75174b5a-e212-4c0f-98bd-2cb91388295c.xml.macaon	162	5	1	1	nc	nc	_	4	obj	_	_	I:Dimension:FE:Measurement:G:159
75174b5a-e212-4c0f-98bd-2cb91388295c.xml.macaon	163	6	à	à	prep	prep	_	5	dep	_	_	I:Dimension:FE:Measurement:G:159
75174b5a-e212-4c0f-98bd-2cb91388295c.xml.macaon	164	7	5	5	det	det	_	8	det	_	_	I:Dimension:FE:Measurement:G:159
75174b5a-e212-4c0f-98bd-2cb91388295c.xml.macaon	165	8	kg	kg	nc	nc	_	6	obj	_	_	I:Dimension:FE:Measurement:G:159
75174b5a-e212-4c0f-98bd-2cb91388295c.xml.macaon	166	9	,	,	ponctw	ponctw	_	10	ponct	_	_
75174b5a-e212-4c0f-98bd-2cb91388295c.xml.macaon	167	10	sont	être	v	v	_	5	mod_rel	_	_
75174b5a-e212-4c0f-98bd-2cb91388295c.xml.macaon	168	11	des	un	det	det	_	12	det	_	_
75174b5a-e212-4c0f-98bd-2cb91388295c.xml.macaon	169	12	demi-	demi-	nc	nc	_	10	ats	_	_	B:Dimension:FE:Object:G:159
75174b5a-e212-4c0f-98bd-2cb91388295c.xml.macaon	170	13	sphères	sphère	nc	nc	_	12	mod	_	_	I:Dimension:FE:Object:G:159
75174b5a-e212-4c0f-98bd-2cb91388295c.xml.macaon	171	14	creusées	creuser	vppart	vppart	_	13	mod	_	_	I:Dimension:FE:Object:G:159
75174b5a-e212-4c0f-98bd-2cb91388295c.xml.macaon	172	15	afin#de	afin#de	prep	prep	_	14	mod	_	_
75174b5a-e212-4c0f-98bd-2cb91388295c.xml.macaon	173	16	pouvoir	pouvoir	nc	nc	_	15	obj	_	_
75174b5a-e212-4c0f-98bd-2cb91388295c.xml.macaon	174	17	y	y	clo	clo	_	18	__JOKER__	_	_
75174b5a-e212-4c0f-98bd-2cb91388295c.xml.macaon	175	18	introduire	introduire	vinf	vinf	_	15	obj	_	_
75174b5a-e212-4c0f-98bd-2cb91388295c.xml.macaon	176	19	la	le	det	det	_	20	det	_	_
75174b5a-e212-4c0f-98bd-2cb91388295c.xml.macaon	177	20	main	main	nc	nc	_	18	obj	_	_
75174b5a-e212-4c0f-98bd-2cb91388295c.xml.macaon	178	21	.	.	poncts	poncts	_	10	ponct	_	_

75174b5a-e212-4c0f-98bd-2cb91388295c.xml.macaon	179	1	L'	L'	det	det	_	2	det	_	_
75174b5a-e212-4c0f-98bd-2cb91388295c.xml.macaon	180	2	athlète	athlète	nc	nc	_	3	suj	_	_
75174b5a-e212-4c0f-98bd-2cb91388295c.xml.macaon	181	3	lance	lancer	v	v	_	_	_	_	_
75174b5a-e212-4c0f-98bd-2cb91388295c.xml.macaon	182	4	d'abord	d'abord	adv	adv	_	3	mod	_	_
75174b5a-e212-4c0f-98bd-2cb91388295c.xml.macaon	183	5	ses	son	det	det	_	6	det	_	_
75174b5a-e212-4c0f-98bd-2cb91388295c.xml.macaon	184	6	bras	bras	nc	nc	_	3	obj	_	_
75174b5a-e212-4c0f-98bd-2cb91388295c.xml.macaon	185	7	vers	vers	prep	prep	_	3	mod	_	_
75174b5a-e212-4c0f-98bd-2cb91388295c.xml.macaon	186	8	l'	le	det	det	_	9	det	_	_
75174b5a-e212-4c0f-98bd-2cb91388295c.xml.macaon	187	9	avant	avant	nc	nc	_	7	obj	_	_
75174b5a-e212-4c0f-98bd-2cb91388295c.xml.macaon	188	10	,	,	ponctw	ponctw	_	9	ponct	_	_
75174b5a-e212-4c0f-98bd-2cb91388295c.xml.macaon	189	11	puis	puis	coo	coo	_	7	coord	_	_
75174b5a-e212-4c0f-98bd-2cb91388295c.xml.macaon	190	12	à	à	prep	prep	_	11	dep_coord	_	_
75174b5a-e212-4c0f-98bd-2cb91388295c.xml.macaon	191	13	la	le	det	det	_	14	det	_	_
75174b5a-e212-4c0f-98bd-2cb91388295c.xml.macaon	192	14	descente	descente	nc	nc	_	12	obj	_	_
75174b5a-e212-4c0f-98bd-2cb91388295c.xml.macaon	193	15	,	,	ponctw	ponctw	_	17	ponct	_	_
75174b5a-e212-4c0f-98bd-2cb91388295c.xml.macaon	194	16	il	il	cln	cln	_	17	suj	_	_
75174b5a-e212-4c0f-98bd-2cb91388295c.xml.macaon	195	17	ramène	ramener	v	v	_	11	dep_coord	_	_
75174b5a-e212-4c0f-98bd-2cb91388295c.xml.macaon	196	18	violemment	violemment	adv	adv	_	17	mod	_	_
75174b5a-e212-4c0f-98bd-2cb91388295c.xml.macaon	197	19	les	le	det	det	_	20	det	_	_
75174b5a-e212-4c0f-98bd-2cb91388295c.xml.macaon	198	20	bras	bras	nc	nc	_	17	obj	_	_
75174b5a-e212-4c0f-98bd-2cb91388295c.xml.macaon	199	21	en#arrière	en#arrière	adj	adj	_	20	mod	_	_
75174b5a-e212-4c0f-98bd-2cb91388295c.xml.macaon	200	22	tout#en	tout#en	adj	adj	_	20	mod	_	_
75174b5a-e212-4c0f-98bd-2cb91388295c.xml.macaon	201	23	lâchant	lâcher	vprespart	vprespart	_	11	__JOKER__	_	_
75174b5a-e212-4c0f-98bd-2cb91388295c.xml.macaon	202	24	les	le	det	det	_	25	det	_	_
75174b5a-e212-4c0f-98bd-2cb91388295c.xml.macaon	203	25	poids	poids	nc	nc	_	23	__JOKER__	_	_	B:Dimension:TARGET:poids:G:203
75174b5a-e212-4c0f-98bd-2cb91388295c.xml.macaon	204	26	.	.	poncts	poncts	_	3	ponct	_	_

75174b5a-e212-4c0f-98bd-2cb91388295c.xml.macaon	205	1	Une	une	det	det	_	3	det	_	_
75174b5a-e212-4c0f-98bd-2cb91388295c.xml.macaon	206	2	autre	autre	adj	adj	_	3	mod	_	_
75174b5a-e212-4c0f-98bd-2cb91388295c.xml.macaon	207	3	conception	conception	nc	nc	_	7	suj	_	_
75174b5a-e212-4c0f-98bd-2cb91388295c.xml.macaon	208	4	de	de	prep	prep	_	3	dep	_	_
75174b5a-e212-4c0f-98bd-2cb91388295c.xml.macaon	209	5	leur	son	det	det	_	6	det	_	_
75174b5a-e212-4c0f-98bd-2cb91388295c.xml.macaon	210	6	utilisation	utilisation	nc	nc	_	4	obj	_	_	B:Using:TARGET:utilisation:G:210
75174b5a-e212-4c0f-98bd-2cb91388295c.xml.macaon	211	7	pense	penser	v	v	_	_	_	_	_
75174b5a-e212-4c0f-98bd-2cb91388295c.xml.macaon	212	8	qu'	qu'	csu	csu	_	7	obj	_	_
75174b5a-e212-4c0f-98bd-2cb91388295c.xml.macaon	213	9	il	il	cln	cln	_	11	suj	_	_
75174b5a-e212-4c0f-98bd-2cb91388295c.xml.macaon	214	10	s'	s'	clr	clr	_	11	aff	_	_
75174b5a-e212-4c0f-98bd-2cb91388295c.xml.macaon	215	11	agit	agir	v	v	_	8	obj	_	_	B:OTHER:G
75174b5a-e212-4c0f-98bd-2cb91388295c.xml.macaon	216	12	de	de	prep	prep	_	11	de_obj	_	_
75174b5a-e212-4c0f-98bd-2cb91388295c.xml.macaon	217	13	stabilisateurs	stabilisateur	nc	nc	_	12	obj	_	_	B:Using:FE:Role:G:210
75174b5a-e212-4c0f-98bd-2cb91388295c.xml.macaon	218	14	.	.	poncts	poncts	_	7	ponct	_	_

75174b5a-e212-4c0f-98bd-2cb91388295c.xml.macaon	219	1	Les	les	det	det	_	2	det	_	_
75174b5a-e212-4c0f-98bd-2cb91388295c.xml.macaon	220	2	haltères	haltère	nc	nc	_	5	suj	_	_
75174b5a-e212-4c0f-98bd-2cb91388295c.xml.macaon	221	3	dont	dont	prorel	prorel	_	5	__JOKER__	_	_
75174b5a-e212-4c0f-98bd-2cb91388295c.xml.macaon	222	4	se	se	clr	clr	_	5	aff	_	_
75174b5a-e212-4c0f-98bd-2cb91388295c.xml.macaon	223	5	servaient	servir	v	v	_	_	_	_	_
75174b5a-e212-4c0f-98bd-2cb91388295c.xml.macaon	224	6	les	le	det	det	_	7	det	_	_
75174b5a-e212-4c0f-98bd-2cb91388295c.xml.macaon	225	7	sauteurs	sauteur	nc	nc	_	5	obj	_	_
75174b5a-e212-4c0f-98bd-2cb91388295c.xml.macaon	226	8	en	en	prep	prep	_	5	mod	_	_
75174b5a-e212-4c0f-98bd-2cb91388295c.xml.macaon	227	9	longueur	longueur	nc	nc	_	8	obj	_	_
