78d8954c-bcda-4937-a69a-f271d45adb33.xml.macaon	0	1	vikidia	vikidia	nc	nc	_	_	_	_	_

78d8954c-bcda-4937-a69a-f271d45adb33.xml.macaon	1	1	78d8954c	78d8954c	adj	adj	_	3	mod	_	_
78d8954c-bcda-4937-a69a-f271d45adb33.xml.macaon	2	2	-	-	ponctw	ponctw	_	1	ponct	_	_
78d8954c-bcda-4937-a69a-f271d45adb33.xml.macaon	3	3	bcda	bcda	nc	nc	_	_	_	_	_
78d8954c-bcda-4937-a69a-f271d45adb33.xml.macaon	4	4	-	-	ponctw	ponctw	_	3	ponct	_	_
78d8954c-bcda-4937-a69a-f271d45adb33.xml.macaon	5	5	4937	4937	nc	nc	_	3	mod	_	_
78d8954c-bcda-4937-a69a-f271d45adb33.xml.macaon	6	6	-	-	ponctw	ponctw	_	5	ponct	_	_
78d8954c-bcda-4937-a69a-f271d45adb33.xml.macaon	7	7	a69a	a69a	nc	nc	_	5	mod	_	_
78d8954c-bcda-4937-a69a-f271d45adb33.xml.macaon	8	8	-	-	ponctw	ponctw	_	7	ponct	_	_
78d8954c-bcda-4937-a69a-f271d45adb33.xml.macaon	9	9	f271d45adb33	f271d45adb33	nc	nc	_	7	mod	_	_

78d8954c-bcda-4937-a69a-f271d45adb33.xml.macaon	10	1	ADDED	ADDED	nc	nc	_	_	_	_	_

78d8954c-bcda-4937-a69a-f271d45adb33.xml.macaon	11	1	2016	2016	adj	adj	_	3	mod	_	_
78d8954c-bcda-4937-a69a-f271d45adb33.xml.macaon	12	2	-	-	ponctw	ponctw	_	1	ponct	_	_
78d8954c-bcda-4937-a69a-f271d45adb33.xml.macaon	13	3	06	06	nc	nc	_	_	_	_	_
78d8954c-bcda-4937-a69a-f271d45adb33.xml.macaon	14	4	-	-	ponctw	ponctw	_	3	ponct	_	_
78d8954c-bcda-4937-a69a-f271d45adb33.xml.macaon	15	5	15T14	15T14	nc	nc	_	3	mod	_	_
78d8954c-bcda-4937-a69a-f271d45adb33.xml.macaon	16	6	:	:	ponctw	ponctw	_	5	ponct	_	_
78d8954c-bcda-4937-a69a-f271d45adb33.xml.macaon	17	7	52	52	det	det	_	9	det	_	_
78d8954c-bcda-4937-a69a-f271d45adb33.xml.macaon	18	8	:	:	ponctw	ponctw	_	9	ponct	_	_
78d8954c-bcda-4937-a69a-f271d45adb33.xml.macaon	19	9	25Z	25Z	nc	nc	_	5	mod	_	_

78d8954c-bcda-4937-a69a-f271d45adb33.xml.macaon	20	1	Bataille	Bataille	etr	etr	_	3	dep	_	_
78d8954c-bcda-4937-a69a-f271d45adb33.xml.macaon	21	2	d'	d'	etr	etr	_	3	dep	_	_
78d8954c-bcda-4937-a69a-f271d45adb33.xml.macaon	22	3	Issos	Issos	etr	etr	_	_	_	_	_

78d8954c-bcda-4937-a69a-f271d45adb33.xml.macaon	23	1	La	la	det	det	_	2	det	_	_
78d8954c-bcda-4937-a69a-f271d45adb33.xml.macaon	24	2	bataille	bataille	nc	nc	_	6	suj	_	_
78d8954c-bcda-4937-a69a-f271d45adb33.xml.macaon	25	3	d'	de	prep	prep	_	2	dep	_	_
78d8954c-bcda-4937-a69a-f271d45adb33.xml.macaon	26	4	Issos	Issos	np	np	_	3	obj	_	_
78d8954c-bcda-4937-a69a-f271d45adb33.xml.macaon	27	5	a	avoir	v	v	_	6	aux_tps	_	_
78d8954c-bcda-4937-a69a-f271d45adb33.xml.macaon	28	6	eu	avoir	vppart	vppart	_	_	_	_	_
78d8954c-bcda-4937-a69a-f271d45adb33.xml.macaon	29	7	lieu	lieu	nc	nc	_	6	obj	_	_
78d8954c-bcda-4937-a69a-f271d45adb33.xml.macaon	30	8	à	à	prep	prep	_	6	mod	_	_
78d8954c-bcda-4937-a69a-f271d45adb33.xml.macaon	31	9	Issos	Issos	np	np	_	8	obj	_	_
78d8954c-bcda-4937-a69a-f271d45adb33.xml.macaon	32	10	,	,	ponctw	ponctw	_	9	ponct	_	_
78d8954c-bcda-4937-a69a-f271d45adb33.xml.macaon	33	11	ville	ville	nc	nc	_	8	obj	_	_
78d8954c-bcda-4937-a69a-f271d45adb33.xml.macaon	34	12	de	de	prep	prep	_	11	dep	_	_
78d8954c-bcda-4937-a69a-f271d45adb33.xml.macaon	35	13	la	le	det	det	_	14	det	_	_
78d8954c-bcda-4937-a69a-f271d45adb33.xml.macaon	36	14	Perse	Perse	nc	nc	_	12	obj	_	_
78d8954c-bcda-4937-a69a-f271d45adb33.xml.macaon	37	15	ancienne	ancien	adj	adj	_	14	mod	_	_
78d8954c-bcda-4937-a69a-f271d45adb33.xml.macaon	38	16	qui	qui	prorel	prorel	_	18	suj	_	_
78d8954c-bcda-4937-a69a-f271d45adb33.xml.macaon	39	17	se	se	clr	clr	_	18	aff	_	_
78d8954c-bcda-4937-a69a-f271d45adb33.xml.macaon	40	18	situe	situer	v	v	_	11	mod_rel	_	_
78d8954c-bcda-4937-a69a-f271d45adb33.xml.macaon	41	19	en	en	prep	prep	_	18	mod	_	_
78d8954c-bcda-4937-a69a-f271d45adb33.xml.macaon	42	20	Cilicie	Cilicie	np	np	_	19	obj	_	_
78d8954c-bcda-4937-a69a-f271d45adb33.xml.macaon	43	21	actuelle	actuel	adj	adj	_	20	mod	_	_
78d8954c-bcda-4937-a69a-f271d45adb33.xml.macaon	44	22	Turquie	Turquie	np	np	_	19	obj	_	_
78d8954c-bcda-4937-a69a-f271d45adb33.xml.macaon	45	23	,	,	ponctw	ponctw	_	18	ponct	_	_
78d8954c-bcda-4937-a69a-f271d45adb33.xml.macaon	46	24	près	près	adv	adv	_	25	__JOKER__	_	_
78d8954c-bcda-4937-a69a-f271d45adb33.xml.macaon	47	25	de#l'	de#l'	prep	prep	_	18	mod	_	_
78d8954c-bcda-4937-a69a-f271d45adb33.xml.macaon	48	26	Euphrate	Euphrate	np	np	_	25	obj	_	_
78d8954c-bcda-4937-a69a-f271d45adb33.xml.macaon	49	27	,	,	ponctw	ponctw	_	18	ponct	_	_
78d8954c-bcda-4937-a69a-f271d45adb33.xml.macaon	50	28	en	en	prep	prep	_	18	mod	_	_
78d8954c-bcda-4937-a69a-f271d45adb33.xml.macaon	51	29	333	333	det	det	_	30	det	_	_
78d8954c-bcda-4937-a69a-f271d45adb33.xml.macaon	52	30	av.	av.	nc	nc	_	28	obj	_	_

78d8954c-bcda-4937-a69a-f271d45adb33.xml.macaon	53	1	J.-C.	Jésus-Christ	np	np	_	_	_	_	_
78d8954c-bcda-4937-a69a-f271d45adb33.xml.macaon	54	2	.	.	poncts	poncts	_	1	__JOKER__	_	_

78d8954c-bcda-4937-a69a-f271d45adb33.xml.macaon	55	1	Antiquité	antiquité	nc	nc	_	_	_	_	_

78d8954c-bcda-4937-a69a-f271d45adb33.xml.macaon	56	1	Bataille	Bataille	etr	etr	_	3	dep	_	_
78d8954c-bcda-4937-a69a-f271d45adb33.xml.macaon	57	2	d'	d'	etr	etr	_	3	dep	_	_
78d8954c-bcda-4937-a69a-f271d45adb33.xml.macaon	58	3	Issos	Issos	etr	etr	_	_	_	_	_

78d8954c-bcda-4937-a69a-f271d45adb33.xml.macaon	59	1	La	la	det	det	_	2	det	_	_
78d8954c-bcda-4937-a69a-f271d45adb33.xml.macaon	60	2	bataille	bataille	nc	nc	_	6	suj	_	_
78d8954c-bcda-4937-a69a-f271d45adb33.xml.macaon	61	3	d'	de	prep	prep	_	2	dep	_	_
78d8954c-bcda-4937-a69a-f271d45adb33.xml.macaon	62	4	Issos	Issos	np	np	_	3	obj	_	_
78d8954c-bcda-4937-a69a-f271d45adb33.xml.macaon	63	5	a	avoir	v	v	_	6	aux_tps	_	_
78d8954c-bcda-4937-a69a-f271d45adb33.xml.macaon	64	6	eu	avoir	vppart	vppart	_	_	_	_	_
78d8954c-bcda-4937-a69a-f271d45adb33.xml.macaon	65	7	lieu	lieu	nc	nc	_	6	obj	_	_
78d8954c-bcda-4937-a69a-f271d45adb33.xml.macaon	66	8	à	à	prep	prep	_	6	mod	_	_
78d8954c-bcda-4937-a69a-f271d45adb33.xml.macaon	67	9	Issos	Issos	np	np	_	8	obj	_	_
78d8954c-bcda-4937-a69a-f271d45adb33.xml.macaon	68	10	,	,	ponctw	ponctw	_	9	ponct	_	_
78d8954c-bcda-4937-a69a-f271d45adb33.xml.macaon	69	11	ville	ville	nc	nc	_	8	obj	_	_
78d8954c-bcda-4937-a69a-f271d45adb33.xml.macaon	70	12	de	de	prep	prep	_	11	dep	_	_
78d8954c-bcda-4937-a69a-f271d45adb33.xml.macaon	71	13	la	le	det	det	_	14	det	_	_
78d8954c-bcda-4937-a69a-f271d45adb33.xml.macaon	72	14	Perse	Perse	nc	nc	_	12	obj	_	_
78d8954c-bcda-4937-a69a-f271d45adb33.xml.macaon	73	15	ancienne	ancien	adj	adj	_	14	mod	_	_
78d8954c-bcda-4937-a69a-f271d45adb33.xml.macaon	74	16	qui	qui	prorel	prorel	_	18	suj	_	_
78d8954c-bcda-4937-a69a-f271d45adb33.xml.macaon	75	17	se	se	clr	clr	_	18	aff	_	_
78d8954c-bcda-4937-a69a-f271d45adb33.xml.macaon	76	18	situe	situer	v	v	_	11	mod_rel	_	_
78d8954c-bcda-4937-a69a-f271d45adb33.xml.macaon	77	19	en	en	prep	prep	_	18	mod	_	_
78d8954c-bcda-4937-a69a-f271d45adb33.xml.macaon	78	20	Cilicie	Cilicie	np	np	_	19	obj	_	_
78d8954c-bcda-4937-a69a-f271d45adb33.xml.macaon	79	21	actuelle	actuel	adj	adj	_	20	mod	_	_
78d8954c-bcda-4937-a69a-f271d45adb33.xml.macaon	80	22	Turquie	Turquie	np	np	_	19	obj	_	_
78d8954c-bcda-4937-a69a-f271d45adb33.xml.macaon	81	23	,	,	ponctw	ponctw	_	18	ponct	_	_
78d8954c-bcda-4937-a69a-f271d45adb33.xml.macaon	82	24	près	près	adv	adv	_	25	__JOKER__	_	_
78d8954c-bcda-4937-a69a-f271d45adb33.xml.macaon	83	25	de#l'	de#l'	prep	prep	_	18	mod	_	_
78d8954c-bcda-4937-a69a-f271d45adb33.xml.macaon	84	26	Euphrate	Euphrate	np	np	_	25	obj	_	_
78d8954c-bcda-4937-a69a-f271d45adb33.xml.macaon	85	27	,	,	ponctw	ponctw	_	18	ponct	_	_
78d8954c-bcda-4937-a69a-f271d45adb33.xml.macaon	86	28	en	en	prep	prep	_	18	mod	_	_
78d8954c-bcda-4937-a69a-f271d45adb33.xml.macaon	87	29	333	333	det	det	_	30	det	_	_
78d8954c-bcda-4937-a69a-f271d45adb33.xml.macaon	88	30	av.	av.	nc	nc	_	28	obj	_	_

78d8954c-bcda-4937-a69a-f271d45adb33.xml.macaon	89	1	J.-C.	Jésus-Christ	np	np	_	_	_	_	_
78d8954c-bcda-4937-a69a-f271d45adb33.xml.macaon	90	2	.	.	poncts	poncts	_	1	__JOKER__	_	_

78d8954c-bcda-4937-a69a-f271d45adb33.xml.macaon	91	1	Cette	cette	det	det	_	2	det	_	_
78d8954c-bcda-4937-a69a-f271d45adb33.xml.macaon	92	2	bataille	bataille	nc	nc	_	4	suj	_	_
78d8954c-bcda-4937-a69a-f271d45adb33.xml.macaon	93	3	a	avoir	v	v	_	4	aux_tps	_	_
78d8954c-bcda-4937-a69a-f271d45adb33.xml.macaon	94	4	opposé	opposer	vppart	vppart	_	_	_	_	_
78d8954c-bcda-4937-a69a-f271d45adb33.xml.macaon	95	5	Alexandre	Alexandre	np	np	_	4	__JOKER__	_	_
78d8954c-bcda-4937-a69a-f271d45adb33.xml.macaon	96	6	le	le	det	det	_	7	det	_	_
78d8954c-bcda-4937-a69a-f271d45adb33.xml.macaon	97	7	Grand	Grand	np	np	_	5	mod	_	_
78d8954c-bcda-4937-a69a-f271d45adb33.xml.macaon	98	8	à	à	prep	prep	_	4	a_obj	_	_
78d8954c-bcda-4937-a69a-f271d45adb33.xml.macaon	99	9	Darius	Darius	np	np	_	8	obj	_	_
78d8954c-bcda-4937-a69a-f271d45adb33.xml.macaon	100	10	III	III	np	np	_	8	obj	_	_
78d8954c-bcda-4937-a69a-f271d45adb33.xml.macaon	101	11	Codoman	Codoman	np	np	_	8	obj	_	_
78d8954c-bcda-4937-a69a-f271d45adb33.xml.macaon	102	12	,	,	ponctw	ponctw	_	11	ponct	_	_
78d8954c-bcda-4937-a69a-f271d45adb33.xml.macaon	103	13	le	le	det	det	_	14	det	_	_
78d8954c-bcda-4937-a69a-f271d45adb33.xml.macaon	104	14	roi	roi	nc	nc	_	11	mod	_	_
78d8954c-bcda-4937-a69a-f271d45adb33.xml.macaon	105	15	perse	pers	adj	adj	_	14	mod	_	_
78d8954c-bcda-4937-a69a-f271d45adb33.xml.macaon	106	16	.	.	poncts	poncts	_	4	ponct	_	_

78d8954c-bcda-4937-a69a-f271d45adb33.xml.macaon	107	1	Darius	Darius	np	np	_	2	suj	_	_
78d8954c-bcda-4937-a69a-f271d45adb33.xml.macaon	108	2	possède	posséder	v	v	_	_	_	_	_
78d8954c-bcda-4937-a69a-f271d45adb33.xml.macaon	109	3	60#000	60#000	det	det	_	4	det	_	_
78d8954c-bcda-4937-a69a-f271d45adb33.xml.macaon	110	4	hommes	homme	nc	nc	_	2	obj	_	_
78d8954c-bcda-4937-a69a-f271d45adb33.xml.macaon	111	5	et	et	coo	coo	_	2	coord	_	_
78d8954c-bcda-4937-a69a-f271d45adb33.xml.macaon	112	6	Alexandre	Alexandre	np	np	_	5	dep_coord	_	_
78d8954c-bcda-4937-a69a-f271d45adb33.xml.macaon	113	7	possède	posséder	v	v	_	5	dep_coord	_	_
78d8954c-bcda-4937-a69a-f271d45adb33.xml.macaon	114	8	30#000	30#000	det	det	_	9	det	_	_
78d8954c-bcda-4937-a69a-f271d45adb33.xml.macaon	115	9	fantassins	fantassin	nc	nc	_	7	obj	_	_
78d8954c-bcda-4937-a69a-f271d45adb33.xml.macaon	116	10	ou	ou	coo	coo	_	9	coord	_	_
78d8954c-bcda-4937-a69a-f271d45adb33.xml.macaon	117	11	hoplites	hoplite	nc	nc	_	10	dep_coord	_	_
78d8954c-bcda-4937-a69a-f271d45adb33.xml.macaon	118	12	(	(	ponctw	ponctw	_	11	ponct	_	_
78d8954c-bcda-4937-a69a-f271d45adb33.xml.macaon	119	13	hommes	homme	nc	nc	_	10	dep_coord	_	_
78d8954c-bcda-4937-a69a-f271d45adb33.xml.macaon	120	14	à	à	prep	prep	_	13	dep	_	_
78d8954c-bcda-4937-a69a-f271d45adb33.xml.macaon	121	15	pied	pied	nc	nc	_	14	obj	_	_
78d8954c-bcda-4937-a69a-f271d45adb33.xml.macaon	122	16	armés	armer	vppart	vppart	_	15	mod	_	_
78d8954c-bcda-4937-a69a-f271d45adb33.xml.macaon	123	17	d'	de	prep	prep	_	15	dep	_	_
78d8954c-bcda-4937-a69a-f271d45adb33.xml.macaon	124	18	une	un	det	det	_	19	det	_	_
78d8954c-bcda-4937-a69a-f271d45adb33.xml.macaon	125	19	lance	lance	nc	nc	_	17	obj	_	_
78d8954c-bcda-4937-a69a-f271d45adb33.xml.macaon	126	20	et	et	coo	coo	_	14	coord	_	_
78d8954c-bcda-4937-a69a-f271d45adb33.xml.macaon	127	21	d'	de	prep	prep	_	20	dep_coord	_	_
78d8954c-bcda-4937-a69a-f271d45adb33.xml.macaon	128	22	un	un	det	det	_	23	det	_	_
78d8954c-bcda-4937-a69a-f271d45adb33.xml.macaon	129	23	bouclier	bouclier	nc	nc	_	21	obj	_	_
78d8954c-bcda-4937-a69a-f271d45adb33.xml.macaon	130	24	)	)	ponctw	ponctw	_	20	ponct	_	_
78d8954c-bcda-4937-a69a-f271d45adb33.xml.macaon	131	25	et	et	coo	coo	_	14	coord	_	_
78d8954c-bcda-4937-a69a-f271d45adb33.xml.macaon	132	26	6#000	6#000	adj	adj	_	27	mod	_	_
78d8954c-bcda-4937-a69a-f271d45adb33.xml.macaon	133	27	cavaliers	cavalier	nc	nc	_	25	dep_coord	_	_
78d8954c-bcda-4937-a69a-f271d45adb33.xml.macaon	134	28	(	(	ponctw	ponctw	_	27	ponct	_	_
78d8954c-bcda-4937-a69a-f271d45adb33.xml.macaon	135	29	hommes	homme	nc	nc	_	27	mod	_	_
78d8954c-bcda-4937-a69a-f271d45adb33.xml.macaon	136	30	à	à	prep	prep	_	29	dep	_	_
78d8954c-bcda-4937-a69a-f271d45adb33.xml.macaon	137	31	cheval	cheval	nc	nc	_	30	obj	_	_
78d8954c-bcda-4937-a69a-f271d45adb33.xml.macaon	138	32	armés	armer	vppart	vppart	_	31	mod	_	_
78d8954c-bcda-4937-a69a-f271d45adb33.xml.macaon	139	33	d'	de	prep	prep	_	31	dep	_	_
78d8954c-bcda-4937-a69a-f271d45adb33.xml.macaon	140	34	une	un	det	det	_	35	det	_	_
78d8954c-bcda-4937-a69a-f271d45adb33.xml.macaon	141	35	épée	épée	nc	nc	_	33	obj	_	_
78d8954c-bcda-4937-a69a-f271d45adb33.xml.macaon	142	36	)	)	ponctw	ponctw	_	35	ponct	_	_
78d8954c-bcda-4937-a69a-f271d45adb33.xml.macaon	143	37	.	.	poncts	poncts	_	2	__JOKER__	_	_

78d8954c-bcda-4937-a69a-f271d45adb33.xml.macaon	144	1	Alexandre	Alexandre	np	np	_	2	suj	_	_	B:Using:FE:Agent:G:145
78d8954c-bcda-4937-a69a-f271d45adb33.xml.macaon	145	2	utilise	utiliser	v	v	_	_	_	_	_	B:Using:TARGET:utiliser:G:145
78d8954c-bcda-4937-a69a-f271d45adb33.xml.macaon	146	3	la	le	det	det	_	4	det	_	_	B:Using:FE:Instrument:G:145
78d8954c-bcda-4937-a69a-f271d45adb33.xml.macaon	147	4	technique	technique	nc	nc	_	2	obj	_	_	I:Using:FE:Instrument:G:145
78d8954c-bcda-4937-a69a-f271d45adb33.xml.macaon	148	5	de	de	prep	prep	_	4	dep	_	_	I:Using:FE:Instrument:G:145
78d8954c-bcda-4937-a69a-f271d45adb33.xml.macaon	149	6	la	le	det	det	_	7	det	_	_	I:Using:FE:Instrument:G:145
78d8954c-bcda-4937-a69a-f271d45adb33.xml.macaon	150	7	phalange	phalange	nc	nc	_	5	obj	_	_	I:Using:FE:Instrument:G:145
78d8954c-bcda-4937-a69a-f271d45adb33.xml.macaon	151	8	macédonienne	macédonien	adj	adj	_	7	mod	_	_	I:Using:FE:Instrument:G:145
78d8954c-bcda-4937-a69a-f271d45adb33.xml.macaon	152	9	,	,	ponctw	ponctw	_	7	ponct	_	_
78d8954c-bcda-4937-a69a-f271d45adb33.xml.macaon	153	10	composée	composer	vppart	vppart	_	7	mod	_	_
78d8954c-bcda-4937-a69a-f271d45adb33.xml.macaon	154	11	de	de	prep	prep	_	10	de_obj	_	_
78d8954c-bcda-4937-a69a-f271d45adb33.xml.macaon	155	12	256	256	det	det	_	13	det	_	_	B:Making_arrangements:FE:Event:G:157
78d8954c-bcda-4937-a69a-f271d45adb33.xml.macaon	156	13	fantassins	fantassin	nc	nc	_	11	obj	_	_	I:Making_arrangements:FE:Event:G:157
78d8954c-bcda-4937-a69a-f271d45adb33.xml.macaon	157	14	organisés	organiser	vppart	vppart	_	13	mod	_	_	B:Making_arrangements:TARGET:organiser:G:157
78d8954c-bcda-4937-a69a-f271d45adb33.xml.macaon	158	15	en	en	prep	prep	_	14	mod	_	_	B:Making_arrangements:FE:Means:G:157
78d8954c-bcda-4937-a69a-f271d45adb33.xml.macaon	159	16	16	16	det	det	_	17	det	_	_	I:Making_arrangements:FE:Means:G:157
78d8954c-bcda-4937-a69a-f271d45adb33.xml.macaon	160	17	rangs	rang	nc	nc	_	15	obj	_	_	I:Making_arrangements:FE:Means:G:157
78d8954c-bcda-4937-a69a-f271d45adb33.xml.macaon	161	18	de	de	prep	prep	_	17	dep	_	_	I:Making_arrangements:FE:Means:G:157
78d8954c-bcda-4937-a69a-f271d45adb33.xml.macaon	162	19	16	16	det	det	_	20	det	_	_	I:Making_arrangements:FE:Means:G:157
78d8954c-bcda-4937-a69a-f271d45adb33.xml.macaon	163	20	hommes	homme	nc	nc	_	18	obj	_	_	I:Making_arrangements:FE:Means:G:157
78d8954c-bcda-4937-a69a-f271d45adb33.xml.macaon	164	21	.	.	poncts	poncts	_	2	ponct	_	_

78d8954c-bcda-4937-a69a-f271d45adb33.xml.macaon	165	1	La	la	det	det	_	2	det	_	_
78d8954c-bcda-4937-a69a-f271d45adb33.xml.macaon	166	2	bataille	bataille	nc	nc	_	_	_	_	_
78d8954c-bcda-4937-a69a-f271d45adb33.xml.macaon	167	3	d'	de	prep	prep	_	2	dep	_	_
78d8954c-bcda-4937-a69a-f271d45adb33.xml.macaon	168	4	Issos	Issos	np	np	_	3	obj	_	_
78d8954c-bcda-4937-a69a-f271d45adb33.xml.macaon	169	5	,	,	ponctw	ponctw	_	4	ponct	_	_
78d8954c-bcda-4937-a69a-f271d45adb33.xml.macaon	170	6	mosaïque	mosaïque	nc	nc	_	3	obj	_	_
78d8954c-bcda-4937-a69a-f271d45adb33.xml.macaon	171	7	de	de	prep	prep	_	2	dep	_	_
78d8954c-bcda-4937-a69a-f271d45adb33.xml.macaon	172	8	Pompéi	Pompéi	np	np	_	7	obj	_	_
78d8954c-bcda-4937-a69a-f271d45adb33.xml.macaon	173	9	.	.	poncts	poncts	_	2	__JOKER__	_	_

78d8954c-bcda-4937-a69a-f271d45adb33.xml.macaon	174	1	Alexandre	Alexandre	np	np	_	_	_	_	_
78d8954c-bcda-4937-a69a-f271d45adb33.xml.macaon	175	2	est	être	v	v	_	3	aux_tps	_	_
78d8954c-bcda-4937-a69a-f271d45adb33.xml.macaon	176	3	représenté	représenter	vppart	vppart	_	1	mod	_	_
78d8954c-bcda-4937-a69a-f271d45adb33.xml.macaon	177	4	à#gauche	à#gauche	adv	adv	_	3	mod	_	_
78d8954c-bcda-4937-a69a-f271d45adb33.xml.macaon	178	5	,	,	ponctw	ponctw	_	3	ponct	_	_
78d8954c-bcda-4937-a69a-f271d45adb33.xml.macaon	179	6	Darius	Darius	np	np	_	3	__JOKER__	_	_
78d8954c-bcda-4937-a69a-f271d45adb33.xml.macaon	180	7	III	III	adj	adj	_	6	mod	_	_
78d8954c-bcda-4937-a69a-f271d45adb33.xml.macaon	181	8	au#centre	au#centre	prep	prep	_	3	mod	_	_
78d8954c-bcda-4937-a69a-f271d45adb33.xml.macaon	182	9	.	.	poncts	poncts	_	1	__JOKER__	_	_

78d8954c-bcda-4937-a69a-f271d45adb33.xml.macaon	183	1	Au	au	prep	prep	_	8	__JOKER__	_	_
78d8954c-bcda-4937-a69a-f271d45adb33.xml.macaon	184	2	même	même	adj	adj	_	3	mod	_	_
78d8954c-bcda-4937-a69a-f271d45adb33.xml.macaon	185	3	endroit	endroit	nc	nc	_	1	obj	_	_
78d8954c-bcda-4937-a69a-f271d45adb33.xml.macaon	186	4	en	en	prep	prep	_	3	dep	_	_
78d8954c-bcda-4937-a69a-f271d45adb33.xml.macaon	187	5	194	194	nc	nc	_	4	obj	_	_
78d8954c-bcda-4937-a69a-f271d45adb33.xml.macaon	188	6	,	,	ponctw	ponctw	_	3	ponct	_	_
78d8954c-bcda-4937-a69a-f271d45adb33.xml.macaon	189	7	l'	le	det	det	_	8	det	_	_
78d8954c-bcda-4937-a69a-f271d45adb33.xml.macaon	190	8	empereur	empereur	nc	nc	_	12	suj	_	_
78d8954c-bcda-4937-a69a-f271d45adb33.xml.macaon	191	9	romain	romain	adj	adj	_	8	mod	_	_
78d8954c-bcda-4937-a69a-f271d45adb33.xml.macaon	192	10	Septime	Septime	np	np	_	8	mod	_	_
78d8954c-bcda-4937-a69a-f271d45adb33.xml.macaon	193	11	Sévère	Sévère	np	np	_	10	mod	_	_
78d8954c-bcda-4937-a69a-f271d45adb33.xml.macaon	194	12	battit	battre	v	v	_	_	_	_	_
78d8954c-bcda-4937-a69a-f271d45adb33.xml.macaon	195	13	son	son	det	det	_	14	det	_	_
78d8954c-bcda-4937-a69a-f271d45adb33.xml.macaon	196	14	concurrent	concurrent	nc	nc	_	12	obj	_	_
78d8954c-bcda-4937-a69a-f271d45adb33.xml.macaon	197	15	Pescennius	Pescennius	np	np	_	14	mod	_	_
78d8954c-bcda-4937-a69a-f271d45adb33.xml.macaon	198	16	Niger	Niger	np	np	_	15	mod	_	_
78d8954c-bcda-4937-a69a-f271d45adb33.xml.macaon	199	17	et	et	coo	coo	_	12	coord	_	_
78d8954c-bcda-4937-a69a-f271d45adb33.xml.macaon	200	18	en	en	prep	prep	_	17	dep_coord	_	_
78d8954c-bcda-4937-a69a-f271d45adb33.xml.macaon	201	19	622	622	nc	nc	_	18	obj	_	_
78d8954c-bcda-4937-a69a-f271d45adb33.xml.macaon	202	20	,	,	ponctw	ponctw	_	25	ponct	_	_
78d8954c-bcda-4937-a69a-f271d45adb33.xml.macaon	203	21	l'	le	det	det	_	22	det	_	_
78d8954c-bcda-4937-a69a-f271d45adb33.xml.macaon	204	22	empereur	empereur	nc	nc	_	25	suj	_	_
78d8954c-bcda-4937-a69a-f271d45adb33.xml.macaon	205	23	byzantin	byzantin	adj	adj	_	22	mod	_	_
78d8954c-bcda-4937-a69a-f271d45adb33.xml.macaon	206	24	Héraclius	Héraclius	np	np	_	22	mod	_	_
78d8954c-bcda-4937-a69a-f271d45adb33.xml.macaon	207	25	vainquit	vaincre	v	v	_	17	dep_coord	_	_
78d8954c-bcda-4937-a69a-f271d45adb33.xml.macaon	208	26	le	le	det	det	_	27	det	_	_
78d8954c-bcda-4937-a69a-f271d45adb33.xml.macaon	209	27	roi	roi	nc	nc	_	25	obj	_	_
78d8954c-bcda-4937-a69a-f271d45adb33.xml.macaon	210	28	perse	pers	adj	adj	_	27	mod	_	_
78d8954c-bcda-4937-a69a-f271d45adb33.xml.macaon	211	29	sassanide	sassanide	nc	nc	_	25	obj	_	_
78d8954c-bcda-4937-a69a-f271d45adb33.xml.macaon	212	30	Chosroès	Chosroès	np	np	_	29	mod	_	_
78d8954c-bcda-4937-a69a-f271d45adb33.xml.macaon	213	31	II	II	np	np	_	30	mod	_	_
78d8954c-bcda-4937-a69a-f271d45adb33.xml.macaon	214	32	.	.	poncts	poncts	_	12	ponct	_	_
