82c1739f-778f-4a8c-bfce-2c20d2fe13f5.xml.macaon	0	1	vikidia	vikidia	nc	nc	_	_	_	_	_

82c1739f-778f-4a8c-bfce-2c20d2fe13f5.xml.macaon	1	1	82c1739f	82c1739f	adj	adj	_	3	dep	_	_
82c1739f-778f-4a8c-bfce-2c20d2fe13f5.xml.macaon	2	2	-	-	ponctw	ponctw	_	1	ponct	_	_
82c1739f-778f-4a8c-bfce-2c20d2fe13f5.xml.macaon	3	3	778f	778f	adj	adj	_	5	mod	_	_
82c1739f-778f-4a8c-bfce-2c20d2fe13f5.xml.macaon	4	4	-	-	ponctw	ponctw	_	3	ponct	_	_
82c1739f-778f-4a8c-bfce-2c20d2fe13f5.xml.macaon	5	5	4a8c	4a8c	nc	nc	_	_	_	_	_
82c1739f-778f-4a8c-bfce-2c20d2fe13f5.xml.macaon	6	6	-	-	ponctw	ponctw	_	5	ponct	_	_
82c1739f-778f-4a8c-bfce-2c20d2fe13f5.xml.macaon	7	7	bfce	bfce	nc	nc	_	5	mod	_	_
82c1739f-778f-4a8c-bfce-2c20d2fe13f5.xml.macaon	8	8	-	-	ponctw	ponctw	_	7	ponct	_	_
82c1739f-778f-4a8c-bfce-2c20d2fe13f5.xml.macaon	9	9	2c20d2fe13f5	2c20d2fe13f5	nc	nc	_	7	mod	_	_

82c1739f-778f-4a8c-bfce-2c20d2fe13f5.xml.macaon	10	1	ADDED	ADDED	nc	nc	_	_	_	_	_

82c1739f-778f-4a8c-bfce-2c20d2fe13f5.xml.macaon	11	1	2016	2016	adj	adj	_	3	mod	_	_
82c1739f-778f-4a8c-bfce-2c20d2fe13f5.xml.macaon	12	2	-	-	ponctw	ponctw	_	1	ponct	_	_
82c1739f-778f-4a8c-bfce-2c20d2fe13f5.xml.macaon	13	3	06	06	nc	nc	_	_	_	_	_
82c1739f-778f-4a8c-bfce-2c20d2fe13f5.xml.macaon	14	4	-	-	ponctw	ponctw	_	3	ponct	_	_
82c1739f-778f-4a8c-bfce-2c20d2fe13f5.xml.macaon	15	5	15T14	15T14	nc	nc	_	3	mod	_	_
82c1739f-778f-4a8c-bfce-2c20d2fe13f5.xml.macaon	16	6	:	:	ponctw	ponctw	_	5	ponct	_	_
82c1739f-778f-4a8c-bfce-2c20d2fe13f5.xml.macaon	17	7	52	52	det	det	_	9	det	_	_
82c1739f-778f-4a8c-bfce-2c20d2fe13f5.xml.macaon	18	8	:	:	ponctw	ponctw	_	9	ponct	_	_
82c1739f-778f-4a8c-bfce-2c20d2fe13f5.xml.macaon	19	9	50Z	50Z	nc	nc	_	5	mod	_	_

82c1739f-778f-4a8c-bfce-2c20d2fe13f5.xml.macaon	20	1	Temple	Temple	np	np	_	_	_	_	_
82c1739f-778f-4a8c-bfce-2c20d2fe13f5.xml.macaon	21	2	d'	de	prep	prep	_	1	dep	_	_
82c1739f-778f-4a8c-bfce-2c20d2fe13f5.xml.macaon	22	3	Artémis	Artémis	np	np	_	2	obj	_	_
82c1739f-778f-4a8c-bfce-2c20d2fe13f5.xml.macaon	23	4	à	à	prep	prep	_	1	dep	_	_
82c1739f-778f-4a8c-bfce-2c20d2fe13f5.xml.macaon	24	5	Éphèse	Éphèse	nc	nc	_	4	obj	_	_

82c1739f-778f-4a8c-bfce-2c20d2fe13f5.xml.macaon	25	1	Le	le	det	det	_	2	det	_	_
82c1739f-778f-4a8c-bfce-2c20d2fe13f5.xml.macaon	26	2	temple	temple	nc	nc	_	7	suj	_	_
82c1739f-778f-4a8c-bfce-2c20d2fe13f5.xml.macaon	27	3	d'	de	prep	prep	_	2	dep	_	_
82c1739f-778f-4a8c-bfce-2c20d2fe13f5.xml.macaon	28	4	Artémis	Artémis	np	np	_	3	obj	_	_
82c1739f-778f-4a8c-bfce-2c20d2fe13f5.xml.macaon	29	5	à	à	prep	prep	_	7	mod	_	_
82c1739f-778f-4a8c-bfce-2c20d2fe13f5.xml.macaon	30	6	Éphèse	Éphèse	nc	nc	_	5	obj	_	_
82c1739f-778f-4a8c-bfce-2c20d2fe13f5.xml.macaon	31	7	est	être	v	v	_	_	_	_	_
82c1739f-778f-4a8c-bfce-2c20d2fe13f5.xml.macaon	32	8	l'une	l'un	pro	pro	_	7	__JOKER__	_	_
82c1739f-778f-4a8c-bfce-2c20d2fe13f5.xml.macaon	33	9	des	des	prep	prep	_	7	mod	_	_
82c1739f-778f-4a8c-bfce-2c20d2fe13f5.xml.macaon	34	10	sept	sept	adj	adj	_	11	mod	_	_
82c1739f-778f-4a8c-bfce-2c20d2fe13f5.xml.macaon	35	11	merveilles	merveille	nc	nc	_	9	obj	_	_
82c1739f-778f-4a8c-bfce-2c20d2fe13f5.xml.macaon	36	12	du	du	prep	prep	_	11	dep	_	_
82c1739f-778f-4a8c-bfce-2c20d2fe13f5.xml.macaon	37	13	monde	monde	nc	nc	_	12	obj	_	_
82c1739f-778f-4a8c-bfce-2c20d2fe13f5.xml.macaon	38	14	.	.	poncts	poncts	_	7	ponct	_	_

82c1739f-778f-4a8c-bfce-2c20d2fe13f5.xml.macaon	39	1	C'	C'	cln	cln	_	2	suj	_	_
82c1739f-778f-4a8c-bfce-2c20d2fe13f5.xml.macaon	40	2	est	être	v	v	_	_	_	_	_
82c1739f-778f-4a8c-bfce-2c20d2fe13f5.xml.macaon	41	3	un	un	det	det	_	4	det	_	_
82c1739f-778f-4a8c-bfce-2c20d2fe13f5.xml.macaon	42	4	temple	temple	nc	nc	_	2	ats	_	_
82c1739f-778f-4a8c-bfce-2c20d2fe13f5.xml.macaon	43	5	dédié	dédier	vppart	vppart	_	4	mod	_	_
82c1739f-778f-4a8c-bfce-2c20d2fe13f5.xml.macaon	44	6	à	à	prep	prep	_	5	a_obj	_	_
82c1739f-778f-4a8c-bfce-2c20d2fe13f5.xml.macaon	45	7	la	le	det	det	_	8	det	_	_
82c1739f-778f-4a8c-bfce-2c20d2fe13f5.xml.macaon	46	8	déesse	déesse	nc	nc	_	6	obj	_	_
82c1739f-778f-4a8c-bfce-2c20d2fe13f5.xml.macaon	47	9	Artémis	Artémis	np	np	_	8	mod	_	_
82c1739f-778f-4a8c-bfce-2c20d2fe13f5.xml.macaon	48	10	,	,	ponctw	ponctw	_	8	ponct	_	_
82c1739f-778f-4a8c-bfce-2c20d2fe13f5.xml.macaon	49	11	déesse	déesse	nc	nc	_	8	mod	_	_
82c1739f-778f-4a8c-bfce-2c20d2fe13f5.xml.macaon	50	12	de	de	prep	prep	_	11	dep	_	_
82c1739f-778f-4a8c-bfce-2c20d2fe13f5.xml.macaon	51	13	la	le	det	det	_	14	det	_	_
82c1739f-778f-4a8c-bfce-2c20d2fe13f5.xml.macaon	52	14	chasse	chasse	nc	nc	_	12	obj	_	_	B:Hunting:TARGET:chasse:G:52
82c1739f-778f-4a8c-bfce-2c20d2fe13f5.xml.macaon	53	15	et	et	coo	coo	_	6	coord	_	_
82c1739f-778f-4a8c-bfce-2c20d2fe13f5.xml.macaon	54	16	de	de	prep	prep	_	15	dep_coord	_	_
82c1739f-778f-4a8c-bfce-2c20d2fe13f5.xml.macaon	55	17	la	le	det	det	_	18	det	_	_
82c1739f-778f-4a8c-bfce-2c20d2fe13f5.xml.macaon	56	18	pureté	pureté	nc	nc	_	16	obj	_	_
82c1739f-778f-4a8c-bfce-2c20d2fe13f5.xml.macaon	57	19	,	,	ponctw	ponctw	_	18	ponct	_	_
82c1739f-778f-4a8c-bfce-2c20d2fe13f5.xml.macaon	58	20	déesse	déesse	nc	nc	_	18	mod	_	_
82c1739f-778f-4a8c-bfce-2c20d2fe13f5.xml.macaon	59	21	de	de	prep	prep	_	20	dep	_	_
82c1739f-778f-4a8c-bfce-2c20d2fe13f5.xml.macaon	60	22	la	le	det	det	_	23	det	_	_
82c1739f-778f-4a8c-bfce-2c20d2fe13f5.xml.macaon	61	23	Lune	Lune	np	np	_	21	obj	_	_
82c1739f-778f-4a8c-bfce-2c20d2fe13f5.xml.macaon	62	24	et	et	coo	coo	_	23	coord	_	_
82c1739f-778f-4a8c-bfce-2c20d2fe13f5.xml.macaon	63	25	jumelle	jumeau	adj	adj	_	23	mod	_	_
82c1739f-778f-4a8c-bfce-2c20d2fe13f5.xml.macaon	64	26	d'	de	prep	prep	_	18	dep	_	_
82c1739f-778f-4a8c-bfce-2c20d2fe13f5.xml.macaon	65	27	Apollon	Apollon	np	np	_	26	obj	_	_
82c1739f-778f-4a8c-bfce-2c20d2fe13f5.xml.macaon	66	28	.	.	poncts	poncts	_	2	ponct	_	_

82c1739f-778f-4a8c-bfce-2c20d2fe13f5.xml.macaon	67	1	Le	le	det	det	_	2	det	_	_
82c1739f-778f-4a8c-bfce-2c20d2fe13f5.xml.macaon	68	2	temple	temple	nc	nc	_	5	suj	_	_
82c1739f-778f-4a8c-bfce-2c20d2fe13f5.xml.macaon	69	3	a	avoir	v	v	_	5	aux_tps	_	_
82c1739f-778f-4a8c-bfce-2c20d2fe13f5.xml.macaon	70	4	été	être	vppart	vppart	_	5	aux_pass	_	_
82c1739f-778f-4a8c-bfce-2c20d2fe13f5.xml.macaon	71	5	achevé	achever	vppart	vppart	_	_	_	_	_
82c1739f-778f-4a8c-bfce-2c20d2fe13f5.xml.macaon	72	6	en	en	prep	prep	_	5	mod	_	_
82c1739f-778f-4a8c-bfce-2c20d2fe13f5.xml.macaon	73	7	460	460	det	det	_	8	det	_	_
82c1739f-778f-4a8c-bfce-2c20d2fe13f5.xml.macaon	74	8	av.	av.	nc	nc	_	6	obj	_	_

82c1739f-778f-4a8c-bfce-2c20d2fe13f5.xml.macaon	75	1	J.-C.	J.-C.	nc	nc	_	_	_	_	_
82c1739f-778f-4a8c-bfce-2c20d2fe13f5.xml.macaon	76	2	à	à	prep	prep	_	1	dep	_	_
82c1739f-778f-4a8c-bfce-2c20d2fe13f5.xml.macaon	77	3	Éphèse	Éphèse	nc	nc	_	2	obj	_	_
82c1739f-778f-4a8c-bfce-2c20d2fe13f5.xml.macaon	78	4	,	,	ponctw	ponctw	_	1	ponct	_	_
82c1739f-778f-4a8c-bfce-2c20d2fe13f5.xml.macaon	79	5	en	en	prep	prep	_	1	dep	_	_
82c1739f-778f-4a8c-bfce-2c20d2fe13f5.xml.macaon	80	6	Asie	Asie	np	np	_	5	obj	_	_
82c1739f-778f-4a8c-bfce-2c20d2fe13f5.xml.macaon	81	7	Mineure	Mineure	np	np	_	5	obj	_	_
82c1739f-778f-4a8c-bfce-2c20d2fe13f5.xml.macaon	82	8	,	,	ponctw	ponctw	_	1	ponct	_	_
82c1739f-778f-4a8c-bfce-2c20d2fe13f5.xml.macaon	83	9	dans	dans	prep	prep	_	1	dep	_	_
82c1739f-778f-4a8c-bfce-2c20d2fe13f5.xml.macaon	84	10	l'	le	det	det	_	12	det	_	_
82c1739f-778f-4a8c-bfce-2c20d2fe13f5.xml.macaon	85	11	actuelle	actuel	adj	adj	_	12	mod	_	_
82c1739f-778f-4a8c-bfce-2c20d2fe13f5.xml.macaon	86	12	Turquie	Turquie	np	np	_	9	obj	_	_
82c1739f-778f-4a8c-bfce-2c20d2fe13f5.xml.macaon	87	13	.	.	poncts	poncts	_	1	ponct	_	_

82c1739f-778f-4a8c-bfce-2c20d2fe13f5.xml.macaon	88	1	Ce	ce	det	det	_	2	det	_	_
82c1739f-778f-4a8c-bfce-2c20d2fe13f5.xml.macaon	89	2	temple	temple	nc	nc	_	3	suj	_	_
82c1739f-778f-4a8c-bfce-2c20d2fe13f5.xml.macaon	90	3	est	être	v	v	_	5	aux_tps	_	_
82c1739f-778f-4a8c-bfce-2c20d2fe13f5.xml.macaon	91	4	aujourd'hui	aujourd'hui	adv	adv	_	5	mod	_	_
82c1739f-778f-4a8c-bfce-2c20d2fe13f5.xml.macaon	92	5	réduit	réduire	vppart	vppart	_	_	_	_	_
82c1739f-778f-4a8c-bfce-2c20d2fe13f5.xml.macaon	93	6	à	à	prep	prep	_	5	a_obj	_	_
82c1739f-778f-4a8c-bfce-2c20d2fe13f5.xml.macaon	94	7	quelques	quelque	det	det	_	8	det	_	_
82c1739f-778f-4a8c-bfce-2c20d2fe13f5.xml.macaon	95	8	vestiges	vestige	nc	nc	_	6	obj	_	_
82c1739f-778f-4a8c-bfce-2c20d2fe13f5.xml.macaon	96	9	de	de	prep	prep	_	8	dep	_	_
82c1739f-778f-4a8c-bfce-2c20d2fe13f5.xml.macaon	97	10	colonnes	colonne	nc	nc	_	9	obj	_	_
82c1739f-778f-4a8c-bfce-2c20d2fe13f5.xml.macaon	98	11	.	.	poncts	poncts	_	10	__JOKER__	_	_

82c1739f-778f-4a8c-bfce-2c20d2fe13f5.xml.macaon	99	1	Antiquité	antiquité	nc	nc	_	_	_	_	_

82c1739f-778f-4a8c-bfce-2c20d2fe13f5.xml.macaon	100	1	Temple	Temple	np	np	_	_	_	_	_
82c1739f-778f-4a8c-bfce-2c20d2fe13f5.xml.macaon	101	2	d'	de	prep	prep	_	1	dep	_	_
82c1739f-778f-4a8c-bfce-2c20d2fe13f5.xml.macaon	102	3	Artémis	Artémis	np	np	_	2	obj	_	_
82c1739f-778f-4a8c-bfce-2c20d2fe13f5.xml.macaon	103	4	à	à	prep	prep	_	1	dep	_	_
82c1739f-778f-4a8c-bfce-2c20d2fe13f5.xml.macaon	104	5	Éphèse	Éphèse	nc	nc	_	4	obj	_	_

82c1739f-778f-4a8c-bfce-2c20d2fe13f5.xml.macaon	105	1	Le	le	det	det	_	2	det	_	_
82c1739f-778f-4a8c-bfce-2c20d2fe13f5.xml.macaon	106	2	temple	temple	nc	nc	_	7	suj	_	_
82c1739f-778f-4a8c-bfce-2c20d2fe13f5.xml.macaon	107	3	d'	de	prep	prep	_	2	dep	_	_
82c1739f-778f-4a8c-bfce-2c20d2fe13f5.xml.macaon	108	4	Artémis	Artémis	np	np	_	3	obj	_	_
82c1739f-778f-4a8c-bfce-2c20d2fe13f5.xml.macaon	109	5	à	à	prep	prep	_	7	mod	_	_
82c1739f-778f-4a8c-bfce-2c20d2fe13f5.xml.macaon	110	6	Éphèse	Éphèse	nc	nc	_	5	obj	_	_
82c1739f-778f-4a8c-bfce-2c20d2fe13f5.xml.macaon	111	7	est	être	v	v	_	_	_	_	_
82c1739f-778f-4a8c-bfce-2c20d2fe13f5.xml.macaon	112	8	l'une	l'un	pro	pro	_	7	__JOKER__	_	_
82c1739f-778f-4a8c-bfce-2c20d2fe13f5.xml.macaon	113	9	des	des	prep	prep	_	7	mod	_	_
82c1739f-778f-4a8c-bfce-2c20d2fe13f5.xml.macaon	114	10	sept	sept	adj	adj	_	11	mod	_	_
82c1739f-778f-4a8c-bfce-2c20d2fe13f5.xml.macaon	115	11	merveilles	merveille	nc	nc	_	9	obj	_	_
82c1739f-778f-4a8c-bfce-2c20d2fe13f5.xml.macaon	116	12	du	du	prep	prep	_	11	dep	_	_
82c1739f-778f-4a8c-bfce-2c20d2fe13f5.xml.macaon	117	13	monde	monde	nc	nc	_	12	obj	_	_
82c1739f-778f-4a8c-bfce-2c20d2fe13f5.xml.macaon	118	14	.	.	poncts	poncts	_	7	ponct	_	_

82c1739f-778f-4a8c-bfce-2c20d2fe13f5.xml.macaon	119	1	C'	C'	cln	cln	_	2	suj	_	_
82c1739f-778f-4a8c-bfce-2c20d2fe13f5.xml.macaon	120	2	est	être	v	v	_	_	_	_	_
82c1739f-778f-4a8c-bfce-2c20d2fe13f5.xml.macaon	121	3	un	un	det	det	_	4	det	_	_
82c1739f-778f-4a8c-bfce-2c20d2fe13f5.xml.macaon	122	4	temple	temple	nc	nc	_	2	ats	_	_
82c1739f-778f-4a8c-bfce-2c20d2fe13f5.xml.macaon	123	5	dédié	dédier	vppart	vppart	_	4	mod	_	_
82c1739f-778f-4a8c-bfce-2c20d2fe13f5.xml.macaon	124	6	à	à	prep	prep	_	5	a_obj	_	_
82c1739f-778f-4a8c-bfce-2c20d2fe13f5.xml.macaon	125	7	la	le	det	det	_	8	det	_	_
82c1739f-778f-4a8c-bfce-2c20d2fe13f5.xml.macaon	126	8	déesse	déesse	nc	nc	_	6	obj	_	_
82c1739f-778f-4a8c-bfce-2c20d2fe13f5.xml.macaon	127	9	Artémis	Artémis	np	np	_	8	mod	_	_
82c1739f-778f-4a8c-bfce-2c20d2fe13f5.xml.macaon	128	10	,	,	ponctw	ponctw	_	8	ponct	_	_
82c1739f-778f-4a8c-bfce-2c20d2fe13f5.xml.macaon	129	11	déesse	déesse	nc	nc	_	8	mod	_	_
82c1739f-778f-4a8c-bfce-2c20d2fe13f5.xml.macaon	130	12	de	de	prep	prep	_	11	dep	_	_
82c1739f-778f-4a8c-bfce-2c20d2fe13f5.xml.macaon	131	13	la	le	det	det	_	14	det	_	_
82c1739f-778f-4a8c-bfce-2c20d2fe13f5.xml.macaon	132	14	chasse	chasse	nc	nc	_	12	obj	_	_	B:Hunting:TARGET:chasse:G:132
82c1739f-778f-4a8c-bfce-2c20d2fe13f5.xml.macaon	133	15	et	et	coo	coo	_	6	coord	_	_
82c1739f-778f-4a8c-bfce-2c20d2fe13f5.xml.macaon	134	16	de	de	prep	prep	_	15	dep_coord	_	_
82c1739f-778f-4a8c-bfce-2c20d2fe13f5.xml.macaon	135	17	la	le	det	det	_	18	det	_	_
82c1739f-778f-4a8c-bfce-2c20d2fe13f5.xml.macaon	136	18	pureté	pureté	nc	nc	_	16	obj	_	_
82c1739f-778f-4a8c-bfce-2c20d2fe13f5.xml.macaon	137	19	,	,	ponctw	ponctw	_	18	ponct	_	_
82c1739f-778f-4a8c-bfce-2c20d2fe13f5.xml.macaon	138	20	déesse	déesse	nc	nc	_	18	mod	_	_
82c1739f-778f-4a8c-bfce-2c20d2fe13f5.xml.macaon	139	21	de	de	prep	prep	_	20	dep	_	_
82c1739f-778f-4a8c-bfce-2c20d2fe13f5.xml.macaon	140	22	la	le	det	det	_	23	det	_	_
82c1739f-778f-4a8c-bfce-2c20d2fe13f5.xml.macaon	141	23	Lune	Lune	np	np	_	21	obj	_	_
82c1739f-778f-4a8c-bfce-2c20d2fe13f5.xml.macaon	142	24	et	et	coo	coo	_	23	coord	_	_
82c1739f-778f-4a8c-bfce-2c20d2fe13f5.xml.macaon	143	25	jumelle	jumeau	adj	adj	_	23	mod	_	_
82c1739f-778f-4a8c-bfce-2c20d2fe13f5.xml.macaon	144	26	d'	de	prep	prep	_	18	dep	_	_
82c1739f-778f-4a8c-bfce-2c20d2fe13f5.xml.macaon	145	27	Apollon	Apollon	np	np	_	26	obj	_	_
82c1739f-778f-4a8c-bfce-2c20d2fe13f5.xml.macaon	146	28	.	.	poncts	poncts	_	2	ponct	_	_

82c1739f-778f-4a8c-bfce-2c20d2fe13f5.xml.macaon	147	1	Le	le	det	det	_	2	det	_	_
82c1739f-778f-4a8c-bfce-2c20d2fe13f5.xml.macaon	148	2	temple	temple	nc	nc	_	5	suj	_	_
82c1739f-778f-4a8c-bfce-2c20d2fe13f5.xml.macaon	149	3	a	avoir	v	v	_	5	aux_tps	_	_
82c1739f-778f-4a8c-bfce-2c20d2fe13f5.xml.macaon	150	4	été	être	vppart	vppart	_	5	aux_pass	_	_
82c1739f-778f-4a8c-bfce-2c20d2fe13f5.xml.macaon	151	5	achevé	achever	vppart	vppart	_	_	_	_	_
82c1739f-778f-4a8c-bfce-2c20d2fe13f5.xml.macaon	152	6	en	en	prep	prep	_	5	mod	_	_
82c1739f-778f-4a8c-bfce-2c20d2fe13f5.xml.macaon	153	7	460	460	det	det	_	8	det	_	_
82c1739f-778f-4a8c-bfce-2c20d2fe13f5.xml.macaon	154	8	av.	av.	nc	nc	_	6	obj	_	_

82c1739f-778f-4a8c-bfce-2c20d2fe13f5.xml.macaon	155	1	J.-C.	J.-C.	nc	nc	_	_	_	_	_
82c1739f-778f-4a8c-bfce-2c20d2fe13f5.xml.macaon	156	2	à	à	prep	prep	_	1	dep	_	_
82c1739f-778f-4a8c-bfce-2c20d2fe13f5.xml.macaon	157	3	Éphèse	Éphèse	nc	nc	_	2	obj	_	_
82c1739f-778f-4a8c-bfce-2c20d2fe13f5.xml.macaon	158	4	,	,	ponctw	ponctw	_	1	ponct	_	_
82c1739f-778f-4a8c-bfce-2c20d2fe13f5.xml.macaon	159	5	en	en	prep	prep	_	1	dep	_	_
82c1739f-778f-4a8c-bfce-2c20d2fe13f5.xml.macaon	160	6	Asie	Asie	np	np	_	5	obj	_	_
82c1739f-778f-4a8c-bfce-2c20d2fe13f5.xml.macaon	161	7	Mineure	Mineure	np	np	_	5	obj	_	_
82c1739f-778f-4a8c-bfce-2c20d2fe13f5.xml.macaon	162	8	,	,	ponctw	ponctw	_	1	ponct	_	_
82c1739f-778f-4a8c-bfce-2c20d2fe13f5.xml.macaon	163	9	dans	dans	prep	prep	_	1	dep	_	_
82c1739f-778f-4a8c-bfce-2c20d2fe13f5.xml.macaon	164	10	l'	le	det	det	_	12	det	_	_
82c1739f-778f-4a8c-bfce-2c20d2fe13f5.xml.macaon	165	11	actuelle	actuel	adj	adj	_	12	mod	_	_
82c1739f-778f-4a8c-bfce-2c20d2fe13f5.xml.macaon	166	12	Turquie	Turquie	np	np	_	9	obj	_	_
82c1739f-778f-4a8c-bfce-2c20d2fe13f5.xml.macaon	167	13	.	.	poncts	poncts	_	1	ponct	_	_

82c1739f-778f-4a8c-bfce-2c20d2fe13f5.xml.macaon	168	1	Ce	ce	det	det	_	2	det	_	_
82c1739f-778f-4a8c-bfce-2c20d2fe13f5.xml.macaon	169	2	temple	temple	nc	nc	_	3	suj	_	_
82c1739f-778f-4a8c-bfce-2c20d2fe13f5.xml.macaon	170	3	est	être	v	v	_	5	aux_tps	_	_
82c1739f-778f-4a8c-bfce-2c20d2fe13f5.xml.macaon	171	4	aujourd'hui	aujourd'hui	adv	adv	_	5	mod	_	_
82c1739f-778f-4a8c-bfce-2c20d2fe13f5.xml.macaon	172	5	réduit	réduire	vppart	vppart	_	_	_	_	_
82c1739f-778f-4a8c-bfce-2c20d2fe13f5.xml.macaon	173	6	à	à	prep	prep	_	5	a_obj	_	_
82c1739f-778f-4a8c-bfce-2c20d2fe13f5.xml.macaon	174	7	quelques	quelque	det	det	_	8	det	_	_
82c1739f-778f-4a8c-bfce-2c20d2fe13f5.xml.macaon	175	8	vestiges	vestige	nc	nc	_	6	obj	_	_
82c1739f-778f-4a8c-bfce-2c20d2fe13f5.xml.macaon	176	9	de	de	prep	prep	_	8	dep	_	_
82c1739f-778f-4a8c-bfce-2c20d2fe13f5.xml.macaon	177	10	colonnes	colonne	nc	nc	_	9	obj	_	_
82c1739f-778f-4a8c-bfce-2c20d2fe13f5.xml.macaon	178	11	.	.	poncts	poncts	_	10	__JOKER__	_	_

82c1739f-778f-4a8c-bfce-2c20d2fe13f5.xml.macaon	179	1	Le	le	det	det	_	2	det	_	_	B:Dimension:FE:Object:G:181
82c1739f-778f-4a8c-bfce-2c20d2fe13f5.xml.macaon	180	2	temple	temple	nc	nc	_	3	suj	_	_	I:Dimension:FE:Object:G:181	B:Buildings:FE:Created_entity:G:192
82c1739f-778f-4a8c-bfce-2c20d2fe13f5.xml.macaon	181	3	mesurait	mesurer	v	v	_	_	_	_	_	B:Dimension:TARGET:mesurer:G:181
82c1739f-778f-4a8c-bfce-2c20d2fe13f5.xml.macaon	182	4	115	115	det	det	_	5	det	_	_	B:Dimension:FE:Measurement:G:181
82c1739f-778f-4a8c-bfce-2c20d2fe13f5.xml.macaon	183	5	mètres	mètre	nc	nc	_	3	obj	_	_	I:Dimension:FE:Measurement:G:181
82c1739f-778f-4a8c-bfce-2c20d2fe13f5.xml.macaon	184	6	de	de	prep	prep	_	5	dep	_	_	I:Dimension:FE:Measurement:G:181
82c1739f-778f-4a8c-bfce-2c20d2fe13f5.xml.macaon	185	7	long	long	adj	adj	_	5	mod	_	_	I:Dimension:FE:Measurement:G:181
82c1739f-778f-4a8c-bfce-2c20d2fe13f5.xml.macaon	186	8	et	et	coo	coo	_	5	coord	_	_	I:Dimension:FE:Measurement:G:181
82c1739f-778f-4a8c-bfce-2c20d2fe13f5.xml.macaon	187	9	55	55	det	det	_	10	det	_	_	I:Dimension:FE:Measurement:G:181
82c1739f-778f-4a8c-bfce-2c20d2fe13f5.xml.macaon	188	10	mètres	mètre	nc	nc	_	8	dep_coord	_	_	I:Dimension:FE:Measurement:G:181
82c1739f-778f-4a8c-bfce-2c20d2fe13f5.xml.macaon	189	11	de	de	prep	prep	_	10	dep	_	_	I:Dimension:FE:Measurement:G:181
82c1739f-778f-4a8c-bfce-2c20d2fe13f5.xml.macaon	190	12	large	large	nc	nc	_	11	obj	_	_	I:Dimension:FE:Measurement:G:181
82c1739f-778f-4a8c-bfce-2c20d2fe13f5.xml.macaon	191	13	,	,	ponctw	ponctw	_	14	ponct	_	_
82c1739f-778f-4a8c-bfce-2c20d2fe13f5.xml.macaon	192	14	construit	construire	v	v	_	8	dep_coord	_	_	B:Buildings:TARGET:construire:G:192
82c1739f-778f-4a8c-bfce-2c20d2fe13f5.xml.macaon	193	15	entièrement	entièrement	adv	adv	_	14	mod	_	_
82c1739f-778f-4a8c-bfce-2c20d2fe13f5.xml.macaon	194	16	en	en	prep	prep	_	14	mod	_	_	B:Buildings:FE:Components:G:192
82c1739f-778f-4a8c-bfce-2c20d2fe13f5.xml.macaon	195	17	marbre	marbre	nc	nc	_	16	obj	_	_	I:Buildings:FE:Components:G:192
82c1739f-778f-4a8c-bfce-2c20d2fe13f5.xml.macaon	196	18	.	.	poncts	poncts	_	3	ponct	_	_

82c1739f-778f-4a8c-bfce-2c20d2fe13f5.xml.macaon	197	1	Il	il	cln	cln	_	3	suj	_	_
82c1739f-778f-4a8c-bfce-2c20d2fe13f5.xml.macaon	198	2	y	y	clo	clo	_	3	__JOKER__	_	_
82c1739f-778f-4a8c-bfce-2c20d2fe13f5.xml.macaon	199	3	avait	avoir	v	v	_	_	_	_	_
82c1739f-778f-4a8c-bfce-2c20d2fe13f5.xml.macaon	200	4	127	127	det	det	_	5	det	_	_
82c1739f-778f-4a8c-bfce-2c20d2fe13f5.xml.macaon	201	5	colonnes	colonne	nc	nc	_	3	obj	_	_
82c1739f-778f-4a8c-bfce-2c20d2fe13f5.xml.macaon	202	6	ioniques	ionique	adj	adj	_	5	mod	_	_
82c1739f-778f-4a8c-bfce-2c20d2fe13f5.xml.macaon	203	7	,	,	ponctw	ponctw	_	3	ponct	_	_
82c1739f-778f-4a8c-bfce-2c20d2fe13f5.xml.macaon	204	8	chacune	chacun	pro	pro	_	9	__JOKER__	_	_	B:Dimension:FE:Object:G:205
82c1739f-778f-4a8c-bfce-2c20d2fe13f5.xml.macaon	205	9	mesurant	mesurer	vprespart	vprespart	_	3	__JOKER__	_	_	B:Dimension:TARGET:mesurer:G:205
82c1739f-778f-4a8c-bfce-2c20d2fe13f5.xml.macaon	206	10	18	18	det	det	_	11	det	_	_	B:Dimension:FE:Measurement:G:205
82c1739f-778f-4a8c-bfce-2c20d2fe13f5.xml.macaon	207	11	mètres	mètre	nc	nc	_	9	__JOKER__	_	_	I:Dimension:FE:Measurement:G:205
82c1739f-778f-4a8c-bfce-2c20d2fe13f5.xml.macaon	208	12	de	de	prep	prep	_	11	dep	_	_	I:Dimension:FE:Measurement:G:205
82c1739f-778f-4a8c-bfce-2c20d2fe13f5.xml.macaon	209	13	haut	haut	nc	nc	_	12	obj	_	_	I:Dimension:FE:Measurement:G:205
82c1739f-778f-4a8c-bfce-2c20d2fe13f5.xml.macaon	210	14	.	.	poncts	poncts	_	3	ponct	_	_

82c1739f-778f-4a8c-bfce-2c20d2fe13f5.xml.macaon	211	1	On	on	cln	cln	_	3	suj	_	_	B:Locating:FE:Perceiver:G:213
82c1739f-778f-4a8c-bfce-2c20d2fe13f5.xml.macaon	212	2	y	y	clo	clo	_	3	__JOKER__	_	_	B:Locating:FE:Ground:G:213
82c1739f-778f-4a8c-bfce-2c20d2fe13f5.xml.macaon	213	3	trouvait	trouver	v	v	_	_	_	_	_	B:Locating:TARGET:trouver:G:213
82c1739f-778f-4a8c-bfce-2c20d2fe13f5.xml.macaon	214	4	des	un	det	det	_	5	det	_	_	B:Locating:FE:Sought_entity:G:213
82c1739f-778f-4a8c-bfce-2c20d2fe13f5.xml.macaon	215	5	œuvres	œuvres	nc	nc	_	3	obj	_	_	I:Locating:FE:Sought_entity:G:213
82c1739f-778f-4a8c-bfce-2c20d2fe13f5.xml.macaon	216	6	de	de	prep	prep	_	5	dep	_	_	I:Locating:FE:Sought_entity:G:213
82c1739f-778f-4a8c-bfce-2c20d2fe13f5.xml.macaon	217	7	tous	tout	adj	adj	_	9	mod	_	_	I:Locating:FE:Sought_entity:G:213
82c1739f-778f-4a8c-bfce-2c20d2fe13f5.xml.macaon	218	8	les	le	det	det	_	9	det	_	_	I:Locating:FE:Sought_entity:G:213
82c1739f-778f-4a8c-bfce-2c20d2fe13f5.xml.macaon	219	9	sculpteurs	sculpteur	nc	nc	_	6	obj	_	_	I:Locating:FE:Sought_entity:G:213
82c1739f-778f-4a8c-bfce-2c20d2fe13f5.xml.macaon	220	10	célèbres	célèbre	adj	adj	_	9	mod	_	_	I:Locating:FE:Sought_entity:G:213
82c1739f-778f-4a8c-bfce-2c20d2fe13f5.xml.macaon	221	11	de#l'	de#l'	prep	prep	_	9	dep	_	_	I:Locating:FE:Sought_entity:G:213
82c1739f-778f-4a8c-bfce-2c20d2fe13f5.xml.macaon	222	12	époque	époque	nc	nc	_	11	obj	_	_	I:Locating:FE:Sought_entity:G:213
82c1739f-778f-4a8c-bfce-2c20d2fe13f5.xml.macaon	223	13	,	,	ponctw	ponctw	_	9	ponct	_	_	I:Locating:FE:Sought_entity:G:213
82c1739f-778f-4a8c-bfce-2c20d2fe13f5.xml.macaon	224	14	ainsi#que	ainsi#que	coo	coo	_	9	coord	_	_	I:Locating:FE:Sought_entity:G:213
82c1739f-778f-4a8c-bfce-2c20d2fe13f5.xml.macaon	225	15	des	un	det	det	_	16	det	_	_	I:Locating:FE:Sought_entity:G:213
82c1739f-778f-4a8c-bfce-2c20d2fe13f5.xml.macaon	226	16	peintures	peinture	nc	nc	_	14	dep_coord	_	_	I:Locating:FE:Sought_entity:G:213
82c1739f-778f-4a8c-bfce-2c20d2fe13f5.xml.macaon	227	17	.	.	poncts	poncts	_	3	ponct	_	_

82c1739f-778f-4a8c-bfce-2c20d2fe13f5.xml.macaon	228	1	Certaines	certaines	det	det	_	2	det	_	_
82c1739f-778f-4a8c-bfce-2c20d2fe13f5.xml.macaon	229	2	colonnes	colonne	nc	nc	_	4	suj	_	_
82c1739f-778f-4a8c-bfce-2c20d2fe13f5.xml.macaon	230	3	étaient	étayer	v	v	_	4	aux_tps	_	_
82c1739f-778f-4a8c-bfce-2c20d2fe13f5.xml.macaon	231	4	recouvertes	recouvrir	vppart	vppart	_	_	_	_	_
82c1739f-778f-4a8c-bfce-2c20d2fe13f5.xml.macaon	232	5	d'	un	det	det	_	6	det	_	_
82c1739f-778f-4a8c-bfce-2c20d2fe13f5.xml.macaon	233	6	or	or	nc	nc	_	4	obj	_	_
82c1739f-778f-4a8c-bfce-2c20d2fe13f5.xml.macaon	234	7	et	et	coo	coo	_	6	coord	_	_
82c1739f-778f-4a8c-bfce-2c20d2fe13f5.xml.macaon	235	8	d'	un	det	det	_	9	det	_	_
82c1739f-778f-4a8c-bfce-2c20d2fe13f5.xml.macaon	236	9	argent	argent	nc	nc	_	7	dep_coord	_	_
82c1739f-778f-4a8c-bfce-2c20d2fe13f5.xml.macaon	237	10	.	.	poncts	poncts	_	4	__JOKER__	_	_

82c1739f-778f-4a8c-bfce-2c20d2fe13f5.xml.macaon	238	1	Beaucoup#de	beaucoup#de	prep	prep	_	3	mod	_	_
82c1739f-778f-4a8c-bfce-2c20d2fe13f5.xml.macaon	239	2	sculptures	sculpture	nc	nc	_	1	obj	_	_
82c1739f-778f-4a8c-bfce-2c20d2fe13f5.xml.macaon	240	3	représentaient	représenter	v	v	_	_	_	_	_
82c1739f-778f-4a8c-bfce-2c20d2fe13f5.xml.macaon	241	4	les	le	det	det	_	5	det	_	_
82c1739f-778f-4a8c-bfce-2c20d2fe13f5.xml.macaon	242	5	Amazones	amazone	nc	nc	_	3	obj	_	_
82c1739f-778f-4a8c-bfce-2c20d2fe13f5.xml.macaon	243	6	,	,	ponctw	ponctw	_	3	ponct	_	_
82c1739f-778f-4a8c-bfce-2c20d2fe13f5.xml.macaon	244	7	peuple	peuple	nc	nc	_	3	obj	_	_
82c1739f-778f-4a8c-bfce-2c20d2fe13f5.xml.macaon	245	8	légendaire	légendaire	adj	adj	_	7	mod	_	_
82c1739f-778f-4a8c-bfce-2c20d2fe13f5.xml.macaon	246	9	de	de	prep	prep	_	7	dep	_	_
82c1739f-778f-4a8c-bfce-2c20d2fe13f5.xml.macaon	247	10	femmes	femme	nc	nc	_	9	obj	_	_
82c1739f-778f-4a8c-bfce-2c20d2fe13f5.xml.macaon	248	11	guerrières	guerrier	adj	adj	_	10	mod	_	_
82c1739f-778f-4a8c-bfce-2c20d2fe13f5.xml.macaon	249	12	qui	qui	prorel	prorel	_	14	suj	_	_
82c1739f-778f-4a8c-bfce-2c20d2fe13f5.xml.macaon	250	13	ont	avoir	v	v	_	14	aux_tps	_	_
82c1739f-778f-4a8c-bfce-2c20d2fe13f5.xml.macaon	251	14	fondé	fonder	vppart	vppart	_	7	mod	_	_
82c1739f-778f-4a8c-bfce-2c20d2fe13f5.xml.macaon	252	15	Éphèse	Éphèse	nc	nc	_	14	obj	_	_
82c1739f-778f-4a8c-bfce-2c20d2fe13f5.xml.macaon	253	16	.	.	poncts	poncts	_	3	ponct	_	_

82c1739f-778f-4a8c-bfce-2c20d2fe13f5.xml.macaon	254	1	Histoire	histoire	nc	nc	_	_	_	_	_

82c1739f-778f-4a8c-bfce-2c20d2fe13f5.xml.macaon	255	1	C'	C'	cln	cln	_	2	suj	_	_
82c1739f-778f-4a8c-bfce-2c20d2fe13f5.xml.macaon	256	2	est	être	v	v	_	_	_	_	_
82c1739f-778f-4a8c-bfce-2c20d2fe13f5.xml.macaon	257	3	Crésus	Crésus	np	np	_	2	__JOKER__	_	_	B:Buildings:FE:Agent:G:282
82c1739f-778f-4a8c-bfce-2c20d2fe13f5.xml.macaon	258	4	,	,	ponctw	ponctw	_	2	ponct	_	_
82c1739f-778f-4a8c-bfce-2c20d2fe13f5.xml.macaon	259	5	le	le	det	det	_	7	det	_	_
82c1739f-778f-4a8c-bfce-2c20d2fe13f5.xml.macaon	260	6	riche	riche	adj	adj	_	7	mod	_	_
82c1739f-778f-4a8c-bfce-2c20d2fe13f5.xml.macaon	261	7	roi	roi	nc	nc	_	2	obj	_	_
82c1739f-778f-4a8c-bfce-2c20d2fe13f5.xml.macaon	262	8	de	de	prep	prep	_	7	dep	_	_
82c1739f-778f-4a8c-bfce-2c20d2fe13f5.xml.macaon	263	9	Lydie	Lydie	np	np	_	8	obj	_	_
82c1739f-778f-4a8c-bfce-2c20d2fe13f5.xml.macaon	264	10	(	(	ponctw	ponctw	_	12	ponct	_	_
82c1739f-778f-4a8c-bfce-2c20d2fe13f5.xml.macaon	265	11	on	on	cln	cln	_	12	suj	_	_	B:Statement:FE:Speaker:G:266
82c1739f-778f-4a8c-bfce-2c20d2fe13f5.xml.macaon	266	12	dit	dire	v	v	_	9	mod_rel	_	_	B:Statement:TARGET:dire:G:266
82c1739f-778f-4a8c-bfce-2c20d2fe13f5.xml.macaon	267	13	encore	encore	adv	adv	_	12	mod	_	_
82c1739f-778f-4a8c-bfce-2c20d2fe13f5.xml.macaon	268	14	de	de	prep	prep	_	12	de_obj	_	_	B:Statement:FE:Time:G:266
82c1739f-778f-4a8c-bfce-2c20d2fe13f5.xml.macaon	269	15	nos	son	det	det	_	16	det	_	_	I:Statement:FE:Time:G:266
82c1739f-778f-4a8c-bfce-2c20d2fe13f5.xml.macaon	270	16	jours	jour	nc	nc	_	14	obj	_	_	I:Statement:FE:Time:G:266
82c1739f-778f-4a8c-bfce-2c20d2fe13f5.xml.macaon	271	17	"	"	ponctw	ponctw	_	16	ponct	_	_	B:Statement:FE:Message:G:266
82c1739f-778f-4a8c-bfce-2c20d2fe13f5.xml.macaon	272	18	riche	riche	nc	nc	_	26	suj	_	_	I:Statement:FE:Message:G:266
82c1739f-778f-4a8c-bfce-2c20d2fe13f5.xml.macaon	273	19	comme	comme	prep	prep	_	26	mod	_	_	I:Statement:FE:Message:G:266
82c1739f-778f-4a8c-bfce-2c20d2fe13f5.xml.macaon	274	20	Crésus	Crésus	np	np	_	19	obj	_	_	I:Statement:FE:Message:G:266
82c1739f-778f-4a8c-bfce-2c20d2fe13f5.xml.macaon	275	21	"	"	ponctw	ponctw	_	20	ponct	_	_	I:Statement:FE:Message:G:266
82c1739f-778f-4a8c-bfce-2c20d2fe13f5.xml.macaon	276	22	)	)	ponctw	ponctw	_	20	ponct	_	_
82c1739f-778f-4a8c-bfce-2c20d2fe13f5.xml.macaon	277	23	,	,	ponctw	ponctw	_	26	ponct	_	_
82c1739f-778f-4a8c-bfce-2c20d2fe13f5.xml.macaon	278	24	qui	qui	prorel	prorel	_	26	suj	_	_
82c1739f-778f-4a8c-bfce-2c20d2fe13f5.xml.macaon	279	25	a	avoir	v	v	_	26	aux_tps	_	_
82c1739f-778f-4a8c-bfce-2c20d2fe13f5.xml.macaon	280	26	ordonné	ordonner	vppart	vppart	_	9	__JOKER__	_	_
82c1739f-778f-4a8c-bfce-2c20d2fe13f5.xml.macaon	281	27	sa	son	det	det	_	28	det	_	_
82c1739f-778f-4a8c-bfce-2c20d2fe13f5.xml.macaon	282	28	construction	construction	nc	nc	_	26	obj	_	_	B:Buildings:TARGET:construction:G:282
82c1739f-778f-4a8c-bfce-2c20d2fe13f5.xml.macaon	283	29	en	en	prep	prep	_	26	mod	_	_	B:Buildings:FE:Time:G:282
82c1739f-778f-4a8c-bfce-2c20d2fe13f5.xml.macaon	284	30	550	550	nc	nc	_	29	obj	_	_	I:Buildings:FE:Time:G:282
82c1739f-778f-4a8c-bfce-2c20d2fe13f5.xml.macaon	285	31	av	av	prep	prep	_	36	mod	_	_	I:Buildings:FE:Time:G:282
82c1739f-778f-4a8c-bfce-2c20d2fe13f5.xml.macaon	286	32	J.-C.	Jésus-Christ	np	np	_	31	obj	_	_	I:Buildings:FE:Time:G:282
82c1739f-778f-4a8c-bfce-2c20d2fe13f5.xml.macaon	287	33	Elle	Elle	cln	cln	_	36	suj	_	_
82c1739f-778f-4a8c-bfce-2c20d2fe13f5.xml.macaon	288	34	ne	ne	advneg	advneg	_	36	mod	_	_
82c1739f-778f-4a8c-bfce-2c20d2fe13f5.xml.macaon	289	35	s'	s'	clr	clr	_	36	aff	_	_
82c1739f-778f-4a8c-bfce-2c20d2fe13f5.xml.macaon	290	36	achève	achever	v	v	_	30	mod_rel	_	_
82c1739f-778f-4a8c-bfce-2c20d2fe13f5.xml.macaon	291	37	que	que	csu	csu	_	36	obj	_	_
82c1739f-778f-4a8c-bfce-2c20d2fe13f5.xml.macaon	292	38	plus#de	plus#de	det	det	_	39	det	_	_
82c1739f-778f-4a8c-bfce-2c20d2fe13f5.xml.macaon	293	39	cent	cent	nc	nc	_	36	obj	_	_
82c1739f-778f-4a8c-bfce-2c20d2fe13f5.xml.macaon	294	40	ans	an	nc	nc	_	39	mod	_	_
82c1739f-778f-4a8c-bfce-2c20d2fe13f5.xml.macaon	295	41	plus#tard	plus#tard	adv	adv	_	40	mod	_	_
82c1739f-778f-4a8c-bfce-2c20d2fe13f5.xml.macaon	296	42	!	!	poncts	poncts	_	2	ponct	_	_

82c1739f-778f-4a8c-bfce-2c20d2fe13f5.xml.macaon	297	1	Le	le	det	det	_	2	det	_	_	B:Becoming:FE:Entity:G:299
82c1739f-778f-4a8c-bfce-2c20d2fe13f5.xml.macaon	298	2	temple	temple	nc	nc	_	3	suj	_	_	I:Becoming:FE:Entity:G:299
82c1739f-778f-4a8c-bfce-2c20d2fe13f5.xml.macaon	299	3	devient	devenir	v	v	_	_	_	_	_	B:Becoming:TARGET:devenir:G:299
82c1739f-778f-4a8c-bfce-2c20d2fe13f5.xml.macaon	300	4	rapidement	rapidement	adv	adv	_	3	mod	_	_	B:Becoming:FE:Duration_of_final_state:G:299
82c1739f-778f-4a8c-bfce-2c20d2fe13f5.xml.macaon	301	5	une	un	det	det	_	7	det	_	_	B:Becoming:FE:Final_category:G:299
82c1739f-778f-4a8c-bfce-2c20d2fe13f5.xml.macaon	302	6	grande	grand	adj	adj	_	7	mod	_	_	I:Becoming:FE:Final_category:G:299
82c1739f-778f-4a8c-bfce-2c20d2fe13f5.xml.macaon	303	7	attraction	attraction	nc	nc	_	3	obj	_	_	I:Becoming:FE:Final_category:G:299
82c1739f-778f-4a8c-bfce-2c20d2fe13f5.xml.macaon	304	8	touristique	touristique	adj	adj	_	7	mod	_	_	I:Becoming:FE:Final_category:G:299
82c1739f-778f-4a8c-bfce-2c20d2fe13f5.xml.macaon	305	9	:	:	ponctw	ponctw	_	14	ponct	_	_
82c1739f-778f-4a8c-bfce-2c20d2fe13f5.xml.macaon	306	10	les	le	det	det	_	11	det	_	_
82c1739f-778f-4a8c-bfce-2c20d2fe13f5.xml.macaon	307	11	rois	roi	nc	nc	_	14	suj	_	_
82c1739f-778f-4a8c-bfce-2c20d2fe13f5.xml.macaon	308	12	s'	s'	clr	clr	_	14	aff	_	_
82c1739f-778f-4a8c-bfce-2c20d2fe13f5.xml.macaon	309	13	y	y	clo	clo	_	14	__JOKER__	_	_
82c1739f-778f-4a8c-bfce-2c20d2fe13f5.xml.macaon	310	14	rendent	rendre	v	v	_	7	mod_rel	_	_
82c1739f-778f-4a8c-bfce-2c20d2fe13f5.xml.macaon	311	15	pour	pour	prep	prep	_	14	mod	_	_
82c1739f-778f-4a8c-bfce-2c20d2fe13f5.xml.macaon	312	16	le	le	clo	clo	_	17	__JOKER__	_	_
82c1739f-778f-4a8c-bfce-2c20d2fe13f5.xml.macaon	313	17	visiter	visiter	vinf	vinf	_	15	obj	_	_
82c1739f-778f-4a8c-bfce-2c20d2fe13f5.xml.macaon	314	18	et	et	coo	coo	_	14	coord	_	_
82c1739f-778f-4a8c-bfce-2c20d2fe13f5.xml.macaon	315	19	offrir	offrir	vinf	vinf	_	14	obj	_	_
82c1739f-778f-4a8c-bfce-2c20d2fe13f5.xml.macaon	316	20	des	un	det	det	_	21	det	_	_
82c1739f-778f-4a8c-bfce-2c20d2fe13f5.xml.macaon	317	21	cadeaux	cadeau	nc	nc	_	19	obj	_	_
82c1739f-778f-4a8c-bfce-2c20d2fe13f5.xml.macaon	318	22	magnifiques	magnifique	adj	adj	_	21	mod	_	_
82c1739f-778f-4a8c-bfce-2c20d2fe13f5.xml.macaon	319	23	.	.	poncts	poncts	_	3	ponct	_	_

82c1739f-778f-4a8c-bfce-2c20d2fe13f5.xml.macaon	320	1	La	la	det	det	_	2	det	_	_
82c1739f-778f-4a8c-bfce-2c20d2fe13f5.xml.macaon	321	2	majesté	majesté	nc	nc	_	5	suj	_	_
82c1739f-778f-4a8c-bfce-2c20d2fe13f5.xml.macaon	322	3	de#l'	de#l'	prep	prep	_	2	dep	_	_
82c1739f-778f-4a8c-bfce-2c20d2fe13f5.xml.macaon	323	4	endroit	endroit	nc	nc	_	3	obj	_	_
82c1739f-778f-4a8c-bfce-2c20d2fe13f5.xml.macaon	324	5	en#fait	en#fait	v	v	_	_	_	_	_
82c1739f-778f-4a8c-bfce-2c20d2fe13f5.xml.macaon	325	6	rapidement	rapidement	adv	adv	_	5	mod	_	_
82c1739f-778f-4a8c-bfce-2c20d2fe13f5.xml.macaon	326	7	un	un	det	det	_	8	det	_	_
82c1739f-778f-4a8c-bfce-2c20d2fe13f5.xml.macaon	327	8	refuge	refuge	nc	nc	_	5	obj	_	_
82c1739f-778f-4a8c-bfce-2c20d2fe13f5.xml.macaon	328	9	et	et	coo	coo	_	8	coord	_	_
82c1739f-778f-4a8c-bfce-2c20d2fe13f5.xml.macaon	329	10	un	un	det	det	_	11	det	_	_
82c1739f-778f-4a8c-bfce-2c20d2fe13f5.xml.macaon	330	11	asile	asile	nc	nc	_	9	dep_coord	_	_
82c1739f-778f-4a8c-bfce-2c20d2fe13f5.xml.macaon	331	12	.	.	poncts	poncts	_	5	ponct	_	_

82c1739f-778f-4a8c-bfce-2c20d2fe13f5.xml.macaon	332	1	En	en	prep	prep	_	_	_	_	_
82c1739f-778f-4a8c-bfce-2c20d2fe13f5.xml.macaon	333	2	356	356	det	det	_	3	det	_	_
82c1739f-778f-4a8c-bfce-2c20d2fe13f5.xml.macaon	334	3	av.	av.	nc	nc	_	1	obj	_	_

82c1739f-778f-4a8c-bfce-2c20d2fe13f5.xml.macaon	335	1	J.-C.	Jésus-Christ	np	np	_	8	suj	_	_
82c1739f-778f-4a8c-bfce-2c20d2fe13f5.xml.macaon	336	2	,	,	ponctw	ponctw	_	8	ponct	_	_
82c1739f-778f-4a8c-bfce-2c20d2fe13f5.xml.macaon	337	3	un	un	det	det	_	4	det	_	_
82c1739f-778f-4a8c-bfce-2c20d2fe13f5.xml.macaon	338	4	pyromane	pyromane	nc	nc	_	8	suj	_	_
82c1739f-778f-4a8c-bfce-2c20d2fe13f5.xml.macaon	339	5	nommé	nommer	vppart	vppart	_	4	mod	_	_	B:OTHER:G
82c1739f-778f-4a8c-bfce-2c20d2fe13f5.xml.macaon	340	6	Érostrate	Érostrate	adj	adj	_	4	mod	_	_
82c1739f-778f-4a8c-bfce-2c20d2fe13f5.xml.macaon	341	7	y	y	clo	clo	_	8	__JOKER__	_	_
82c1739f-778f-4a8c-bfce-2c20d2fe13f5.xml.macaon	342	8	mit	mettre	v	v	_	_	_	_	_
82c1739f-778f-4a8c-bfce-2c20d2fe13f5.xml.macaon	343	9	le	le	det	det	_	10	det	_	_
82c1739f-778f-4a8c-bfce-2c20d2fe13f5.xml.macaon	344	10	feu	feu	nc	nc	_	8	obj	_	_
82c1739f-778f-4a8c-bfce-2c20d2fe13f5.xml.macaon	345	11	,	,	ponctw	ponctw	_	8	ponct	_	_
82c1739f-778f-4a8c-bfce-2c20d2fe13f5.xml.macaon	346	12	voulant	vouloir	vprespart	vprespart	_	8	__JOKER__	_	_
82c1739f-778f-4a8c-bfce-2c20d2fe13f5.xml.macaon	347	13	ainsi	ainsi	adv	adv	_	14	mod	_	_
82c1739f-778f-4a8c-bfce-2c20d2fe13f5.xml.macaon	348	14	obtenir	obtenir	vinf	vinf	_	8	obj	_	_
82c1739f-778f-4a8c-bfce-2c20d2fe13f5.xml.macaon	349	15	la	le	det	det	_	16	det	_	_
82c1739f-778f-4a8c-bfce-2c20d2fe13f5.xml.macaon	350	16	gloire	gloire	nc	nc	_	14	obj	_	_
82c1739f-778f-4a8c-bfce-2c20d2fe13f5.xml.macaon	351	17	de	de	prep	prep	_	16	dep	_	_
82c1739f-778f-4a8c-bfce-2c20d2fe13f5.xml.macaon	352	18	voir	voir	vinf	vinf	_	17	obj	_	_
82c1739f-778f-4a8c-bfce-2c20d2fe13f5.xml.macaon	353	19	son	son	det	det	_	20	det	_	_
82c1739f-778f-4a8c-bfce-2c20d2fe13f5.xml.macaon	354	20	nom	nom	nc	nc	_	18	obj	_	_
82c1739f-778f-4a8c-bfce-2c20d2fe13f5.xml.macaon	355	21	prononcé	prononcer	vppart	vppart	_	20	mod	_	_
82c1739f-778f-4a8c-bfce-2c20d2fe13f5.xml.macaon	356	22	dans	dans	prep	prep	_	21	mod	_	_
82c1739f-778f-4a8c-bfce-2c20d2fe13f5.xml.macaon	357	23	le	le	det	det	_	24	det	_	_
82c1739f-778f-4a8c-bfce-2c20d2fe13f5.xml.macaon	358	24	monde	monde	nc	nc	_	22	obj	_	_
82c1739f-778f-4a8c-bfce-2c20d2fe13f5.xml.macaon	359	25	entier	entier	adj	adj	_	24	mod	_	_
82c1739f-778f-4a8c-bfce-2c20d2fe13f5.xml.macaon	360	26	.	.	poncts	poncts	_	8	ponct	_	_

82c1739f-778f-4a8c-bfce-2c20d2fe13f5.xml.macaon	361	1	Mais	mais	coo	coo	_	_	_	_	_
82c1739f-778f-4a8c-bfce-2c20d2fe13f5.xml.macaon	362	2	l'	le	det	det	_	3	det	_	_	B:Becoming:FE:Entity:G:364
82c1739f-778f-4a8c-bfce-2c20d2fe13f5.xml.macaon	363	3	homme	homme	nc	nc	_	4	suj	_	_	I:Becoming:FE:Entity:G:364
82c1739f-778f-4a8c-bfce-2c20d2fe13f5.xml.macaon	364	4	devint	devenir	v	v	_	1	dep_coord	_	_	B:Becoming:TARGET:devenir:G:364
82c1739f-778f-4a8c-bfce-2c20d2fe13f5.xml.macaon	365	5	tellement	tellement	adv	adv	_	6	mod	_	_	B:Becoming:FE:Manner:G:364
82c1739f-778f-4a8c-bfce-2c20d2fe13f5.xml.macaon	366	6	haï	haïr	adj	adj	_	4	ats	_	_	B:Becoming:FE:Final_quality:G:364
82c1739f-778f-4a8c-bfce-2c20d2fe13f5.xml.macaon	367	7	pour	pour	prep	prep	_	4	mod	_	_	B:Becoming:FE:Circumstances:G:364
82c1739f-778f-4a8c-bfce-2c20d2fe13f5.xml.macaon	368	8	cet	ce	det	det	_	9	det	_	_	I:Becoming:FE:Circumstances:G:364
82c1739f-778f-4a8c-bfce-2c20d2fe13f5.xml.macaon	369	9	acte	acte	nc	nc	_	7	obj	_	_	I:Becoming:FE:Circumstances:G:364
82c1739f-778f-4a8c-bfce-2c20d2fe13f5.xml.macaon	370	10	qu'	que	prorel	prorel	_	14	__JOKER__	_	_
82c1739f-778f-4a8c-bfce-2c20d2fe13f5.xml.macaon	371	11	une	un	det	det	_	13	det	_	_
82c1739f-778f-4a8c-bfce-2c20d2fe13f5.xml.macaon	372	12	sévère	sévère	adj	adj	_	13	mod	_	_
82c1739f-778f-4a8c-bfce-2c20d2fe13f5.xml.macaon	373	13	punition	punition	nc	nc	_	14	suj	_	_
82c1739f-778f-4a8c-bfce-2c20d2fe13f5.xml.macaon	374	14	menaçait	menacer	v	v	_	9	mod_rel	_	_
82c1739f-778f-4a8c-bfce-2c20d2fe13f5.xml.macaon	375	15	quiconque	quiconque	pro	pro	_	14	__JOKER__	_	_
82c1739f-778f-4a8c-bfce-2c20d2fe13f5.xml.macaon	376	16	prononcerait	prononcer	v	v	_	15	mod_rel	_	_
82c1739f-778f-4a8c-bfce-2c20d2fe13f5.xml.macaon	377	17	son	son	det	det	_	18	det	_	_
82c1739f-778f-4a8c-bfce-2c20d2fe13f5.xml.macaon	378	18	nom	nom	nc	nc	_	16	obj	_	_
82c1739f-778f-4a8c-bfce-2c20d2fe13f5.xml.macaon	379	19	!	!	poncts	poncts	_	4	ponct	_	_

82c1739f-778f-4a8c-bfce-2c20d2fe13f5.xml.macaon	380	1	C'	C'	cln	cln	_	2	suj	_	_
82c1739f-778f-4a8c-bfce-2c20d2fe13f5.xml.macaon	381	2	est	être	v	v	_	_	_	_	_
82c1739f-778f-4a8c-bfce-2c20d2fe13f5.xml.macaon	382	3	cette	ce	det	det	_	4	det	_	_
82c1739f-778f-4a8c-bfce-2c20d2fe13f5.xml.macaon	383	4	nuit	nuit	nc	nc	_	2	ats	_	_
82c1739f-778f-4a8c-bfce-2c20d2fe13f5.xml.macaon	384	5	du	du	prep	prep	_	4	dep	_	_
82c1739f-778f-4a8c-bfce-2c20d2fe13f5.xml.macaon	385	6	21	21	adj	adj	_	7	mod	_	_
82c1739f-778f-4a8c-bfce-2c20d2fe13f5.xml.macaon	386	7	juillet	juillet	nc	nc	_	5	obj	_	_
82c1739f-778f-4a8c-bfce-2c20d2fe13f5.xml.macaon	387	8	,	,	ponctw	ponctw	_	9	ponct	_	_
82c1739f-778f-4a8c-bfce-2c20d2fe13f5.xml.macaon	388	9	dit	dire	v	v	_	_	_	_	_	B:OTHER:G
82c1739f-778f-4a8c-bfce-2c20d2fe13f5.xml.macaon	389	10	-on	-on	adv	adv	_	9	mod	_	_
82c1739f-778f-4a8c-bfce-2c20d2fe13f5.xml.macaon	390	11	,	,	ponctw	ponctw	_	9	ponct	_	_
82c1739f-778f-4a8c-bfce-2c20d2fe13f5.xml.macaon	391	12	que	que	csu	csu	_	9	obj	_	_
82c1739f-778f-4a8c-bfce-2c20d2fe13f5.xml.macaon	392	13	par	par	prep	prep	_	12	obj	_	_
82c1739f-778f-4a8c-bfce-2c20d2fe13f5.xml.macaon	393	14	un	un	det	det	_	15	det	_	_
82c1739f-778f-4a8c-bfce-2c20d2fe13f5.xml.macaon	394	15	hasard	hasard	nc	nc	_	13	obj	_	_
82c1739f-778f-4a8c-bfce-2c20d2fe13f5.xml.macaon	395	16	extraordinaire	extraordinaire	adj	adj	_	15	mod	_	_
82c1739f-778f-4a8c-bfce-2c20d2fe13f5.xml.macaon	396	17	naissait	naître	v	v	_	12	obj	_	_
82c1739f-778f-4a8c-bfce-2c20d2fe13f5.xml.macaon	397	18	celui	celui	pro	pro	_	20	suj	_	_
82c1739f-778f-4a8c-bfce-2c20d2fe13f5.xml.macaon	398	19	qui	qui	prorel	prorel	_	20	suj	_	_
82c1739f-778f-4a8c-bfce-2c20d2fe13f5.xml.macaon	399	20	devait	devoir	v	v	_	12	obj	_	_
82c1739f-778f-4a8c-bfce-2c20d2fe13f5.xml.macaon	400	21	offrir	offrir	vinf	vinf	_	20	obj	_	_
82c1739f-778f-4a8c-bfce-2c20d2fe13f5.xml.macaon	401	22	de	de	prep	prep	_	21	de_obj	_	_
82c1739f-778f-4a8c-bfce-2c20d2fe13f5.xml.macaon	402	23	reconstruire	reconstruire	vinf	vinf	_	22	obj	_	_
82c1739f-778f-4a8c-bfce-2c20d2fe13f5.xml.macaon	403	24	le	le	det	det	_	25	det	_	_
82c1739f-778f-4a8c-bfce-2c20d2fe13f5.xml.macaon	404	25	temple	temple	nc	nc	_	23	obj	_	_
82c1739f-778f-4a8c-bfce-2c20d2fe13f5.xml.macaon	405	26	:	:	ponctw	ponctw	_	25	ponct	_	_
82c1739f-778f-4a8c-bfce-2c20d2fe13f5.xml.macaon	406	27	Alexandre	Alexandre	np	np	_	25	mod	_	_
82c1739f-778f-4a8c-bfce-2c20d2fe13f5.xml.macaon	407	28	le	le	det	det	_	29	det	_	_
82c1739f-778f-4a8c-bfce-2c20d2fe13f5.xml.macaon	408	29	Grand	Grand	np	np	_	25	mod	_	_
82c1739f-778f-4a8c-bfce-2c20d2fe13f5.xml.macaon	409	30	.	.	poncts	poncts	_	9	ponct	_	_

82c1739f-778f-4a8c-bfce-2c20d2fe13f5.xml.macaon	410	1	En#fait	en#fait	adv	adv	_	6	mod	_	_
82c1739f-778f-4a8c-bfce-2c20d2fe13f5.xml.macaon	411	2	,	,	ponctw	ponctw	_	6	ponct	_	_
82c1739f-778f-4a8c-bfce-2c20d2fe13f5.xml.macaon	412	3	il	il	cln	cln	_	6	suj	_	_
82c1739f-778f-4a8c-bfce-2c20d2fe13f5.xml.macaon	413	4	ne	ne	advneg	advneg	_	6	mod	_	_
82c1739f-778f-4a8c-bfce-2c20d2fe13f5.xml.macaon	414	5	sera	être	v	v	_	6	aux_tps	_	_
82c1739f-778f-4a8c-bfce-2c20d2fe13f5.xml.macaon	415	6	reconstruit	reconstruire	vppart	vppart	_	_	_	_	_
82c1739f-778f-4a8c-bfce-2c20d2fe13f5.xml.macaon	416	7	qu'	qu'	adv	adv	_	6	mod	_	_
82c1739f-778f-4a8c-bfce-2c20d2fe13f5.xml.macaon	417	8	après	après	prep	prep	_	6	mod	_	_
82c1739f-778f-4a8c-bfce-2c20d2fe13f5.xml.macaon	418	9	sa	son	det	det	_	10	det	_	_
82c1739f-778f-4a8c-bfce-2c20d2fe13f5.xml.macaon	419	10	mort	mort	nc	nc	_	8	obj	_	_	B:Death:TARGET:mort:G:419
82c1739f-778f-4a8c-bfce-2c20d2fe13f5.xml.macaon	420	11	.	.	poncts	poncts	_	6	__JOKER__	_	_

82c1739f-778f-4a8c-bfce-2c20d2fe13f5.xml.macaon	421	1	Il	il	cln	cln	_	2	suj	_	_
82c1739f-778f-4a8c-bfce-2c20d2fe13f5.xml.macaon	422	2	sera	être	v	v	_	_	_	_	_
82c1739f-778f-4a8c-bfce-2c20d2fe13f5.xml.macaon	423	3	brûlé	brûler	vppart	vppart	_	2	ats	_	_
82c1739f-778f-4a8c-bfce-2c20d2fe13f5.xml.macaon	424	4	à#nouveau	à#nouveau	adv	adv	_	3	mod	_	_
82c1739f-778f-4a8c-bfce-2c20d2fe13f5.xml.macaon	425	5	,	,	ponctw	ponctw	_	3	ponct	_	_
82c1739f-778f-4a8c-bfce-2c20d2fe13f5.xml.macaon	426	6	cette	ce	det	det	_	7	det	_	_
82c1739f-778f-4a8c-bfce-2c20d2fe13f5.xml.macaon	427	7	fois	foi	nc	nc	_	2	obj	_	_
82c1739f-778f-4a8c-bfce-2c20d2fe13f5.xml.macaon	428	8	par	par	prep	prep	_	7	dep	_	_
82c1739f-778f-4a8c-bfce-2c20d2fe13f5.xml.macaon	429	9	un	un	det	det	_	10	det	_	_
82c1739f-778f-4a8c-bfce-2c20d2fe13f5.xml.macaon	430	10	raid	raid	nc	nc	_	8	obj	_	_
82c1739f-778f-4a8c-bfce-2c20d2fe13f5.xml.macaon	431	11	de	de	prep	prep	_	10	dep	_	_
82c1739f-778f-4a8c-bfce-2c20d2fe13f5.xml.macaon	432	12	Goths	Goths	np	np	_	11	obj	_	_
82c1739f-778f-4a8c-bfce-2c20d2fe13f5.xml.macaon	433	13	,	,	ponctw	ponctw	_	10	ponct	_	_
82c1739f-778f-4a8c-bfce-2c20d2fe13f5.xml.macaon	434	14	en	en	prep	prep	_	10	dep	_	_
82c1739f-778f-4a8c-bfce-2c20d2fe13f5.xml.macaon	435	15	262	262	nc	nc	_	14	obj	_	_
82c1739f-778f-4a8c-bfce-2c20d2fe13f5.xml.macaon	436	16	.	.	poncts	poncts	_	2	ponct	_	_

82c1739f-778f-4a8c-bfce-2c20d2fe13f5.xml.macaon	437	1	Le	le	det	det	_	2	det	_	_
82c1739f-778f-4a8c-bfce-2c20d2fe13f5.xml.macaon	438	2	temple	temple	nc	nc	_	3	suj	_	_
82c1739f-778f-4a8c-bfce-2c20d2fe13f5.xml.macaon	439	3	fut	être	v	v	_	5	aux_tps	_	_
82c1739f-778f-4a8c-bfce-2c20d2fe13f5.xml.macaon	440	4	même	même	adv	adv	_	5	mod	_	_
82c1739f-778f-4a8c-bfce-2c20d2fe13f5.xml.macaon	441	5	reconstruit	reconstruire	vppart	vppart	_	_	_	_	_
82c1739f-778f-4a8c-bfce-2c20d2fe13f5.xml.macaon	442	6	,	,	ponctw	ponctw	_	5	ponct	_	_
82c1739f-778f-4a8c-bfce-2c20d2fe13f5.xml.macaon	443	7	mais	mais	coo	coo	_	5	__JOKER__	_	_
82c1739f-778f-4a8c-bfce-2c20d2fe13f5.xml.macaon	444	8	il	il	cln	cln	_	9	suj	_	_
82c1739f-778f-4a8c-bfce-2c20d2fe13f5.xml.macaon	445	9	est	être	v	v	_	7	dep_coord	_	_
82c1739f-778f-4a8c-bfce-2c20d2fe13f5.xml.macaon	446	10	finalement	finalement	adv	adv	_	11	mod	_	_
82c1739f-778f-4a8c-bfce-2c20d2fe13f5.xml.macaon	447	11	dépecé	dépecer	vppart	vppart	_	9	ats	_	_
82c1739f-778f-4a8c-bfce-2c20d2fe13f5.xml.macaon	448	12	entièrement	entièrement	adv	adv	_	11	mod	_	_
82c1739f-778f-4a8c-bfce-2c20d2fe13f5.xml.macaon	449	13	en	en	prep	prep	_	11	mod	_	_
82c1739f-778f-4a8c-bfce-2c20d2fe13f5.xml.macaon	450	14	401	401	nc	nc	_	13	obj	_	_
82c1739f-778f-4a8c-bfce-2c20d2fe13f5.xml.macaon	451	15	par	par	prep	prep	_	14	dep	_	_
82c1739f-778f-4a8c-bfce-2c20d2fe13f5.xml.macaon	452	16	Jean	Jean	np	np	_	15	obj	_	_
82c1739f-778f-4a8c-bfce-2c20d2fe13f5.xml.macaon	453	17	Chrysostome	Chrysostome	np	np	_	15	obj	_	_
82c1739f-778f-4a8c-bfce-2c20d2fe13f5.xml.macaon	454	18	,	,	ponctw	ponctw	_	14	ponct	_	_
82c1739f-778f-4a8c-bfce-2c20d2fe13f5.xml.macaon	455	19	qui	qui	prorel	prorel	_	21	suj	_	_
82c1739f-778f-4a8c-bfce-2c20d2fe13f5.xml.macaon	456	20	se	se	clr	clr	_	21	aff	_	_
82c1739f-778f-4a8c-bfce-2c20d2fe13f5.xml.macaon	457	21	servit	servir	v	v	_	14	mod_rel	_	_
82c1739f-778f-4a8c-bfce-2c20d2fe13f5.xml.macaon	458	22	des	un	det	det	_	23	det	_	_
82c1739f-778f-4a8c-bfce-2c20d2fe13f5.xml.macaon	459	23	pierres	pierre	nc	nc	_	21	obj	_	_
82c1739f-778f-4a8c-bfce-2c20d2fe13f5.xml.macaon	460	24	pour	pour	prep	prep	_	21	mod	_	_
82c1739f-778f-4a8c-bfce-2c20d2fe13f5.xml.macaon	461	25	d'autres	d'autres	det	det	_	26	det	_	_
82c1739f-778f-4a8c-bfce-2c20d2fe13f5.xml.macaon	462	26	édifices	édifice	nc	nc	_	24	obj	_	_
82c1739f-778f-4a8c-bfce-2c20d2fe13f5.xml.macaon	463	27	.	.	poncts	poncts	_	9	ponct	_	_

82c1739f-778f-4a8c-bfce-2c20d2fe13f5.xml.macaon	464	1	Ce	ce	cln	cln	_	2	suj	_	_
82c1739f-778f-4a8c-bfce-2c20d2fe13f5.xml.macaon	465	2	fut	être	v	v	_	_	_	_	_
82c1739f-778f-4a8c-bfce-2c20d2fe13f5.xml.macaon	466	3	la	le	det	det	_	4	det	_	_
82c1739f-778f-4a8c-bfce-2c20d2fe13f5.xml.macaon	467	4	fin	fin	nc	nc	_	2	ats	_	_
82c1739f-778f-4a8c-bfce-2c20d2fe13f5.xml.macaon	468	5	du	du	prep	prep	_	4	dep	_	_
82c1739f-778f-4a8c-bfce-2c20d2fe13f5.xml.macaon	469	6	temple	temple	nc	nc	_	5	obj	_	_
82c1739f-778f-4a8c-bfce-2c20d2fe13f5.xml.macaon	470	7	,	,	ponctw	ponctw	_	4	ponct	_	_
82c1739f-778f-4a8c-bfce-2c20d2fe13f5.xml.macaon	471	8	dont	dont	prorel	prorel	_	11	__JOKER__	_	_
82c1739f-778f-4a8c-bfce-2c20d2fe13f5.xml.macaon	472	9	il	il	cln	cln	_	11	suj	_	_
82c1739f-778f-4a8c-bfce-2c20d2fe13f5.xml.macaon	473	10	ne	ne	advneg	advneg	_	11	mod	_	_
82c1739f-778f-4a8c-bfce-2c20d2fe13f5.xml.macaon	474	11	reste	rester	v	v	_	4	mod_rel	_	_
82c1739f-778f-4a8c-bfce-2c20d2fe13f5.xml.macaon	475	12	aujourd'hui	aujourd'hui	adv	adv	_	11	mod	_	_
82c1739f-778f-4a8c-bfce-2c20d2fe13f5.xml.macaon	476	13	qu'	qu'	csu	csu	_	11	obj	_	_
82c1739f-778f-4a8c-bfce-2c20d2fe13f5.xml.macaon	477	14	une	un	det	det	_	16	det	_	_
82c1739f-778f-4a8c-bfce-2c20d2fe13f5.xml.macaon	478	15	seule	seul	adj	adj	_	16	mod	_	_
82c1739f-778f-4a8c-bfce-2c20d2fe13f5.xml.macaon	479	16	colonne	colonne	nc	nc	_	11	obj	_	_
82c1739f-778f-4a8c-bfce-2c20d2fe13f5.xml.macaon	480	17	reconstituée	reconstituer	vppart	vppart	_	16	mod	_	_
82c1739f-778f-4a8c-bfce-2c20d2fe13f5.xml.macaon	481	18	.	.	poncts	poncts	_	2	ponct	_	_

82c1739f-778f-4a8c-bfce-2c20d2fe13f5.xml.macaon	482	1	37	37	det	det	_	2	det	_	_
82c1739f-778f-4a8c-bfce-2c20d2fe13f5.xml.macaon	483	2	°	degré	nc	nc	_	_	_	_	_
82c1739f-778f-4a8c-bfce-2c20d2fe13f5.xml.macaon	484	3	56	56	adj	adj	_	2	mod	_	_
82c1739f-778f-4a8c-bfce-2c20d2fe13f5.xml.macaon	485	4	′	′	prep	prep	_	2	dep	_	_
82c1739f-778f-4a8c-bfce-2c20d2fe13f5.xml.macaon	486	5	59	59	det	det	_	6	det	_	_
82c1739f-778f-4a8c-bfce-2c20d2fe13f5.xml.macaon	487	6	″	″	nc	nc	_	4	obj	_	_
82c1739f-778f-4a8c-bfce-2c20d2fe13f5.xml.macaon	488	7	N	N	prep	prep	_	6	dep	_	_
82c1739f-778f-4a8c-bfce-2c20d2fe13f5.xml.macaon	489	8	27	27	det	det	_	9	det	_	_
82c1739f-778f-4a8c-bfce-2c20d2fe13f5.xml.macaon	490	9	°	degré	nc	nc	_	7	obj	_	_
82c1739f-778f-4a8c-bfce-2c20d2fe13f5.xml.macaon	491	10	21	21	adj	adj	_	9	mod	_	_
82c1739f-778f-4a8c-bfce-2c20d2fe13f5.xml.macaon	492	11	′	′	prep	prep	_	9	dep	_	_
82c1739f-778f-4a8c-bfce-2c20d2fe13f5.xml.macaon	493	12	50	50	det	det	_	13	det	_	_
82c1739f-778f-4a8c-bfce-2c20d2fe13f5.xml.macaon	494	13	″	″	nc	nc	_	11	obj	_	_
82c1739f-778f-4a8c-bfce-2c20d2fe13f5.xml.macaon	495	14	E	E	adj	adj	_	13	mod	_	_
82c1739f-778f-4a8c-bfce-2c20d2fe13f5.xml.macaon	496	15	/	/	ponctw	ponctw	_	13	ponct	_	_
82c1739f-778f-4a8c-bfce-2c20d2fe13f5.xml.macaon	497	16	37.9497	37.9497	nc	nc	_	13	mod	_	_
82c1739f-778f-4a8c-bfce-2c20d2fe13f5.xml.macaon	498	17	,	,	ponctw	ponctw	_	16	ponct	_	_
82c1739f-778f-4a8c-bfce-2c20d2fe13f5.xml.macaon	499	18	27.3639	27.3639	nc	nc	_	16	mod	_	_
