8d4e51e9-5ca9-483b-8199-f285481400e4.xml.macaon	0	1	vikidia	vikidia	nc	nc	_	_	_	_	_

8d4e51e9-5ca9-483b-8199-f285481400e4.xml.macaon	1	1	8d4e51e9	8d4e51e9	adj	adj	_	3	dep	_	_
8d4e51e9-5ca9-483b-8199-f285481400e4.xml.macaon	2	2	-	-	ponctw	ponctw	_	1	ponct	_	_
8d4e51e9-5ca9-483b-8199-f285481400e4.xml.macaon	3	3	5ca9	5ca9	adj	adj	_	5	mod	_	_
8d4e51e9-5ca9-483b-8199-f285481400e4.xml.macaon	4	4	-	-	ponctw	ponctw	_	3	ponct	_	_
8d4e51e9-5ca9-483b-8199-f285481400e4.xml.macaon	5	5	483b	483b	nc	nc	_	_	_	_	_
8d4e51e9-5ca9-483b-8199-f285481400e4.xml.macaon	6	6	-	-	ponctw	ponctw	_	5	ponct	_	_
8d4e51e9-5ca9-483b-8199-f285481400e4.xml.macaon	7	7	8199	8199	nc	nc	_	5	mod	_	_
8d4e51e9-5ca9-483b-8199-f285481400e4.xml.macaon	8	8	-	-	ponctw	ponctw	_	7	ponct	_	_
8d4e51e9-5ca9-483b-8199-f285481400e4.xml.macaon	9	9	f285481400e4	f285481400e4	nc	nc	_	7	mod	_	_

8d4e51e9-5ca9-483b-8199-f285481400e4.xml.macaon	10	1	ADDED	ADDED	nc	nc	_	_	_	_	_

8d4e51e9-5ca9-483b-8199-f285481400e4.xml.macaon	11	1	2016	2016	adj	adj	_	3	mod	_	_
8d4e51e9-5ca9-483b-8199-f285481400e4.xml.macaon	12	2	-	-	ponctw	ponctw	_	1	ponct	_	_
8d4e51e9-5ca9-483b-8199-f285481400e4.xml.macaon	13	3	06	06	nc	nc	_	_	_	_	_
8d4e51e9-5ca9-483b-8199-f285481400e4.xml.macaon	14	4	-	-	ponctw	ponctw	_	3	ponct	_	_
8d4e51e9-5ca9-483b-8199-f285481400e4.xml.macaon	15	5	15T14	15T14	nc	nc	_	3	mod	_	_
8d4e51e9-5ca9-483b-8199-f285481400e4.xml.macaon	16	6	:	:	ponctw	ponctw	_	5	ponct	_	_
8d4e51e9-5ca9-483b-8199-f285481400e4.xml.macaon	17	7	52	52	det	det	_	9	det	_	_
8d4e51e9-5ca9-483b-8199-f285481400e4.xml.macaon	18	8	:	:	ponctw	ponctw	_	9	ponct	_	_
8d4e51e9-5ca9-483b-8199-f285481400e4.xml.macaon	19	9	56Z	56Z	nc	nc	_	5	mod	_	_

8d4e51e9-5ca9-483b-8199-f285481400e4.xml.macaon	20	1	Royaume	royaume	nc	nc	_	_	_	_	_
8d4e51e9-5ca9-483b-8199-f285481400e4.xml.macaon	21	2	d'	de	prep	prep	_	1	dep	_	_
8d4e51e9-5ca9-483b-8199-f285481400e4.xml.macaon	22	3	Israël	Israël	np	np	_	2	obj	_	_

8d4e51e9-5ca9-483b-8199-f285481400e4.xml.macaon	23	1	Le	le	det	det	_	2	det	_	_	B:Death:FE:Result:G:38
8d4e51e9-5ca9-483b-8199-f285481400e4.xml.macaon	24	2	royaume	royaume	nc	nc	_	5	suj	_	_	I:Death:FE:Result:G:38
8d4e51e9-5ca9-483b-8199-f285481400e4.xml.macaon	25	3	d'	de	prep	prep	_	2	dep	_	_	I:Death:FE:Result:G:38
8d4e51e9-5ca9-483b-8199-f285481400e4.xml.macaon	26	4	Israël	Israël	np	np	_	3	obj	_	_	I:Death:FE:Result:G:38
8d4e51e9-5ca9-483b-8199-f285481400e4.xml.macaon	27	5	est	être	v	v	_	_	_	_	_	I:Death:FE:Result:G:38
8d4e51e9-5ca9-483b-8199-f285481400e4.xml.macaon	28	6	un	un	det	det	_	7	__JOKER__	_	_	I:Death:FE:Result:G:38
8d4e51e9-5ca9-483b-8199-f285481400e4.xml.macaon	29	7	des	des	prep	prep	_	5	mod	_	_	I:Death:FE:Result:G:38
8d4e51e9-5ca9-483b-8199-f285481400e4.xml.macaon	30	8	deux	deux	adj	adj	_	9	mod	_	_	I:Death:FE:Result:G:38
8d4e51e9-5ca9-483b-8199-f285481400e4.xml.macaon	31	9	royaumes	royaume	nc	nc	_	7	obj	_	_	I:Death:FE:Result:G:38
8d4e51e9-5ca9-483b-8199-f285481400e4.xml.macaon	32	10	que	que	csu	csu	_	5	mod	_	_	I:Death:FE:Result:G:38
8d4e51e9-5ca9-483b-8199-f285481400e4.xml.macaon	33	11	les	le	det	det	_	12	det	_	_	I:Death:FE:Result:G:38
8d4e51e9-5ca9-483b-8199-f285481400e4.xml.macaon	34	12	Hébreux	hébreu	adj	adj	_	10	__JOKER__	_	_	I:Death:FE:Result:G:38
8d4e51e9-5ca9-483b-8199-f285481400e4.xml.macaon	35	13	formèrent	former	v	v	_	10	obj	_	_	I:Death:FE:Result:G:38
8d4e51e9-5ca9-483b-8199-f285481400e4.xml.macaon	36	14	après	après	prep	prep	_	13	mod	_	_
8d4e51e9-5ca9-483b-8199-f285481400e4.xml.macaon	37	15	la	le	det	det	_	16	det	_	_
8d4e51e9-5ca9-483b-8199-f285481400e4.xml.macaon	38	16	mort	mort	nc	nc	_	14	obj	_	_	B:Death:TARGET:mort:G:38
8d4e51e9-5ca9-483b-8199-f285481400e4.xml.macaon	39	17	de	de	prep	prep	_	16	dep	_	_
8d4e51e9-5ca9-483b-8199-f285481400e4.xml.macaon	40	18	Salomon	Salomon	np	np	_	17	obj	_	_	B:Death:FE:Protagonist:G:38
8d4e51e9-5ca9-483b-8199-f285481400e4.xml.macaon	41	19	vers	vers	prep	prep	_	13	mod	_	_
8d4e51e9-5ca9-483b-8199-f285481400e4.xml.macaon	42	20	931	931	det	det	_	21	det	_	_
8d4e51e9-5ca9-483b-8199-f285481400e4.xml.macaon	43	21	av.	av.	nc	nc	_	19	obj	_	_

8d4e51e9-5ca9-483b-8199-f285481400e4.xml.macaon	44	1	J.-C.	Jésus-Christ	np	np	_	_	_	_	_
8d4e51e9-5ca9-483b-8199-f285481400e4.xml.macaon	45	2	.	.	poncts	poncts	_	1	__JOKER__	_	_

8d4e51e9-5ca9-483b-8199-f285481400e4.xml.macaon	46	1	Antiquité	antiquité	nc	nc	_	_	_	_	_

8d4e51e9-5ca9-483b-8199-f285481400e4.xml.macaon	47	1	Royaume	royaume	nc	nc	_	_	_	_	_
8d4e51e9-5ca9-483b-8199-f285481400e4.xml.macaon	48	2	d'	de	prep	prep	_	1	dep	_	_
8d4e51e9-5ca9-483b-8199-f285481400e4.xml.macaon	49	3	Israël	Israël	np	np	_	2	obj	_	_

8d4e51e9-5ca9-483b-8199-f285481400e4.xml.macaon	50	1	Le	le	det	det	_	2	det	_	_	B:Death:FE:Result:G:65
8d4e51e9-5ca9-483b-8199-f285481400e4.xml.macaon	51	2	royaume	royaume	nc	nc	_	5	suj	_	_	I:Death:FE:Result:G:65
8d4e51e9-5ca9-483b-8199-f285481400e4.xml.macaon	52	3	d'	de	prep	prep	_	2	dep	_	_	I:Death:FE:Result:G:65
8d4e51e9-5ca9-483b-8199-f285481400e4.xml.macaon	53	4	Israël	Israël	np	np	_	3	obj	_	_	I:Death:FE:Result:G:65
8d4e51e9-5ca9-483b-8199-f285481400e4.xml.macaon	54	5	est	être	v	v	_	_	_	_	_	I:Death:FE:Result:G:65
8d4e51e9-5ca9-483b-8199-f285481400e4.xml.macaon	55	6	un	un	det	det	_	7	__JOKER__	_	_	I:Death:FE:Result:G:65
8d4e51e9-5ca9-483b-8199-f285481400e4.xml.macaon	56	7	des	des	prep	prep	_	5	mod	_	_	I:Death:FE:Result:G:65
8d4e51e9-5ca9-483b-8199-f285481400e4.xml.macaon	57	8	deux	deux	adj	adj	_	9	mod	_	_	I:Death:FE:Result:G:65
8d4e51e9-5ca9-483b-8199-f285481400e4.xml.macaon	58	9	royaumes	royaume	nc	nc	_	7	obj	_	_	I:Death:FE:Result:G:65
8d4e51e9-5ca9-483b-8199-f285481400e4.xml.macaon	59	10	que	que	csu	csu	_	5	mod	_	_	I:Death:FE:Result:G:65
8d4e51e9-5ca9-483b-8199-f285481400e4.xml.macaon	60	11	les	le	det	det	_	12	det	_	_	I:Death:FE:Result:G:65
8d4e51e9-5ca9-483b-8199-f285481400e4.xml.macaon	61	12	Hébreux	hébreu	adj	adj	_	10	__JOKER__	_	_	I:Death:FE:Result:G:65
8d4e51e9-5ca9-483b-8199-f285481400e4.xml.macaon	62	13	formèrent	former	v	v	_	10	obj	_	_	I:Death:FE:Result:G:65
8d4e51e9-5ca9-483b-8199-f285481400e4.xml.macaon	63	14	après	après	prep	prep	_	13	mod	_	_
8d4e51e9-5ca9-483b-8199-f285481400e4.xml.macaon	64	15	la	le	det	det	_	16	det	_	_
8d4e51e9-5ca9-483b-8199-f285481400e4.xml.macaon	65	16	mort	mort	nc	nc	_	14	obj	_	_	B:Death:TARGET:mort:G:65
8d4e51e9-5ca9-483b-8199-f285481400e4.xml.macaon	66	17	de	de	prep	prep	_	16	dep	_	_
8d4e51e9-5ca9-483b-8199-f285481400e4.xml.macaon	67	18	Salomon	Salomon	np	np	_	17	obj	_	_
8d4e51e9-5ca9-483b-8199-f285481400e4.xml.macaon	68	19	vers	vers	prep	prep	_	13	mod	_	_
8d4e51e9-5ca9-483b-8199-f285481400e4.xml.macaon	69	20	931	931	det	det	_	21	det	_	_
8d4e51e9-5ca9-483b-8199-f285481400e4.xml.macaon	70	21	av.	av.	nc	nc	_	19	obj	_	_

8d4e51e9-5ca9-483b-8199-f285481400e4.xml.macaon	71	1	J.-C.	Jésus-Christ	np	np	_	_	_	_	_
8d4e51e9-5ca9-483b-8199-f285481400e4.xml.macaon	72	2	.	.	poncts	poncts	_	1	__JOKER__	_	_

8d4e51e9-5ca9-483b-8199-f285481400e4.xml.macaon	73	1	À	À	prep	prep	_	12	__JOKER__	_	_
8d4e51e9-5ca9-483b-8199-f285481400e4.xml.macaon	74	2	la	le	det	det	_	3	det	_	_
8d4e51e9-5ca9-483b-8199-f285481400e4.xml.macaon	75	3	mort	mort	nc	nc	_	1	obj	_	_	B:Death:TARGET:mort:G:75
8d4e51e9-5ca9-483b-8199-f285481400e4.xml.macaon	76	4	de	de	prep	prep	_	3	dep	_	_
8d4e51e9-5ca9-483b-8199-f285481400e4.xml.macaon	77	5	Salomon	Salomon	np	np	_	4	obj	_	_	B:Death:FE:Protagonist:G:75
8d4e51e9-5ca9-483b-8199-f285481400e4.xml.macaon	78	6	,	,	ponctw	ponctw	_	5	ponct	_	_
8d4e51e9-5ca9-483b-8199-f285481400e4.xml.macaon	79	7	les	le	det	det	_	9	det	_	_	B:Death:FE:Result:G:75
8d4e51e9-5ca9-483b-8199-f285481400e4.xml.macaon	80	8	douze	douze	adj	adj	_	9	mod	_	_	I:Death:FE:Result:G:75
8d4e51e9-5ca9-483b-8199-f285481400e4.xml.macaon	81	9	tribus	tribu	nc	nc	_	4	obj	_	_	I:Death:FE:Result:G:75
8d4e51e9-5ca9-483b-8199-f285481400e4.xml.macaon	82	10	d'	de	prep	prep	_	9	dep	_	_	I:Death:FE:Result:G:75
8d4e51e9-5ca9-483b-8199-f285481400e4.xml.macaon	83	11	Israël	Israël	np	np	_	10	obj	_	_	I:Death:FE:Result:G:75
8d4e51e9-5ca9-483b-8199-f285481400e4.xml.macaon	84	12	se	se	clr	clr	_	13	aff	_	_	I:Death:FE:Result:G:75
8d4e51e9-5ca9-483b-8199-f285481400e4.xml.macaon	85	13	séparèrent	séparer	v	v	_	_	_	_	_	I:Death:FE:Result:G:75
8d4e51e9-5ca9-483b-8199-f285481400e4.xml.macaon	86	14	.	.	poncts	poncts	_	13	ponct	_	_

8d4e51e9-5ca9-483b-8199-f285481400e4.xml.macaon	87	1	Deux	deux	det	det	_	2	det	_	_	B:Colonization:FE:Colonists:G:90
8d4e51e9-5ca9-483b-8199-f285481400e4.xml.macaon	88	2	tribus	tribu	nc	nc	_	4	suj	_	_	I:Colonization:FE:Colonists:G:90
8d4e51e9-5ca9-483b-8199-f285481400e4.xml.macaon	89	3	,	,	ponctw	ponctw	_	2	ponct	_	_
8d4e51e9-5ca9-483b-8199-f285481400e4.xml.macaon	90	4	installées	installer	vppart	vppart	_	_	_	_	_	B:Colonization:TARGET:installer:G:90
8d4e51e9-5ca9-483b-8199-f285481400e4.xml.macaon	91	5	dans	dans	prep	prep	_	4	mod	_	_	B:Colonization:FE:New_area:G:90
8d4e51e9-5ca9-483b-8199-f285481400e4.xml.macaon	92	6	le	le	det	det	_	7	det	_	_	I:Colonization:FE:New_area:G:90
8d4e51e9-5ca9-483b-8199-f285481400e4.xml.macaon	93	7	sud	sud	np	np	_	5	obj	_	_	I:Colonization:FE:New_area:G:90
8d4e51e9-5ca9-483b-8199-f285481400e4.xml.macaon	94	8	formèrent	former	v	v	_	7	mod_rel	_	_
8d4e51e9-5ca9-483b-8199-f285481400e4.xml.macaon	95	9	le	le	det	det	_	10	det	_	_
8d4e51e9-5ca9-483b-8199-f285481400e4.xml.macaon	96	10	royaume	royaume	nc	nc	_	8	obj	_	_
8d4e51e9-5ca9-483b-8199-f285481400e4.xml.macaon	97	11	de	de	prep	prep	_	10	dep	_	_
8d4e51e9-5ca9-483b-8199-f285481400e4.xml.macaon	98	12	Juda	Juda	np	np	_	11	obj	_	_
8d4e51e9-5ca9-483b-8199-f285481400e4.xml.macaon	99	13	;	;	ponctw	ponctw	_	10	ponct	_	_
8d4e51e9-5ca9-483b-8199-f285481400e4.xml.macaon	100	14	les#autres	les#autres	det	det	_	15	det	_	_
8d4e51e9-5ca9-483b-8199-f285481400e4.xml.macaon	101	15	tribus	tribu	nc	nc	_	16	suj	_	_
8d4e51e9-5ca9-483b-8199-f285481400e4.xml.macaon	102	16	formèrent	former	v	v	_	10	mod_rel	_	_
8d4e51e9-5ca9-483b-8199-f285481400e4.xml.macaon	103	17	le	le	det	det	_	18	det	_	_	B:Installing:FE:Component:G:107
8d4e51e9-5ca9-483b-8199-f285481400e4.xml.macaon	104	18	royaume	royaume	nc	nc	_	16	obj	_	_	I:Installing:FE:Component:G:107
8d4e51e9-5ca9-483b-8199-f285481400e4.xml.macaon	105	19	d'	de	prep	prep	_	18	dep	_	_	I:Installing:FE:Component:G:107
8d4e51e9-5ca9-483b-8199-f285481400e4.xml.macaon	106	20	Israël	Israël	np	np	_	19	obj	_	_	I:Installing:FE:Component:G:107
8d4e51e9-5ca9-483b-8199-f285481400e4.xml.macaon	107	21	installé	installer	vppart	vppart	_	18	mod	_	_	B:Installing:TARGET:installer:G:107
8d4e51e9-5ca9-483b-8199-f285481400e4.xml.macaon	108	22	dans	dans	prep	prep	_	21	mod	_	_	B:Installing:FE:Place:G:107
8d4e51e9-5ca9-483b-8199-f285481400e4.xml.macaon	109	23	le	le	det	det	_	24	det	_	_	I:Installing:FE:Place:G:107
8d4e51e9-5ca9-483b-8199-f285481400e4.xml.macaon	110	24	nord	nord	nc	nc	_	22	obj	_	_	I:Installing:FE:Place:G:107
8d4e51e9-5ca9-483b-8199-f285481400e4.xml.macaon	111	25	.	.	poncts	poncts	_	8	ponct	_	_

8d4e51e9-5ca9-483b-8199-f285481400e4.xml.macaon	112	1	Le	le	det	det	_	2	det	_	_	B:Installing:FE:Component:G:117
8d4e51e9-5ca9-483b-8199-f285481400e4.xml.macaon	113	2	royaume	royaume	nc	nc	_	6	suj	_	_	I:Installing:FE:Component:G:117
8d4e51e9-5ca9-483b-8199-f285481400e4.xml.macaon	114	3	d'	de	prep	prep	_	2	dep	_	_	I:Installing:FE:Component:G:117
8d4e51e9-5ca9-483b-8199-f285481400e4.xml.macaon	115	4	Israël	Israël	np	np	_	3	obj	_	_	I:Installing:FE:Component:G:117
8d4e51e9-5ca9-483b-8199-f285481400e4.xml.macaon	116	5	était	être	v	v	_	6	aux_tps	_	_
8d4e51e9-5ca9-483b-8199-f285481400e4.xml.macaon	117	6	installé	installer	vppart	vppart	_	_	_	_	_	B:Installing:TARGET:installer:G:117
8d4e51e9-5ca9-483b-8199-f285481400e4.xml.macaon	118	7	dans	dans	prep	prep	_	6	mod	_	_	B:Installing:FE:Fixed_location:G:117
8d4e51e9-5ca9-483b-8199-f285481400e4.xml.macaon	119	8	un	un	det	det	_	9	det	_	_	I:Installing:FE:Fixed_location:G:117
8d4e51e9-5ca9-483b-8199-f285481400e4.xml.macaon	120	9	environnement	environnement	nc	nc	_	7	obj	_	_	I:Installing:FE:Fixed_location:G:117
8d4e51e9-5ca9-483b-8199-f285481400e4.xml.macaon	121	10	de	de	prep	prep	_	9	dep	_	_	I:Installing:FE:Fixed_location:G:117
8d4e51e9-5ca9-483b-8199-f285481400e4.xml.macaon	122	11	collines	colline	nc	nc	_	10	obj	_	_	I:Installing:FE:Fixed_location:G:117
8d4e51e9-5ca9-483b-8199-f285481400e4.xml.macaon	123	12	et	et	coo	coo	_	10	coord	_	_	I:Installing:FE:Fixed_location:G:117
8d4e51e9-5ca9-483b-8199-f285481400e4.xml.macaon	124	13	de	de	prep	prep	_	12	dep_coord	_	_	I:Installing:FE:Fixed_location:G:117
8d4e51e9-5ca9-483b-8199-f285481400e4.xml.macaon	125	14	vallées	vallée	nc	nc	_	13	obj	_	_	I:Installing:FE:Fixed_location:G:117
8d4e51e9-5ca9-483b-8199-f285481400e4.xml.macaon	126	15	bénéficiant	bénéficier	vprespart	vprespart	_	12	__JOKER__	_	_	B:Installing:FE:Explanation:G:117
8d4e51e9-5ca9-483b-8199-f285481400e4.xml.macaon	127	16	d'	de	prep	prep	_	15	de_obj	_	_	I:Installing:FE:Explanation:G:117
8d4e51e9-5ca9-483b-8199-f285481400e4.xml.macaon	128	17	un	un	det	det	_	18	det	_	_	I:Installing:FE:Explanation:G:117
8d4e51e9-5ca9-483b-8199-f285481400e4.xml.macaon	129	18	climat	climat	nc	nc	_	16	obj	_	_	I:Installing:FE:Explanation:G:117
8d4e51e9-5ca9-483b-8199-f285481400e4.xml.macaon	130	19	suffisamment	suffisamment	adv	adv	_	20	mod	_	_	I:Installing:FE:Explanation:G:117
8d4e51e9-5ca9-483b-8199-f285481400e4.xml.macaon	131	20	arrosé	arroser	vppart	vppart	_	18	mod	_	_	I:Installing:FE:Explanation:G:117
8d4e51e9-5ca9-483b-8199-f285481400e4.xml.macaon	132	21	favorable	favorable	adj	adj	_	20	ats	_	_	I:Installing:FE:Explanation:G:117
8d4e51e9-5ca9-483b-8199-f285481400e4.xml.macaon	133	22	à	à	prep	prep	_	20	a_obj	_	_	I:Installing:FE:Explanation:G:117
8d4e51e9-5ca9-483b-8199-f285481400e4.xml.macaon	134	23	la	le	det	det	_	24	det	_	_	I:Installing:FE:Explanation:G:117
8d4e51e9-5ca9-483b-8199-f285481400e4.xml.macaon	135	24	culture	culture	nc	nc	_	22	obj	_	_	I:Installing:FE:Explanation:G:117
8d4e51e9-5ca9-483b-8199-f285481400e4.xml.macaon	136	25	des	des	prep	prep	_	24	dep	_	_	I:Installing:FE:Explanation:G:117
8d4e51e9-5ca9-483b-8199-f285481400e4.xml.macaon	137	26	céréales	céréale	nc	nc	_	25	obj	_	_	I:Installing:FE:Explanation:G:117
8d4e51e9-5ca9-483b-8199-f285481400e4.xml.macaon	138	27	et	et	coo	coo	_	22	coord	_	_	I:Installing:FE:Explanation:G:117
8d4e51e9-5ca9-483b-8199-f285481400e4.xml.macaon	139	28	des	des	prep	prep	_	27	dep_coord	_	_	I:Installing:FE:Explanation:G:117
8d4e51e9-5ca9-483b-8199-f285481400e4.xml.macaon	140	29	oliviers	olivier	nc	nc	_	28	obj	_	_	I:Installing:FE:Explanation:G:117
8d4e51e9-5ca9-483b-8199-f285481400e4.xml.macaon	141	30	et	et	coo	coo	_	22	coord	_	_	I:Installing:FE:Explanation:G:117
8d4e51e9-5ca9-483b-8199-f285481400e4.xml.macaon	142	31	favorisant	favoriser	vprespart	vprespart	_	30	__JOKER__	_	_	I:Installing:FE:Explanation:G:117
8d4e51e9-5ca9-483b-8199-f285481400e4.xml.macaon	143	32	les	le	det	det	_	33	det	_	_	I:Installing:FE:Explanation:G:117
8d4e51e9-5ca9-483b-8199-f285481400e4.xml.macaon	144	33	communications	communication	nc	nc	_	30	dep_coord	_	_	I:Installing:FE:Explanation:G:117
8d4e51e9-5ca9-483b-8199-f285481400e4.xml.macaon	145	34	.	.	poncts	poncts	_	6	ponct	_	_

8d4e51e9-5ca9-483b-8199-f285481400e4.xml.macaon	146	1	Sa	sa	det	det	_	2	det	_	_
8d4e51e9-5ca9-483b-8199-f285481400e4.xml.macaon	147	2	population	population	nc	nc	_	3	suj	_	_
8d4e51e9-5ca9-483b-8199-f285481400e4.xml.macaon	148	3	était	être	v	v	_	_	_	_	_
8d4e51e9-5ca9-483b-8199-f285481400e4.xml.macaon	149	4	plus	plus	adv	adv	_	5	mod	_	_
8d4e51e9-5ca9-483b-8199-f285481400e4.xml.macaon	150	5	nombreuse	nombreux	adj	adj	_	3	ats	_	_
8d4e51e9-5ca9-483b-8199-f285481400e4.xml.macaon	151	6	(	(	ponctw	ponctw	_	3	ponct	_	_
8d4e51e9-5ca9-483b-8199-f285481400e4.xml.macaon	152	7	plus#de	plus#de	prep	prep	_	3	mod	_	_
8d4e51e9-5ca9-483b-8199-f285481400e4.xml.macaon	153	8	quatre	quatre	det	det	_	9	det	_	_
8d4e51e9-5ca9-483b-8199-f285481400e4.xml.macaon	154	9	fois	foi	nc	nc	_	7	obj	_	_
8d4e51e9-5ca9-483b-8199-f285481400e4.xml.macaon	155	10	selon	selon	prep	prep	_	9	dep	_	_
8d4e51e9-5ca9-483b-8199-f285481400e4.xml.macaon	156	11	les	le	det	det	_	12	det	_	_
8d4e51e9-5ca9-483b-8199-f285481400e4.xml.macaon	157	12	estimations	estimation	nc	nc	_	10	obj	_	_
8d4e51e9-5ca9-483b-8199-f285481400e4.xml.macaon	158	13	)	)	ponctw	ponctw	_	12	ponct	_	_
8d4e51e9-5ca9-483b-8199-f285481400e4.xml.macaon	159	14	que	que	csu	csu	_	12	mod	_	_
8d4e51e9-5ca9-483b-8199-f285481400e4.xml.macaon	160	15	celle	celui	pro	pro	_	14	__JOKER__	_	_
8d4e51e9-5ca9-483b-8199-f285481400e4.xml.macaon	161	16	du	du	prep	prep	_	14	obj	_	_
8d4e51e9-5ca9-483b-8199-f285481400e4.xml.macaon	162	17	royaume	royaume	nc	nc	_	16	obj	_	_
8d4e51e9-5ca9-483b-8199-f285481400e4.xml.macaon	163	18	de	de	prep	prep	_	17	dep	_	_
8d4e51e9-5ca9-483b-8199-f285481400e4.xml.macaon	164	19	Juda	Juda	np	np	_	18	obj	_	_
8d4e51e9-5ca9-483b-8199-f285481400e4.xml.macaon	165	20	.	.	poncts	poncts	_	3	ponct	_	_

8d4e51e9-5ca9-483b-8199-f285481400e4.xml.macaon	166	1	Le	le	det	det	_	2	det	_	_
8d4e51e9-5ca9-483b-8199-f285481400e4.xml.macaon	167	2	royaume	royaume	nc	nc	_	5	suj	_	_
8d4e51e9-5ca9-483b-8199-f285481400e4.xml.macaon	168	3	d'	de	prep	prep	_	2	dep	_	_
8d4e51e9-5ca9-483b-8199-f285481400e4.xml.macaon	169	4	Israël	Israël	np	np	_	3	obj	_	_
8d4e51e9-5ca9-483b-8199-f285481400e4.xml.macaon	170	5	eut	avoir	v	v	_	_	_	_	_
8d4e51e9-5ca9-483b-8199-f285481400e4.xml.macaon	171	6	d'abord	d'abord	adv	adv	_	5	mod	_	_
8d4e51e9-5ca9-483b-8199-f285481400e4.xml.macaon	172	7	pour	pour	prep	prep	_	5	mod	_	_
8d4e51e9-5ca9-483b-8199-f285481400e4.xml.macaon	173	8	capitale	capitale	nc	nc	_	7	obj	_	_
8d4e51e9-5ca9-483b-8199-f285481400e4.xml.macaon	174	9	Sichem	Sichem	np	np	_	8	mod	_	_
8d4e51e9-5ca9-483b-8199-f285481400e4.xml.macaon	175	10	,	,	ponctw	ponctw	_	8	ponct	_	_
8d4e51e9-5ca9-483b-8199-f285481400e4.xml.macaon	176	11	puis	puis	coo	coo	_	8	coord	_	_
8d4e51e9-5ca9-483b-8199-f285481400e4.xml.macaon	177	12	Samarie	Samarie	np	np	_	11	dep_coord	_	_
8d4e51e9-5ca9-483b-8199-f285481400e4.xml.macaon	178	13	.	.	poncts	poncts	_	5	ponct	_	_

8d4e51e9-5ca9-483b-8199-f285481400e4.xml.macaon	179	1	Il	il	cln	cln	_	2	suj	_	_
8d4e51e9-5ca9-483b-8199-f285481400e4.xml.macaon	180	2	entretenait	entretenir	v	v	_	_	_	_	_
8d4e51e9-5ca9-483b-8199-f285481400e4.xml.macaon	181	3	de	un	det	det	_	5	det	_	_
8d4e51e9-5ca9-483b-8199-f285481400e4.xml.macaon	182	4	nombreux	nombreux	adj	adj	_	5	mod	_	_
8d4e51e9-5ca9-483b-8199-f285481400e4.xml.macaon	183	5	contacts	contact	nc	nc	_	2	obj	_	_
8d4e51e9-5ca9-483b-8199-f285481400e4.xml.macaon	184	6	commerciaux	commercial	adj	adj	_	5	mod	_	_
8d4e51e9-5ca9-483b-8199-f285481400e4.xml.macaon	185	7	et	et	coo	coo	_	6	coord	_	_
8d4e51e9-5ca9-483b-8199-f285481400e4.xml.macaon	186	8	diplomatiques	diplomatique	adj	adj	_	7	dep_coord	_	_
8d4e51e9-5ca9-483b-8199-f285481400e4.xml.macaon	187	9	avec	avec	prep	prep	_	2	mod	_	_
8d4e51e9-5ca9-483b-8199-f285481400e4.xml.macaon	188	10	les#autres	les#autres	det	det	_	11	det	_	_	B:Subjective_influence:FE:Agent:G:193
8d4e51e9-5ca9-483b-8199-f285481400e4.xml.macaon	189	11	peuples	peuple	nc	nc	_	9	obj	_	_	I:Subjective_influence:FE:Agent:G:193
8d4e51e9-5ca9-483b-8199-f285481400e4.xml.macaon	190	12	environnants	environnant	adj	adj	_	11	mod	_	_	I:Subjective_influence:FE:Agent:G:193
8d4e51e9-5ca9-483b-8199-f285481400e4.xml.macaon	191	13	qui	qui	prorel	prorel	_	16	suj	_	_
8d4e51e9-5ca9-483b-8199-f285481400e4.xml.macaon	192	14	l'	l'	clo	clo	_	16	a_obj	_	_	B:Subjective_influence:FE:Cognizer:G:193
8d4e51e9-5ca9-483b-8199-f285481400e4.xml.macaon	193	15	influencèrent	influencer	v	v	_	16	aux_tps	_	_	B:Subjective_influence:TARGET:influencer:G:193
8d4e51e9-5ca9-483b-8199-f285481400e4.xml.macaon	194	16	en#partie	en#partie	vppart	vppart	_	11	mod_rel	_	_
8d4e51e9-5ca9-483b-8199-f285481400e4.xml.macaon	195	17	dans	dans	prep	prep	_	16	mod	_	_
8d4e51e9-5ca9-483b-8199-f285481400e4.xml.macaon	196	18	les	le	det	det	_	19	det	_	_
8d4e51e9-5ca9-483b-8199-f285481400e4.xml.macaon	197	19	aspects	aspect	nc	nc	_	17	obj	_	_
8d4e51e9-5ca9-483b-8199-f285481400e4.xml.macaon	198	20	religieux	religieux	adj	adj	_	19	mod	_	_
8d4e51e9-5ca9-483b-8199-f285481400e4.xml.macaon	199	21	,	,	ponctw	ponctw	_	19	ponct	_	_
8d4e51e9-5ca9-483b-8199-f285481400e4.xml.macaon	200	22	avec	avec	prep	prep	_	16	mod	_	_
8d4e51e9-5ca9-483b-8199-f285481400e4.xml.macaon	201	23	l'	le	det	det	_	24	det	_	_
8d4e51e9-5ca9-483b-8199-f285481400e4.xml.macaon	202	24	introduction	introduction	nc	nc	_	22	obj	_	_
8d4e51e9-5ca9-483b-8199-f285481400e4.xml.macaon	203	25	de	de	prep	prep	_	24	dep	_	_
8d4e51e9-5ca9-483b-8199-f285481400e4.xml.macaon	204	26	dieux	dieu	nc	nc	_	25	obj	_	_
8d4e51e9-5ca9-483b-8199-f285481400e4.xml.macaon	205	27	phéniciens	phénicien	nc	nc	_	26	mod	_	_
8d4e51e9-5ca9-483b-8199-f285481400e4.xml.macaon	206	28	.	.	poncts	poncts	_	2	ponct	_	_

8d4e51e9-5ca9-483b-8199-f285481400e4.xml.macaon	207	1	Les	les	det	det	_	2	det	_	_
8d4e51e9-5ca9-483b-8199-f285481400e4.xml.macaon	208	2	rois	roi	nc	nc	_	6	suj	_	_
8d4e51e9-5ca9-483b-8199-f285481400e4.xml.macaon	209	3	d'	de	prep	prep	_	2	dep	_	_
8d4e51e9-5ca9-483b-8199-f285481400e4.xml.macaon	210	4	Israël	Israël	np	np	_	3	obj	_	_
8d4e51e9-5ca9-483b-8199-f285481400e4.xml.macaon	211	5	étaient	étayer	v	v	_	6	aux_tps	_	_
8d4e51e9-5ca9-483b-8199-f285481400e4.xml.macaon	212	6	accusés	accuser	vppart	vppart	_	_	_	_	_
8d4e51e9-5ca9-483b-8199-f285481400e4.xml.macaon	213	7	d'	de	prep	prep	_	6	de_obj	_	_
8d4e51e9-5ca9-483b-8199-f285481400e4.xml.macaon	214	8	être	être	vinf	vinf	_	7	obj	_	_
8d4e51e9-5ca9-483b-8199-f285481400e4.xml.macaon	215	9	des	un	det	det	_	10	det	_	_
8d4e51e9-5ca9-483b-8199-f285481400e4.xml.macaon	216	10	hérétiques	hérétique	adj	adj	_	8	ato	_	_
8d4e51e9-5ca9-483b-8199-f285481400e4.xml.macaon	217	11	par	par	prep	prep	_	8	p_obj	_	_
8d4e51e9-5ca9-483b-8199-f285481400e4.xml.macaon	218	12	ceux	celui	pro	pro	_	11	obj	_	_
8d4e51e9-5ca9-483b-8199-f285481400e4.xml.macaon	219	13	du	du	prep	prep	_	8	mod	_	_
8d4e51e9-5ca9-483b-8199-f285481400e4.xml.macaon	220	14	royaume	royaume	nc	nc	_	13	obj	_	_
8d4e51e9-5ca9-483b-8199-f285481400e4.xml.macaon	221	15	du	du	prep	prep	_	19	mod	_	_
8d4e51e9-5ca9-483b-8199-f285481400e4.xml.macaon	222	16	Juda	Juda	np	np	_	15	obj	_	_
8d4e51e9-5ca9-483b-8199-f285481400e4.xml.macaon	223	17	qui	qui	prorel	prorel	_	19	suj	_	_
8d4e51e9-5ca9-483b-8199-f285481400e4.xml.macaon	224	18	,	,	ponctw	ponctw	_	19	ponct	_	_
8d4e51e9-5ca9-483b-8199-f285481400e4.xml.macaon	225	19	regroupés	regrouper	vppart	vppart	_	14	mod	_	_
8d4e51e9-5ca9-483b-8199-f285481400e4.xml.macaon	226	20	autour	autour	nc	nc	_	19	obj	_	_
8d4e51e9-5ca9-483b-8199-f285481400e4.xml.macaon	227	21	du	du	prep	prep	_	19	mod	_	_
8d4e51e9-5ca9-483b-8199-f285481400e4.xml.macaon	228	22	Temple	Temple	np	np	_	21	obj	_	_
8d4e51e9-5ca9-483b-8199-f285481400e4.xml.macaon	229	23	de	de	prep	prep	_	14	dep	_	_
8d4e51e9-5ca9-483b-8199-f285481400e4.xml.macaon	230	24	Jérusalem	Jérusalem	np	np	_	23	obj	_	_
8d4e51e9-5ca9-483b-8199-f285481400e4.xml.macaon	231	25	,	,	ponctw	ponctw	_	26	ponct	_	_
8d4e51e9-5ca9-483b-8199-f285481400e4.xml.macaon	232	26	affirmaient	affirmer	v	v	_	24	mod_rel	_	_
8d4e51e9-5ca9-483b-8199-f285481400e4.xml.macaon	233	27	être	être	vinf	vinf	_	26	obj	_	_
8d4e51e9-5ca9-483b-8199-f285481400e4.xml.macaon	234	28	les	le	det	det	_	30	det	_	_
8d4e51e9-5ca9-483b-8199-f285481400e4.xml.macaon	235	29	seuls	seul	adj	adj	_	30	mod	_	_
8d4e51e9-5ca9-483b-8199-f285481400e4.xml.macaon	236	30	défenseurs	défenseur	nc	nc	_	27	obj	_	_
8d4e51e9-5ca9-483b-8199-f285481400e4.xml.macaon	237	31	de	de	prep	prep	_	30	dep	_	_
8d4e51e9-5ca9-483b-8199-f285481400e4.xml.macaon	238	32	la	le	det	det	_	35	det	_	_
8d4e51e9-5ca9-483b-8199-f285481400e4.xml.macaon	239	33	«	«	ponctw	ponctw	_	35	ponct	_	_
8d4e51e9-5ca9-483b-8199-f285481400e4.xml.macaon	240	34	vraie	vrai	adj	adj	_	35	mod	_	_
8d4e51e9-5ca9-483b-8199-f285481400e4.xml.macaon	241	35	religion	religion	nc	nc	_	31	obj	_	_
8d4e51e9-5ca9-483b-8199-f285481400e4.xml.macaon	242	36	juive	juif	adj	adj	_	35	mod	_	_
8d4e51e9-5ca9-483b-8199-f285481400e4.xml.macaon	243	37	»	»	ponctw	ponctw	_	35	ponct	_	_
8d4e51e9-5ca9-483b-8199-f285481400e4.xml.macaon	244	38	.	.	poncts	poncts	_	26	ponct	_	_

8d4e51e9-5ca9-483b-8199-f285481400e4.xml.macaon	245	1	Le	le	det	det	_	2	det	_	_
8d4e51e9-5ca9-483b-8199-f285481400e4.xml.macaon	246	2	royaume	royaume	nc	nc	_	5	suj	_	_
8d4e51e9-5ca9-483b-8199-f285481400e4.xml.macaon	247	3	d'	de	prep	prep	_	2	dep	_	_
8d4e51e9-5ca9-483b-8199-f285481400e4.xml.macaon	248	4	Israël	Israël	np	np	_	3	obj	_	_
8d4e51e9-5ca9-483b-8199-f285481400e4.xml.macaon	249	5	disparait	disparait	v	v	_	_	_	_	_
8d4e51e9-5ca9-483b-8199-f285481400e4.xml.macaon	250	6	au#moment#de	au#moment#de	prep	prep	_	5	mod	_	_
8d4e51e9-5ca9-483b-8199-f285481400e4.xml.macaon	251	7	la	le	det	det	_	8	det	_	_
8d4e51e9-5ca9-483b-8199-f285481400e4.xml.macaon	252	8	conquête	conquête	nc	nc	_	6	obj	_	_
8d4e51e9-5ca9-483b-8199-f285481400e4.xml.macaon	253	9	assyrienne	assyrien	adj	adj	_	8	mod	_	_
8d4e51e9-5ca9-483b-8199-f285481400e4.xml.macaon	254	10	en	en	prep	prep	_	5	mod	_	_
8d4e51e9-5ca9-483b-8199-f285481400e4.xml.macaon	255	11	721	721	det	det	_	12	det	_	_
8d4e51e9-5ca9-483b-8199-f285481400e4.xml.macaon	256	12	av.	av.	nc	nc	_	10	obj	_	_

8d4e51e9-5ca9-483b-8199-f285481400e4.xml.macaon	257	1	J.-C.	Jésus-Christ	np	np	_	_	_	_	_
8d4e51e9-5ca9-483b-8199-f285481400e4.xml.macaon	258	2	.	.	poncts	poncts	_	1	__JOKER__	_	_

8d4e51e9-5ca9-483b-8199-f285481400e4.xml.macaon	259	1	Les	les	det	det	_	2	det	_	_
8d4e51e9-5ca9-483b-8199-f285481400e4.xml.macaon	260	2	notables	notables	nc	nc	_	4	suj	_	_
8d4e51e9-5ca9-483b-8199-f285481400e4.xml.macaon	261	3	sont	être	v	v	_	4	aux_tps	_	_
8d4e51e9-5ca9-483b-8199-f285481400e4.xml.macaon	262	4	déportés	déporter	vppart	vppart	_	_	_	_	_
8d4e51e9-5ca9-483b-8199-f285481400e4.xml.macaon	263	5	dans	dans	prep	prep	_	4	mod	_	_
8d4e51e9-5ca9-483b-8199-f285481400e4.xml.macaon	264	6	d'autres	d'autres	det	det	_	7	det	_	_
8d4e51e9-5ca9-483b-8199-f285481400e4.xml.macaon	265	7	provinces	province	nc	nc	_	5	obj	_	_
8d4e51e9-5ca9-483b-8199-f285481400e4.xml.macaon	266	8	de#l'	de#l'	prep	prep	_	4	mod	_	_
8d4e51e9-5ca9-483b-8199-f285481400e4.xml.macaon	267	9	empire	empire	nc	nc	_	8	obj	_	_
8d4e51e9-5ca9-483b-8199-f285481400e4.xml.macaon	268	10	assyrien	assyrien	adj	adj	_	9	mod	_	_
8d4e51e9-5ca9-483b-8199-f285481400e4.xml.macaon	269	11	et	et	coo	coo	_	9	coord	_	_
8d4e51e9-5ca9-483b-8199-f285481400e4.xml.macaon	270	12	une	un	det	det	_	13	det	_	_
8d4e51e9-5ca9-483b-8199-f285481400e4.xml.macaon	271	13	partie	partie	nc	nc	_	11	dep_coord	_	_
8d4e51e9-5ca9-483b-8199-f285481400e4.xml.macaon	272	14	de	de	prep	prep	_	13	dep	_	_
8d4e51e9-5ca9-483b-8199-f285481400e4.xml.macaon	273	15	la	le	det	det	_	16	det	_	_
8d4e51e9-5ca9-483b-8199-f285481400e4.xml.macaon	274	16	population	population	nc	nc	_	14	obj	_	_
8d4e51e9-5ca9-483b-8199-f285481400e4.xml.macaon	275	17	se	se	clr	clr	_	18	aff	_	_
8d4e51e9-5ca9-483b-8199-f285481400e4.xml.macaon	276	18	réfugie	réfugier	v	v	_	11	dep_coord	_	_
8d4e51e9-5ca9-483b-8199-f285481400e4.xml.macaon	277	19	dans	dans	prep	prep	_	18	mod	_	_
8d4e51e9-5ca9-483b-8199-f285481400e4.xml.macaon	278	20	le	le	det	det	_	21	det	_	_
8d4e51e9-5ca9-483b-8199-f285481400e4.xml.macaon	279	21	royaume	royaume	nc	nc	_	19	obj	_	_
8d4e51e9-5ca9-483b-8199-f285481400e4.xml.macaon	280	22	de	de	prep	prep	_	21	dep	_	_
8d4e51e9-5ca9-483b-8199-f285481400e4.xml.macaon	281	23	Juda	Juda	np	np	_	22	obj	_	_
8d4e51e9-5ca9-483b-8199-f285481400e4.xml.macaon	282	24	.	.	poncts	poncts	_	4	ponct	_	_

8d4e51e9-5ca9-483b-8199-f285481400e4.xml.macaon	283	1	Le	le	det	det	_	2	det	_	_	B:Becoming:FE:Entity:G:285
8d4e51e9-5ca9-483b-8199-f285481400e4.xml.macaon	284	2	royaume	royaume	nc	nc	_	3	suj	_	_	I:Becoming:FE:Entity:G:285
8d4e51e9-5ca9-483b-8199-f285481400e4.xml.macaon	285	3	devient	devenir	v	v	_	_	_	_	_	B:Becoming:TARGET:devenir:G:285
8d4e51e9-5ca9-483b-8199-f285481400e4.xml.macaon	286	4	une	un	det	det	_	5	det	_	_	B:Becoming:FE:Final_category:G:285
8d4e51e9-5ca9-483b-8199-f285481400e4.xml.macaon	287	5	province	province	nc	nc	_	3	obj	_	_	I:Becoming:FE:Final_category:G:285
8d4e51e9-5ca9-483b-8199-f285481400e4.xml.macaon	288	6	de#l'	de#l'	prep	prep	_	5	dep	_	_	I:Becoming:FE:Final_category:G:285
8d4e51e9-5ca9-483b-8199-f285481400e4.xml.macaon	289	7	empire	empire	nc	nc	_	6	obj	_	_	I:Becoming:FE:Final_category:G:285
8d4e51e9-5ca9-483b-8199-f285481400e4.xml.macaon	290	8	assyrien	assyrien	adj	adj	_	7	mod	_	_	I:Becoming:FE:Final_category:G:285
8d4e51e9-5ca9-483b-8199-f285481400e4.xml.macaon	291	9	.	.	poncts	poncts	_	3	ponct	_	_

8d4e51e9-5ca9-483b-8199-f285481400e4.xml.macaon	292	1	Rois	roi	nc	nc	_	_	_	_	_
8d4e51e9-5ca9-483b-8199-f285481400e4.xml.macaon	293	2	du	du	prep	prep	_	1	dep	_	_
8d4e51e9-5ca9-483b-8199-f285481400e4.xml.macaon	294	3	royaume	royaume	nc	nc	_	2	obj	_	_
8d4e51e9-5ca9-483b-8199-f285481400e4.xml.macaon	295	4	d'	de	prep	prep	_	3	dep	_	_
8d4e51e9-5ca9-483b-8199-f285481400e4.xml.macaon	296	5	Israël	Israël	np	np	_	4	obj	_	_
8d4e51e9-5ca9-483b-8199-f285481400e4.xml.macaon	297	6	:	:	ponctw	ponctw	_	3	ponct	_	_

8d4e51e9-5ca9-483b-8199-f285481400e4.xml.macaon	298	1	Jéroboam	jéroboam	nc	nc	_	_	_	_	_
8d4e51e9-5ca9-483b-8199-f285481400e4.xml.macaon	299	2	,	,	ponctw	ponctw	_	1	ponct	_	_
8d4e51e9-5ca9-483b-8199-f285481400e4.xml.macaon	300	3	Bassa	Bassa	np	np	_	1	mod	_	_
8d4e51e9-5ca9-483b-8199-f285481400e4.xml.macaon	301	4	,	,	ponctw	ponctw	_	1	ponct	_	_
8d4e51e9-5ca9-483b-8199-f285481400e4.xml.macaon	302	5	Ela	Ela	np	np	_	1	mod	_	_
8d4e51e9-5ca9-483b-8199-f285481400e4.xml.macaon	303	6	,	,	ponctw	ponctw	_	5	ponct	_	_
8d4e51e9-5ca9-483b-8199-f285481400e4.xml.macaon	304	7	Omri	Omri	np	np	_	5	mod	_	_
8d4e51e9-5ca9-483b-8199-f285481400e4.xml.macaon	305	8	,	,	ponctw	ponctw	_	7	ponct	_	_
8d4e51e9-5ca9-483b-8199-f285481400e4.xml.macaon	306	9	Achab	Achab	np	np	_	7	mod	_	_
8d4e51e9-5ca9-483b-8199-f285481400e4.xml.macaon	307	10	,	,	ponctw	ponctw	_	9	ponct	_	_
8d4e51e9-5ca9-483b-8199-f285481400e4.xml.macaon	308	11	Ochozias	Ochozias	np	np	_	9	mod	_	_
8d4e51e9-5ca9-483b-8199-f285481400e4.xml.macaon	309	12	,	,	ponctw	ponctw	_	11	ponct	_	_
8d4e51e9-5ca9-483b-8199-f285481400e4.xml.macaon	310	13	Joram	Joram	np	np	_	11	mod	_	_
8d4e51e9-5ca9-483b-8199-f285481400e4.xml.macaon	311	14	,	,	ponctw	ponctw	_	13	ponct	_	_
8d4e51e9-5ca9-483b-8199-f285481400e4.xml.macaon	312	15	Jéhu	Jéhu	np	np	_	13	mod	_	_
8d4e51e9-5ca9-483b-8199-f285481400e4.xml.macaon	313	16	,	,	ponctw	ponctw	_	15	ponct	_	_
8d4e51e9-5ca9-483b-8199-f285481400e4.xml.macaon	314	17	Joachaz	Joachaz	np	np	_	15	mod	_	_
8d4e51e9-5ca9-483b-8199-f285481400e4.xml.macaon	315	18	,	,	ponctw	ponctw	_	17	ponct	_	_
8d4e51e9-5ca9-483b-8199-f285481400e4.xml.macaon	316	19	Joas	Joas	np	np	_	17	mod	_	_
8d4e51e9-5ca9-483b-8199-f285481400e4.xml.macaon	317	20	,	,	ponctw	ponctw	_	19	ponct	_	_
8d4e51e9-5ca9-483b-8199-f285481400e4.xml.macaon	318	21	Jéroboam	Jéroboam	np	np	_	19	mod	_	_
8d4e51e9-5ca9-483b-8199-f285481400e4.xml.macaon	319	22	II	II	np	np	_	21	mod	_	_
8d4e51e9-5ca9-483b-8199-f285481400e4.xml.macaon	320	23	,	,	ponctw	ponctw	_	24	ponct	_	_
8d4e51e9-5ca9-483b-8199-f285481400e4.xml.macaon	321	24	Osée	oser	vppart	vppart	_	22	mod	_	_
8d4e51e9-5ca9-483b-8199-f285481400e4.xml.macaon	322	25	.	.	poncts	poncts	_	1	__JOKER__	_	_
