8fa07409-541f-43a8-b179-64854514dd57.xml.macaon	0	1	vikidia	vikidia	nc	nc	_	_	_	_	_

8fa07409-541f-43a8-b179-64854514dd57.xml.macaon	1	1	8fa07409	8fa07409	adj	adj	_	3	dep	_	_
8fa07409-541f-43a8-b179-64854514dd57.xml.macaon	2	2	-	-	ponctw	ponctw	_	1	ponct	_	_
8fa07409-541f-43a8-b179-64854514dd57.xml.macaon	3	3	541f	541f	adj	adj	_	5	mod	_	_
8fa07409-541f-43a8-b179-64854514dd57.xml.macaon	4	4	-	-	ponctw	ponctw	_	3	ponct	_	_
8fa07409-541f-43a8-b179-64854514dd57.xml.macaon	5	5	43a8	43a8	nc	nc	_	_	_	_	_
8fa07409-541f-43a8-b179-64854514dd57.xml.macaon	6	6	-	-	ponctw	ponctw	_	5	ponct	_	_
8fa07409-541f-43a8-b179-64854514dd57.xml.macaon	7	7	b179	b179	nc	nc	_	5	mod	_	_
8fa07409-541f-43a8-b179-64854514dd57.xml.macaon	8	8	-	-	ponctw	ponctw	_	7	ponct	_	_
8fa07409-541f-43a8-b179-64854514dd57.xml.macaon	9	9	64854514dd57	64854514dd57	adj	adj	_	7	mod	_	_

8fa07409-541f-43a8-b179-64854514dd57.xml.macaon	10	1	ADDED	ADDED	nc	nc	_	_	_	_	_

8fa07409-541f-43a8-b179-64854514dd57.xml.macaon	11	1	2016	2016	adj	adj	_	3	mod	_	_
8fa07409-541f-43a8-b179-64854514dd57.xml.macaon	12	2	-	-	ponctw	ponctw	_	1	ponct	_	_
8fa07409-541f-43a8-b179-64854514dd57.xml.macaon	13	3	06	06	nc	nc	_	_	_	_	_
8fa07409-541f-43a8-b179-64854514dd57.xml.macaon	14	4	-	-	ponctw	ponctw	_	3	ponct	_	_
8fa07409-541f-43a8-b179-64854514dd57.xml.macaon	15	5	15T14	15T14	nc	nc	_	3	mod	_	_
8fa07409-541f-43a8-b179-64854514dd57.xml.macaon	16	6	:	:	ponctw	ponctw	_	5	ponct	_	_
8fa07409-541f-43a8-b179-64854514dd57.xml.macaon	17	7	52	52	det	det	_	9	det	_	_
8fa07409-541f-43a8-b179-64854514dd57.xml.macaon	18	8	:	:	ponctw	ponctw	_	9	ponct	_	_
8fa07409-541f-43a8-b179-64854514dd57.xml.macaon	19	9	44Z	44Z	nc	nc	_	5	mod	_	_

8fa07409-541f-43a8-b179-64854514dd57.xml.macaon	20	1	Sybaris	Sybaris	np	np	_	_	_	_	_

8fa07409-541f-43a8-b179-64854514dd57.xml.macaon	21	1	Sybaris	Sybaris	np	np	_	2	suj	_	_
8fa07409-541f-43a8-b179-64854514dd57.xml.macaon	22	2	est	être	v	v	_	_	_	_	_
8fa07409-541f-43a8-b179-64854514dd57.xml.macaon	23	3	une	un	det	det	_	5	det	_	_
8fa07409-541f-43a8-b179-64854514dd57.xml.macaon	24	4	ancienne	ancien	adj	adj	_	5	mod	_	_
8fa07409-541f-43a8-b179-64854514dd57.xml.macaon	25	5	cité	cité	nc	nc	_	2	obj	_	_
8fa07409-541f-43a8-b179-64854514dd57.xml.macaon	26	6	de	de	prep	prep	_	5	dep	_	_
8fa07409-541f-43a8-b179-64854514dd57.xml.macaon	27	7	la	le	det	det	_	8	det	_	_
8fa07409-541f-43a8-b179-64854514dd57.xml.macaon	28	8	Grande	Grande	np	np	_	6	obj	_	_
8fa07409-541f-43a8-b179-64854514dd57.xml.macaon	29	9	Grèce	Grèce	np	np	_	6	obj	_	_
8fa07409-541f-43a8-b179-64854514dd57.xml.macaon	30	10	,	,	ponctw	ponctw	_	5	ponct	_	_
8fa07409-541f-43a8-b179-64854514dd57.xml.macaon	31	11	sur	sur	prep	prep	_	5	dep	_	_
8fa07409-541f-43a8-b179-64854514dd57.xml.macaon	32	12	le	le	det	det	_	13	det	_	_
8fa07409-541f-43a8-b179-64854514dd57.xml.macaon	33	13	golfe	golfe	nc	nc	_	11	obj	_	_
8fa07409-541f-43a8-b179-64854514dd57.xml.macaon	34	14	de	de	prep	prep	_	13	dep	_	_
8fa07409-541f-43a8-b179-64854514dd57.xml.macaon	35	15	Tarente	Tarente	np	np	_	14	obj	_	_
8fa07409-541f-43a8-b179-64854514dd57.xml.macaon	36	16	,	,	ponctw	ponctw	_	13	ponct	_	_
8fa07409-541f-43a8-b179-64854514dd57.xml.macaon	37	17	en	en	prep	prep	_	13	dep	_	_
8fa07409-541f-43a8-b179-64854514dd57.xml.macaon	38	18	Calabre	Calabre	np	np	_	17	obj	_	_
8fa07409-541f-43a8-b179-64854514dd57.xml.macaon	39	19	,	,	ponctw	ponctw	_	18	ponct	_	_
8fa07409-541f-43a8-b179-64854514dd57.xml.macaon	40	20	Italie	Italie	np	np	_	17	obj	_	_
8fa07409-541f-43a8-b179-64854514dd57.xml.macaon	41	21	du	du	prep	prep	_	13	dep	_	_
8fa07409-541f-43a8-b179-64854514dd57.xml.macaon	42	22	Sud	Sud	np	np	_	21	obj	_	_
8fa07409-541f-43a8-b179-64854514dd57.xml.macaon	43	23	.	.	poncts	poncts	_	2	ponct	_	_

8fa07409-541f-43a8-b179-64854514dd57.xml.macaon	44	1	Antiquité	antiquité	nc	nc	_	_	_	_	_

8fa07409-541f-43a8-b179-64854514dd57.xml.macaon	45	1	Sybaris	Sybaris	np	np	_	_	_	_	_

8fa07409-541f-43a8-b179-64854514dd57.xml.macaon	46	1	Sybaris	Sybaris	np	np	_	2	suj	_	_
8fa07409-541f-43a8-b179-64854514dd57.xml.macaon	47	2	est	être	v	v	_	_	_	_	_
8fa07409-541f-43a8-b179-64854514dd57.xml.macaon	48	3	une	un	det	det	_	5	det	_	_
8fa07409-541f-43a8-b179-64854514dd57.xml.macaon	49	4	ancienne	ancien	adj	adj	_	5	mod	_	_
8fa07409-541f-43a8-b179-64854514dd57.xml.macaon	50	5	cité	cité	nc	nc	_	2	obj	_	_
8fa07409-541f-43a8-b179-64854514dd57.xml.macaon	51	6	de	de	prep	prep	_	5	dep	_	_
8fa07409-541f-43a8-b179-64854514dd57.xml.macaon	52	7	la	le	det	det	_	8	det	_	_
8fa07409-541f-43a8-b179-64854514dd57.xml.macaon	53	8	Grande	Grande	np	np	_	6	obj	_	_
8fa07409-541f-43a8-b179-64854514dd57.xml.macaon	54	9	Grèce	Grèce	np	np	_	6	obj	_	_
8fa07409-541f-43a8-b179-64854514dd57.xml.macaon	55	10	,	,	ponctw	ponctw	_	5	ponct	_	_
8fa07409-541f-43a8-b179-64854514dd57.xml.macaon	56	11	sur	sur	prep	prep	_	5	dep	_	_
8fa07409-541f-43a8-b179-64854514dd57.xml.macaon	57	12	le	le	det	det	_	13	det	_	_
8fa07409-541f-43a8-b179-64854514dd57.xml.macaon	58	13	golfe	golfe	nc	nc	_	11	obj	_	_
8fa07409-541f-43a8-b179-64854514dd57.xml.macaon	59	14	de	de	prep	prep	_	13	dep	_	_
8fa07409-541f-43a8-b179-64854514dd57.xml.macaon	60	15	Tarente	Tarente	np	np	_	14	obj	_	_
8fa07409-541f-43a8-b179-64854514dd57.xml.macaon	61	16	,	,	ponctw	ponctw	_	13	ponct	_	_
8fa07409-541f-43a8-b179-64854514dd57.xml.macaon	62	17	en	en	prep	prep	_	13	dep	_	_
8fa07409-541f-43a8-b179-64854514dd57.xml.macaon	63	18	Calabre	Calabre	np	np	_	17	obj	_	_
8fa07409-541f-43a8-b179-64854514dd57.xml.macaon	64	19	,	,	ponctw	ponctw	_	18	ponct	_	_
8fa07409-541f-43a8-b179-64854514dd57.xml.macaon	65	20	Italie	Italie	np	np	_	17	obj	_	_
8fa07409-541f-43a8-b179-64854514dd57.xml.macaon	66	21	du	du	prep	prep	_	13	dep	_	_
8fa07409-541f-43a8-b179-64854514dd57.xml.macaon	67	22	Sud	Sud	np	np	_	21	obj	_	_
8fa07409-541f-43a8-b179-64854514dd57.xml.macaon	68	23	.	.	poncts	poncts	_	2	ponct	_	_

8fa07409-541f-43a8-b179-64854514dd57.xml.macaon	69	1	Histoire	histoire	nc	nc	_	_	_	_	_

8fa07409-541f-43a8-b179-64854514dd57.xml.macaon	70	1	Sybaris	Sybaris	np	np	_	2	suj	_	_
8fa07409-541f-43a8-b179-64854514dd57.xml.macaon	71	2	fut	être	v	v	_	_	_	_	_
8fa07409-541f-43a8-b179-64854514dd57.xml.macaon	72	3	fondée	fonder	vppart	vppart	_	2	ats	_	_
8fa07409-541f-43a8-b179-64854514dd57.xml.macaon	73	4	par	par	prep	prep	_	3	p_obj	_	_
8fa07409-541f-43a8-b179-64854514dd57.xml.macaon	74	5	des	un	det	det	_	6	det	_	_
8fa07409-541f-43a8-b179-64854514dd57.xml.macaon	75	6	Achéens	achéen	nc	nc	_	4	obj	_	_
8fa07409-541f-43a8-b179-64854514dd57.xml.macaon	76	7	du	du	prep	prep	_	3	mod	_	_
8fa07409-541f-43a8-b179-64854514dd57.xml.macaon	77	8	Péloponnèse	Péloponnèse	nc	nc	_	7	obj	_	_
8fa07409-541f-43a8-b179-64854514dd57.xml.macaon	78	9	vers	vers	prep	prep	_	8	dep	_	_
8fa07409-541f-43a8-b179-64854514dd57.xml.macaon	79	10	-	-	ponctw	ponctw	_	9	ponct	_	_
8fa07409-541f-43a8-b179-64854514dd57.xml.macaon	80	11	720	720	nc	nc	_	9	obj	_	_
8fa07409-541f-43a8-b179-64854514dd57.xml.macaon	81	12	,	,	ponctw	ponctw	_	11	ponct	_	_
8fa07409-541f-43a8-b179-64854514dd57.xml.macaon	82	13	à	à	prep	prep	_	11	dep	_	_
8fa07409-541f-43a8-b179-64854514dd57.xml.macaon	83	14	l'	le	det	det	_	15	det	_	_
8fa07409-541f-43a8-b179-64854514dd57.xml.macaon	84	15	embouchure	embouchure	nc	nc	_	13	obj	_	_
8fa07409-541f-43a8-b179-64854514dd57.xml.macaon	85	16	de	de	prep	prep	_	15	dep	_	_
8fa07409-541f-43a8-b179-64854514dd57.xml.macaon	86	17	deux	deux	det	det	_	18	det	_	_
8fa07409-541f-43a8-b179-64854514dd57.xml.macaon	87	18	fleuves	fleuve	nc	nc	_	16	obj	_	_
8fa07409-541f-43a8-b179-64854514dd57.xml.macaon	88	19	côtiers	côtier	adj	adj	_	18	mod	_	_
8fa07409-541f-43a8-b179-64854514dd57.xml.macaon	89	20	.	.	poncts	poncts	_	2	ponct	_	_

8fa07409-541f-43a8-b179-64854514dd57.xml.macaon	90	1	Les	les	det	det	_	2	det	_	_
8fa07409-541f-43a8-b179-64854514dd57.xml.macaon	91	2	Sybarites	sybarite	nc	nc	_	3	suj	_	_
8fa07409-541f-43a8-b179-64854514dd57.xml.macaon	92	3	fondèrent	fonder	v	v	_	_	_	_	_
8fa07409-541f-43a8-b179-64854514dd57.xml.macaon	93	4	des	un	det	det	_	5	det	_	_
8fa07409-541f-43a8-b179-64854514dd57.xml.macaon	94	5	colonies	colonie	nc	nc	_	3	obj	_	_
8fa07409-541f-43a8-b179-64854514dd57.xml.macaon	95	6	:	:	ponctw	ponctw	_	5	ponct	_	_
8fa07409-541f-43a8-b179-64854514dd57.xml.macaon	96	7	Métaponte	Métaponte	nc	nc	_	3	obj	_	_
8fa07409-541f-43a8-b179-64854514dd57.xml.macaon	97	8	en	en	prep	prep	_	3	mod	_	_
8fa07409-541f-43a8-b179-64854514dd57.xml.macaon	98	9	-	-	ponctw	ponctw	_	8	ponct	_	_
8fa07409-541f-43a8-b179-64854514dd57.xml.macaon	99	10	680	680	nc	nc	_	8	obj	_	_
8fa07409-541f-43a8-b179-64854514dd57.xml.macaon	100	11	et	et	coo	coo	_	10	coord	_	_
8fa07409-541f-43a8-b179-64854514dd57.xml.macaon	101	12	Poseidonia	Poseidonia	np	np	_	11	dep_coord	_	_
8fa07409-541f-43a8-b179-64854514dd57.xml.macaon	102	13	(	(	ponctw	ponctw	_	10	ponct	_	_
8fa07409-541f-43a8-b179-64854514dd57.xml.macaon	103	14	Paestum	Paestum	np	np	_	10	mod	_	_
8fa07409-541f-43a8-b179-64854514dd57.xml.macaon	104	15	)	)	ponctw	ponctw	_	10	ponct	_	_
8fa07409-541f-43a8-b179-64854514dd57.xml.macaon	105	16	en	en	prep	prep	_	10	dep	_	_
8fa07409-541f-43a8-b179-64854514dd57.xml.macaon	106	17	-	-	ponctw	ponctw	_	16	ponct	_	_
8fa07409-541f-43a8-b179-64854514dd57.xml.macaon	107	18	675	675	nc	nc	_	16	obj	_	_
8fa07409-541f-43a8-b179-64854514dd57.xml.macaon	108	19	.	.	poncts	poncts	_	3	ponct	_	_

8fa07409-541f-43a8-b179-64854514dd57.xml.macaon	109	1	Elle	elle	cln	cln	_	2	suj	_	_
8fa07409-541f-43a8-b179-64854514dd57.xml.macaon	110	2	domina	dominer	v	v	_	_	_	_	_
8fa07409-541f-43a8-b179-64854514dd57.xml.macaon	111	3	jusqu'à	jusqu'à	prep	prep	_	2	mod	_	_
8fa07409-541f-43a8-b179-64854514dd57.xml.macaon	112	4	vingt-cinq	vingt-cinq	det	det	_	5	det	_	_
8fa07409-541f-43a8-b179-64854514dd57.xml.macaon	113	5	cités	cité	nc	nc	_	3	obj	_	_
8fa07409-541f-43a8-b179-64854514dd57.xml.macaon	114	6	,	,	ponctw	ponctw	_	5	ponct	_	_
8fa07409-541f-43a8-b179-64854514dd57.xml.macaon	115	7	débordant	déborder	vprespart	vprespart	_	5	__JOKER__	_	_
8fa07409-541f-43a8-b179-64854514dd57.xml.macaon	116	8	largement	largement	adv	adv	_	5	mod	_	_
8fa07409-541f-43a8-b179-64854514dd57.xml.macaon	117	9	le	le	det	det	_	10	det	_	_
8fa07409-541f-43a8-b179-64854514dd57.xml.macaon	118	10	territoire	territoire	nc	nc	_	3	obj	_	_
8fa07409-541f-43a8-b179-64854514dd57.xml.macaon	119	11	de	de	prep	prep	_	10	dep	_	_
8fa07409-541f-43a8-b179-64854514dd57.xml.macaon	120	12	la	le	det	det	_	13	det	_	_
8fa07409-541f-43a8-b179-64854514dd57.xml.macaon	121	13	Calabre	Calabre	nc	nc	_	11	obj	_	_
8fa07409-541f-43a8-b179-64854514dd57.xml.macaon	122	14	actuelle	actuel	adj	adj	_	13	mod	_	_
8fa07409-541f-43a8-b179-64854514dd57.xml.macaon	123	15	.	.	poncts	poncts	_	2	ponct	_	_

8fa07409-541f-43a8-b179-64854514dd57.xml.macaon	124	1	Le	le	det	det	_	2	det	_	_
8fa07409-541f-43a8-b179-64854514dd57.xml.macaon	125	2	luxe	luxe	nc	nc	_	5	suj	_	_
8fa07409-541f-43a8-b179-64854514dd57.xml.macaon	126	3	des	des	prep	prep	_	2	dep	_	_
8fa07409-541f-43a8-b179-64854514dd57.xml.macaon	127	4	Sybarites	sybarite	nc	nc	_	3	obj	_	_
8fa07409-541f-43a8-b179-64854514dd57.xml.macaon	128	5	était	être	v	v	_	_	_	_	_
8fa07409-541f-43a8-b179-64854514dd57.xml.macaon	129	6	proverbial	proverbial	adj	adj	_	5	ats	_	_
8fa07409-541f-43a8-b179-64854514dd57.xml.macaon	130	7	.	.	poncts	poncts	_	5	ponct	_	_

8fa07409-541f-43a8-b179-64854514dd57.xml.macaon	131	1	Leur	leur	det	det	_	2	det	_	_
8fa07409-541f-43a8-b179-64854514dd57.xml.macaon	132	2	richesse	richesse	nc	nc	_	4	suj	_	_
8fa07409-541f-43a8-b179-64854514dd57.xml.macaon	133	3	était	être	v	v	_	4	aux_tps	_	_
8fa07409-541f-43a8-b179-64854514dd57.xml.macaon	134	4	due	devoir	vppart	vppart	_	_	_	_	_
8fa07409-541f-43a8-b179-64854514dd57.xml.macaon	135	5	à	à	prep	prep	_	4	a_obj	_	_
8fa07409-541f-43a8-b179-64854514dd57.xml.macaon	136	6	une	un	det	det	_	7	det	_	_
8fa07409-541f-43a8-b179-64854514dd57.xml.macaon	137	7	agriculture	agriculture	nc	nc	_	5	obj	_	_
8fa07409-541f-43a8-b179-64854514dd57.xml.macaon	138	8	et	et	coo	coo	_	7	coord	_	_
8fa07409-541f-43a8-b179-64854514dd57.xml.macaon	139	9	un	un	det	det	_	10	det	_	_
8fa07409-541f-43a8-b179-64854514dd57.xml.macaon	140	10	commerce	commerce	nc	nc	_	8	dep_coord	_	_
8fa07409-541f-43a8-b179-64854514dd57.xml.macaon	141	11	prospères	prospère	adj	adj	_	10	mod	_	_
8fa07409-541f-43a8-b179-64854514dd57.xml.macaon	142	12	.	.	poncts	poncts	_	4	ponct	_	_

8fa07409-541f-43a8-b179-64854514dd57.xml.macaon	143	1	Sybaris	Sybaris	np	np	_	_	_	_	_
8fa07409-541f-43a8-b179-64854514dd57.xml.macaon	144	2	était	être	v	v	_	3	aux_tps	_	_
8fa07409-541f-43a8-b179-64854514dd57.xml.macaon	145	3	alliée	allier	vppart	vppart	_	1	mod	_	_
8fa07409-541f-43a8-b179-64854514dd57.xml.macaon	146	4	à	à	prep	prep	_	3	mod	_	_
8fa07409-541f-43a8-b179-64854514dd57.xml.macaon	147	5	la	le	det	det	_	6	det	_	_
8fa07409-541f-43a8-b179-64854514dd57.xml.macaon	148	6	cité	cité	nc	nc	_	4	obj	_	_
8fa07409-541f-43a8-b179-64854514dd57.xml.macaon	149	7	de	de	prep	prep	_	6	dep	_	_
8fa07409-541f-43a8-b179-64854514dd57.xml.macaon	150	8	Milet	Milet	np	np	_	7	obj	_	_
8fa07409-541f-43a8-b179-64854514dd57.xml.macaon	151	9	,	,	ponctw	ponctw	_	6	ponct	_	_
8fa07409-541f-43a8-b179-64854514dd57.xml.macaon	152	10	en	en	prep	prep	_	3	mod	_	_
8fa07409-541f-43a8-b179-64854514dd57.xml.macaon	153	11	Asie	Asie	np	np	_	10	obj	_	_
8fa07409-541f-43a8-b179-64854514dd57.xml.macaon	154	12	Mineure	Mineure	np	np	_	10	obj	_	_
8fa07409-541f-43a8-b179-64854514dd57.xml.macaon	155	13	.	.	poncts	poncts	_	3	ponct	_	_

8fa07409-541f-43a8-b179-64854514dd57.xml.macaon	156	1	Monnaie	monnaie	nc	nc	_	_	_	_	_
8fa07409-541f-43a8-b179-64854514dd57.xml.macaon	157	2	incuse	incus	adj	adj	_	1	mod	_	_
8fa07409-541f-43a8-b179-64854514dd57.xml.macaon	158	3	de	de	prep	prep	_	1	dep	_	_
8fa07409-541f-43a8-b179-64854514dd57.xml.macaon	159	4	Sybaris	Sybaris	np	np	_	3	obj	_	_
8fa07409-541f-43a8-b179-64854514dd57.xml.macaon	160	5	:	:	ponctw	ponctw	_	4	ponct	_	_
8fa07409-541f-43a8-b179-64854514dd57.xml.macaon	161	6	nomos	nomos	nc	nc	_	3	obj	_	_
8fa07409-541f-43a8-b179-64854514dd57.xml.macaon	162	7	d'	de	prep	prep	_	6	dep	_	_
8fa07409-541f-43a8-b179-64854514dd57.xml.macaon	163	8	argent	argent	nc	nc	_	7	obj	_	_
8fa07409-541f-43a8-b179-64854514dd57.xml.macaon	164	9	(	(	ponctw	ponctw	_	8	ponct	_	_
8fa07409-541f-43a8-b179-64854514dd57.xml.macaon	165	10	vers	ver	nc	nc	_	8	mod	_	_
8fa07409-541f-43a8-b179-64854514dd57.xml.macaon	166	11	-	-	ponctw	ponctw	_	10	ponct	_	_
8fa07409-541f-43a8-b179-64854514dd57.xml.macaon	167	12	550	550	nc	nc	_	10	mod	_	_
8fa07409-541f-43a8-b179-64854514dd57.xml.macaon	168	13	à	à	prep	prep	_	12	dep	_	_
8fa07409-541f-43a8-b179-64854514dd57.xml.macaon	169	14	-	-	ponctw	ponctw	_	13	ponct	_	_
8fa07409-541f-43a8-b179-64854514dd57.xml.macaon	170	15	510	510	nc	nc	_	13	obj	_	_
8fa07409-541f-43a8-b179-64854514dd57.xml.macaon	171	16	)	)	ponctw	ponctw	_	15	ponct	_	_
8fa07409-541f-43a8-b179-64854514dd57.xml.macaon	172	17	.	.	poncts	poncts	_	8	ponct	_	_

8fa07409-541f-43a8-b179-64854514dd57.xml.macaon	173	1	En	en	prep	prep	_	6	mod	_	_
8fa07409-541f-43a8-b179-64854514dd57.xml.macaon	174	2	-	-	ponctw	ponctw	_	1	ponct	_	_
8fa07409-541f-43a8-b179-64854514dd57.xml.macaon	175	3	511	511	adj	adj	_	1	obj	_	_
8fa07409-541f-43a8-b179-64854514dd57.xml.macaon	176	4	,	,	ponctw	ponctw	_	6	ponct	_	_
8fa07409-541f-43a8-b179-64854514dd57.xml.macaon	177	5	elle	elle	cln	cln	_	6	suj	_	_
8fa07409-541f-43a8-b179-64854514dd57.xml.macaon	178	6	déclara	déclarer	v	v	_	_	_	_	_	B:OTHER:G
8fa07409-541f-43a8-b179-64854514dd57.xml.macaon	179	7	la	le	det	det	_	8	det	_	_
8fa07409-541f-43a8-b179-64854514dd57.xml.macaon	180	8	guerre	guerre	nc	nc	_	6	obj	_	_
8fa07409-541f-43a8-b179-64854514dd57.xml.macaon	181	9	à	à	prep	prep	_	8	dep	_	_
8fa07409-541f-43a8-b179-64854514dd57.xml.macaon	182	10	Crotone	Crotone	np	np	_	9	obj	_	_
8fa07409-541f-43a8-b179-64854514dd57.xml.macaon	183	11	,	,	ponctw	ponctw	_	8	ponct	_	_
8fa07409-541f-43a8-b179-64854514dd57.xml.macaon	184	12	qui	qui	prorel	prorel	_	13	suj	_	_
8fa07409-541f-43a8-b179-64854514dd57.xml.macaon	185	13	prit	prendre	v	v	_	8	mod_rel	_	_
8fa07409-541f-43a8-b179-64854514dd57.xml.macaon	186	14	la	le	det	det	_	15	det	_	_
8fa07409-541f-43a8-b179-64854514dd57.xml.macaon	187	15	tête	tête	nc	nc	_	13	obj	_	_
8fa07409-541f-43a8-b179-64854514dd57.xml.macaon	188	16	d'	de	prep	prep	_	15	dep	_	_
8fa07409-541f-43a8-b179-64854514dd57.xml.macaon	189	17	une	un	det	det	_	18	det	_	_
8fa07409-541f-43a8-b179-64854514dd57.xml.macaon	190	18	ligue	ligue	nc	nc	_	16	obj	_	_
8fa07409-541f-43a8-b179-64854514dd57.xml.macaon	191	19	de	de	prep	prep	_	18	dep	_	_
8fa07409-541f-43a8-b179-64854514dd57.xml.macaon	192	20	cités	cité	nc	nc	_	19	obj	_	_
8fa07409-541f-43a8-b179-64854514dd57.xml.macaon	193	21	et	et	coo	coo	_	16	coord	_	_
8fa07409-541f-43a8-b179-64854514dd57.xml.macaon	194	22	vainquit	vaincre	v	v	_	21	dep_coord	_	_
8fa07409-541f-43a8-b179-64854514dd57.xml.macaon	195	23	Sybaris	Sybaris	np	np	_	21	dep_coord	_	_
8fa07409-541f-43a8-b179-64854514dd57.xml.macaon	196	24	en	en	prep	prep	_	21	dep_coord	_	_
8fa07409-541f-43a8-b179-64854514dd57.xml.macaon	197	25	-	-	ponctw	ponctw	_	24	ponct	_	_
8fa07409-541f-43a8-b179-64854514dd57.xml.macaon	198	26	510	510	nc	nc	_	24	obj	_	_
8fa07409-541f-43a8-b179-64854514dd57.xml.macaon	199	27	.	.	poncts	poncts	_	6	ponct	_	_

8fa07409-541f-43a8-b179-64854514dd57.xml.macaon	200	1	La	la	det	det	_	2	det	_	_
8fa07409-541f-43a8-b179-64854514dd57.xml.macaon	201	2	ville	ville	nc	nc	_	8	suj	_	_
8fa07409-541f-43a8-b179-64854514dd57.xml.macaon	202	3	fut	être	v	v	_	4	aux_tps	_	_
8fa07409-541f-43a8-b179-64854514dd57.xml.macaon	203	4	prise	prendre	vppart	vppart	_	2	mod	_	_
8fa07409-541f-43a8-b179-64854514dd57.xml.macaon	204	5	,	,	ponctw	ponctw	_	2	ponct	_	_
8fa07409-541f-43a8-b179-64854514dd57.xml.macaon	205	6	détruite	détruire	vppart	vppart	_	2	mod	_	_
8fa07409-541f-43a8-b179-64854514dd57.xml.macaon	206	7	et	et	coo	coo	_	2	coord	_	_
8fa07409-541f-43a8-b179-64854514dd57.xml.macaon	207	8	rasée	raser	vppart	vppart	_	_	_	_	_
8fa07409-541f-43a8-b179-64854514dd57.xml.macaon	208	9	par	par	prep	prep	_	8	p_obj	_	_
8fa07409-541f-43a8-b179-64854514dd57.xml.macaon	209	10	les	le	det	det	_	11	det	_	_
8fa07409-541f-43a8-b179-64854514dd57.xml.macaon	210	11	Crotoniates	Crotoniates	nc	nc	_	9	obj	_	_
8fa07409-541f-43a8-b179-64854514dd57.xml.macaon	211	12	,	,	ponctw	ponctw	_	11	ponct	_	_
8fa07409-541f-43a8-b179-64854514dd57.xml.macaon	212	13	qui	qui	prorel	prorel	_	14	suj	_	_
8fa07409-541f-43a8-b179-64854514dd57.xml.macaon	213	14	détournèrent	détourner	v	v	_	11	mod_rel	_	_
8fa07409-541f-43a8-b179-64854514dd57.xml.macaon	214	15	le	le	det	det	_	16	det	_	_
8fa07409-541f-43a8-b179-64854514dd57.xml.macaon	215	16	cours	cour	nc	nc	_	14	obj	_	_
8fa07409-541f-43a8-b179-64854514dd57.xml.macaon	216	17	du	du	prep	prep	_	16	dep	_	_
8fa07409-541f-43a8-b179-64854514dd57.xml.macaon	217	18	fleuve	fleuve	nc	nc	_	17	obj	_	_
8fa07409-541f-43a8-b179-64854514dd57.xml.macaon	218	19	Crati	Crati	np	np	_	18	mod	_	_
8fa07409-541f-43a8-b179-64854514dd57.xml.macaon	219	20	pour#qu'	pour#que	csu	csu	_	18	mod	_	_
8fa07409-541f-43a8-b179-64854514dd57.xml.macaon	220	21	il	il	cln	cln	_	22	suj	_	_
8fa07409-541f-43a8-b179-64854514dd57.xml.macaon	221	22	passe	passer	v	v	_	20	obj	_	_
8fa07409-541f-43a8-b179-64854514dd57.xml.macaon	222	23	sur	sur	prep	prep	_	22	mod	_	_
8fa07409-541f-43a8-b179-64854514dd57.xml.macaon	223	24	les	le	det	det	_	25	det	_	_
8fa07409-541f-43a8-b179-64854514dd57.xml.macaon	224	25	ruines	ruine	nc	nc	_	23	obj	_	_
8fa07409-541f-43a8-b179-64854514dd57.xml.macaon	225	26	.	.	poncts	poncts	_	14	ponct	_	_

8fa07409-541f-43a8-b179-64854514dd57.xml.macaon	226	1	Les	les	det	det	_	2	det	_	_
8fa07409-541f-43a8-b179-64854514dd57.xml.macaon	227	2	Sybarites	sybarite	nc	nc	_	4	suj	_	_
8fa07409-541f-43a8-b179-64854514dd57.xml.macaon	228	3	rescapés	rescapé	nc	nc	_	2	mod	_	_
8fa07409-541f-43a8-b179-64854514dd57.xml.macaon	229	4	trouvèrent	trouver	v	v	_	_	_	_	_	B:OTHER:G
8fa07409-541f-43a8-b179-64854514dd57.xml.macaon	230	5	refuge	refuge	nc	nc	_	4	obj	_	_
8fa07409-541f-43a8-b179-64854514dd57.xml.macaon	231	6	à	à	prep	prep	_	4	a_obj	_	_
8fa07409-541f-43a8-b179-64854514dd57.xml.macaon	232	7	Poseidonia	Poseidonia	np	np	_	6	obj	_	_
8fa07409-541f-43a8-b179-64854514dd57.xml.macaon	233	8	(	(	ponctw	ponctw	_	7	ponct	_	_
8fa07409-541f-43a8-b179-64854514dd57.xml.macaon	234	9	Paestum	Paestum	np	np	_	6	obj	_	_
8fa07409-541f-43a8-b179-64854514dd57.xml.macaon	235	10	)	)	ponctw	ponctw	_	9	ponct	_	_
8fa07409-541f-43a8-b179-64854514dd57.xml.macaon	236	11	,	,	ponctw	ponctw	_	9	ponct	_	_
8fa07409-541f-43a8-b179-64854514dd57.xml.macaon	237	12	mais#aussi	mais#aussi	coo	coo	_	6	coord	_	_
8fa07409-541f-43a8-b179-64854514dd57.xml.macaon	238	13	à	à	prep	prep	_	12	dep_coord	_	_
8fa07409-541f-43a8-b179-64854514dd57.xml.macaon	239	14	Laüs	Laüs	np	np	_	13	obj	_	_
8fa07409-541f-43a8-b179-64854514dd57.xml.macaon	240	15	,	,	ponctw	ponctw	_	14	ponct	_	_
8fa07409-541f-43a8-b179-64854514dd57.xml.macaon	241	16	qu'	qu'	csu	csu	_	4	__JOKER__	_	_
8fa07409-541f-43a8-b179-64854514dd57.xml.macaon	242	17	ils	ils	cln	cln	_	18	suj	_	_
8fa07409-541f-43a8-b179-64854514dd57.xml.macaon	243	18	fondèrent	fonder	v	v	_	16	obj	_	_
8fa07409-541f-43a8-b179-64854514dd57.xml.macaon	244	19	.	.	poncts	poncts	_	4	ponct	_	_
