9d540926-17fc-48ca-a214-03e1ccb52eb1.xml.macaon	0	1	vikidia	vikidia	nc	nc	_	_	_	_	_

9d540926-17fc-48ca-a214-03e1ccb52eb1.xml.macaon	1	1	9d540926	9d540926	adj	adj	_	3	mod	_	_
9d540926-17fc-48ca-a214-03e1ccb52eb1.xml.macaon	2	2	-	-	ponctw	ponctw	_	1	ponct	_	_
9d540926-17fc-48ca-a214-03e1ccb52eb1.xml.macaon	3	3	17fc	17fc	nc	nc	_	_	_	_	_
9d540926-17fc-48ca-a214-03e1ccb52eb1.xml.macaon	4	4	-	-	ponctw	ponctw	_	3	ponct	_	_
9d540926-17fc-48ca-a214-03e1ccb52eb1.xml.macaon	5	5	48ca	48ca	nc	nc	_	3	mod	_	_
9d540926-17fc-48ca-a214-03e1ccb52eb1.xml.macaon	6	6	-	-	ponctw	ponctw	_	5	ponct	_	_
9d540926-17fc-48ca-a214-03e1ccb52eb1.xml.macaon	7	7	a214	a214	nc	nc	_	5	mod	_	_
9d540926-17fc-48ca-a214-03e1ccb52eb1.xml.macaon	8	8	-	-	ponctw	ponctw	_	7	ponct	_	_
9d540926-17fc-48ca-a214-03e1ccb52eb1.xml.macaon	9	9	03e1ccb52eb1	03e1ccb52eb1	nc	nc	_	7	mod	_	_

9d540926-17fc-48ca-a214-03e1ccb52eb1.xml.macaon	10	1	ADDED	ADDED	nc	nc	_	_	_	_	_

9d540926-17fc-48ca-a214-03e1ccb52eb1.xml.macaon	11	1	2016	2016	adj	adj	_	3	mod	_	_
9d540926-17fc-48ca-a214-03e1ccb52eb1.xml.macaon	12	2	-	-	ponctw	ponctw	_	1	ponct	_	_
9d540926-17fc-48ca-a214-03e1ccb52eb1.xml.macaon	13	3	06	06	nc	nc	_	_	_	_	_
9d540926-17fc-48ca-a214-03e1ccb52eb1.xml.macaon	14	4	-	-	ponctw	ponctw	_	3	ponct	_	_
9d540926-17fc-48ca-a214-03e1ccb52eb1.xml.macaon	15	5	15T14	15T14	nc	nc	_	3	mod	_	_
9d540926-17fc-48ca-a214-03e1ccb52eb1.xml.macaon	16	6	:	:	ponctw	ponctw	_	5	ponct	_	_
9d540926-17fc-48ca-a214-03e1ccb52eb1.xml.macaon	17	7	52	52	det	det	_	9	det	_	_
9d540926-17fc-48ca-a214-03e1ccb52eb1.xml.macaon	18	8	:	:	ponctw	ponctw	_	9	ponct	_	_
9d540926-17fc-48ca-a214-03e1ccb52eb1.xml.macaon	19	9	57Z	57Z	nc	nc	_	5	mod	_	_

9d540926-17fc-48ca-a214-03e1ccb52eb1.xml.macaon	20	1	Athalie	Athalie	np	np	_	_	_	_	_
9d540926-17fc-48ca-a214-03e1ccb52eb1.xml.macaon	21	2	(	(	ponctw	ponctw	_	1	ponct	_	_
9d540926-17fc-48ca-a214-03e1ccb52eb1.xml.macaon	22	3	reine	reine	nc	nc	_	1	mod	_	_
9d540926-17fc-48ca-a214-03e1ccb52eb1.xml.macaon	23	4	)	)	ponctw	ponctw	_	3	ponct	_	_

9d540926-17fc-48ca-a214-03e1ccb52eb1.xml.macaon	24	1	Athalie	Athalie	np	np	_	9	__JOKER__	_	_
9d540926-17fc-48ca-a214-03e1ccb52eb1.xml.macaon	25	2	est	être	v	v	_	1	mod_rel	_	_
9d540926-17fc-48ca-a214-03e1ccb52eb1.xml.macaon	26	3	une	un	det	det	_	4	det	_	_
9d540926-17fc-48ca-a214-03e1ccb52eb1.xml.macaon	27	4	reine	reine	nc	nc	_	9	suj	_	_
9d540926-17fc-48ca-a214-03e1ccb52eb1.xml.macaon	28	5	de	de	prep	prep	_	4	dep	_	_
9d540926-17fc-48ca-a214-03e1ccb52eb1.xml.macaon	29	6	Juda	Juda	np	np	_	5	obj	_	_
9d540926-17fc-48ca-a214-03e1ccb52eb1.xml.macaon	30	7	qui	qui	prorel	prorel	_	9	suj	_	_
9d540926-17fc-48ca-a214-03e1ccb52eb1.xml.macaon	31	8	a	avoir	v	v	_	9	aux_tps	_	_
9d540926-17fc-48ca-a214-03e1ccb52eb1.xml.macaon	32	9	vécu	vivre	vppart	vppart	_	_	_	_	_
9d540926-17fc-48ca-a214-03e1ccb52eb1.xml.macaon	33	10	au	au	prep	prep	_	9	mod	_	_
9d540926-17fc-48ca-a214-03e1ccb52eb1.xml.macaon	34	11	IXe	IXe	adj	adj	_	12	mod	_	_
9d540926-17fc-48ca-a214-03e1ccb52eb1.xml.macaon	35	12	siècle	siècle	nc	nc	_	10	obj	_	_
9d540926-17fc-48ca-a214-03e1ccb52eb1.xml.macaon	36	13	av.	av.	nc	nc	_	12	mod	_	_

9d540926-17fc-48ca-a214-03e1ccb52eb1.xml.macaon	37	1	J.-C.	Jésus-Christ	np	np	_	7	__JOKER__	_	_
9d540926-17fc-48ca-a214-03e1ccb52eb1.xml.macaon	38	2	et	et	coo	coo	_	1	coord	_	_
9d540926-17fc-48ca-a214-03e1ccb52eb1.xml.macaon	39	3	dont	dont	prorel	prorel	_	7	suj	_	_
9d540926-17fc-48ca-a214-03e1ccb52eb1.xml.macaon	40	4	l'	le	det	det	_	5	det	_	_
9d540926-17fc-48ca-a214-03e1ccb52eb1.xml.macaon	41	5	histoire	histoire	nc	nc	_	7	suj	_	_
9d540926-17fc-48ca-a214-03e1ccb52eb1.xml.macaon	42	6	est	être	v	v	_	7	aux_tps	_	_
9d540926-17fc-48ca-a214-03e1ccb52eb1.xml.macaon	43	7	racontée	raconter	vppart	vppart	_	_	_	_	_
9d540926-17fc-48ca-a214-03e1ccb52eb1.xml.macaon	44	8	dans	dans	prep	prep	_	7	mod	_	_
9d540926-17fc-48ca-a214-03e1ccb52eb1.xml.macaon	45	9	la	le	det	det	_	10	det	_	_
9d540926-17fc-48ca-a214-03e1ccb52eb1.xml.macaon	46	10	Bible	Bible	np	np	_	8	obj	_	_
9d540926-17fc-48ca-a214-03e1ccb52eb1.xml.macaon	47	11	(	(	ponctw	ponctw	_	10	ponct	_	_
9d540926-17fc-48ca-a214-03e1ccb52eb1.xml.macaon	48	12	l'	l'	etr	etr	_	14	dep	_	_
9d540926-17fc-48ca-a214-03e1ccb52eb1.xml.macaon	49	13	Ancien	Ancien	etr	etr	_	14	dep	_	_
9d540926-17fc-48ca-a214-03e1ccb52eb1.xml.macaon	50	14	Testament	Testament	etr	etr	_	10	__JOKER__	_	_
9d540926-17fc-48ca-a214-03e1ccb52eb1.xml.macaon	51	15	)	)	ponctw	ponctw	_	14	ponct	_	_
9d540926-17fc-48ca-a214-03e1ccb52eb1.xml.macaon	52	16	.	.	poncts	poncts	_	7	ponct	_	_

9d540926-17fc-48ca-a214-03e1ccb52eb1.xml.macaon	53	1	Antiquité	antiquité	nc	nc	_	_	_	_	_

9d540926-17fc-48ca-a214-03e1ccb52eb1.xml.macaon	54	1	Athalie	Athalie	np	np	_	_	_	_	_
9d540926-17fc-48ca-a214-03e1ccb52eb1.xml.macaon	55	2	(	(	ponctw	ponctw	_	1	ponct	_	_
9d540926-17fc-48ca-a214-03e1ccb52eb1.xml.macaon	56	3	reine	reine	nc	nc	_	1	mod	_	_
9d540926-17fc-48ca-a214-03e1ccb52eb1.xml.macaon	57	4	)	)	ponctw	ponctw	_	3	ponct	_	_

9d540926-17fc-48ca-a214-03e1ccb52eb1.xml.macaon	58	1	Athalie	Athalie	np	np	_	9	__JOKER__	_	_
9d540926-17fc-48ca-a214-03e1ccb52eb1.xml.macaon	59	2	est	être	v	v	_	1	mod_rel	_	_
9d540926-17fc-48ca-a214-03e1ccb52eb1.xml.macaon	60	3	une	un	det	det	_	4	det	_	_
9d540926-17fc-48ca-a214-03e1ccb52eb1.xml.macaon	61	4	reine	reine	nc	nc	_	9	suj	_	_
9d540926-17fc-48ca-a214-03e1ccb52eb1.xml.macaon	62	5	de	de	prep	prep	_	4	dep	_	_
9d540926-17fc-48ca-a214-03e1ccb52eb1.xml.macaon	63	6	Juda	Juda	np	np	_	5	obj	_	_
9d540926-17fc-48ca-a214-03e1ccb52eb1.xml.macaon	64	7	qui	qui	prorel	prorel	_	9	suj	_	_
9d540926-17fc-48ca-a214-03e1ccb52eb1.xml.macaon	65	8	a	avoir	v	v	_	9	aux_tps	_	_
9d540926-17fc-48ca-a214-03e1ccb52eb1.xml.macaon	66	9	vécu	vivre	vppart	vppart	_	_	_	_	_
9d540926-17fc-48ca-a214-03e1ccb52eb1.xml.macaon	67	10	au	au	prep	prep	_	9	mod	_	_
9d540926-17fc-48ca-a214-03e1ccb52eb1.xml.macaon	68	11	IXe	IXe	adj	adj	_	12	mod	_	_
9d540926-17fc-48ca-a214-03e1ccb52eb1.xml.macaon	69	12	siècle	siècle	nc	nc	_	10	obj	_	_
9d540926-17fc-48ca-a214-03e1ccb52eb1.xml.macaon	70	13	av.	av.	nc	nc	_	12	mod	_	_

9d540926-17fc-48ca-a214-03e1ccb52eb1.xml.macaon	71	1	J.-C.	Jésus-Christ	np	np	_	7	__JOKER__	_	_
9d540926-17fc-48ca-a214-03e1ccb52eb1.xml.macaon	72	2	et	et	coo	coo	_	1	coord	_	_
9d540926-17fc-48ca-a214-03e1ccb52eb1.xml.macaon	73	3	dont	dont	prorel	prorel	_	7	suj	_	_
9d540926-17fc-48ca-a214-03e1ccb52eb1.xml.macaon	74	4	l'	le	det	det	_	5	det	_	_
9d540926-17fc-48ca-a214-03e1ccb52eb1.xml.macaon	75	5	histoire	histoire	nc	nc	_	7	suj	_	_
9d540926-17fc-48ca-a214-03e1ccb52eb1.xml.macaon	76	6	est	être	v	v	_	7	aux_tps	_	_
9d540926-17fc-48ca-a214-03e1ccb52eb1.xml.macaon	77	7	racontée	raconter	vppart	vppart	_	_	_	_	_
9d540926-17fc-48ca-a214-03e1ccb52eb1.xml.macaon	78	8	dans	dans	prep	prep	_	7	mod	_	_
9d540926-17fc-48ca-a214-03e1ccb52eb1.xml.macaon	79	9	la	le	det	det	_	10	det	_	_
9d540926-17fc-48ca-a214-03e1ccb52eb1.xml.macaon	80	10	Bible	Bible	np	np	_	8	obj	_	_
9d540926-17fc-48ca-a214-03e1ccb52eb1.xml.macaon	81	11	(	(	ponctw	ponctw	_	10	ponct	_	_
9d540926-17fc-48ca-a214-03e1ccb52eb1.xml.macaon	82	12	l'	l'	etr	etr	_	14	dep	_	_
9d540926-17fc-48ca-a214-03e1ccb52eb1.xml.macaon	83	13	Ancien	Ancien	etr	etr	_	14	dep	_	_
9d540926-17fc-48ca-a214-03e1ccb52eb1.xml.macaon	84	14	Testament	Testament	etr	etr	_	10	__JOKER__	_	_
9d540926-17fc-48ca-a214-03e1ccb52eb1.xml.macaon	85	15	)	)	ponctw	ponctw	_	14	ponct	_	_
9d540926-17fc-48ca-a214-03e1ccb52eb1.xml.macaon	86	16	.	.	poncts	poncts	_	7	ponct	_	_

9d540926-17fc-48ca-a214-03e1ccb52eb1.xml.macaon	87	1	Biographie	biographie	nc	nc	_	_	_	_	_

9d540926-17fc-48ca-a214-03e1ccb52eb1.xml.macaon	88	1	Selon	selon	prep	prep	_	6	mod	_	_
9d540926-17fc-48ca-a214-03e1ccb52eb1.xml.macaon	89	2	la	le	det	det	_	3	det	_	_
9d540926-17fc-48ca-a214-03e1ccb52eb1.xml.macaon	90	3	Bible	Bible	np	np	_	1	obj	_	_
9d540926-17fc-48ca-a214-03e1ccb52eb1.xml.macaon	91	4	,	,	ponctw	ponctw	_	3	ponct	_	_
9d540926-17fc-48ca-a214-03e1ccb52eb1.xml.macaon	92	5	Athalie	Athalie	np	np	_	3	mod	_	_
9d540926-17fc-48ca-a214-03e1ccb52eb1.xml.macaon	93	6	est	être	v	v	_	_	_	_	_
9d540926-17fc-48ca-a214-03e1ccb52eb1.xml.macaon	94	7	la	le	det	det	_	8	det	_	_
9d540926-17fc-48ca-a214-03e1ccb52eb1.xml.macaon	95	8	fille	fille	nc	nc	_	6	obj	_	_
9d540926-17fc-48ca-a214-03e1ccb52eb1.xml.macaon	96	9	d'	de	prep	prep	_	8	dep	_	_
9d540926-17fc-48ca-a214-03e1ccb52eb1.xml.macaon	97	10	un	un	det	det	_	11	det	_	_
9d540926-17fc-48ca-a214-03e1ccb52eb1.xml.macaon	98	11	roi	roi	nc	nc	_	9	obj	_	_
9d540926-17fc-48ca-a214-03e1ccb52eb1.xml.macaon	99	12	d'	de	prep	prep	_	11	dep	_	_
9d540926-17fc-48ca-a214-03e1ccb52eb1.xml.macaon	100	13	Israël	Israël	np	np	_	12	obj	_	_
9d540926-17fc-48ca-a214-03e1ccb52eb1.xml.macaon	101	14	.	.	poncts	poncts	_	6	ponct	_	_

9d540926-17fc-48ca-a214-03e1ccb52eb1.xml.macaon	102	1	Elle	elle	cln	cln	_	2	suj	_	_
9d540926-17fc-48ca-a214-03e1ccb52eb1.xml.macaon	103	2	épouse	épouser	v	v	_	_	_	_	_
9d540926-17fc-48ca-a214-03e1ccb52eb1.xml.macaon	104	3	le	le	det	det	_	4	det	_	_
9d540926-17fc-48ca-a214-03e1ccb52eb1.xml.macaon	105	4	roi	roi	nc	nc	_	2	obj	_	_
9d540926-17fc-48ca-a214-03e1ccb52eb1.xml.macaon	106	5	de	de	prep	prep	_	4	dep	_	_
9d540926-17fc-48ca-a214-03e1ccb52eb1.xml.macaon	107	6	Juda	Juda	np	np	_	5	obj	_	_
9d540926-17fc-48ca-a214-03e1ccb52eb1.xml.macaon	108	7	Joram	Joram	np	np	_	5	obj	_	_
9d540926-17fc-48ca-a214-03e1ccb52eb1.xml.macaon	109	8	dont	dont	prorel	prorel	_	10	mod	_	_
9d540926-17fc-48ca-a214-03e1ccb52eb1.xml.macaon	110	9	elle	elle	cln	cln	_	10	suj	_	_
9d540926-17fc-48ca-a214-03e1ccb52eb1.xml.macaon	111	10	a	avoir	v	v	_	7	mod_rel	_	_
9d540926-17fc-48ca-a214-03e1ccb52eb1.xml.macaon	112	11	un	un	det	det	_	12	det	_	_
9d540926-17fc-48ca-a214-03e1ccb52eb1.xml.macaon	113	12	fils	fil	nc	nc	_	10	obj	_	_
9d540926-17fc-48ca-a214-03e1ccb52eb1.xml.macaon	114	13	,	,	ponctw	ponctw	_	12	ponct	_	_
9d540926-17fc-48ca-a214-03e1ccb52eb1.xml.macaon	115	14	Ochozias	Ochozias	np	np	_	12	mod	_	_
9d540926-17fc-48ca-a214-03e1ccb52eb1.xml.macaon	116	15	,	,	ponctw	ponctw	_	12	ponct	_	_
9d540926-17fc-48ca-a214-03e1ccb52eb1.xml.macaon	117	16	qui	qui	prorel	prorel	_	17	suj	_	_
9d540926-17fc-48ca-a214-03e1ccb52eb1.xml.macaon	118	17	succède	succéder	v	v	_	12	mod_rel	_	_
9d540926-17fc-48ca-a214-03e1ccb52eb1.xml.macaon	119	18	à	à	prep	prep	_	17	a_obj	_	_
9d540926-17fc-48ca-a214-03e1ccb52eb1.xml.macaon	120	19	son	son	det	det	_	20	det	_	_
9d540926-17fc-48ca-a214-03e1ccb52eb1.xml.macaon	121	20	père	père	nc	nc	_	18	obj	_	_
9d540926-17fc-48ca-a214-03e1ccb52eb1.xml.macaon	122	21	Joram	Joram	np	np	_	18	obj	_	_
9d540926-17fc-48ca-a214-03e1ccb52eb1.xml.macaon	123	22	.	.	poncts	poncts	_	2	ponct	_	_

9d540926-17fc-48ca-a214-03e1ccb52eb1.xml.macaon	124	1	Après	après	prep	prep	_	8	mod	_	_
9d540926-17fc-48ca-a214-03e1ccb52eb1.xml.macaon	125	2	la	le	det	det	_	3	det	_	_
9d540926-17fc-48ca-a214-03e1ccb52eb1.xml.macaon	126	3	mort	mort	nc	nc	_	1	obj	_	_	B:Death:TARGET:mort:G:126
9d540926-17fc-48ca-a214-03e1ccb52eb1.xml.macaon	127	4	d'	de	prep	prep	_	3	dep	_	_
9d540926-17fc-48ca-a214-03e1ccb52eb1.xml.macaon	128	5	Ochozias	Ochozias	np	np	_	4	obj	_	_
9d540926-17fc-48ca-a214-03e1ccb52eb1.xml.macaon	129	6	,	,	ponctw	ponctw	_	3	ponct	_	_
9d540926-17fc-48ca-a214-03e1ccb52eb1.xml.macaon	130	7	Athalie	Athalie	np	np	_	3	mod	_	_
9d540926-17fc-48ca-a214-03e1ccb52eb1.xml.macaon	131	8	fait	faire	v	v	_	_	_	_	_
9d540926-17fc-48ca-a214-03e1ccb52eb1.xml.macaon	132	9	mettre	mettre	vinf	vinf	_	8	obj	_	_
9d540926-17fc-48ca-a214-03e1ccb52eb1.xml.macaon	133	10	à	à	prep	prep	_	9	a_obj	_	_
9d540926-17fc-48ca-a214-03e1ccb52eb1.xml.macaon	134	11	mort	mort	nc	nc	_	10	obj	_	_	B:OTHER:G
9d540926-17fc-48ca-a214-03e1ccb52eb1.xml.macaon	135	12	tous	tout	adj	adj	_	11	mod	_	_
9d540926-17fc-48ca-a214-03e1ccb52eb1.xml.macaon	136	13	les	le	det	det	_	14	det	_	_
9d540926-17fc-48ca-a214-03e1ccb52eb1.xml.macaon	137	14	membres	membre	nc	nc	_	9	obj	_	_
9d540926-17fc-48ca-a214-03e1ccb52eb1.xml.macaon	138	15	de	de	prep	prep	_	14	dep	_	_
9d540926-17fc-48ca-a214-03e1ccb52eb1.xml.macaon	139	16	la	le	det	det	_	17	det	_	_
9d540926-17fc-48ca-a214-03e1ccb52eb1.xml.macaon	140	17	famille	famille	nc	nc	_	15	obj	_	_
9d540926-17fc-48ca-a214-03e1ccb52eb1.xml.macaon	141	18	royale	royal	adj	adj	_	17	mod	_	_
9d540926-17fc-48ca-a214-03e1ccb52eb1.xml.macaon	142	19	et	et	coo	coo	_	17	coord	_	_
9d540926-17fc-48ca-a214-03e1ccb52eb1.xml.macaon	143	20	s'	s'	clr	clr	_	21	aff	_	_
9d540926-17fc-48ca-a214-03e1ccb52eb1.xml.macaon	144	21	empare	emparer	v	v	_	19	dep_coord	_	_
9d540926-17fc-48ca-a214-03e1ccb52eb1.xml.macaon	145	22	du	du	prep	prep	_	21	de_obj	_	_
9d540926-17fc-48ca-a214-03e1ccb52eb1.xml.macaon	146	23	pouvoir	pouvoir	nc	nc	_	22	obj	_	_
9d540926-17fc-48ca-a214-03e1ccb52eb1.xml.macaon	147	24	(	(	ponctw	ponctw	_	19	ponct	_	_
9d540926-17fc-48ca-a214-03e1ccb52eb1.xml.macaon	148	25	vers	vers	prep	prep	_	19	dep_coord	_	_	B:Death:FE:Time:G:126
9d540926-17fc-48ca-a214-03e1ccb52eb1.xml.macaon	149	26	841	841	nc	nc	_	25	obj	_	_	I:Death:FE:Time:G:126
9d540926-17fc-48ca-a214-03e1ccb52eb1.xml.macaon	150	27	avant	avant	prep	prep	_	26	dep	_	_	I:Death:FE:Time:G:126
9d540926-17fc-48ca-a214-03e1ccb52eb1.xml.macaon	151	28	J-C	Jésus-Christ	np	np	_	27	obj	_	_	I:Death:FE:Time:G:126
9d540926-17fc-48ca-a214-03e1ccb52eb1.xml.macaon	152	29	)	)	ponctw	ponctw	_	26	ponct	_	_
9d540926-17fc-48ca-a214-03e1ccb52eb1.xml.macaon	153	30	.	.	poncts	poncts	_	8	ponct	_	_

9d540926-17fc-48ca-a214-03e1ccb52eb1.xml.macaon	154	1	Elle	elle	cln	cln	_	2	suj	_	_
9d540926-17fc-48ca-a214-03e1ccb52eb1.xml.macaon	155	2	règne	régner	v	v	_	_	_	_	_
9d540926-17fc-48ca-a214-03e1ccb52eb1.xml.macaon	156	3	pendant	pendant	prep	prep	_	2	mod	_	_
9d540926-17fc-48ca-a214-03e1ccb52eb1.xml.macaon	157	4	six	six	det	det	_	5	det	_	_
9d540926-17fc-48ca-a214-03e1ccb52eb1.xml.macaon	158	5	ans	an	nc	nc	_	3	obj	_	_
9d540926-17fc-48ca-a214-03e1ccb52eb1.xml.macaon	159	6	et	et	coo	coo	_	2	coord	_	_
9d540926-17fc-48ca-a214-03e1ccb52eb1.xml.macaon	160	7	favorise	favoriser	v	v	_	6	dep_coord	_	_
9d540926-17fc-48ca-a214-03e1ccb52eb1.xml.macaon	161	8	le	le	det	det	_	9	det	_	_
9d540926-17fc-48ca-a214-03e1ccb52eb1.xml.macaon	162	9	culte	culte	nc	nc	_	7	obj	_	_
9d540926-17fc-48ca-a214-03e1ccb52eb1.xml.macaon	163	10	du	du	prep	prep	_	9	dep	_	_
9d540926-17fc-48ca-a214-03e1ccb52eb1.xml.macaon	164	11	dieu	dieu	nc	nc	_	10	obj	_	_
9d540926-17fc-48ca-a214-03e1ccb52eb1.xml.macaon	165	12	païen	païen	nc	nc	_	11	mod	_	_
9d540926-17fc-48ca-a214-03e1ccb52eb1.xml.macaon	166	13	Baal	Baal	np	np	_	12	mod	_	_
9d540926-17fc-48ca-a214-03e1ccb52eb1.xml.macaon	167	14	.	.	poncts	poncts	_	2	ponct	_	_

9d540926-17fc-48ca-a214-03e1ccb52eb1.xml.macaon	168	1	Vers	Vers	np	np	_	8	__JOKER__	_	_	B:Death:FE:Time:G:195
9d540926-17fc-48ca-a214-03e1ccb52eb1.xml.macaon	169	2	835	835	adj	adj	_	1	mod	_	_	I:Death:FE:Time:G:195
9d540926-17fc-48ca-a214-03e1ccb52eb1.xml.macaon	170	3	avant	avant	prep	prep	_	2	dep	_	_	I:Death:FE:Time:G:195
9d540926-17fc-48ca-a214-03e1ccb52eb1.xml.macaon	171	4	J-C	Jésus-Christ	np	np	_	3	obj	_	_	I:Death:FE:Time:G:195
9d540926-17fc-48ca-a214-03e1ccb52eb1.xml.macaon	172	5	,	,	ponctw	ponctw	_	4	ponct	_	_
9d540926-17fc-48ca-a214-03e1ccb52eb1.xml.macaon	173	6	Joas	Joas	np	np	_	3	obj	_	_
9d540926-17fc-48ca-a214-03e1ccb52eb1.xml.macaon	174	7	,	,	ponctw	ponctw	_	6	ponct	_	_
9d540926-17fc-48ca-a214-03e1ccb52eb1.xml.macaon	175	8	un	un	pro	pro	_	25	__JOKER__	_	_
9d540926-17fc-48ca-a214-03e1ccb52eb1.xml.macaon	176	9	de	de	prep	prep	_	8	dep	_	_
9d540926-17fc-48ca-a214-03e1ccb52eb1.xml.macaon	177	10	ses	son	det	det	_	11	det	_	_
9d540926-17fc-48ca-a214-03e1ccb52eb1.xml.macaon	178	11	petits-fils	petit-fils	nc	nc	_	9	obj	_	_
9d540926-17fc-48ca-a214-03e1ccb52eb1.xml.macaon	179	12	qui	qui	prorel	prorel	_	14	suj	_	_
9d540926-17fc-48ca-a214-03e1ccb52eb1.xml.macaon	180	13	a	avoir	v	v	_	14	aux_tps	_	_
9d540926-17fc-48ca-a214-03e1ccb52eb1.xml.macaon	181	14	échappé	échapper	vppart	vppart	_	11	mod	_	_
9d540926-17fc-48ca-a214-03e1ccb52eb1.xml.macaon	182	15	au	au	prep	prep	_	14	mod	_	_
9d540926-17fc-48ca-a214-03e1ccb52eb1.xml.macaon	183	16	massacre	massacre	nc	nc	_	15	obj	_	_
9d540926-17fc-48ca-a214-03e1ccb52eb1.xml.macaon	184	17	,	,	ponctw	ponctw	_	19	ponct	_	_
9d540926-17fc-48ca-a214-03e1ccb52eb1.xml.macaon	185	18	est	être	v	v	_	19	aux_tps	_	_
9d540926-17fc-48ca-a214-03e1ccb52eb1.xml.macaon	186	19	proclamé	proclamer	vppart	vppart	_	11	mod_rel	_	_
9d540926-17fc-48ca-a214-03e1ccb52eb1.xml.macaon	187	20	roi	roi	nc	nc	_	19	obj	_	_
9d540926-17fc-48ca-a214-03e1ccb52eb1.xml.macaon	188	21	de	de	prep	prep	_	20	dep	_	_
9d540926-17fc-48ca-a214-03e1ccb52eb1.xml.macaon	189	22	Juda	Juda	np	np	_	21	obj	_	_
9d540926-17fc-48ca-a214-03e1ccb52eb1.xml.macaon	190	23	et	et	coo	coo	_	22	coord	_	_
9d540926-17fc-48ca-a214-03e1ccb52eb1.xml.macaon	191	24	Athalie	Athalie	np	np	_	21	obj	_	_	B:Death:FE:Protagonist:G:195
9d540926-17fc-48ca-a214-03e1ccb52eb1.xml.macaon	192	25	est	être	v	v	_	26	aux_tps	_	_
9d540926-17fc-48ca-a214-03e1ccb52eb1.xml.macaon	193	26	mise	mettre	vppart	vppart	_	_	_	_	_
9d540926-17fc-48ca-a214-03e1ccb52eb1.xml.macaon	194	27	à	à	prep	prep	_	26	mod	_	_
9d540926-17fc-48ca-a214-03e1ccb52eb1.xml.macaon	195	28	mort	mort	nc	nc	_	27	obj	_	_	B:Death:TARGET:mort:G:195
9d540926-17fc-48ca-a214-03e1ccb52eb1.xml.macaon	196	29	.	.	poncts	poncts	_	26	ponct	_	_

9d540926-17fc-48ca-a214-03e1ccb52eb1.xml.macaon	197	1	Athalie	Athalie	np	np	_	_	_	_	_
9d540926-17fc-48ca-a214-03e1ccb52eb1.xml.macaon	198	2	dans	dans	prep	prep	_	1	dep	_	_
9d540926-17fc-48ca-a214-03e1ccb52eb1.xml.macaon	199	3	la	le	det	det	_	4	det	_	_
9d540926-17fc-48ca-a214-03e1ccb52eb1.xml.macaon	200	4	littérature	littérature	nc	nc	_	2	obj	_	_

9d540926-17fc-48ca-a214-03e1ccb52eb1.xml.macaon	201	1	Athalie	Athalie	np	np	_	_	_	_	_
9d540926-17fc-48ca-a214-03e1ccb52eb1.xml.macaon	202	2	,	,	ponctw	ponctw	_	1	ponct	_	_
9d540926-17fc-48ca-a214-03e1ccb52eb1.xml.macaon	203	3	une	un	det	det	_	4	det	_	_
9d540926-17fc-48ca-a214-03e1ccb52eb1.xml.macaon	204	4	tragédie	tragédie	nc	nc	_	1	mod	_	_
9d540926-17fc-48ca-a214-03e1ccb52eb1.xml.macaon	205	5	de	de	prep	prep	_	4	dep	_	_
9d540926-17fc-48ca-a214-03e1ccb52eb1.xml.macaon	206	6	Jean	Jean	np	np	_	5	obj	_	_
9d540926-17fc-48ca-a214-03e1ccb52eb1.xml.macaon	207	7	Racine	Racine	np	np	_	5	obj	_	_
9d540926-17fc-48ca-a214-03e1ccb52eb1.xml.macaon	208	8	(	(	ponctw	ponctw	_	7	ponct	_	_
9d540926-17fc-48ca-a214-03e1ccb52eb1.xml.macaon	209	9	1691	1691	nc	nc	_	5	obj	_	_
9d540926-17fc-48ca-a214-03e1ccb52eb1.xml.macaon	210	10	)	)	ponctw	ponctw	_	9	ponct	_	_
9d540926-17fc-48ca-a214-03e1ccb52eb1.xml.macaon	211	11	.	.	poncts	poncts	_	1	__JOKER__	_	_

9d540926-17fc-48ca-a214-03e1ccb52eb1.xml.macaon	212	1	C'	C'	cln	cln	_	2	suj	_	_
9d540926-17fc-48ca-a214-03e1ccb52eb1.xml.macaon	213	2	est	être	v	v	_	_	_	_	_
9d540926-17fc-48ca-a214-03e1ccb52eb1.xml.macaon	214	3	la	le	det	det	_	5	det	_	_	B:Statement:FE:Medium:G:217
9d540926-17fc-48ca-a214-03e1ccb52eb1.xml.macaon	215	4	dernière	dernier	adj	adj	_	5	mod	_	_	I:Statement:FE:Medium:G:217
9d540926-17fc-48ca-a214-03e1ccb52eb1.xml.macaon	216	5	pièce	pièce	nc	nc	_	2	ats	_	_	I:Statement:FE:Medium:G:217
9d540926-17fc-48ca-a214-03e1ccb52eb1.xml.macaon	217	6	écrite	écrire	vppart	vppart	_	5	mod	_	_	B:Statement:TARGET:écrire:G:217
9d540926-17fc-48ca-a214-03e1ccb52eb1.xml.macaon	218	7	par	par	prep	prep	_	6	p_obj	_	_
9d540926-17fc-48ca-a214-03e1ccb52eb1.xml.macaon	219	8	l'	le	det	det	_	9	det	_	_	B:Statement:FE:Speaker:G:217
9d540926-17fc-48ca-a214-03e1ccb52eb1.xml.macaon	220	9	auteur	auteur	nc	nc	_	7	obj	_	_	I:Statement:FE:Speaker:G:217
9d540926-17fc-48ca-a214-03e1ccb52eb1.xml.macaon	221	10	.	.	poncts	poncts	_	2	ponct	_	_
