a13eb50c-b980-43e3-979d-80c9cb513d0a.xml.macaon	0	1	vikidia	vikidia	nc	nc	_	_	_	_	_

a13eb50c-b980-43e3-979d-80c9cb513d0a.xml.macaon	1	1	a13eb50c	a13eb50c	nc	nc	_	_	_	_	_
a13eb50c-b980-43e3-979d-80c9cb513d0a.xml.macaon	2	2	-	-	ponctw	ponctw	_	1	ponct	_	_
a13eb50c-b980-43e3-979d-80c9cb513d0a.xml.macaon	3	3	b980	b980	nc	nc	_	1	mod	_	_
a13eb50c-b980-43e3-979d-80c9cb513d0a.xml.macaon	4	4	-	-	ponctw	ponctw	_	3	ponct	_	_
a13eb50c-b980-43e3-979d-80c9cb513d0a.xml.macaon	5	5	43e3	43e3	nc	nc	_	3	mod	_	_
a13eb50c-b980-43e3-979d-80c9cb513d0a.xml.macaon	6	6	-	-	ponctw	ponctw	_	5	ponct	_	_
a13eb50c-b980-43e3-979d-80c9cb513d0a.xml.macaon	7	7	979d	979d	adj	adj	_	5	mod	_	_
a13eb50c-b980-43e3-979d-80c9cb513d0a.xml.macaon	8	8	-	-	ponctw	ponctw	_	1	ponct	_	_
a13eb50c-b980-43e3-979d-80c9cb513d0a.xml.macaon	9	9	80c9cb513d0a	80c9cb513d0a	nc	nc	_	8	dep_coord	_	_

a13eb50c-b980-43e3-979d-80c9cb513d0a.xml.macaon	10	1	ADDED	ADDED	nc	nc	_	_	_	_	_

a13eb50c-b980-43e3-979d-80c9cb513d0a.xml.macaon	11	1	2016	2016	adj	adj	_	3	mod	_	_
a13eb50c-b980-43e3-979d-80c9cb513d0a.xml.macaon	12	2	-	-	ponctw	ponctw	_	1	ponct	_	_
a13eb50c-b980-43e3-979d-80c9cb513d0a.xml.macaon	13	3	06	06	nc	nc	_	_	_	_	_
a13eb50c-b980-43e3-979d-80c9cb513d0a.xml.macaon	14	4	-	-	ponctw	ponctw	_	3	ponct	_	_
a13eb50c-b980-43e3-979d-80c9cb513d0a.xml.macaon	15	5	15T14	15T14	nc	nc	_	3	mod	_	_
a13eb50c-b980-43e3-979d-80c9cb513d0a.xml.macaon	16	6	:	:	ponctw	ponctw	_	5	ponct	_	_
a13eb50c-b980-43e3-979d-80c9cb513d0a.xml.macaon	17	7	53	53	nc	nc	_	5	mod	_	_
a13eb50c-b980-43e3-979d-80c9cb513d0a.xml.macaon	18	8	:	:	ponctw	ponctw	_	7	ponct	_	_
a13eb50c-b980-43e3-979d-80c9cb513d0a.xml.macaon	19	9	15Z	15Z	nc	nc	_	7	mod	_	_

a13eb50c-b980-43e3-979d-80c9cb513d0a.xml.macaon	20	1	Thermes	thermes	det	det	_	2	det	_	_
a13eb50c-b980-43e3-979d-80c9cb513d0a.xml.macaon	21	2	romains	romain	nc	nc	_	_	_	_	_

a13eb50c-b980-43e3-979d-80c9cb513d0a.xml.macaon	22	1	Les	les	det	det	_	2	det	_	_
a13eb50c-b980-43e3-979d-80c9cb513d0a.xml.macaon	23	2	thermes	thermes	nc	nc	_	4	suj	_	_
a13eb50c-b980-43e3-979d-80c9cb513d0a.xml.macaon	24	3	romains	romain	adj	adj	_	2	mod	_	_
a13eb50c-b980-43e3-979d-80c9cb513d0a.xml.macaon	25	4	étaient	étayer	v	v	_	_	_	_	_
a13eb50c-b980-43e3-979d-80c9cb513d0a.xml.macaon	26	5	des	un	det	det	_	6	det	_	_
a13eb50c-b980-43e3-979d-80c9cb513d0a.xml.macaon	27	6	bains	bain	nc	nc	_	4	obj	_	_
a13eb50c-b980-43e3-979d-80c9cb513d0a.xml.macaon	28	7	publics	public	adj	adj	_	6	mod	_	_
a13eb50c-b980-43e3-979d-80c9cb513d0a.xml.macaon	29	8	dans	dans	prep	prep	_	4	mod	_	_
a13eb50c-b980-43e3-979d-80c9cb513d0a.xml.macaon	30	9	lesquels	lequel	prorel	prorel	_	8	obj	_	_
a13eb50c-b980-43e3-979d-80c9cb513d0a.xml.macaon	31	10	les	le	det	det	_	11	det	_	_
a13eb50c-b980-43e3-979d-80c9cb513d0a.xml.macaon	32	11	Romains	romain	nc	nc	_	8	obj	_	_
a13eb50c-b980-43e3-979d-80c9cb513d0a.xml.macaon	33	12	se	se	clr	clr	_	13	aff	_	_
a13eb50c-b980-43e3-979d-80c9cb513d0a.xml.macaon	34	13	lavaient	laver	v	v	_	11	mod_rel	_	_
a13eb50c-b980-43e3-979d-80c9cb513d0a.xml.macaon	35	14	,	,	ponctw	ponctw	_	13	ponct	_	_
a13eb50c-b980-43e3-979d-80c9cb513d0a.xml.macaon	36	15	mais#aussi	mais#aussi	coo	coo	_	13	coord	_	_
a13eb50c-b980-43e3-979d-80c9cb513d0a.xml.macaon	37	16	pratiquaient	pratiquer	v	v	_	15	dep_coord	_	_
a13eb50c-b980-43e3-979d-80c9cb513d0a.xml.macaon	38	17	des	un	det	det	_	18	det	_	_
a13eb50c-b980-43e3-979d-80c9cb513d0a.xml.macaon	39	18	activités	activité	nc	nc	_	16	obj	_	_
a13eb50c-b980-43e3-979d-80c9cb513d0a.xml.macaon	40	19	sportives	sportif	adj	adj	_	18	mod	_	_
a13eb50c-b980-43e3-979d-80c9cb513d0a.xml.macaon	41	20	,	,	ponctw	ponctw	_	22	ponct	_	_
a13eb50c-b980-43e3-979d-80c9cb513d0a.xml.macaon	42	21	se	se	clr	clr	_	22	aff	_	_
a13eb50c-b980-43e3-979d-80c9cb513d0a.xml.macaon	43	22	baignaient	baigner	v	v	_	15	dep_coord	_	_
a13eb50c-b980-43e3-979d-80c9cb513d0a.xml.macaon	44	23	,	,	ponctw	ponctw	_	25	ponct	_	_
a13eb50c-b980-43e3-979d-80c9cb513d0a.xml.macaon	45	24	se	se	clr	clr	_	25	aff	_	_
a13eb50c-b980-43e3-979d-80c9cb513d0a.xml.macaon	46	25	relaxaient	relaxer	v	v	_	27	__JOKER__	_	_
a13eb50c-b980-43e3-979d-80c9cb513d0a.xml.macaon	47	26	,	,	ponctw	ponctw	_	25	ponct	_	_
a13eb50c-b980-43e3-979d-80c9cb513d0a.xml.macaon	48	27	lisaient	lire	v	v	_	22	mod	_	_
a13eb50c-b980-43e3-979d-80c9cb513d0a.xml.macaon	49	28	,	,	ponctw	ponctw	_	27	ponct	_	_
a13eb50c-b980-43e3-979d-80c9cb513d0a.xml.macaon	50	29	se	se	clr	clr	_	31	aff	_	_
a13eb50c-b980-43e3-979d-80c9cb513d0a.xml.macaon	51	30	faisaient	faire	v	v	_	31	aux_caus	_	_
a13eb50c-b980-43e3-979d-80c9cb513d0a.xml.macaon	52	31	couper	couper	vinf	vinf	_	27	obj	_	_
a13eb50c-b980-43e3-979d-80c9cb513d0a.xml.macaon	53	32	les	le	det	det	_	33	det	_	_
a13eb50c-b980-43e3-979d-80c9cb513d0a.xml.macaon	54	33	cheveux	cheveu	nc	nc	_	31	obj	_	_
a13eb50c-b980-43e3-979d-80c9cb513d0a.xml.macaon	55	34	ou	ou	coo	coo	_	33	coord	_	_
a13eb50c-b980-43e3-979d-80c9cb513d0a.xml.macaon	56	35	tout	tout	adv	adv	_	36	mod	_	_
a13eb50c-b980-43e3-979d-80c9cb513d0a.xml.macaon	57	36	simplement	simplement	adv	adv	_	37	mod	_	_
a13eb50c-b980-43e3-979d-80c9cb513d0a.xml.macaon	58	37	bavardaient	bavarder	v	v	_	34	dep_coord	_	_
a13eb50c-b980-43e3-979d-80c9cb513d0a.xml.macaon	59	38	.	.	poncts	poncts	_	11	__JOKER__	_	_

a13eb50c-b980-43e3-979d-80c9cb513d0a.xml.macaon	60	1	Les	les	det	det	_	2	det	_	_
a13eb50c-b980-43e3-979d-80c9cb513d0a.xml.macaon	61	2	thermes	thermes	nc	nc	_	4	suj	_	_
a13eb50c-b980-43e3-979d-80c9cb513d0a.xml.macaon	62	3	n'	n'	advneg	advneg	_	4	mod	_	_
a13eb50c-b980-43e3-979d-80c9cb513d0a.xml.macaon	63	4	étaient	étayer	v	v	_	_	_	_	_
a13eb50c-b980-43e3-979d-80c9cb513d0a.xml.macaon	64	5	pas	pas	advneg	advneg	_	4	mod	_	_
a13eb50c-b980-43e3-979d-80c9cb513d0a.xml.macaon	65	6	mixtes	mixte	adj	adj	_	4	ats	_	_
a13eb50c-b980-43e3-979d-80c9cb513d0a.xml.macaon	66	7	.	.	poncts	poncts	_	4	ponct	_	_

a13eb50c-b980-43e3-979d-80c9cb513d0a.xml.macaon	67	1	Les	les	det	det	_	2	det	_	_	B:Ingestion:FE:Ingestor:G:75
a13eb50c-b980-43e3-979d-80c9cb513d0a.xml.macaon	68	2	hommes	homme	nc	nc	_	4	suj	_	_	I:Ingestion:FE:Ingestor:G:75
a13eb50c-b980-43e3-979d-80c9cb513d0a.xml.macaon	69	3	se	se	clr	clr	_	4	aff	_	_
a13eb50c-b980-43e3-979d-80c9cb513d0a.xml.macaon	70	4	rendaient	rendre	v	v	_	_	_	_	_
a13eb50c-b980-43e3-979d-80c9cb513d0a.xml.macaon	71	5	aux	aux	prep	prep	_	4	de_obj	_	_
a13eb50c-b980-43e3-979d-80c9cb513d0a.xml.macaon	72	6	thermes	thermes	nc	nc	_	5	obj	_	_
a13eb50c-b980-43e3-979d-80c9cb513d0a.xml.macaon	73	7	avant	avant	prep	prep	_	4	mod	_	_
a13eb50c-b980-43e3-979d-80c9cb513d0a.xml.macaon	74	8	le	le	det	det	_	9	det	_	_
a13eb50c-b980-43e3-979d-80c9cb513d0a.xml.macaon	75	9	repas	repas	nc	nc	_	7	obj	_	_	B:Ingestion:TARGET:repas:G:75
a13eb50c-b980-43e3-979d-80c9cb513d0a.xml.macaon	76	10	principal	principal	adj	adj	_	9	mod	_	_
a13eb50c-b980-43e3-979d-80c9cb513d0a.xml.macaon	77	11	(	(	ponctw	ponctw	_	9	ponct	_	_
a13eb50c-b980-43e3-979d-80c9cb513d0a.xml.macaon	78	12	cena	cena	nc	nc	_	9	mod	_	_
a13eb50c-b980-43e3-979d-80c9cb513d0a.xml.macaon	79	13	)	)	ponctw	ponctw	_	12	ponct	_	_
a13eb50c-b980-43e3-979d-80c9cb513d0a.xml.macaon	80	14	,	,	ponctw	ponctw	_	12	ponct	_	_
a13eb50c-b980-43e3-979d-80c9cb513d0a.xml.macaon	81	15	tandis#que	tandis#que	csu	csu	_	12	mod	_	_
a13eb50c-b980-43e3-979d-80c9cb513d0a.xml.macaon	82	16	les	le	det	det	_	17	det	_	_
a13eb50c-b980-43e3-979d-80c9cb513d0a.xml.macaon	83	17	femmes	femme	nc	nc	_	19	suj	_	_
a13eb50c-b980-43e3-979d-80c9cb513d0a.xml.macaon	84	18	y	y	clo	clo	_	19	__JOKER__	_	_
a13eb50c-b980-43e3-979d-80c9cb513d0a.xml.macaon	85	19	allaient	aller	v	v	_	15	obj	_	_
a13eb50c-b980-43e3-979d-80c9cb513d0a.xml.macaon	86	20	le	le	det	det	_	21	det	_	_
a13eb50c-b980-43e3-979d-80c9cb513d0a.xml.macaon	87	21	matin	matin	nc	nc	_	19	obj	_	_
a13eb50c-b980-43e3-979d-80c9cb513d0a.xml.macaon	88	22	.	.	poncts	poncts	_	4	ponct	_	_

a13eb50c-b980-43e3-979d-80c9cb513d0a.xml.macaon	89	1	Antiquité	antiquité	nc	nc	_	_	_	_	_

a13eb50c-b980-43e3-979d-80c9cb513d0a.xml.macaon	90	1	Thermes	thermes	det	det	_	2	det	_	_
a13eb50c-b980-43e3-979d-80c9cb513d0a.xml.macaon	91	2	romains	romain	nc	nc	_	_	_	_	_

a13eb50c-b980-43e3-979d-80c9cb513d0a.xml.macaon	92	1	Les	les	det	det	_	2	det	_	_
a13eb50c-b980-43e3-979d-80c9cb513d0a.xml.macaon	93	2	thermes	thermes	nc	nc	_	4	suj	_	_
a13eb50c-b980-43e3-979d-80c9cb513d0a.xml.macaon	94	3	romains	romain	adj	adj	_	2	mod	_	_
a13eb50c-b980-43e3-979d-80c9cb513d0a.xml.macaon	95	4	étaient	étayer	v	v	_	_	_	_	_
a13eb50c-b980-43e3-979d-80c9cb513d0a.xml.macaon	96	5	des	un	det	det	_	6	det	_	_
a13eb50c-b980-43e3-979d-80c9cb513d0a.xml.macaon	97	6	bains	bain	nc	nc	_	4	obj	_	_
a13eb50c-b980-43e3-979d-80c9cb513d0a.xml.macaon	98	7	publics	public	adj	adj	_	6	mod	_	_
a13eb50c-b980-43e3-979d-80c9cb513d0a.xml.macaon	99	8	dans	dans	prep	prep	_	4	mod	_	_
a13eb50c-b980-43e3-979d-80c9cb513d0a.xml.macaon	100	9	lesquels	lequel	prorel	prorel	_	8	obj	_	_
a13eb50c-b980-43e3-979d-80c9cb513d0a.xml.macaon	101	10	les	le	det	det	_	11	det	_	_
a13eb50c-b980-43e3-979d-80c9cb513d0a.xml.macaon	102	11	Romains	romain	nc	nc	_	8	obj	_	_
a13eb50c-b980-43e3-979d-80c9cb513d0a.xml.macaon	103	12	se	se	clr	clr	_	13	aff	_	_
a13eb50c-b980-43e3-979d-80c9cb513d0a.xml.macaon	104	13	lavaient	laver	v	v	_	11	mod_rel	_	_
a13eb50c-b980-43e3-979d-80c9cb513d0a.xml.macaon	105	14	,	,	ponctw	ponctw	_	13	ponct	_	_
a13eb50c-b980-43e3-979d-80c9cb513d0a.xml.macaon	106	15	mais#aussi	mais#aussi	coo	coo	_	13	coord	_	_
a13eb50c-b980-43e3-979d-80c9cb513d0a.xml.macaon	107	16	pratiquaient	pratiquer	v	v	_	15	dep_coord	_	_
a13eb50c-b980-43e3-979d-80c9cb513d0a.xml.macaon	108	17	des	un	det	det	_	18	det	_	_
a13eb50c-b980-43e3-979d-80c9cb513d0a.xml.macaon	109	18	activités	activité	nc	nc	_	16	obj	_	_
a13eb50c-b980-43e3-979d-80c9cb513d0a.xml.macaon	110	19	sportives	sportif	adj	adj	_	18	mod	_	_
a13eb50c-b980-43e3-979d-80c9cb513d0a.xml.macaon	111	20	,	,	ponctw	ponctw	_	22	ponct	_	_
a13eb50c-b980-43e3-979d-80c9cb513d0a.xml.macaon	112	21	se	se	clr	clr	_	22	aff	_	_
a13eb50c-b980-43e3-979d-80c9cb513d0a.xml.macaon	113	22	baignaient	baigner	v	v	_	15	dep_coord	_	_
a13eb50c-b980-43e3-979d-80c9cb513d0a.xml.macaon	114	23	,	,	ponctw	ponctw	_	25	ponct	_	_
a13eb50c-b980-43e3-979d-80c9cb513d0a.xml.macaon	115	24	se	se	clr	clr	_	25	aff	_	_
a13eb50c-b980-43e3-979d-80c9cb513d0a.xml.macaon	116	25	relaxaient	relaxer	v	v	_	27	__JOKER__	_	_
a13eb50c-b980-43e3-979d-80c9cb513d0a.xml.macaon	117	26	,	,	ponctw	ponctw	_	25	ponct	_	_
a13eb50c-b980-43e3-979d-80c9cb513d0a.xml.macaon	118	27	lisaient	lire	v	v	_	22	mod	_	_
a13eb50c-b980-43e3-979d-80c9cb513d0a.xml.macaon	119	28	,	,	ponctw	ponctw	_	27	ponct	_	_
a13eb50c-b980-43e3-979d-80c9cb513d0a.xml.macaon	120	29	se	se	clr	clr	_	31	aff	_	_
a13eb50c-b980-43e3-979d-80c9cb513d0a.xml.macaon	121	30	faisaient	faire	v	v	_	31	aux_caus	_	_
a13eb50c-b980-43e3-979d-80c9cb513d0a.xml.macaon	122	31	couper	couper	vinf	vinf	_	27	obj	_	_
a13eb50c-b980-43e3-979d-80c9cb513d0a.xml.macaon	123	32	les	le	det	det	_	33	det	_	_
a13eb50c-b980-43e3-979d-80c9cb513d0a.xml.macaon	124	33	cheveux	cheveu	nc	nc	_	31	obj	_	_
a13eb50c-b980-43e3-979d-80c9cb513d0a.xml.macaon	125	34	ou	ou	coo	coo	_	33	coord	_	_
a13eb50c-b980-43e3-979d-80c9cb513d0a.xml.macaon	126	35	tout	tout	adv	adv	_	36	mod	_	_
a13eb50c-b980-43e3-979d-80c9cb513d0a.xml.macaon	127	36	simplement	simplement	adv	adv	_	37	mod	_	_
a13eb50c-b980-43e3-979d-80c9cb513d0a.xml.macaon	128	37	bavardaient	bavarder	v	v	_	34	dep_coord	_	_
a13eb50c-b980-43e3-979d-80c9cb513d0a.xml.macaon	129	38	.	.	poncts	poncts	_	11	__JOKER__	_	_

a13eb50c-b980-43e3-979d-80c9cb513d0a.xml.macaon	130	1	Les	les	det	det	_	2	det	_	_
a13eb50c-b980-43e3-979d-80c9cb513d0a.xml.macaon	131	2	thermes	thermes	nc	nc	_	4	suj	_	_
a13eb50c-b980-43e3-979d-80c9cb513d0a.xml.macaon	132	3	n'	n'	advneg	advneg	_	4	mod	_	_
a13eb50c-b980-43e3-979d-80c9cb513d0a.xml.macaon	133	4	étaient	étayer	v	v	_	_	_	_	_
a13eb50c-b980-43e3-979d-80c9cb513d0a.xml.macaon	134	5	pas	pas	advneg	advneg	_	4	mod	_	_
a13eb50c-b980-43e3-979d-80c9cb513d0a.xml.macaon	135	6	mixtes	mixte	adj	adj	_	4	ats	_	_
a13eb50c-b980-43e3-979d-80c9cb513d0a.xml.macaon	136	7	.	.	poncts	poncts	_	4	ponct	_	_

a13eb50c-b980-43e3-979d-80c9cb513d0a.xml.macaon	137	1	Les	les	det	det	_	2	det	_	_	B:Ingestion:FE:Ingestor:G:145
a13eb50c-b980-43e3-979d-80c9cb513d0a.xml.macaon	138	2	hommes	homme	nc	nc	_	4	suj	_	_	I:Ingestion:FE:Ingestor:G:145
a13eb50c-b980-43e3-979d-80c9cb513d0a.xml.macaon	139	3	se	se	clr	clr	_	4	aff	_	_
a13eb50c-b980-43e3-979d-80c9cb513d0a.xml.macaon	140	4	rendaient	rendre	v	v	_	_	_	_	_
a13eb50c-b980-43e3-979d-80c9cb513d0a.xml.macaon	141	5	aux	aux	prep	prep	_	4	de_obj	_	_
a13eb50c-b980-43e3-979d-80c9cb513d0a.xml.macaon	142	6	thermes	thermes	nc	nc	_	5	obj	_	_
a13eb50c-b980-43e3-979d-80c9cb513d0a.xml.macaon	143	7	avant	avant	prep	prep	_	4	mod	_	_
a13eb50c-b980-43e3-979d-80c9cb513d0a.xml.macaon	144	8	le	le	det	det	_	9	det	_	_
a13eb50c-b980-43e3-979d-80c9cb513d0a.xml.macaon	145	9	repas	repas	nc	nc	_	7	obj	_	_	B:Ingestion:TARGET:repas:G:145
a13eb50c-b980-43e3-979d-80c9cb513d0a.xml.macaon	146	10	principal	principal	adj	adj	_	9	mod	_	_
a13eb50c-b980-43e3-979d-80c9cb513d0a.xml.macaon	147	11	(	(	ponctw	ponctw	_	9	ponct	_	_
a13eb50c-b980-43e3-979d-80c9cb513d0a.xml.macaon	148	12	cena	cena	nc	nc	_	9	mod	_	_
a13eb50c-b980-43e3-979d-80c9cb513d0a.xml.macaon	149	13	)	)	ponctw	ponctw	_	12	ponct	_	_
a13eb50c-b980-43e3-979d-80c9cb513d0a.xml.macaon	150	14	,	,	ponctw	ponctw	_	12	ponct	_	_
a13eb50c-b980-43e3-979d-80c9cb513d0a.xml.macaon	151	15	tandis#que	tandis#que	csu	csu	_	12	mod	_	_
a13eb50c-b980-43e3-979d-80c9cb513d0a.xml.macaon	152	16	les	le	det	det	_	17	det	_	_
a13eb50c-b980-43e3-979d-80c9cb513d0a.xml.macaon	153	17	femmes	femme	nc	nc	_	19	suj	_	_
a13eb50c-b980-43e3-979d-80c9cb513d0a.xml.macaon	154	18	y	y	clo	clo	_	19	__JOKER__	_	_
a13eb50c-b980-43e3-979d-80c9cb513d0a.xml.macaon	155	19	allaient	aller	v	v	_	15	obj	_	_
a13eb50c-b980-43e3-979d-80c9cb513d0a.xml.macaon	156	20	le	le	det	det	_	21	det	_	_
a13eb50c-b980-43e3-979d-80c9cb513d0a.xml.macaon	157	21	matin	matin	nc	nc	_	19	obj	_	_
a13eb50c-b980-43e3-979d-80c9cb513d0a.xml.macaon	158	22	.	.	poncts	poncts	_	4	ponct	_	_

a13eb50c-b980-43e3-979d-80c9cb513d0a.xml.macaon	159	1	Historique	historique	adj	adj	_	_	_	_	_

a13eb50c-b980-43e3-979d-80c9cb513d0a.xml.macaon	160	1	Les	les	det	det	_	2	det	_	_
a13eb50c-b980-43e3-979d-80c9cb513d0a.xml.macaon	161	2	thermes	thermes	nc	nc	_	3	suj	_	_
a13eb50c-b980-43e3-979d-80c9cb513d0a.xml.macaon	162	3	apparaissent	apparaître	v	v	_	_	_	_	_
a13eb50c-b980-43e3-979d-80c9cb513d0a.xml.macaon	163	4	à	à	prep	prep	_	3	a_obj	_	_
a13eb50c-b980-43e3-979d-80c9cb513d0a.xml.macaon	164	5	Rome	Rome	np	np	_	4	obj	_	_
a13eb50c-b980-43e3-979d-80c9cb513d0a.xml.macaon	165	6	au	au	prep	prep	_	3	mod	_	_
a13eb50c-b980-43e3-979d-80c9cb513d0a.xml.macaon	166	7	IIIe	IIIe	adj	adj	_	8	mod	_	_
a13eb50c-b980-43e3-979d-80c9cb513d0a.xml.macaon	167	8	siècle	siècle	nc	nc	_	6	obj	_	_
a13eb50c-b980-43e3-979d-80c9cb513d0a.xml.macaon	168	9	av.	av.	nc	nc	_	8	mod	_	_

a13eb50c-b980-43e3-979d-80c9cb513d0a.xml.macaon	169	1	J.-C.	Jésus-Christ	np	np	_	_	_	_	_
a13eb50c-b980-43e3-979d-80c9cb513d0a.xml.macaon	170	2	.	.	poncts	poncts	_	1	__JOKER__	_	_

a13eb50c-b980-43e3-979d-80c9cb513d0a.xml.macaon	171	1	À	À	prep	prep	_	9	mod	_	_
a13eb50c-b980-43e3-979d-80c9cb513d0a.xml.macaon	172	2	l'	le	det	det	_	3	det	_	_
a13eb50c-b980-43e3-979d-80c9cb513d0a.xml.macaon	173	3	origine	origine	nc	nc	_	1	obj	_	_	B:OTHER:G
a13eb50c-b980-43e3-979d-80c9cb513d0a.xml.macaon	174	4	,	,	ponctw	ponctw	_	9	ponct	_	_
a13eb50c-b980-43e3-979d-80c9cb513d0a.xml.macaon	175	5	seuls	seul	adj	adj	_	7	mod	_	_
a13eb50c-b980-43e3-979d-80c9cb513d0a.xml.macaon	176	6	les	le	det	det	_	7	det	_	_
a13eb50c-b980-43e3-979d-80c9cb513d0a.xml.macaon	177	7	pauvres	pauvre	nc	nc	_	9	suj	_	_
a13eb50c-b980-43e3-979d-80c9cb513d0a.xml.macaon	178	8	les	les	clo	clo	_	9	aff	_	_
a13eb50c-b980-43e3-979d-80c9cb513d0a.xml.macaon	179	9	fréquentent	fréquenter	v	v	_	_	_	_	_
a13eb50c-b980-43e3-979d-80c9cb513d0a.xml.macaon	180	10	pour	pour	prep	prep	_	9	mod	_	_
a13eb50c-b980-43e3-979d-80c9cb513d0a.xml.macaon	181	11	s'	s'	clr	clr	_	13	aff	_	_
a13eb50c-b980-43e3-979d-80c9cb513d0a.xml.macaon	182	12	y	y	clo	clo	_	13	__JOKER__	_	_
a13eb50c-b980-43e3-979d-80c9cb513d0a.xml.macaon	183	13	laver	laver	vinf	vinf	_	10	obj	_	_
a13eb50c-b980-43e3-979d-80c9cb513d0a.xml.macaon	184	14	,	,	ponctw	ponctw	_	9	ponct	_	_
a13eb50c-b980-43e3-979d-80c9cb513d0a.xml.macaon	185	15	et	et	coo	coo	_	9	coord	_	_
a13eb50c-b980-43e3-979d-80c9cb513d0a.xml.macaon	186	16	pas	pas	advneg	advneg	_	18	mod	_	_
a13eb50c-b980-43e3-979d-80c9cb513d0a.xml.macaon	187	17	plus#d'	plus#d'	adv	adv	_	18	mod	_	_
a13eb50c-b980-43e3-979d-80c9cb513d0a.xml.macaon	188	18	une#fois	une#fois	adv	adv	_	15	mod	_	_
a13eb50c-b980-43e3-979d-80c9cb513d0a.xml.macaon	189	19	par	par	prep	prep	_	15	dep_coord	_	_
a13eb50c-b980-43e3-979d-80c9cb513d0a.xml.macaon	190	20	semaine	semaine	nc	nc	_	19	obj	_	_
a13eb50c-b980-43e3-979d-80c9cb513d0a.xml.macaon	191	21	.	.	poncts	poncts	_	9	ponct	_	_

a13eb50c-b980-43e3-979d-80c9cb513d0a.xml.macaon	192	1	À	À	prep	prep	_	7	mod	_	_
a13eb50c-b980-43e3-979d-80c9cb513d0a.xml.macaon	193	2	cette	ce	det	det	_	3	det	_	_
a13eb50c-b980-43e3-979d-80c9cb513d0a.xml.macaon	194	3	époque	époque	nc	nc	_	1	obj	_	_
a13eb50c-b980-43e3-979d-80c9cb513d0a.xml.macaon	195	4	,	,	ponctw	ponctw	_	7	ponct	_	_
a13eb50c-b980-43e3-979d-80c9cb513d0a.xml.macaon	196	5	les	le	det	det	_	6	det	_	_
a13eb50c-b980-43e3-979d-80c9cb513d0a.xml.macaon	197	6	riches	riche	nc	nc	_	7	suj	_	_
a13eb50c-b980-43e3-979d-80c9cb513d0a.xml.macaon	198	7	disposent	disposer	v	v	_	_	_	_	_
a13eb50c-b980-43e3-979d-80c9cb513d0a.xml.macaon	199	8	de	de	prep	prep	_	7	de_obj	_	_
a13eb50c-b980-43e3-979d-80c9cb513d0a.xml.macaon	200	9	bains	bain	nc	nc	_	8	obj	_	_
a13eb50c-b980-43e3-979d-80c9cb513d0a.xml.macaon	201	10	privés	priver	adj	adj	_	9	mod	_	_
a13eb50c-b980-43e3-979d-80c9cb513d0a.xml.macaon	202	11	,	,	ponctw	ponctw	_	9	ponct	_	_
a13eb50c-b980-43e3-979d-80c9cb513d0a.xml.macaon	203	12	souvent	souvent	adv	adv	_	9	mod	_	_
a13eb50c-b980-43e3-979d-80c9cb513d0a.xml.macaon	204	13	une	un	det	det	_	14	det	_	_
a13eb50c-b980-43e3-979d-80c9cb513d0a.xml.macaon	205	14	pièce	pièce	nc	nc	_	7	obj	_	_
a13eb50c-b980-43e3-979d-80c9cb513d0a.xml.macaon	206	15	située	situé	adj	adj	_	14	mod	_	_
a13eb50c-b980-43e3-979d-80c9cb513d0a.xml.macaon	207	16	à#côté#de	à#côté#de	prep	prep	_	7	mod	_	_
a13eb50c-b980-43e3-979d-80c9cb513d0a.xml.macaon	208	17	la	le	det	det	_	18	det	_	_
a13eb50c-b980-43e3-979d-80c9cb513d0a.xml.macaon	209	18	cuisine	cuisine	nc	nc	_	16	obj	_	_
a13eb50c-b980-43e3-979d-80c9cb513d0a.xml.macaon	210	19	.	.	poncts	poncts	_	7	ponct	_	_

a13eb50c-b980-43e3-979d-80c9cb513d0a.xml.macaon	211	1	Sous	sous	prep	prep	_	10	mod	_	_	B:Using:FE:Time:G:216
a13eb50c-b980-43e3-979d-80c9cb513d0a.xml.macaon	212	2	l'	le	det	det	_	3	det	_	_	I:Using:FE:Time:G:216
a13eb50c-b980-43e3-979d-80c9cb513d0a.xml.macaon	213	3	Empire	Empire	nc	nc	_	1	obj	_	_	I:Using:FE:Time:G:216
a13eb50c-b980-43e3-979d-80c9cb513d0a.xml.macaon	214	4	,	,	ponctw	ponctw	_	10	ponct	_	_
a13eb50c-b980-43e3-979d-80c9cb513d0a.xml.macaon	215	5	l'	le	det	det	_	6	det	_	_
a13eb50c-b980-43e3-979d-80c9cb513d0a.xml.macaon	216	6	usage	usage	nc	nc	_	10	suj	_	_	B:Using:TARGET:usage:G:216
a13eb50c-b980-43e3-979d-80c9cb513d0a.xml.macaon	217	7	des	des	prep	prep	_	6	dep	_	_	B:Using:FE:Instrument:G:216
a13eb50c-b980-43e3-979d-80c9cb513d0a.xml.macaon	218	8	bains	bain	nc	nc	_	7	obj	_	_	I:Using:FE:Instrument:G:216
a13eb50c-b980-43e3-979d-80c9cb513d0a.xml.macaon	219	9	se	se	clr	clr	_	10	aff	_	_
a13eb50c-b980-43e3-979d-80c9cb513d0a.xml.macaon	220	10	développe	développer	v	v	_	_	_	_	_
a13eb50c-b980-43e3-979d-80c9cb513d0a.xml.macaon	221	11	.	.	poncts	poncts	_	10	ponct	_	_

a13eb50c-b980-43e3-979d-80c9cb513d0a.xml.macaon	222	1	La	la	det	det	_	2	det	_	_	B:Becoming:FE:Entity:G:224
a13eb50c-b980-43e3-979d-80c9cb513d0a.xml.macaon	223	2	fréquentation	fréquentation	nc	nc	_	3	suj	_	_	I:Becoming:FE:Entity:G:224
a13eb50c-b980-43e3-979d-80c9cb513d0a.xml.macaon	224	3	devient	devenir	v	v	_	_	_	_	_	B:Becoming:TARGET:devenir:G:224
a13eb50c-b980-43e3-979d-80c9cb513d0a.xml.macaon	225	4	quotidienne	quotidien	adj	adj	_	3	ats	_	_	B:Becoming:FE:Final_quality:G:224
a13eb50c-b980-43e3-979d-80c9cb513d0a.xml.macaon	226	5	et	et	coo	coo	_	3	coord	_	_
a13eb50c-b980-43e3-979d-80c9cb513d0a.xml.macaon	227	6	les	le	det	det	_	7	det	_	_
a13eb50c-b980-43e3-979d-80c9cb513d0a.xml.macaon	228	7	empereurs	empereur	nc	nc	_	3	obj	_	_
a13eb50c-b980-43e3-979d-80c9cb513d0a.xml.macaon	229	8	romains	romain	adj	adj	_	7	mod	_	_
a13eb50c-b980-43e3-979d-80c9cb513d0a.xml.macaon	230	9	ou	ou	coo	coo	_	7	coord	_	_
a13eb50c-b980-43e3-979d-80c9cb513d0a.xml.macaon	231	10	des	un	det	det	_	11	det	_	_
a13eb50c-b980-43e3-979d-80c9cb513d0a.xml.macaon	232	11	familles	famille	nc	nc	_	9	dep_coord	_	_
a13eb50c-b980-43e3-979d-80c9cb513d0a.xml.macaon	233	12	très	très	adv	adv	_	13	mod	_	_
a13eb50c-b980-43e3-979d-80c9cb513d0a.xml.macaon	234	13	riches	riche	adj	adj	_	11	mod	_	_
a13eb50c-b980-43e3-979d-80c9cb513d0a.xml.macaon	235	14	font	faire	v	v	_	9	dep_coord	_	_
a13eb50c-b980-43e3-979d-80c9cb513d0a.xml.macaon	236	15	édifier	édifier	vinf	vinf	_	14	obj	_	_
a13eb50c-b980-43e3-979d-80c9cb513d0a.xml.macaon	237	16	des	un	det	det	_	17	det	_	_
a13eb50c-b980-43e3-979d-80c9cb513d0a.xml.macaon	238	17	thermes	thermes	nc	nc	_	15	obj	_	_
a13eb50c-b980-43e3-979d-80c9cb513d0a.xml.macaon	239	18	monumentaux	monumental	adj	adj	_	17	mod	_	_
a13eb50c-b980-43e3-979d-80c9cb513d0a.xml.macaon	240	19	.	.	poncts	poncts	_	3	ponct	_	_

a13eb50c-b980-43e3-979d-80c9cb513d0a.xml.macaon	241	1	Dans	dans	prep	prep	_	9	__JOKER__	_	_	B:Buildings:FE:Place:G:249
a13eb50c-b980-43e3-979d-80c9cb513d0a.xml.macaon	242	2	les	le	det	det	_	3	det	_	_	I:Buildings:FE:Place:G:249
a13eb50c-b980-43e3-979d-80c9cb513d0a.xml.macaon	243	3	villes	ville	nc	nc	_	1	obj	_	_	I:Buildings:FE:Place:G:249
a13eb50c-b980-43e3-979d-80c9cb513d0a.xml.macaon	244	4	de#l'	de#l'	prep	prep	_	3	dep	_	_	I:Buildings:FE:Place:G:249
a13eb50c-b980-43e3-979d-80c9cb513d0a.xml.macaon	245	5	Empire	Empire	nc	nc	_	4	obj	_	_	I:Buildings:FE:Place:G:249
a13eb50c-b980-43e3-979d-80c9cb513d0a.xml.macaon	246	6	romain	romain	adj	adj	_	5	mod	_	_	I:Buildings:FE:Place:G:249
a13eb50c-b980-43e3-979d-80c9cb513d0a.xml.macaon	247	7	,	,	ponctw	ponctw	_	3	ponct	_	_
a13eb50c-b980-43e3-979d-80c9cb513d0a.xml.macaon	248	8	la	le	det	det	_	9	det	_	_
a13eb50c-b980-43e3-979d-80c9cb513d0a.xml.macaon	249	9	construction	construction	nc	nc	_	15	suj	_	_	B:Buildings:TARGET:construction:G:249
a13eb50c-b980-43e3-979d-80c9cb513d0a.xml.macaon	250	10	d'	de	prep	prep	_	9	dep	_	_	B:Buildings:FE:Created_entity:G:249
a13eb50c-b980-43e3-979d-80c9cb513d0a.xml.macaon	251	11	un	un	det	det	_	14	det	_	_	I:Buildings:FE:Created_entity:G:249
a13eb50c-b980-43e3-979d-80c9cb513d0a.xml.macaon	252	12	ou	ou	coo	coo	_	11	__JOKER__	_	_	I:Buildings:FE:Created_entity:G:249
a13eb50c-b980-43e3-979d-80c9cb513d0a.xml.macaon	253	13	plusieurs	plusieurs	det	det	_	14	det	_	_	I:Buildings:FE:Created_entity:G:249
a13eb50c-b980-43e3-979d-80c9cb513d0a.xml.macaon	254	14	thermes	thermes	nc	nc	_	10	obj	_	_	I:Buildings:FE:Created_entity:G:249
a13eb50c-b980-43e3-979d-80c9cb513d0a.xml.macaon	255	15	offre	offrir	v	v	_	_	_	_	_
a13eb50c-b980-43e3-979d-80c9cb513d0a.xml.macaon	256	16	aux	aux	prep	prep	_	15	obj	_	_	B:Buildings:FE:Beneficiary:G:249
a13eb50c-b980-43e3-979d-80c9cb513d0a.xml.macaon	257	17	citadins	citadin	nc	nc	_	16	obj	_	_	I:Buildings:FE:Beneficiary:G:249
a13eb50c-b980-43e3-979d-80c9cb513d0a.xml.macaon	258	18	un	un	det	det	_	19	det	_	_
a13eb50c-b980-43e3-979d-80c9cb513d0a.xml.macaon	259	19	mode	mode	nc	nc	_	17	mod	_	_
a13eb50c-b980-43e3-979d-80c9cb513d0a.xml.macaon	260	20	de	de	prep	prep	_	19	dep	_	_
a13eb50c-b980-43e3-979d-80c9cb513d0a.xml.macaon	261	21	vie	vie	nc	nc	_	20	obj	_	_
a13eb50c-b980-43e3-979d-80c9cb513d0a.xml.macaon	262	22	«	«	ponctw	ponctw	_	19	ponct	_	_
a13eb50c-b980-43e3-979d-80c9cb513d0a.xml.macaon	263	23	à	à	prep	prep	_	19	dep	_	_
a13eb50c-b980-43e3-979d-80c9cb513d0a.xml.macaon	264	24	la	le	det	det	_	25	det	_	_
a13eb50c-b980-43e3-979d-80c9cb513d0a.xml.macaon	265	25	romaine	romain	nc	nc	_	23	obj	_	_
a13eb50c-b980-43e3-979d-80c9cb513d0a.xml.macaon	266	26	»	»	ponctw	ponctw	_	25	ponct	_	_
a13eb50c-b980-43e3-979d-80c9cb513d0a.xml.macaon	267	27	.	.	poncts	poncts	_	15	ponct	_	_

a13eb50c-b980-43e3-979d-80c9cb513d0a.xml.macaon	268	1	Description	description	nc	nc	_	_	_	_	_
a13eb50c-b980-43e3-979d-80c9cb513d0a.xml.macaon	269	2	des	des	prep	prep	_	1	dep	_	_
a13eb50c-b980-43e3-979d-80c9cb513d0a.xml.macaon	270	3	thermes	thermes	nc	nc	_	2	obj	_	_
a13eb50c-b980-43e3-979d-80c9cb513d0a.xml.macaon	271	4	romains	romain	adj	adj	_	3	mod	_	_

a13eb50c-b980-43e3-979d-80c9cb513d0a.xml.macaon	272	1	Thermes	thermes	nc	nc	_	_	_	_	_
a13eb50c-b980-43e3-979d-80c9cb513d0a.xml.macaon	273	2	de	de	prep	prep	_	1	dep	_	_
a13eb50c-b980-43e3-979d-80c9cb513d0a.xml.macaon	274	3	Dioclétien	Dioclétien	np	np	_	2	obj	_	_
a13eb50c-b980-43e3-979d-80c9cb513d0a.xml.macaon	275	4	,	,	ponctw	ponctw	_	1	ponct	_	_
a13eb50c-b980-43e3-979d-80c9cb513d0a.xml.macaon	276	5	à	à	prep	prep	_	1	dep	_	_
a13eb50c-b980-43e3-979d-80c9cb513d0a.xml.macaon	277	6	Rome	Rome	np	np	_	5	obj	_	_

a13eb50c-b980-43e3-979d-80c9cb513d0a.xml.macaon	278	1	Salle	salle	nc	nc	_	_	_	_	_
a13eb50c-b980-43e3-979d-80c9cb513d0a.xml.macaon	279	2	basilicale	basilical	adj	adj	_	1	mod	_	_
a13eb50c-b980-43e3-979d-80c9cb513d0a.xml.macaon	280	3	des	des	prep	prep	_	1	dep	_	_
a13eb50c-b980-43e3-979d-80c9cb513d0a.xml.macaon	281	4	thermes	thermes	nc	nc	_	3	obj	_	_
a13eb50c-b980-43e3-979d-80c9cb513d0a.xml.macaon	282	5	de	de	prep	prep	_	4	dep	_	_
a13eb50c-b980-43e3-979d-80c9cb513d0a.xml.macaon	283	6	Dioclétien	Dioclétien	np	np	_	5	obj	_	_
a13eb50c-b980-43e3-979d-80c9cb513d0a.xml.macaon	284	7	.	.	poncts	poncts	_	6	__JOKER__	_	_

a13eb50c-b980-43e3-979d-80c9cb513d0a.xml.macaon	285	1	Reconstitution	reconstitution	nc	nc	_	_	_	_	_
a13eb50c-b980-43e3-979d-80c9cb513d0a.xml.macaon	286	2	d'	de	prep	prep	_	1	dep	_	_
a13eb50c-b980-43e3-979d-80c9cb513d0a.xml.macaon	287	3	un	un	det	det	_	4	det	_	_
a13eb50c-b980-43e3-979d-80c9cb513d0a.xml.macaon	288	4	caldarium	caldarium	nc	nc	_	2	obj	_	_
a13eb50c-b980-43e3-979d-80c9cb513d0a.xml.macaon	289	5	montrant	montrer	vprespart	vprespart	_	4	__JOKER__	_	_
a13eb50c-b980-43e3-979d-80c9cb513d0a.xml.macaon	290	6	en	en	prep	prep	_	5	mod	_	_
a13eb50c-b980-43e3-979d-80c9cb513d0a.xml.macaon	291	7	coupée	coupée	nc	nc	_	6	obj	_	_
a13eb50c-b980-43e3-979d-80c9cb513d0a.xml.macaon	292	8	le	le	det	det	_	9	det	_	_
a13eb50c-b980-43e3-979d-80c9cb513d0a.xml.macaon	293	9	système	système	nc	nc	_	5	obj	_	_
a13eb50c-b980-43e3-979d-80c9cb513d0a.xml.macaon	294	10	d'	de	prep	prep	_	9	dep	_	_
a13eb50c-b980-43e3-979d-80c9cb513d0a.xml.macaon	295	11	hypocauste	hypocauste	nc	nc	_	10	obj	_	_
a13eb50c-b980-43e3-979d-80c9cb513d0a.xml.macaon	296	12	permettant	permettre	vprespart	vprespart	_	5	__JOKER__	_	_
a13eb50c-b980-43e3-979d-80c9cb513d0a.xml.macaon	297	13	de	de	prep	prep	_	12	de_obj	_	_
a13eb50c-b980-43e3-979d-80c9cb513d0a.xml.macaon	298	14	chauffer	chauffer	vinf	vinf	_	13	obj	_	_
a13eb50c-b980-43e3-979d-80c9cb513d0a.xml.macaon	299	15	la	le	det	det	_	16	det	_	_
a13eb50c-b980-43e3-979d-80c9cb513d0a.xml.macaon	300	16	pièce	pièce	nc	nc	_	14	obj	_	_
a13eb50c-b980-43e3-979d-80c9cb513d0a.xml.macaon	301	17	par	par	prep	prep	_	14	p_obj	_	_
a13eb50c-b980-43e3-979d-80c9cb513d0a.xml.macaon	302	18	le	le	det	det	_	19	det	_	_
a13eb50c-b980-43e3-979d-80c9cb513d0a.xml.macaon	303	19	sol	sol	nc	nc	_	17	obj	_	_
a13eb50c-b980-43e3-979d-80c9cb513d0a.xml.macaon	304	20	.	.	poncts	poncts	_	5	__JOKER__	_	_

a13eb50c-b980-43e3-979d-80c9cb513d0a.xml.macaon	305	1	Les	les	det	det	_	2	det	_	_
a13eb50c-b980-43e3-979d-80c9cb513d0a.xml.macaon	306	2	thermes	thermes	nc	nc	_	4	suj	_	_
a13eb50c-b980-43e3-979d-80c9cb513d0a.xml.macaon	307	3	romains	romain	adj	adj	_	2	mod	_	_
a13eb50c-b980-43e3-979d-80c9cb513d0a.xml.macaon	308	4	comportent	comporter	v	v	_	_	_	_	_
a13eb50c-b980-43e3-979d-80c9cb513d0a.xml.macaon	309	5	diverses	divers	adj	adj	_	6	mod	_	_
a13eb50c-b980-43e3-979d-80c9cb513d0a.xml.macaon	310	6	parties	partie	nc	nc	_	4	obj	_	_
a13eb50c-b980-43e3-979d-80c9cb513d0a.xml.macaon	311	7	,	,	ponctw	ponctw	_	4	ponct	_	_
a13eb50c-b980-43e3-979d-80c9cb513d0a.xml.macaon	312	8	que	que	csu	csu	_	4	mod	_	_
a13eb50c-b980-43e3-979d-80c9cb513d0a.xml.macaon	313	9	l'on	l'on	cln	cln	_	10	suj	_	_
a13eb50c-b980-43e3-979d-80c9cb513d0a.xml.macaon	314	10	fréquente	fréquenter	v	v	_	8	obj	_	_
a13eb50c-b980-43e3-979d-80c9cb513d0a.xml.macaon	315	11	généralement	généralement	adv	adv	_	10	mod	_	_
a13eb50c-b980-43e3-979d-80c9cb513d0a.xml.macaon	316	12	selon	selon	prep	prep	_	10	mod	_	_
a13eb50c-b980-43e3-979d-80c9cb513d0a.xml.macaon	317	13	un	un	det	det	_	14	det	_	_
a13eb50c-b980-43e3-979d-80c9cb513d0a.xml.macaon	318	14	parcours	parcours	nc	nc	_	12	obj	_	_
a13eb50c-b980-43e3-979d-80c9cb513d0a.xml.macaon	319	15	défini	définir	vppart	vppart	_	14	mod	_	_
a13eb50c-b980-43e3-979d-80c9cb513d0a.xml.macaon	320	16	.	.	poncts	poncts	_	4	ponct	_	_

a13eb50c-b980-43e3-979d-80c9cb513d0a.xml.macaon	321	1	Après	après	prep	prep	_	3	__JOKER__	_	_
a13eb50c-b980-43e3-979d-80c9cb513d0a.xml.macaon	322	2	s'	s'	clr	clr	_	3	aff	_	_
a13eb50c-b980-43e3-979d-80c9cb513d0a.xml.macaon	323	3	être	être	vinf	vinf	_	4	aux_pass	_	_
a13eb50c-b980-43e3-979d-80c9cb513d0a.xml.macaon	324	4	dévêtu	dévêtir	vppart	vppart	_	_	_	_	_
a13eb50c-b980-43e3-979d-80c9cb513d0a.xml.macaon	325	5	en	en	prep	prep	_	4	mod	_	_
a13eb50c-b980-43e3-979d-80c9cb513d0a.xml.macaon	326	6	enlevant	enlever	vprespart	vprespart	_	5	__JOKER__	_	_
a13eb50c-b980-43e3-979d-80c9cb513d0a.xml.macaon	327	7	ses	son	det	det	_	8	det	_	_
a13eb50c-b980-43e3-979d-80c9cb513d0a.xml.macaon	328	8	vêtements	vêtement	nc	nc	_	5	obj	_	_
a13eb50c-b980-43e3-979d-80c9cb513d0a.xml.macaon	329	9	de	de	prep	prep	_	8	dep	_	_
a13eb50c-b980-43e3-979d-80c9cb513d0a.xml.macaon	330	10	dessus	dessus	nc	nc	_	9	obj	_	_
a13eb50c-b980-43e3-979d-80c9cb513d0a.xml.macaon	331	11	à	à	prep	prep	_	10	dep	_	_
a13eb50c-b980-43e3-979d-80c9cb513d0a.xml.macaon	332	12	l'	le	det	det	_	13	det	_	_
a13eb50c-b980-43e3-979d-80c9cb513d0a.xml.macaon	333	13	apodyterium	apodyterium	nc	nc	_	11	obj	_	_
a13eb50c-b980-43e3-979d-80c9cb513d0a.xml.macaon	334	14	,	,	ponctw	ponctw	_	17	ponct	_	_
a13eb50c-b980-43e3-979d-80c9cb513d0a.xml.macaon	335	15	le	le	det	det	_	16	det	_	_
a13eb50c-b980-43e3-979d-80c9cb513d0a.xml.macaon	336	16	Romain	Romain	np	np	_	17	suj	_	_
a13eb50c-b980-43e3-979d-80c9cb513d0a.xml.macaon	337	17	va	aller	v	v	_	10	mod_rel	_	_
a13eb50c-b980-43e3-979d-80c9cb513d0a.xml.macaon	338	18	s	s	cln	cln	_	17	suj	_	_
a13eb50c-b980-43e3-979d-80c9cb513d0a.xml.macaon	339	19	’	’	clo	clo	_	20	__JOKER__	_	_
a13eb50c-b980-43e3-979d-80c9cb513d0a.xml.macaon	340	20	asseoir	asseoir	vinf	vinf	_	17	obj	_	_
a13eb50c-b980-43e3-979d-80c9cb513d0a.xml.macaon	341	21	dans	dans	prep	prep	_	20	mod	_	_
a13eb50c-b980-43e3-979d-80c9cb513d0a.xml.macaon	342	22	le	le	det	det	_	23	det	_	_
a13eb50c-b980-43e3-979d-80c9cb513d0a.xml.macaon	343	23	sudatorium	sudatorium	nc	nc	_	21	obj	_	_
a13eb50c-b980-43e3-979d-80c9cb513d0a.xml.macaon	344	24	,	,	ponctw	ponctw	_	23	ponct	_	_
a13eb50c-b980-43e3-979d-80c9cb513d0a.xml.macaon	345	25	salle	salle	nc	nc	_	20	obj	_	_
a13eb50c-b980-43e3-979d-80c9cb513d0a.xml.macaon	346	26	conçue	concevoir	vppart	vppart	_	25	mod	_	_
a13eb50c-b980-43e3-979d-80c9cb513d0a.xml.macaon	347	27	pour	pour	prep	prep	_	26	mod	_	_
a13eb50c-b980-43e3-979d-80c9cb513d0a.xml.macaon	348	28	la	le	det	det	_	29	det	_	_
a13eb50c-b980-43e3-979d-80c9cb513d0a.xml.macaon	349	29	sudation	sudation	nc	nc	_	27	obj	_	_
a13eb50c-b980-43e3-979d-80c9cb513d0a.xml.macaon	350	30	sèche	sec	adj	adj	_	29	mod	_	_
a13eb50c-b980-43e3-979d-80c9cb513d0a.xml.macaon	351	31	.	.	poncts	poncts	_	17	ponct	_	_

a13eb50c-b980-43e3-979d-80c9cb513d0a.xml.macaon	352	1	Puis	puis	adv	adv	_	11	mod	_	_
a13eb50c-b980-43e3-979d-80c9cb513d0a.xml.macaon	353	2	,	,	ponctw	ponctw	_	11	ponct	_	_
a13eb50c-b980-43e3-979d-80c9cb513d0a.xml.macaon	354	3	avec	avec	prep	prep	_	11	mod	_	_
a13eb50c-b980-43e3-979d-80c9cb513d0a.xml.macaon	355	4	l'	le	det	det	_	5	det	_	_
a13eb50c-b980-43e3-979d-80c9cb513d0a.xml.macaon	356	5	aide	aide	nc	nc	_	3	obj	_	_	B:Assistance:TARGET:aide:G:356
a13eb50c-b980-43e3-979d-80c9cb513d0a.xml.macaon	357	6	d'	de	prep	prep	_	5	dep	_	_
a13eb50c-b980-43e3-979d-80c9cb513d0a.xml.macaon	358	7	un	un	det	det	_	8	det	_	_	B:Assistance:FE:Helper:G:356
a13eb50c-b980-43e3-979d-80c9cb513d0a.xml.macaon	359	8	esclave	esclave	nc	nc	_	6	obj	_	_	I:Assistance:FE:Helper:G:356
a13eb50c-b980-43e3-979d-80c9cb513d0a.xml.macaon	360	9	qui	qui	prorel	prorel	_	11	suj	_	_
a13eb50c-b980-43e3-979d-80c9cb513d0a.xml.macaon	361	10	le	le	clo	clo	_	11	__JOKER__	_	_
a13eb50c-b980-43e3-979d-80c9cb513d0a.xml.macaon	362	11	gratte	gratter	v	v	_	_	_	_	_
a13eb50c-b980-43e3-979d-80c9cb513d0a.xml.macaon	363	12	avec	avec	prep	prep	_	11	mod	_	_	B:Assistance:FE:Instrument:G:356
a13eb50c-b980-43e3-979d-80c9cb513d0a.xml.macaon	364	13	une	un	det	det	_	14	det	_	_	I:Assistance:FE:Instrument:G:356
a13eb50c-b980-43e3-979d-80c9cb513d0a.xml.macaon	365	14	brosse	brosse	nc	nc	_	12	obj	_	_	I:Assistance:FE:Instrument:G:356
a13eb50c-b980-43e3-979d-80c9cb513d0a.xml.macaon	366	15	,	,	ponctw	ponctw	_	18	ponct	_	_
a13eb50c-b980-43e3-979d-80c9cb513d0a.xml.macaon	367	16	il	il	cln	cln	_	18	suj	_	_	B:Assistance:FE:Goal:G:356
a13eb50c-b980-43e3-979d-80c9cb513d0a.xml.macaon	368	17	se	se	clr	clr	_	18	aff	_	_	I:Assistance:FE:Goal:G:356
a13eb50c-b980-43e3-979d-80c9cb513d0a.xml.macaon	369	18	débarrasse	débarrasser	v	v	_	11	mod	_	_	I:Assistance:FE:Goal:G:356
a13eb50c-b980-43e3-979d-80c9cb513d0a.xml.macaon	370	19	de	de	prep	prep	_	18	de_obj	_	_	I:Assistance:FE:Goal:G:356
a13eb50c-b980-43e3-979d-80c9cb513d0a.xml.macaon	371	20	la	le	det	det	_	21	det	_	_	I:Assistance:FE:Goal:G:356
a13eb50c-b980-43e3-979d-80c9cb513d0a.xml.macaon	372	21	saleté	saleté	nc	nc	_	19	obj	_	_	I:Assistance:FE:Goal:G:356
a13eb50c-b980-43e3-979d-80c9cb513d0a.xml.macaon	373	22	et	et	coo	coo	_	19	coord	_	_	I:Assistance:FE:Goal:G:356
a13eb50c-b980-43e3-979d-80c9cb513d0a.xml.macaon	374	23	de	de	prep	prep	_	22	dep_coord	_	_	I:Assistance:FE:Goal:G:356
a13eb50c-b980-43e3-979d-80c9cb513d0a.xml.macaon	375	24	la	le	det	det	_	25	det	_	_	I:Assistance:FE:Goal:G:356
a13eb50c-b980-43e3-979d-80c9cb513d0a.xml.macaon	376	25	sueur	sueur	nc	nc	_	23	obj	_	_	I:Assistance:FE:Goal:G:356
a13eb50c-b980-43e3-979d-80c9cb513d0a.xml.macaon	377	26	.	.	poncts	poncts	_	11	ponct	_	_

a13eb50c-b980-43e3-979d-80c9cb513d0a.xml.macaon	378	1	Une#fois	une#fois	adv	adv	_	2	mod	_	_
a13eb50c-b980-43e3-979d-80c9cb513d0a.xml.macaon	379	2	propre	propre	adj	adj	_	5	mod	_	_
a13eb50c-b980-43e3-979d-80c9cb513d0a.xml.macaon	380	3	,	,	ponctw	ponctw	_	5	ponct	_	_
a13eb50c-b980-43e3-979d-80c9cb513d0a.xml.macaon	381	4	le	le	det	det	_	5	det	_	_
a13eb50c-b980-43e3-979d-80c9cb513d0a.xml.macaon	382	5	Romain	Romain	np	np	_	7	suj	_	_
a13eb50c-b980-43e3-979d-80c9cb513d0a.xml.macaon	383	6	se	se	clr	clr	_	7	aff	_	_
a13eb50c-b980-43e3-979d-80c9cb513d0a.xml.macaon	384	7	rend	rendre	v	v	_	_	_	_	_
a13eb50c-b980-43e3-979d-80c9cb513d0a.xml.macaon	385	8	au	au	prep	prep	_	7	de_obj	_	_
a13eb50c-b980-43e3-979d-80c9cb513d0a.xml.macaon	386	9	caldarium	caldarium	nc	nc	_	8	obj	_	_
a13eb50c-b980-43e3-979d-80c9cb513d0a.xml.macaon	387	10	pour	pour	prep	prep	_	7	mod	_	_
a13eb50c-b980-43e3-979d-80c9cb513d0a.xml.macaon	388	11	se	se	clr	clr	_	12	aff	_	_
a13eb50c-b980-43e3-979d-80c9cb513d0a.xml.macaon	389	12	baigner	baigner	vinf	vinf	_	10	obj	_	_
a13eb50c-b980-43e3-979d-80c9cb513d0a.xml.macaon	390	13	dans	dans	prep	prep	_	12	mod	_	_
a13eb50c-b980-43e3-979d-80c9cb513d0a.xml.macaon	391	14	les	le	det	det	_	15	det	_	_
a13eb50c-b980-43e3-979d-80c9cb513d0a.xml.macaon	392	15	bains	bain	nc	nc	_	13	obj	_	_
a13eb50c-b980-43e3-979d-80c9cb513d0a.xml.macaon	393	16	chauds	chaud	adj	adj	_	15	mod	_	_
a13eb50c-b980-43e3-979d-80c9cb513d0a.xml.macaon	394	17	.	.	poncts	poncts	_	7	ponct	_	_

a13eb50c-b980-43e3-979d-80c9cb513d0a.xml.macaon	395	1	Pour	pour	prep	prep	_	10	mod	_	_
a13eb50c-b980-43e3-979d-80c9cb513d0a.xml.macaon	396	2	se	se	clr	clr	_	3	aff	_	_
a13eb50c-b980-43e3-979d-80c9cb513d0a.xml.macaon	397	3	refroidir	refroidir	vinf	vinf	_	1	obj	_	_
a13eb50c-b980-43e3-979d-80c9cb513d0a.xml.macaon	398	4	et	et	coo	coo	_	1	coord	_	_
a13eb50c-b980-43e3-979d-80c9cb513d0a.xml.macaon	399	5	raffermir	raffermir	vinf	vinf	_	4	__JOKER__	_	_
a13eb50c-b980-43e3-979d-80c9cb513d0a.xml.macaon	400	6	la	le	det	det	_	7	det	_	_
a13eb50c-b980-43e3-979d-80c9cb513d0a.xml.macaon	401	7	peau	peau	nc	nc	_	5	obj	_	_
a13eb50c-b980-43e3-979d-80c9cb513d0a.xml.macaon	402	8	,	,	ponctw	ponctw	_	10	ponct	_	_
a13eb50c-b980-43e3-979d-80c9cb513d0a.xml.macaon	403	9	il	il	cln	cln	_	10	suj	_	_
a13eb50c-b980-43e3-979d-80c9cb513d0a.xml.macaon	404	10	passe	passer	v	v	_	_	_	_	_
a13eb50c-b980-43e3-979d-80c9cb513d0a.xml.macaon	405	11	ensuite	ensuite	adv	adv	_	10	mod	_	_
a13eb50c-b980-43e3-979d-80c9cb513d0a.xml.macaon	406	12	dans	dans	prep	prep	_	10	mod	_	_
a13eb50c-b980-43e3-979d-80c9cb513d0a.xml.macaon	407	13	le	le	det	det	_	14	det	_	_
a13eb50c-b980-43e3-979d-80c9cb513d0a.xml.macaon	408	14	tepidarium	tepidarium	nc	nc	_	12	obj	_	_
a13eb50c-b980-43e3-979d-80c9cb513d0a.xml.macaon	409	15	,	,	ponctw	ponctw	_	14	ponct	_	_
a13eb50c-b980-43e3-979d-80c9cb513d0a.xml.macaon	410	16	bain	bain	nc	nc	_	12	obj	_	_
a13eb50c-b980-43e3-979d-80c9cb513d0a.xml.macaon	411	17	tiède	tiède	adj	adj	_	16	mod	_	_
a13eb50c-b980-43e3-979d-80c9cb513d0a.xml.macaon	412	18	et	et	coo	coo	_	16	coord	_	_
a13eb50c-b980-43e3-979d-80c9cb513d0a.xml.macaon	413	19	enfin	enfin	adv	adv	_	18	mod	_	_
a13eb50c-b980-43e3-979d-80c9cb513d0a.xml.macaon	414	20	dans	dans	prep	prep	_	18	dep_coord	_	_
a13eb50c-b980-43e3-979d-80c9cb513d0a.xml.macaon	415	21	le	le	det	det	_	22	det	_	_
a13eb50c-b980-43e3-979d-80c9cb513d0a.xml.macaon	416	22	frigidarium	frigidarium	nc	nc	_	20	obj	_	_
a13eb50c-b980-43e3-979d-80c9cb513d0a.xml.macaon	417	23	ou	ou	coo	coo	_	22	coord	_	_
a13eb50c-b980-43e3-979d-80c9cb513d0a.xml.macaon	418	24	la	le	det	det	_	25	det	_	_
a13eb50c-b980-43e3-979d-80c9cb513d0a.xml.macaon	419	25	natatio	natatio	nc	nc	_	23	dep_coord	_	_
a13eb50c-b980-43e3-979d-80c9cb513d0a.xml.macaon	420	26	,	,	ponctw	ponctw	_	25	ponct	_	_
a13eb50c-b980-43e3-979d-80c9cb513d0a.xml.macaon	421	27	bain	bain	nc	nc	_	25	mod	_	_
a13eb50c-b980-43e3-979d-80c9cb513d0a.xml.macaon	422	28	froid	froid	adj	adj	_	27	mod	_	_
a13eb50c-b980-43e3-979d-80c9cb513d0a.xml.macaon	423	29	.	.	poncts	poncts	_	10	ponct	_	_

a13eb50c-b980-43e3-979d-80c9cb513d0a.xml.macaon	424	1	Les	les	det	det	_	2	det	_	_
a13eb50c-b980-43e3-979d-80c9cb513d0a.xml.macaon	425	2	thermes	thermes	nc	nc	_	3	suj	_	_
a13eb50c-b980-43e3-979d-80c9cb513d0a.xml.macaon	426	3	disposent	disposer	v	v	_	_	_	_	_
a13eb50c-b980-43e3-979d-80c9cb513d0a.xml.macaon	427	4	de	de	prep	prep	_	3	de_obj	_	_
a13eb50c-b980-43e3-979d-80c9cb513d0a.xml.macaon	428	5	portiques	portique	nc	nc	_	4	obj	_	_
a13eb50c-b980-43e3-979d-80c9cb513d0a.xml.macaon	429	6	qui	qui	prorel	prorel	_	7	suj	_	_
a13eb50c-b980-43e3-979d-80c9cb513d0a.xml.macaon	430	7	servent	servir	v	v	_	5	mod_rel	_	_
a13eb50c-b980-43e3-979d-80c9cb513d0a.xml.macaon	431	8	à	à	prep	prep	_	7	a_obj	_	_
a13eb50c-b980-43e3-979d-80c9cb513d0a.xml.macaon	432	9	la	le	det	det	_	10	det	_	_
a13eb50c-b980-43e3-979d-80c9cb513d0a.xml.macaon	433	10	promenade	promenade	nc	nc	_	8	obj	_	_
a13eb50c-b980-43e3-979d-80c9cb513d0a.xml.macaon	434	11	.	.	poncts	poncts	_	3	ponct	_	_

a13eb50c-b980-43e3-979d-80c9cb513d0a.xml.macaon	435	1	Certains	certains	pro	pro	_	2	suj	_	_
a13eb50c-b980-43e3-979d-80c9cb513d0a.xml.macaon	436	2	ont	avoir	v	v	_	_	_	_	_
a13eb50c-b980-43e3-979d-80c9cb513d0a.xml.macaon	437	3	aussi	aussi	adv	adv	_	2	mod	_	_
a13eb50c-b980-43e3-979d-80c9cb513d0a.xml.macaon	438	4	des	un	det	det	_	5	det	_	_
a13eb50c-b980-43e3-979d-80c9cb513d0a.xml.macaon	439	5	salles	salle	nc	nc	_	2	obj	_	_
a13eb50c-b980-43e3-979d-80c9cb513d0a.xml.macaon	440	6	pour	pour	prep	prep	_	2	mod	_	_
a13eb50c-b980-43e3-979d-80c9cb513d0a.xml.macaon	441	7	la	le	det	det	_	8	det	_	_
a13eb50c-b980-43e3-979d-80c9cb513d0a.xml.macaon	442	8	pratique	pratique	nc	nc	_	6	obj	_	_
a13eb50c-b980-43e3-979d-80c9cb513d0a.xml.macaon	443	9	de	de	prep	prep	_	8	dep	_	_
a13eb50c-b980-43e3-979d-80c9cb513d0a.xml.macaon	444	10	la	le	det	det	_	11	det	_	_
a13eb50c-b980-43e3-979d-80c9cb513d0a.xml.macaon	445	11	gymnastique	gymnastique	nc	nc	_	9	obj	_	_
a13eb50c-b980-43e3-979d-80c9cb513d0a.xml.macaon	446	12	et	et	coo	coo	_	6	coord	_	_
a13eb50c-b980-43e3-979d-80c9cb513d0a.xml.macaon	447	13	quelquefois	quelquefois	adv	adv	_	12	mod	_	_
a13eb50c-b980-43e3-979d-80c9cb513d0a.xml.macaon	448	14	une	un	det	det	_	15	det	_	_
a13eb50c-b980-43e3-979d-80c9cb513d0a.xml.macaon	449	15	bibliothèque	bibliothèque	nc	nc	_	12	dep_coord	_	_
a13eb50c-b980-43e3-979d-80c9cb513d0a.xml.macaon	450	16	.	.	poncts	poncts	_	2	ponct	_	_

a13eb50c-b980-43e3-979d-80c9cb513d0a.xml.macaon	451	1	La#plupart#du	la#plupart#du	prep	prep	_	6	mod	_	_
a13eb50c-b980-43e3-979d-80c9cb513d0a.xml.macaon	452	2	temps	temps	nc	nc	_	1	obj	_	_
a13eb50c-b980-43e3-979d-80c9cb513d0a.xml.macaon	453	3	,	,	ponctw	ponctw	_	6	ponct	_	_
a13eb50c-b980-43e3-979d-80c9cb513d0a.xml.macaon	454	4	l'	le	det	det	_	5	det	_	_
a13eb50c-b980-43e3-979d-80c9cb513d0a.xml.macaon	455	5	entrée	entrée	nc	nc	_	6	suj	_	_
a13eb50c-b980-43e3-979d-80c9cb513d0a.xml.macaon	456	6	est	être	v	v	_	_	_	_	_
a13eb50c-b980-43e3-979d-80c9cb513d0a.xml.macaon	457	7	gratuite	gratuit	adj	adj	_	6	ats	_	_
a13eb50c-b980-43e3-979d-80c9cb513d0a.xml.macaon	458	8	,	,	ponctw	ponctw	_	6	ponct	_	_
a13eb50c-b980-43e3-979d-80c9cb513d0a.xml.macaon	459	9	seuls	seul	adj	adj	_	11	mod	_	_
a13eb50c-b980-43e3-979d-80c9cb513d0a.xml.macaon	460	10	les	le	det	det	_	11	det	_	_
a13eb50c-b980-43e3-979d-80c9cb513d0a.xml.macaon	461	11	services	service	nc	nc	_	6	obj	_	_
a13eb50c-b980-43e3-979d-80c9cb513d0a.xml.macaon	462	12	du	du	prep	prep	_	11	dep	_	_
a13eb50c-b980-43e3-979d-80c9cb513d0a.xml.macaon	463	13	personnel	personnel	nc	nc	_	12	obj	_	_
a13eb50c-b980-43e3-979d-80c9cb513d0a.xml.macaon	464	14	sont	être	v	v	_	11	mod_rel	_	_
a13eb50c-b980-43e3-979d-80c9cb513d0a.xml.macaon	465	15	payants	payant	adj	adj	_	14	ats	_	_
a13eb50c-b980-43e3-979d-80c9cb513d0a.xml.macaon	466	16	.	.	poncts	poncts	_	6	ponct	_	_

a13eb50c-b980-43e3-979d-80c9cb513d0a.xml.macaon	467	1	Le	le	det	det	_	2	det	_	_
a13eb50c-b980-43e3-979d-80c9cb513d0a.xml.macaon	468	2	chauffage	chauffage	nc	nc	_	8	suj	_	_
a13eb50c-b980-43e3-979d-80c9cb513d0a.xml.macaon	469	3	de#l'	de#l'	prep	prep	_	2	dep	_	_
a13eb50c-b980-43e3-979d-80c9cb513d0a.xml.macaon	470	4	eau	eau	nc	nc	_	3	obj	_	_
a13eb50c-b980-43e3-979d-80c9cb513d0a.xml.macaon	471	5	du	du	prep	prep	_	4	dep	_	_
a13eb50c-b980-43e3-979d-80c9cb513d0a.xml.macaon	472	6	bain	bain	nc	nc	_	5	obj	_	_
a13eb50c-b980-43e3-979d-80c9cb513d0a.xml.macaon	473	7	est	être	v	v	_	8	aux_tps	_	_
a13eb50c-b980-43e3-979d-80c9cb513d0a.xml.macaon	474	8	réalisé	réaliser	vppart	vppart	_	_	_	_	_	B:Accomplishment:TARGET:réaliser:G:474
a13eb50c-b980-43e3-979d-80c9cb513d0a.xml.macaon	475	9	grâce#à	grâce#à	prep	prep	_	8	mod	_	_
a13eb50c-b980-43e3-979d-80c9cb513d0a.xml.macaon	476	10	l'	le	det	det	_	11	det	_	_
a13eb50c-b980-43e3-979d-80c9cb513d0a.xml.macaon	477	11	installation	installation	nc	nc	_	9	obj	_	_	B:Installing:TARGET:installation:G:477
a13eb50c-b980-43e3-979d-80c9cb513d0a.xml.macaon	478	12	d'	de	prep	prep	_	11	dep	_	_	B:Installing:FE:Component:G:477
a13eb50c-b980-43e3-979d-80c9cb513d0a.xml.macaon	479	13	un	un	det	det	_	14	det	_	_	I:Installing:FE:Component:G:477
a13eb50c-b980-43e3-979d-80c9cb513d0a.xml.macaon	480	14	hypocauste	hypocauste	nc	nc	_	12	obj	_	_	I:Installing:FE:Component:G:477
a13eb50c-b980-43e3-979d-80c9cb513d0a.xml.macaon	481	15	qui	qui	prorel	prorel	_	16	suj	_	_	B:Installing:FE:Purpose:G:477
a13eb50c-b980-43e3-979d-80c9cb513d0a.xml.macaon	482	16	permet	permettre	v	v	_	14	mod_rel	_	_	I:Installing:FE:Purpose:G:477
a13eb50c-b980-43e3-979d-80c9cb513d0a.xml.macaon	483	17	de	de	prep	prep	_	16	obj	_	_	I:Installing:FE:Purpose:G:477
a13eb50c-b980-43e3-979d-80c9cb513d0a.xml.macaon	484	18	produire	produire	vinf	vinf	_	17	obj	_	_	I:Installing:FE:Purpose:G:477
a13eb50c-b980-43e3-979d-80c9cb513d0a.xml.macaon	485	19	de#l'	du	det	det	_	20	det	_	_	I:Installing:FE:Purpose:G:477
a13eb50c-b980-43e3-979d-80c9cb513d0a.xml.macaon	486	20	air	air	nc	nc	_	18	obj	_	_	I:Installing:FE:Purpose:G:477
a13eb50c-b980-43e3-979d-80c9cb513d0a.xml.macaon	487	21	chaud	chaud	adj	adj	_	20	mod	_	_	I:Installing:FE:Purpose:G:477
a13eb50c-b980-43e3-979d-80c9cb513d0a.xml.macaon	488	22	circulant	circuler	vprespart	vprespart	_	21	__JOKER__	_	_	I:Installing:FE:Purpose:G:477
a13eb50c-b980-43e3-979d-80c9cb513d0a.xml.macaon	489	23	sous	sous	prep	prep	_	22	mod	_	_	I:Installing:FE:Purpose:G:477
a13eb50c-b980-43e3-979d-80c9cb513d0a.xml.macaon	490	24	le	le	det	det	_	25	det	_	_	I:Installing:FE:Purpose:G:477
a13eb50c-b980-43e3-979d-80c9cb513d0a.xml.macaon	491	25	plancher	plancher	nc	nc	_	23	obj	_	_	I:Installing:FE:Purpose:G:477
a13eb50c-b980-43e3-979d-80c9cb513d0a.xml.macaon	492	26	des	des	prep	prep	_	25	dep	_	_	I:Installing:FE:Purpose:G:477
a13eb50c-b980-43e3-979d-80c9cb513d0a.xml.macaon	493	27	salles	salle	nc	nc	_	26	obj	_	_	I:Installing:FE:Purpose:G:477
a13eb50c-b980-43e3-979d-80c9cb513d0a.xml.macaon	494	28	.	.	poncts	poncts	_	8	ponct	_	_

a13eb50c-b980-43e3-979d-80c9cb513d0a.xml.macaon	495	1	Les	les	det	det	_	2	det	_	_
a13eb50c-b980-43e3-979d-80c9cb513d0a.xml.macaon	496	2	bains	bain	nc	nc	_	_	_	_	_
a13eb50c-b980-43e3-979d-80c9cb513d0a.xml.macaon	497	3	au	au	prep	prep	_	2	dep	_	_
a13eb50c-b980-43e3-979d-80c9cb513d0a.xml.macaon	498	4	quotidien	quotidien	nc	nc	_	3	obj	_	_

a13eb50c-b980-43e3-979d-80c9cb513d0a.xml.macaon	499	1	Les	les	det	det	_	2	det	_	_
a13eb50c-b980-43e3-979d-80c9cb513d0a.xml.macaon	500	2	bains	bain	nc	nc	_	4	suj	_	_
a13eb50c-b980-43e3-979d-80c9cb513d0a.xml.macaon	501	3	publics	public	adj	adj	_	2	mod	_	_
a13eb50c-b980-43e3-979d-80c9cb513d0a.xml.macaon	502	4	permettent	permettre	v	v	_	_	_	_	_
a13eb50c-b980-43e3-979d-80c9cb513d0a.xml.macaon	503	5	de	de	prep	prep	_	4	obj	_	_
a13eb50c-b980-43e3-979d-80c9cb513d0a.xml.macaon	504	6	se	se	clr	clr	_	7	aff	_	_
a13eb50c-b980-43e3-979d-80c9cb513d0a.xml.macaon	505	7	laver	laver	vinf	vinf	_	5	obj	_	_
a13eb50c-b980-43e3-979d-80c9cb513d0a.xml.macaon	506	8	entre	entre	prep	prep	_	7	mod	_	_
a13eb50c-b980-43e3-979d-80c9cb513d0a.xml.macaon	507	9	amis	ami	nc	nc	_	8	obj	_	_
a13eb50c-b980-43e3-979d-80c9cb513d0a.xml.macaon	508	10	,	,	ponctw	ponctw	_	7	ponct	_	_
a13eb50c-b980-43e3-979d-80c9cb513d0a.xml.macaon	509	11	de	de	prep	prep	_	4	obj	_	_
a13eb50c-b980-43e3-979d-80c9cb513d0a.xml.macaon	510	12	pratiquer	pratiquer	vinf	vinf	_	11	obj	_	_
a13eb50c-b980-43e3-979d-80c9cb513d0a.xml.macaon	511	13	des	un	det	det	_	14	det	_	_
a13eb50c-b980-43e3-979d-80c9cb513d0a.xml.macaon	512	14	sports	sport	nc	nc	_	12	obj	_	_
a13eb50c-b980-43e3-979d-80c9cb513d0a.xml.macaon	513	15	ou	ou	coo	coo	_	14	coord	_	_
a13eb50c-b980-43e3-979d-80c9cb513d0a.xml.macaon	514	16	autres	autre	adj	adj	_	17	mod	_	_
a13eb50c-b980-43e3-979d-80c9cb513d0a.xml.macaon	515	17	activités	activité	nc	nc	_	12	obj	_	_
a13eb50c-b980-43e3-979d-80c9cb513d0a.xml.macaon	516	18	.	.	poncts	poncts	_	4	ponct	_	_

a13eb50c-b980-43e3-979d-80c9cb513d0a.xml.macaon	517	1	Ils	ils	cln	cln	_	2	suj	_	_
a13eb50c-b980-43e3-979d-80c9cb513d0a.xml.macaon	518	2	passaient	passer	v	v	_	_	_	_	_
a13eb50c-b980-43e3-979d-80c9cb513d0a.xml.macaon	519	3	dans	dans	prep	prep	_	2	mod	_	_
a13eb50c-b980-43e3-979d-80c9cb513d0a.xml.macaon	520	4	l'	le	det	det	_	5	det	_	_
a13eb50c-b980-43e3-979d-80c9cb513d0a.xml.macaon	521	5	apodyterium	apodyterium	nc	nc	_	3	obj	_	_
a13eb50c-b980-43e3-979d-80c9cb513d0a.xml.macaon	522	6	(	(	ponctw	ponctw	_	2	ponct	_	_
a13eb50c-b980-43e3-979d-80c9cb513d0a.xml.macaon	523	7	les	le	det	det	_	8	det	_	_
a13eb50c-b980-43e3-979d-80c9cb513d0a.xml.macaon	524	8	vestiaires	vestiaire	nc	nc	_	2	obj	_	_
a13eb50c-b980-43e3-979d-80c9cb513d0a.xml.macaon	525	9	)	)	ponctw	ponctw	_	8	ponct	_	_
a13eb50c-b980-43e3-979d-80c9cb513d0a.xml.macaon	526	10	,	,	ponctw	ponctw	_	8	ponct	_	_
a13eb50c-b980-43e3-979d-80c9cb513d0a.xml.macaon	527	11	dans	dans	prep	prep	_	8	dep	_	_
a13eb50c-b980-43e3-979d-80c9cb513d0a.xml.macaon	528	12	le	le	det	det	_	13	det	_	_
a13eb50c-b980-43e3-979d-80c9cb513d0a.xml.macaon	529	13	sudatorium	sudatorium	nc	nc	_	11	obj	_	_
a13eb50c-b980-43e3-979d-80c9cb513d0a.xml.macaon	530	14	(	(	ponctw	ponctw	_	13	ponct	_	_
a13eb50c-b980-43e3-979d-80c9cb513d0a.xml.macaon	531	15	salle	salle	nc	nc	_	11	obj	_	_
a13eb50c-b980-43e3-979d-80c9cb513d0a.xml.macaon	532	16	de	de	prep	prep	_	15	dep	_	_
a13eb50c-b980-43e3-979d-80c9cb513d0a.xml.macaon	533	17	transpiration	transpiration	nc	nc	_	16	obj	_	_
a13eb50c-b980-43e3-979d-80c9cb513d0a.xml.macaon	534	18	)	)	ponctw	ponctw	_	15	ponct	_	_
a13eb50c-b980-43e3-979d-80c9cb513d0a.xml.macaon	535	19	,	,	ponctw	ponctw	_	15	ponct	_	_
a13eb50c-b980-43e3-979d-80c9cb513d0a.xml.macaon	536	20	dans	dans	prep	prep	_	15	dep	_	_
a13eb50c-b980-43e3-979d-80c9cb513d0a.xml.macaon	537	21	le	le	det	det	_	22	det	_	_
a13eb50c-b980-43e3-979d-80c9cb513d0a.xml.macaon	538	22	caldarium	caldarium	nc	nc	_	20	obj	_	_
a13eb50c-b980-43e3-979d-80c9cb513d0a.xml.macaon	539	23	(	(	ponctw	ponctw	_	22	ponct	_	_
a13eb50c-b980-43e3-979d-80c9cb513d0a.xml.macaon	540	24	bain	bain	nc	nc	_	20	obj	_	_
a13eb50c-b980-43e3-979d-80c9cb513d0a.xml.macaon	541	25	chaud	chaud	adj	adj	_	24	mod	_	_
a13eb50c-b980-43e3-979d-80c9cb513d0a.xml.macaon	542	26	)	)	ponctw	ponctw	_	24	ponct	_	_
a13eb50c-b980-43e3-979d-80c9cb513d0a.xml.macaon	543	27	,	,	ponctw	ponctw	_	24	ponct	_	_
a13eb50c-b980-43e3-979d-80c9cb513d0a.xml.macaon	544	28	dans	dans	prep	prep	_	24	dep	_	_
a13eb50c-b980-43e3-979d-80c9cb513d0a.xml.macaon	545	29	le	le	det	det	_	30	det	_	_
a13eb50c-b980-43e3-979d-80c9cb513d0a.xml.macaon	546	30	tepidarium	tepidarium	nc	nc	_	28	obj	_	_
a13eb50c-b980-43e3-979d-80c9cb513d0a.xml.macaon	547	31	(	(	ponctw	ponctw	_	30	ponct	_	_
a13eb50c-b980-43e3-979d-80c9cb513d0a.xml.macaon	548	32	bain	bain	nc	nc	_	28	obj	_	_
a13eb50c-b980-43e3-979d-80c9cb513d0a.xml.macaon	549	33	tiède	tiède	adj	adj	_	32	mod	_	_
a13eb50c-b980-43e3-979d-80c9cb513d0a.xml.macaon	550	34	)	)	ponctw	ponctw	_	32	ponct	_	_
a13eb50c-b980-43e3-979d-80c9cb513d0a.xml.macaon	551	35	,	,	ponctw	ponctw	_	32	ponct	_	_
a13eb50c-b980-43e3-979d-80c9cb513d0a.xml.macaon	552	36	puis	puis	coo	coo	_	32	coord	_	_
a13eb50c-b980-43e3-979d-80c9cb513d0a.xml.macaon	553	37	dans	dans	prep	prep	_	36	dep_coord	_	_
a13eb50c-b980-43e3-979d-80c9cb513d0a.xml.macaon	554	38	le	le	det	det	_	39	det	_	_
a13eb50c-b980-43e3-979d-80c9cb513d0a.xml.macaon	555	39	frigidarium	frigidarium	nc	nc	_	37	obj	_	_
a13eb50c-b980-43e3-979d-80c9cb513d0a.xml.macaon	556	40	(	(	ponctw	ponctw	_	39	ponct	_	_
a13eb50c-b980-43e3-979d-80c9cb513d0a.xml.macaon	557	41	bain	bain	nc	nc	_	39	mod	_	_
a13eb50c-b980-43e3-979d-80c9cb513d0a.xml.macaon	558	42	froid	froid	adj	adj	_	41	mod	_	_
a13eb50c-b980-43e3-979d-80c9cb513d0a.xml.macaon	559	43	)	)	ponctw	ponctw	_	39	ponct	_	_
a13eb50c-b980-43e3-979d-80c9cb513d0a.xml.macaon	560	44	.	.	poncts	poncts	_	2	ponct	_	_

a13eb50c-b980-43e3-979d-80c9cb513d0a.xml.macaon	561	1	Archéologie	archéologie	nc	nc	_	_	_	_	_

a13eb50c-b980-43e3-979d-80c9cb513d0a.xml.macaon	562	1	On	on	cln	cln	_	2	suj	_	_
a13eb50c-b980-43e3-979d-80c9cb513d0a.xml.macaon	563	2	peut	pouvoir	v	v	_	_	_	_	_
a13eb50c-b980-43e3-979d-80c9cb513d0a.xml.macaon	564	3	voir	voir	vinf	vinf	_	2	obj	_	_
a13eb50c-b980-43e3-979d-80c9cb513d0a.xml.macaon	565	4	des	un	det	det	_	5	det	_	_
a13eb50c-b980-43e3-979d-80c9cb513d0a.xml.macaon	566	5	vestiges	vestige	nc	nc	_	3	obj	_	_
a13eb50c-b980-43e3-979d-80c9cb513d0a.xml.macaon	567	6	de	de	prep	prep	_	5	dep	_	_
a13eb50c-b980-43e3-979d-80c9cb513d0a.xml.macaon	568	7	thermes	thermes	nc	nc	_	6	obj	_	_
a13eb50c-b980-43e3-979d-80c9cb513d0a.xml.macaon	569	8	privés	priver	adj	adj	_	7	mod	_	_
a13eb50c-b980-43e3-979d-80c9cb513d0a.xml.macaon	570	9	ou	ou	coo	coo	_	8	coord	_	_
a13eb50c-b980-43e3-979d-80c9cb513d0a.xml.macaon	571	10	publics	public	adj	adj	_	9	dep_coord	_	_
a13eb50c-b980-43e3-979d-80c9cb513d0a.xml.macaon	572	11	un#peu	un#peu	adv	adv	_	12	mod	_	_
a13eb50c-b980-43e3-979d-80c9cb513d0a.xml.macaon	573	12	partout	partout	adv	adv	_	9	mod	_	_
a13eb50c-b980-43e3-979d-80c9cb513d0a.xml.macaon	574	13	sur	sur	prep	prep	_	3	mod	_	_
a13eb50c-b980-43e3-979d-80c9cb513d0a.xml.macaon	575	14	le	le	det	det	_	15	det	_	_
a13eb50c-b980-43e3-979d-80c9cb513d0a.xml.macaon	576	15	territoire	territoire	nc	nc	_	13	obj	_	_
a13eb50c-b980-43e3-979d-80c9cb513d0a.xml.macaon	577	16	de#l'	de#l'	prep	prep	_	15	dep	_	_
a13eb50c-b980-43e3-979d-80c9cb513d0a.xml.macaon	578	17	ancien	ancien	adj	adj	_	18	mod	_	_
a13eb50c-b980-43e3-979d-80c9cb513d0a.xml.macaon	579	18	Empire	Empire	nc	nc	_	16	obj	_	_
a13eb50c-b980-43e3-979d-80c9cb513d0a.xml.macaon	580	19	romain	romain	adj	adj	_	18	mod	_	_
a13eb50c-b980-43e3-979d-80c9cb513d0a.xml.macaon	581	20	.	.	poncts	poncts	_	2	ponct	_	_

a13eb50c-b980-43e3-979d-80c9cb513d0a.xml.macaon	582	1	Quelques-uns	quelques-uns	pro	pro	_	2	suj	_	_
a13eb50c-b980-43e3-979d-80c9cb513d0a.xml.macaon	583	2	sont	être	v	v	_	5	aux_tps	_	_
a13eb50c-b980-43e3-979d-80c9cb513d0a.xml.macaon	584	3	suffisamment	suffisamment	adv	adv	_	5	mod	_	_
a13eb50c-b980-43e3-979d-80c9cb513d0a.xml.macaon	585	4	bien	bien	adv	adv	_	5	mod	_	_
a13eb50c-b980-43e3-979d-80c9cb513d0a.xml.macaon	586	5	conservés	conserver	vppart	vppart	_	_	_	_	_
a13eb50c-b980-43e3-979d-80c9cb513d0a.xml.macaon	587	6	pour#que	pour#que	csu	csu	_	5	__JOKER__	_	_
a13eb50c-b980-43e3-979d-80c9cb513d0a.xml.macaon	588	7	les	le	det	det	_	8	det	_	_
a13eb50c-b980-43e3-979d-80c9cb513d0a.xml.macaon	589	8	visiteurs	visiteur	nc	nc	_	9	suj	_	_
a13eb50c-b980-43e3-979d-80c9cb513d0a.xml.macaon	590	9	puissent	pouvoir	v	v	_	6	obj	_	_
a13eb50c-b980-43e3-979d-80c9cb513d0a.xml.macaon	591	10	se	se	clr	clr	_	11	aff	_	_
a13eb50c-b980-43e3-979d-80c9cb513d0a.xml.macaon	592	11	faire	faire	vinf	vinf	_	9	obj	_	_
a13eb50c-b980-43e3-979d-80c9cb513d0a.xml.macaon	593	12	une	un	det	det	_	13	det	_	_
a13eb50c-b980-43e3-979d-80c9cb513d0a.xml.macaon	594	13	idée	idée	nc	nc	_	11	obj	_	_
a13eb50c-b980-43e3-979d-80c9cb513d0a.xml.macaon	595	14	globale	global	adj	adj	_	13	mod	_	_
a13eb50c-b980-43e3-979d-80c9cb513d0a.xml.macaon	596	15	de#ce#qu'	de#ce#que	csu	csu	_	13	mod	_	_
a13eb50c-b980-43e3-979d-80c9cb513d0a.xml.macaon	597	16	ils	ils	cln	cln	_	17	suj	_	_
a13eb50c-b980-43e3-979d-80c9cb513d0a.xml.macaon	598	17	pouvaient	pouvoir	v	v	_	15	obj	_	_
a13eb50c-b980-43e3-979d-80c9cb513d0a.xml.macaon	599	18	être	être	vinf	vinf	_	17	obj	_	_
a13eb50c-b980-43e3-979d-80c9cb513d0a.xml.macaon	600	19	il#y#a	il#y#a	vppart	vppart	_	15	obj	_	_
a13eb50c-b980-43e3-979d-80c9cb513d0a.xml.macaon	601	20	deux	deux	det	det	_	21	det	_	_
a13eb50c-b980-43e3-979d-80c9cb513d0a.xml.macaon	602	21	millénaires	millénaire	nc	nc	_	11	obj	_	_
a13eb50c-b980-43e3-979d-80c9cb513d0a.xml.macaon	603	22	:	:	ponctw	ponctw	_	21	ponct	_	_

a13eb50c-b980-43e3-979d-80c9cb513d0a.xml.macaon	604	1	À	À	prep	prep	_	8	mod	_	_
a13eb50c-b980-43e3-979d-80c9cb513d0a.xml.macaon	605	2	Rome	Rome	np	np	_	1	obj	_	_
a13eb50c-b980-43e3-979d-80c9cb513d0a.xml.macaon	606	3	,	,	ponctw	ponctw	_	8	ponct	_	_
a13eb50c-b980-43e3-979d-80c9cb513d0a.xml.macaon	607	4	les	le	det	det	_	5	det	_	_
a13eb50c-b980-43e3-979d-80c9cb513d0a.xml.macaon	608	5	thermes	thermes	nc	nc	_	8	suj	_	_
a13eb50c-b980-43e3-979d-80c9cb513d0a.xml.macaon	609	6	de	de	prep	prep	_	5	dep	_	_
a13eb50c-b980-43e3-979d-80c9cb513d0a.xml.macaon	610	7	Dioclétien	Dioclétien	np	np	_	6	obj	_	_
a13eb50c-b980-43e3-979d-80c9cb513d0a.xml.macaon	611	8	présentent	présenter	v	v	_	_	_	_	_
a13eb50c-b980-43e3-979d-80c9cb513d0a.xml.macaon	612	9	,	,	ponctw	ponctw	_	8	ponct	_	_
a13eb50c-b980-43e3-979d-80c9cb513d0a.xml.macaon	613	10	parmi	parmi	prep	prep	_	8	mod	_	_
a13eb50c-b980-43e3-979d-80c9cb513d0a.xml.macaon	614	11	d'autres	d'autres	det	det	_	12	det	_	_
a13eb50c-b980-43e3-979d-80c9cb513d0a.xml.macaon	615	12	bâtiments	bâtiment	nc	nc	_	10	obj	_	_
a13eb50c-b980-43e3-979d-80c9cb513d0a.xml.macaon	616	13	,	,	ponctw	ponctw	_	12	ponct	_	_
a13eb50c-b980-43e3-979d-80c9cb513d0a.xml.macaon	617	14	une	un	det	det	_	16	det	_	_
a13eb50c-b980-43e3-979d-80c9cb513d0a.xml.macaon	618	15	grande	grand	adj	adj	_	16	mod	_	_
a13eb50c-b980-43e3-979d-80c9cb513d0a.xml.macaon	619	16	salle	salle	nc	nc	_	10	obj	_	_
a13eb50c-b980-43e3-979d-80c9cb513d0a.xml.macaon	620	17	basilicale	basilical	adj	adj	_	16	mod	_	_
a13eb50c-b980-43e3-979d-80c9cb513d0a.xml.macaon	621	18	complète	complet	adj	adj	_	16	mod	_	_
a13eb50c-b980-43e3-979d-80c9cb513d0a.xml.macaon	622	19	,	,	ponctw	ponctw	_	16	ponct	_	_
a13eb50c-b980-43e3-979d-80c9cb513d0a.xml.macaon	623	20	avec	avec	prep	prep	_	8	mod	_	_
a13eb50c-b980-43e3-979d-80c9cb513d0a.xml.macaon	624	21	ses	son	det	det	_	22	det	_	_
a13eb50c-b980-43e3-979d-80c9cb513d0a.xml.macaon	625	22	voûtes	voûte	nc	nc	_	20	obj	_	_
a13eb50c-b980-43e3-979d-80c9cb513d0a.xml.macaon	626	23	de	de	prep	prep	_	22	dep	_	_
a13eb50c-b980-43e3-979d-80c9cb513d0a.xml.macaon	627	24	béton	béton	nc	nc	_	23	obj	_	_
a13eb50c-b980-43e3-979d-80c9cb513d0a.xml.macaon	628	25	;	;	ponctw	ponctw	_	22	ponct	_	_
a13eb50c-b980-43e3-979d-80c9cb513d0a.xml.macaon	629	26	À	À	prep	prep	_	35	mod	_	_
a13eb50c-b980-43e3-979d-80c9cb513d0a.xml.macaon	630	27	Rome	Rome	np	np	_	26	obj	_	_
a13eb50c-b980-43e3-979d-80c9cb513d0a.xml.macaon	631	28	encore	encore	adv	adv	_	35	mod	_	_
a13eb50c-b980-43e3-979d-80c9cb513d0a.xml.macaon	632	29	,	,	ponctw	ponctw	_	35	ponct	_	_
a13eb50c-b980-43e3-979d-80c9cb513d0a.xml.macaon	633	30	les	le	det	det	_	31	det	_	_
a13eb50c-b980-43e3-979d-80c9cb513d0a.xml.macaon	634	31	thermes	thermes	nc	nc	_	35	suj	_	_
a13eb50c-b980-43e3-979d-80c9cb513d0a.xml.macaon	635	32	de	de	prep	prep	_	31	dep	_	_
a13eb50c-b980-43e3-979d-80c9cb513d0a.xml.macaon	636	33	Caracalla	Caracalla	np	np	_	32	obj	_	_
a13eb50c-b980-43e3-979d-80c9cb513d0a.xml.macaon	637	34	ont	avoir	v	v	_	35	aux_tps	_	_
a13eb50c-b980-43e3-979d-80c9cb513d0a.xml.macaon	638	35	conservé	conserver	vppart	vppart	_	22	mod_rel	_	_
a13eb50c-b980-43e3-979d-80c9cb513d0a.xml.macaon	639	36	à#peu#près	à#peu#près	prep	prep	_	35	mod	_	_
a13eb50c-b980-43e3-979d-80c9cb513d0a.xml.macaon	640	37	tous	tout	adj	adj	_	39	mod	_	_
a13eb50c-b980-43e3-979d-80c9cb513d0a.xml.macaon	641	38	leurs	son	det	det	_	39	det	_	_
a13eb50c-b980-43e3-979d-80c9cb513d0a.xml.macaon	642	39	murs	mur	nc	nc	_	36	obj	_	_
a13eb50c-b980-43e3-979d-80c9cb513d0a.xml.macaon	643	40	,	,	ponctw	ponctw	_	39	ponct	_	_
a13eb50c-b980-43e3-979d-80c9cb513d0a.xml.macaon	644	41	mais	mais	coo	coo	_	39	coord	_	_
a13eb50c-b980-43e3-979d-80c9cb513d0a.xml.macaon	645	42	aucune	aucun	det	det	_	43	det	_	_
a13eb50c-b980-43e3-979d-80c9cb513d0a.xml.macaon	646	43	salle	salle	nc	nc	_	41	dep_coord	_	_
a13eb50c-b980-43e3-979d-80c9cb513d0a.xml.macaon	647	44	couverte	couvert	adj	adj	_	43	mod	_	_
a13eb50c-b980-43e3-979d-80c9cb513d0a.xml.macaon	648	45	;	;	ponctw	ponctw	_	43	ponct	_	_
a13eb50c-b980-43e3-979d-80c9cb513d0a.xml.macaon	649	46	À	À	prep	prep	_	43	dep	_	_
a13eb50c-b980-43e3-979d-80c9cb513d0a.xml.macaon	650	47	Tivoli	Tivoli	np	np	_	46	obj	_	_
a13eb50c-b980-43e3-979d-80c9cb513d0a.xml.macaon	651	48	(	(	ponctw	ponctw	_	43	ponct	_	_
a13eb50c-b980-43e3-979d-80c9cb513d0a.xml.macaon	652	49	près#de	près#de	prep	prep	_	43	dep	_	_
a13eb50c-b980-43e3-979d-80c9cb513d0a.xml.macaon	653	50	Rome	Rome	np	np	_	49	obj	_	_
a13eb50c-b980-43e3-979d-80c9cb513d0a.xml.macaon	654	51	)	)	ponctw	ponctw	_	50	ponct	_	_
a13eb50c-b980-43e3-979d-80c9cb513d0a.xml.macaon	655	52	,	,	ponctw	ponctw	_	50	ponct	_	_
a13eb50c-b980-43e3-979d-80c9cb513d0a.xml.macaon	656	53	le	le	det	det	_	55	det	_	_
a13eb50c-b980-43e3-979d-80c9cb513d0a.xml.macaon	657	54	grand	grand	adj	adj	_	55	mod	_	_
a13eb50c-b980-43e3-979d-80c9cb513d0a.xml.macaon	658	55	site	site	nc	nc	_	50	mod	_	_
a13eb50c-b980-43e3-979d-80c9cb513d0a.xml.macaon	659	56	archéologique	archéologique	adj	adj	_	55	mod	_	_
a13eb50c-b980-43e3-979d-80c9cb513d0a.xml.macaon	660	57	de	de	prep	prep	_	55	dep	_	_
a13eb50c-b980-43e3-979d-80c9cb513d0a.xml.macaon	661	58	la	le	det	det	_	59	det	_	_
a13eb50c-b980-43e3-979d-80c9cb513d0a.xml.macaon	662	59	villa	villa	nc	nc	_	57	obj	_	_
a13eb50c-b980-43e3-979d-80c9cb513d0a.xml.macaon	663	60	d'	de	prep	prep	_	59	dep	_	_
a13eb50c-b980-43e3-979d-80c9cb513d0a.xml.macaon	664	61	Hadrien	Hadrien	np	np	_	60	obj	_	_
a13eb50c-b980-43e3-979d-80c9cb513d0a.xml.macaon	665	62	montre	montrer	v	v	_	61	mod_rel	_	_
a13eb50c-b980-43e3-979d-80c9cb513d0a.xml.macaon	666	63	encore	encore	adv	adv	_	62	mod	_	_
a13eb50c-b980-43e3-979d-80c9cb513d0a.xml.macaon	667	64	plusieurs	plusieurs	det	det	_	65	det	_	_
a13eb50c-b980-43e3-979d-80c9cb513d0a.xml.macaon	668	65	établissements	établissement	nc	nc	_	62	obj	_	_
a13eb50c-b980-43e3-979d-80c9cb513d0a.xml.macaon	669	66	thermaux	thermal	adj	adj	_	65	mod	_	_
a13eb50c-b980-43e3-979d-80c9cb513d0a.xml.macaon	670	67	en	en	prep	prep	_	62	mod	_	_
a13eb50c-b980-43e3-979d-80c9cb513d0a.xml.macaon	671	68	assez	assez	adv	adv	_	69	mod	_	_
a13eb50c-b980-43e3-979d-80c9cb513d0a.xml.macaon	672	69	bon	bon	adj	adj	_	70	mod	_	_
a13eb50c-b980-43e3-979d-80c9cb513d0a.xml.macaon	673	70	état	état	nc	nc	_	67	obj	_	_
a13eb50c-b980-43e3-979d-80c9cb513d0a.xml.macaon	674	71	,	,	ponctw	ponctw	_	70	ponct	_	_
a13eb50c-b980-43e3-979d-80c9cb513d0a.xml.macaon	675	72	dont	dont	prorel	prorel	_	76	suj	_	_
a13eb50c-b980-43e3-979d-80c9cb513d0a.xml.macaon	676	73	les	le	det	det	_	74	det	_	_
a13eb50c-b980-43e3-979d-80c9cb513d0a.xml.macaon	677	74	salles	salle	nc	nc	_	76	suj	_	_
a13eb50c-b980-43e3-979d-80c9cb513d0a.xml.macaon	678	75	sont	être	v	v	_	76	aux_tps	_	_
a13eb50c-b980-43e3-979d-80c9cb513d0a.xml.macaon	679	76	en#partie	en#partie	vppart	vppart	_	70	mod	_	_
a13eb50c-b980-43e3-979d-80c9cb513d0a.xml.macaon	680	77	couvertes	couverte	nc	nc	_	76	obj	_	_
a13eb50c-b980-43e3-979d-80c9cb513d0a.xml.macaon	681	78	de	de	prep	prep	_	77	dep	_	_
a13eb50c-b980-43e3-979d-80c9cb513d0a.xml.macaon	682	79	coupoles	coupole	nc	nc	_	78	obj	_	_
a13eb50c-b980-43e3-979d-80c9cb513d0a.xml.macaon	683	80	concrètes	concret	adj	adj	_	79	mod	_	_
a13eb50c-b980-43e3-979d-80c9cb513d0a.xml.macaon	684	81	;	;	ponctw	ponctw	_	79	ponct	_	_
a13eb50c-b980-43e3-979d-80c9cb513d0a.xml.macaon	685	82	À	À	prep	prep	_	79	dep	_	_
a13eb50c-b980-43e3-979d-80c9cb513d0a.xml.macaon	686	83	Paris	Paris	np	np	_	82	obj	_	_
a13eb50c-b980-43e3-979d-80c9cb513d0a.xml.macaon	687	84	,	,	ponctw	ponctw	_	83	ponct	_	_
a13eb50c-b980-43e3-979d-80c9cb513d0a.xml.macaon	688	85	les	le	det	det	_	86	det	_	_
a13eb50c-b980-43e3-979d-80c9cb513d0a.xml.macaon	689	86	thermes	thermes	nc	nc	_	82	obj	_	_
a13eb50c-b980-43e3-979d-80c9cb513d0a.xml.macaon	690	87	de	de	prep	prep	_	86	dep	_	_
a13eb50c-b980-43e3-979d-80c9cb513d0a.xml.macaon	691	88	Cluny	Cluny	np	np	_	87	obj	_	_
a13eb50c-b980-43e3-979d-80c9cb513d0a.xml.macaon	692	89	ont	avoir	v	v	_	88	mod_rel	_	_
a13eb50c-b980-43e3-979d-80c9cb513d0a.xml.macaon	693	90	plusieurs	plusieurs	det	det	_	92	det	_	_
a13eb50c-b980-43e3-979d-80c9cb513d0a.xml.macaon	694	91	grandes	grand	adj	adj	_	92	mod	_	_
a13eb50c-b980-43e3-979d-80c9cb513d0a.xml.macaon	695	92	salles	salle	nc	nc	_	89	obj	_	_
a13eb50c-b980-43e3-979d-80c9cb513d0a.xml.macaon	696	93	en	en	prep	prep	_	89	mod	_	_
a13eb50c-b980-43e3-979d-80c9cb513d0a.xml.macaon	697	94	bon	bon	adj	adj	_	95	mod	_	_
a13eb50c-b980-43e3-979d-80c9cb513d0a.xml.macaon	698	95	état	état	nc	nc	_	93	obj	_	_
a13eb50c-b980-43e3-979d-80c9cb513d0a.xml.macaon	699	96	,	,	ponctw	ponctw	_	95	ponct	_	_
a13eb50c-b980-43e3-979d-80c9cb513d0a.xml.macaon	700	97	mais	mais	coo	coo	_	95	coord	_	_
a13eb50c-b980-43e3-979d-80c9cb513d0a.xml.macaon	701	98	surtout	surtout	adv	adv	_	97	mod	_	_
a13eb50c-b980-43e3-979d-80c9cb513d0a.xml.macaon	702	99	un	un	det	det	_	101	det	_	_
a13eb50c-b980-43e3-979d-80c9cb513d0a.xml.macaon	703	100	magnifique	magnifique	adj	adj	_	101	mod	_	_
a13eb50c-b980-43e3-979d-80c9cb513d0a.xml.macaon	704	101	frigidarium	frigidarium	nc	nc	_	97	__JOKER__	_	_
a13eb50c-b980-43e3-979d-80c9cb513d0a.xml.macaon	705	102	avec	avec	prep	prep	_	101	dep	_	_
a13eb50c-b980-43e3-979d-80c9cb513d0a.xml.macaon	706	103	sa	son	det	det	_	104	det	_	_
a13eb50c-b980-43e3-979d-80c9cb513d0a.xml.macaon	707	104	piscine	piscine	nc	nc	_	102	obj	_	_
a13eb50c-b980-43e3-979d-80c9cb513d0a.xml.macaon	708	105	et	et	coo	coo	_	104	coord	_	_
a13eb50c-b980-43e3-979d-80c9cb513d0a.xml.macaon	709	106	ses	son	det	det	_	107	det	_	_
a13eb50c-b980-43e3-979d-80c9cb513d0a.xml.macaon	710	107	voûtes	voûte	nc	nc	_	105	dep_coord	_	_
a13eb50c-b980-43e3-979d-80c9cb513d0a.xml.macaon	711	108	de	de	prep	prep	_	107	dep	_	_
a13eb50c-b980-43e3-979d-80c9cb513d0a.xml.macaon	712	109	béton	béton	nc	nc	_	108	obj	_	_
a13eb50c-b980-43e3-979d-80c9cb513d0a.xml.macaon	713	110	,	,	ponctw	ponctw	_	107	ponct	_	_
a13eb50c-b980-43e3-979d-80c9cb513d0a.xml.macaon	714	111	complètes	complet	adj	adj	_	107	mod	_	_
a13eb50c-b980-43e3-979d-80c9cb513d0a.xml.macaon	715	112	.	.	poncts	poncts	_	8	ponct	_	_

a13eb50c-b980-43e3-979d-80c9cb513d0a.xml.macaon	716	1	Vikiliens	vikiliens	nc	nc	_	_	_	_	_
a13eb50c-b980-43e3-979d-80c9cb513d0a.xml.macaon	717	2	pour	pour	prep	prep	_	1	dep	_	_
a13eb50c-b980-43e3-979d-80c9cb513d0a.xml.macaon	718	3	compléter	compléter	vinf	vinf	_	2	obj	_	_
a13eb50c-b980-43e3-979d-80c9cb513d0a.xml.macaon	719	4	sur	sur	prep	prep	_	3	mod	_	_
a13eb50c-b980-43e3-979d-80c9cb513d0a.xml.macaon	720	5	les	le	det	det	_	6	det	_	_
a13eb50c-b980-43e3-979d-80c9cb513d0a.xml.macaon	721	6	bains	bain	nc	nc	_	4	obj	_	_
a13eb50c-b980-43e3-979d-80c9cb513d0a.xml.macaon	722	7	publics	public	adj	adj	_	6	mod	_	_

a13eb50c-b980-43e3-979d-80c9cb513d0a.xml.macaon	723	1	Hammam	Hammam	np	np	_	_	_	_	_
a13eb50c-b980-43e3-979d-80c9cb513d0a.xml.macaon	724	2	Sauna	Sauna	np	np	_	1	mod	_	_
a13eb50c-b980-43e3-979d-80c9cb513d0a.xml.macaon	725	3	Bain	Bain	np	np	_	2	mod	_	_
a13eb50c-b980-43e3-979d-80c9cb513d0a.xml.macaon	726	4	japonais	japonais	adj	adj	_	3	mod	_	_
