ac780a2b-1621-4f89-aca9-741028761c5b.xml.macaon	0	1	vikidia	vikidia	nc	nc	_	_	_	_	_

ac780a2b-1621-4f89-aca9-741028761c5b.xml.macaon	1	1	ac780a2b	ac780a2b	nc	nc	_	_	_	_	_
ac780a2b-1621-4f89-aca9-741028761c5b.xml.macaon	2	2	-	-	ponctw	ponctw	_	1	ponct	_	_
ac780a2b-1621-4f89-aca9-741028761c5b.xml.macaon	3	3	1621	1621	nc	nc	_	1	mod	_	_
ac780a2b-1621-4f89-aca9-741028761c5b.xml.macaon	4	4	-	-	ponctw	ponctw	_	3	ponct	_	_
ac780a2b-1621-4f89-aca9-741028761c5b.xml.macaon	5	5	4f89	4f89	nc	nc	_	3	mod	_	_
ac780a2b-1621-4f89-aca9-741028761c5b.xml.macaon	6	6	-	-	ponctw	ponctw	_	5	ponct	_	_
ac780a2b-1621-4f89-aca9-741028761c5b.xml.macaon	7	7	aca9	aca9	nc	nc	_	5	mod	_	_
ac780a2b-1621-4f89-aca9-741028761c5b.xml.macaon	8	8	-	-	ponctw	ponctw	_	7	ponct	_	_
ac780a2b-1621-4f89-aca9-741028761c5b.xml.macaon	9	9	741028761c5b	741028761c5b	nc	nc	_	7	mod	_	_

ac780a2b-1621-4f89-aca9-741028761c5b.xml.macaon	10	1	ADDED	ADDED	nc	nc	_	_	_	_	_

ac780a2b-1621-4f89-aca9-741028761c5b.xml.macaon	11	1	2016	2016	adj	adj	_	3	mod	_	_
ac780a2b-1621-4f89-aca9-741028761c5b.xml.macaon	12	2	-	-	ponctw	ponctw	_	1	ponct	_	_
ac780a2b-1621-4f89-aca9-741028761c5b.xml.macaon	13	3	06	06	nc	nc	_	_	_	_	_
ac780a2b-1621-4f89-aca9-741028761c5b.xml.macaon	14	4	-	-	ponctw	ponctw	_	3	ponct	_	_
ac780a2b-1621-4f89-aca9-741028761c5b.xml.macaon	15	5	15T14	15T14	nc	nc	_	3	mod	_	_
ac780a2b-1621-4f89-aca9-741028761c5b.xml.macaon	16	6	:	:	ponctw	ponctw	_	5	ponct	_	_
ac780a2b-1621-4f89-aca9-741028761c5b.xml.macaon	17	7	53	53	nc	nc	_	5	mod	_	_
ac780a2b-1621-4f89-aca9-741028761c5b.xml.macaon	18	8	:	:	ponctw	ponctw	_	7	ponct	_	_
ac780a2b-1621-4f89-aca9-741028761c5b.xml.macaon	19	9	23Z	23Z	nc	nc	_	7	mod	_	_

ac780a2b-1621-4f89-aca9-741028761c5b.xml.macaon	20	1	Papyrus	Papyrus	np	np	_	_	_	_	_

ac780a2b-1621-4f89-aca9-741028761c5b.xml.macaon	21	1	Le	le	det	det	_	2	det	_	_
ac780a2b-1621-4f89-aca9-741028761c5b.xml.macaon	22	2	papyrus	papyrus	nc	nc	_	3	suj	_	_
ac780a2b-1621-4f89-aca9-741028761c5b.xml.macaon	23	3	est	être	v	v	_	_	_	_	_
ac780a2b-1621-4f89-aca9-741028761c5b.xml.macaon	24	4	un	un	det	det	_	6	det	_	_
ac780a2b-1621-4f89-aca9-741028761c5b.xml.macaon	25	5	ancien	ancien	adj	adj	_	6	mod	_	_
ac780a2b-1621-4f89-aca9-741028761c5b.xml.macaon	26	6	matériau	matériau	nc	nc	_	3	ats	_	_
ac780a2b-1621-4f89-aca9-741028761c5b.xml.macaon	27	7	qui	qui	prorel	prorel	_	12	suj	_	_
ac780a2b-1621-4f89-aca9-741028761c5b.xml.macaon	28	8	pendant	pendant	prep	prep	_	12	mod	_	_
ac780a2b-1621-4f89-aca9-741028761c5b.xml.macaon	29	9	des	un	det	det	_	10	det	_	_
ac780a2b-1621-4f89-aca9-741028761c5b.xml.macaon	30	10	millénaires	millénaire	nc	nc	_	8	obj	_	_
ac780a2b-1621-4f89-aca9-741028761c5b.xml.macaon	31	11	a	avoir	v	v	_	12	aux_tps	_	_
ac780a2b-1621-4f89-aca9-741028761c5b.xml.macaon	32	12	servi	servir	vppart	vppart	_	6	mod_rel	_	_
ac780a2b-1621-4f89-aca9-741028761c5b.xml.macaon	33	13	de	de	prep	prep	_	12	mod	_	_
ac780a2b-1621-4f89-aca9-741028761c5b.xml.macaon	34	14	support	support	nc	nc	_	13	obj	_	_
ac780a2b-1621-4f89-aca9-741028761c5b.xml.macaon	35	15	à	à	prep	prep	_	12	mod	_	_
ac780a2b-1621-4f89-aca9-741028761c5b.xml.macaon	36	16	l'	le	det	det	_	17	det	_	_
ac780a2b-1621-4f89-aca9-741028761c5b.xml.macaon	37	17	écriture	écriture	nc	nc	_	15	obj	_	_
ac780a2b-1621-4f89-aca9-741028761c5b.xml.macaon	38	18	et	et	coo	coo	_	15	coord	_	_
ac780a2b-1621-4f89-aca9-741028761c5b.xml.macaon	39	19	au	au	prep	prep	_	18	dep_coord	_	_
ac780a2b-1621-4f89-aca9-741028761c5b.xml.macaon	40	20	dessin	dessin	nc	nc	_	19	obj	_	_
ac780a2b-1621-4f89-aca9-741028761c5b.xml.macaon	41	21	.	.	poncts	poncts	_	3	ponct	_	_

ac780a2b-1621-4f89-aca9-741028761c5b.xml.macaon	42	1	Antiquité	antiquité	nc	nc	_	_	_	_	_

ac780a2b-1621-4f89-aca9-741028761c5b.xml.macaon	43	1	Papyrus	Papyrus	np	np	_	_	_	_	_

ac780a2b-1621-4f89-aca9-741028761c5b.xml.macaon	44	1	Le	le	det	det	_	2	det	_	_
ac780a2b-1621-4f89-aca9-741028761c5b.xml.macaon	45	2	papyrus	papyrus	nc	nc	_	3	suj	_	_
ac780a2b-1621-4f89-aca9-741028761c5b.xml.macaon	46	3	est	être	v	v	_	_	_	_	_
ac780a2b-1621-4f89-aca9-741028761c5b.xml.macaon	47	4	un	un	det	det	_	6	det	_	_
ac780a2b-1621-4f89-aca9-741028761c5b.xml.macaon	48	5	ancien	ancien	adj	adj	_	6	mod	_	_
ac780a2b-1621-4f89-aca9-741028761c5b.xml.macaon	49	6	matériau	matériau	nc	nc	_	3	ats	_	_
ac780a2b-1621-4f89-aca9-741028761c5b.xml.macaon	50	7	qui	qui	prorel	prorel	_	12	suj	_	_
ac780a2b-1621-4f89-aca9-741028761c5b.xml.macaon	51	8	pendant	pendant	prep	prep	_	12	mod	_	_
ac780a2b-1621-4f89-aca9-741028761c5b.xml.macaon	52	9	des	un	det	det	_	10	det	_	_
ac780a2b-1621-4f89-aca9-741028761c5b.xml.macaon	53	10	millénaires	millénaire	nc	nc	_	8	obj	_	_
ac780a2b-1621-4f89-aca9-741028761c5b.xml.macaon	54	11	a	avoir	v	v	_	12	aux_tps	_	_
ac780a2b-1621-4f89-aca9-741028761c5b.xml.macaon	55	12	servi	servir	vppart	vppart	_	6	mod_rel	_	_
ac780a2b-1621-4f89-aca9-741028761c5b.xml.macaon	56	13	de	de	prep	prep	_	12	mod	_	_
ac780a2b-1621-4f89-aca9-741028761c5b.xml.macaon	57	14	support	support	nc	nc	_	13	obj	_	_
ac780a2b-1621-4f89-aca9-741028761c5b.xml.macaon	58	15	à	à	prep	prep	_	12	mod	_	_
ac780a2b-1621-4f89-aca9-741028761c5b.xml.macaon	59	16	l'	le	det	det	_	17	det	_	_
ac780a2b-1621-4f89-aca9-741028761c5b.xml.macaon	60	17	écriture	écriture	nc	nc	_	15	obj	_	_
ac780a2b-1621-4f89-aca9-741028761c5b.xml.macaon	61	18	et	et	coo	coo	_	15	coord	_	_
ac780a2b-1621-4f89-aca9-741028761c5b.xml.macaon	62	19	au	au	prep	prep	_	18	dep_coord	_	_
ac780a2b-1621-4f89-aca9-741028761c5b.xml.macaon	63	20	dessin	dessin	nc	nc	_	19	obj	_	_
ac780a2b-1621-4f89-aca9-741028761c5b.xml.macaon	64	21	.	.	poncts	poncts	_	3	ponct	_	_

ac780a2b-1621-4f89-aca9-741028761c5b.xml.macaon	65	1	Il#y#a	Il#y#a	np	np	_	7	suj	_	_
ac780a2b-1621-4f89-aca9-741028761c5b.xml.macaon	66	2	4000	4000	adj	adj	_	3	mod	_	_
ac780a2b-1621-4f89-aca9-741028761c5b.xml.macaon	67	3	ans	an	nc	nc	_	1	mod	_	_
ac780a2b-1621-4f89-aca9-741028761c5b.xml.macaon	68	4	,	,	ponctw	ponctw	_	7	ponct	_	_
ac780a2b-1621-4f89-aca9-741028761c5b.xml.macaon	69	5	les	le	det	det	_	6	det	_	_
ac780a2b-1621-4f89-aca9-741028761c5b.xml.macaon	70	6	Égyptiens	égyptien	nc	nc	_	7	suj	_	_
ac780a2b-1621-4f89-aca9-741028761c5b.xml.macaon	71	7	cueillaient	cueillir	v	v	_	_	_	_	_
ac780a2b-1621-4f89-aca9-741028761c5b.xml.macaon	72	8	le	le	det	det	_	9	det	_	_
ac780a2b-1621-4f89-aca9-741028761c5b.xml.macaon	73	9	papyrus	papyrus	nc	nc	_	7	obj	_	_
ac780a2b-1621-4f89-aca9-741028761c5b.xml.macaon	74	10	(	(	ponctw	ponctw	_	9	ponct	_	_
ac780a2b-1621-4f89-aca9-741028761c5b.xml.macaon	75	11	roseau	roseau	nc	nc	_	9	mod	_	_
ac780a2b-1621-4f89-aca9-741028761c5b.xml.macaon	76	12	très	très	adv	adv	_	13	mod	_	_
ac780a2b-1621-4f89-aca9-741028761c5b.xml.macaon	77	13	abondant	abondant	adj	adj	_	11	mod	_	_
ac780a2b-1621-4f89-aca9-741028761c5b.xml.macaon	78	14	dans	dans	prep	prep	_	7	mod	_	_
ac780a2b-1621-4f89-aca9-741028761c5b.xml.macaon	79	15	les	le	det	det	_	16	det	_	_
ac780a2b-1621-4f89-aca9-741028761c5b.xml.macaon	80	16	zones	zone	nc	nc	_	14	obj	_	_
ac780a2b-1621-4f89-aca9-741028761c5b.xml.macaon	81	17	humides	humide	adj	adj	_	16	mod	_	_
ac780a2b-1621-4f89-aca9-741028761c5b.xml.macaon	82	18	du	du	prep	prep	_	16	dep	_	_
ac780a2b-1621-4f89-aca9-741028761c5b.xml.macaon	83	19	delta	delta	nc	nc	_	18	obj	_	_
ac780a2b-1621-4f89-aca9-741028761c5b.xml.macaon	84	20	du	du	prep	prep	_	19	dep	_	_
ac780a2b-1621-4f89-aca9-741028761c5b.xml.macaon	85	21	Nil	Nil	np	np	_	20	obj	_	_
ac780a2b-1621-4f89-aca9-741028761c5b.xml.macaon	86	22	)	)	ponctw	ponctw	_	19	ponct	_	_
ac780a2b-1621-4f89-aca9-741028761c5b.xml.macaon	87	23	,	,	ponctw	ponctw	_	24	ponct	_	_
ac780a2b-1621-4f89-aca9-741028761c5b.xml.macaon	88	24	enlevaient	enlever	v	v	_	19	mod_rel	_	_
ac780a2b-1621-4f89-aca9-741028761c5b.xml.macaon	89	25	l'	le	det	det	_	26	det	_	_
ac780a2b-1621-4f89-aca9-741028761c5b.xml.macaon	90	26	écorce	écorce	nc	nc	_	24	obj	_	_
ac780a2b-1621-4f89-aca9-741028761c5b.xml.macaon	91	27	de	de	prep	prep	_	26	dep	_	_
ac780a2b-1621-4f89-aca9-741028761c5b.xml.macaon	92	28	la	le	det	det	_	29	det	_	_
ac780a2b-1621-4f89-aca9-741028761c5b.xml.macaon	93	29	tige	tige	nc	nc	_	27	obj	_	_
ac780a2b-1621-4f89-aca9-741028761c5b.xml.macaon	94	30	,	,	ponctw	ponctw	_	29	ponct	_	_
ac780a2b-1621-4f89-aca9-741028761c5b.xml.macaon	95	31	puis	puis	coo	coo	_	26	coord	_	_
ac780a2b-1621-4f89-aca9-741028761c5b.xml.macaon	96	32	découpaient	découper	v	v	_	31	dep_coord	_	_
ac780a2b-1621-4f89-aca9-741028761c5b.xml.macaon	97	33	le	le	det	det	_	34	det	_	_
ac780a2b-1621-4f89-aca9-741028761c5b.xml.macaon	98	34	cœur	cœur	nc	nc	_	32	obj	_	_
ac780a2b-1621-4f89-aca9-741028761c5b.xml.macaon	99	35	,	,	ponctw	ponctw	_	32	ponct	_	_
ac780a2b-1621-4f89-aca9-741028761c5b.xml.macaon	100	36	dans	dans	prep	prep	_	32	mod	_	_
ac780a2b-1621-4f89-aca9-741028761c5b.xml.macaon	101	37	le	le	det	det	_	38	det	_	_
ac780a2b-1621-4f89-aca9-741028761c5b.xml.macaon	102	38	sens	sens	nc	nc	_	36	obj	_	_
ac780a2b-1621-4f89-aca9-741028761c5b.xml.macaon	103	39	de	de	prep	prep	_	38	dep	_	_
ac780a2b-1621-4f89-aca9-741028761c5b.xml.macaon	104	40	la	le	det	det	_	41	det	_	_
ac780a2b-1621-4f89-aca9-741028761c5b.xml.macaon	105	41	longueur	longueur	nc	nc	_	39	obj	_	_
ac780a2b-1621-4f89-aca9-741028761c5b.xml.macaon	106	42	,	,	ponctw	ponctw	_	48	ponct	_	_
ac780a2b-1621-4f89-aca9-741028761c5b.xml.macaon	107	43	en	en	prep	prep	_	48	mod	_	_
ac780a2b-1621-4f89-aca9-741028761c5b.xml.macaon	108	44	fines	fine	nc	nc	_	43	obj	_	_
ac780a2b-1621-4f89-aca9-741028761c5b.xml.macaon	109	45	lamelles	lamelle	nc	nc	_	44	mod	_	_
ac780a2b-1621-4f89-aca9-741028761c5b.xml.macaon	110	46	qu'	que	prorel	prorel	_	48	mod	_	_
ac780a2b-1621-4f89-aca9-741028761c5b.xml.macaon	111	47	ils	ils	cln	cln	_	48	suj	_	_
ac780a2b-1621-4f89-aca9-741028761c5b.xml.macaon	112	48	disposaient	disposer	v	v	_	38	mod_rel	_	_
ac780a2b-1621-4f89-aca9-741028761c5b.xml.macaon	113	49	ensuite	ensuite	adv	adv	_	48	mod	_	_
ac780a2b-1621-4f89-aca9-741028761c5b.xml.macaon	114	50	sur	sur	prep	prep	_	48	mod	_	_
ac780a2b-1621-4f89-aca9-741028761c5b.xml.macaon	115	51	une	un	det	det	_	52	det	_	_
ac780a2b-1621-4f89-aca9-741028761c5b.xml.macaon	116	52	planche	planche	nc	nc	_	50	obj	_	_
ac780a2b-1621-4f89-aca9-741028761c5b.xml.macaon	117	53	,	,	ponctw	ponctw	_	48	ponct	_	_
ac780a2b-1621-4f89-aca9-741028761c5b.xml.macaon	118	54	en	en	prep	prep	_	48	mod	_	_
ac780a2b-1621-4f89-aca9-741028761c5b.xml.macaon	119	55	croisant	croiser	vprespart	vprespart	_	54	__JOKER__	_	_
ac780a2b-1621-4f89-aca9-741028761c5b.xml.macaon	120	56	les	le	det	det	_	57	det	_	_
ac780a2b-1621-4f89-aca9-741028761c5b.xml.macaon	121	57	couches	couche	nc	nc	_	54	obj	_	_
ac780a2b-1621-4f89-aca9-741028761c5b.xml.macaon	122	58	qu'	que	prorel	prorel	_	60	obj	_	_
ac780a2b-1621-4f89-aca9-741028761c5b.xml.macaon	123	59	ils	ils	cln	cln	_	60	suj	_	_
ac780a2b-1621-4f89-aca9-741028761c5b.xml.macaon	124	60	faisaient	faire	v	v	_	57	mod_rel	_	_
ac780a2b-1621-4f89-aca9-741028761c5b.xml.macaon	125	61	tenir	tenir	vinf	vinf	_	60	obj	_	_
ac780a2b-1621-4f89-aca9-741028761c5b.xml.macaon	126	62	ensemble	ensemble	adv	adv	_	61	mod	_	_
ac780a2b-1621-4f89-aca9-741028761c5b.xml.macaon	127	63	avec	avec	prep	prep	_	61	mod	_	_
ac780a2b-1621-4f89-aca9-741028761c5b.xml.macaon	128	64	de	de	prep	prep	_	63	obj	_	_
ac780a2b-1621-4f89-aca9-741028761c5b.xml.macaon	129	65	la	le	det	det	_	66	det	_	_
ac780a2b-1621-4f89-aca9-741028761c5b.xml.macaon	130	66	colle	colle	nc	nc	_	64	obj	_	_
ac780a2b-1621-4f89-aca9-741028761c5b.xml.macaon	131	67	de	de	prep	prep	_	66	dep	_	_
ac780a2b-1621-4f89-aca9-741028761c5b.xml.macaon	132	68	farine	farine	nc	nc	_	67	obj	_	_
ac780a2b-1621-4f89-aca9-741028761c5b.xml.macaon	133	69	ou	ou	coo	coo	_	67	coord	_	_
ac780a2b-1621-4f89-aca9-741028761c5b.xml.macaon	134	70	de	de	prep	prep	_	69	dep_coord	_	_
ac780a2b-1621-4f89-aca9-741028761c5b.xml.macaon	135	71	poisson	poisson	nc	nc	_	70	obj	_	_
ac780a2b-1621-4f89-aca9-741028761c5b.xml.macaon	136	72	.	.	poncts	poncts	_	7	ponct	_	_

ac780a2b-1621-4f89-aca9-741028761c5b.xml.macaon	137	1	Le	le	det	det	_	3	__JOKER__	_	_
ac780a2b-1621-4f89-aca9-741028761c5b.xml.macaon	138	2	tout	tout	pro	pro	_	3	suj	_	_
ac780a2b-1621-4f89-aca9-741028761c5b.xml.macaon	139	3	était	être	v	v	_	4	aux_tps	_	_
ac780a2b-1621-4f89-aca9-741028761c5b.xml.macaon	140	4	martelé	marteler	vppart	vppart	_	_	_	_	_
ac780a2b-1621-4f89-aca9-741028761c5b.xml.macaon	141	5	au	au	prep	prep	_	4	mod	_	_
ac780a2b-1621-4f89-aca9-741028761c5b.xml.macaon	142	6	maillet	maillet	nc	nc	_	5	obj	_	_
ac780a2b-1621-4f89-aca9-741028761c5b.xml.macaon	143	7	pour	pour	prep	prep	_	4	mod	_	_
ac780a2b-1621-4f89-aca9-741028761c5b.xml.macaon	144	8	bien	bien	adv	adv	_	9	mod	_	_
ac780a2b-1621-4f89-aca9-741028761c5b.xml.macaon	145	9	souder	souder	vinf	vinf	_	7	obj	_	_
ac780a2b-1621-4f89-aca9-741028761c5b.xml.macaon	146	10	toutes	tout	adj	adj	_	12	mod	_	_
ac780a2b-1621-4f89-aca9-741028761c5b.xml.macaon	147	11	les	le	det	det	_	12	det	_	_
ac780a2b-1621-4f89-aca9-741028761c5b.xml.macaon	148	12	fibres	fibre	nc	nc	_	9	obj	_	_
ac780a2b-1621-4f89-aca9-741028761c5b.xml.macaon	149	13	,	,	ponctw	ponctw	_	12	ponct	_	_
ac780a2b-1621-4f89-aca9-741028761c5b.xml.macaon	150	14	séché	sécher	vppart	vppart	_	12	mod	_	_
ac780a2b-1621-4f89-aca9-741028761c5b.xml.macaon	151	15	et	et	coo	coo	_	12	coord	_	_
ac780a2b-1621-4f89-aca9-741028761c5b.xml.macaon	152	16	poncé	poncer	vppart	vppart	_	15	dep_coord	_	_
ac780a2b-1621-4f89-aca9-741028761c5b.xml.macaon	153	17	avec	avec	prep	prep	_	16	mod	_	_
ac780a2b-1621-4f89-aca9-741028761c5b.xml.macaon	154	18	une	un	det	det	_	19	det	_	_
ac780a2b-1621-4f89-aca9-741028761c5b.xml.macaon	155	19	pierre	pierre	nc	nc	_	17	obj	_	_
ac780a2b-1621-4f89-aca9-741028761c5b.xml.macaon	156	20	pour	pour	prep	prep	_	16	mod	_	_
ac780a2b-1621-4f89-aca9-741028761c5b.xml.macaon	157	21	constituer	constituer	vinf	vinf	_	20	obj	_	_
ac780a2b-1621-4f89-aca9-741028761c5b.xml.macaon	158	22	une	un	det	det	_	23	det	_	_
ac780a2b-1621-4f89-aca9-741028761c5b.xml.macaon	159	23	feuille	feuille	nc	nc	_	21	obj	_	_
ac780a2b-1621-4f89-aca9-741028761c5b.xml.macaon	160	24	sur	sur	prep	prep	_	21	mod	_	_
ac780a2b-1621-4f89-aca9-741028761c5b.xml.macaon	161	25	laquelle	lequel	prorel	prorel	_	24	obj	_	_
ac780a2b-1621-4f89-aca9-741028761c5b.xml.macaon	162	26	les	le	det	det	_	27	det	_	_	B:Statement:FE:Speaker:G:168
ac780a2b-1621-4f89-aca9-741028761c5b.xml.macaon	163	27	scribes	scribe	nc	nc	_	24	obj	_	_	I:Statement:FE:Speaker:G:168
ac780a2b-1621-4f89-aca9-741028761c5b.xml.macaon	164	28	(	(	ponctw	ponctw	_	27	ponct	_	_
ac780a2b-1621-4f89-aca9-741028761c5b.xml.macaon	165	29	seuls	seul	adj	adj	_	30	mod	_	_
ac780a2b-1621-4f89-aca9-741028761c5b.xml.macaon	166	30	hommes	homme	nc	nc	_	21	obj	_	_
ac780a2b-1621-4f89-aca9-741028761c5b.xml.macaon	167	31	à#savoir	à#savoir	prep	prep	_	30	dep	_	_
ac780a2b-1621-4f89-aca9-741028761c5b.xml.macaon	168	32	écrire	écrire	vinf	vinf	_	31	obj	_	_	B:Statement:TARGET:écrire:G:168
ac780a2b-1621-4f89-aca9-741028761c5b.xml.macaon	169	33	)	)	ponctw	ponctw	_	34	ponct	_	_
ac780a2b-1621-4f89-aca9-741028761c5b.xml.macaon	170	34	traçaient	tracer	v	v	_	30	mod_rel	_	_
ac780a2b-1621-4f89-aca9-741028761c5b.xml.macaon	171	35	les	le	det	det	_	36	det	_	_	B:Statement:FE:Medium:G:168
ac780a2b-1621-4f89-aca9-741028761c5b.xml.macaon	172	36	signes	signe	nc	nc	_	34	obj	_	_	I:Statement:FE:Medium:G:168
ac780a2b-1621-4f89-aca9-741028761c5b.xml.macaon	173	37	d'	de	prep	prep	_	36	dep	_	_	I:Statement:FE:Medium:G:168
ac780a2b-1621-4f89-aca9-741028761c5b.xml.macaon	174	38	écriture	écriture	nc	nc	_	37	obj	_	_	I:Statement:FE:Medium:G:168
ac780a2b-1621-4f89-aca9-741028761c5b.xml.macaon	175	39	,	,	ponctw	ponctw	_	36	ponct	_	_
ac780a2b-1621-4f89-aca9-741028761c5b.xml.macaon	176	40	appelés	appeler	vppart	vppart	_	36	mod	_	_	B:OTHER:G
ac780a2b-1621-4f89-aca9-741028761c5b.xml.macaon	177	41	hiéroglyphes	hiéroglyphe	nc	nc	_	40	obj	_	_	B:Statement:FE:Medium:G:168
ac780a2b-1621-4f89-aca9-741028761c5b.xml.macaon	178	42	.	.	poncts	poncts	_	4	ponct	_	_

ac780a2b-1621-4f89-aca9-741028761c5b.xml.macaon	179	1	On	on	cln	cln	_	2	suj	_	_
ac780a2b-1621-4f89-aca9-741028761c5b.xml.macaon	180	2	réunissait	réunir	v	v	_	_	_	_	_
ac780a2b-1621-4f89-aca9-741028761c5b.xml.macaon	181	3	les	le	det	det	_	4	det	_	_
ac780a2b-1621-4f89-aca9-741028761c5b.xml.macaon	182	4	feuilles	feuille	nc	nc	_	2	obj	_	_
ac780a2b-1621-4f89-aca9-741028761c5b.xml.macaon	183	5	bout#à#bout	bout#à#bout	nc	nc	_	4	mod	_	_
ac780a2b-1621-4f89-aca9-741028761c5b.xml.macaon	184	6	en	en	prep	prep	_	5	dep	_	_
ac780a2b-1621-4f89-aca9-741028761c5b.xml.macaon	185	7	rouleaux	rouleau	nc	nc	_	6	obj	_	_
ac780a2b-1621-4f89-aca9-741028761c5b.xml.macaon	186	8	,	,	ponctw	ponctw	_	4	ponct	_	_
ac780a2b-1621-4f89-aca9-741028761c5b.xml.macaon	187	9	mais	mais	coo	coo	_	4	coord	_	_
ac780a2b-1621-4f89-aca9-741028761c5b.xml.macaon	188	10	ce	ce	det	det	_	11	det	_	_
ac780a2b-1621-4f89-aca9-741028761c5b.xml.macaon	189	11	support	support	nc	nc	_	12	suj	_	_
ac780a2b-1621-4f89-aca9-741028761c5b.xml.macaon	190	12	était	être	v	v	_	9	dep_coord	_	_
ac780a2b-1621-4f89-aca9-741028761c5b.xml.macaon	191	13	assez	assez	adv	adv	_	14	mod	_	_
ac780a2b-1621-4f89-aca9-741028761c5b.xml.macaon	192	14	fragile	fragile	adj	adj	_	12	ats	_	_
ac780a2b-1621-4f89-aca9-741028761c5b.xml.macaon	193	15	.	.	poncts	poncts	_	2	ponct	_	_

ac780a2b-1621-4f89-aca9-741028761c5b.xml.macaon	194	1	Vikilien	vikilien	nc	nc	_	_	_	_	_
ac780a2b-1621-4f89-aca9-741028761c5b.xml.macaon	195	2	pour	pour	prep	prep	_	1	dep	_	_
ac780a2b-1621-4f89-aca9-741028761c5b.xml.macaon	196	3	compléter	compléter	vinf	vinf	_	2	obj	_	_
ac780a2b-1621-4f89-aca9-741028761c5b.xml.macaon	197	4	sur	sur	prep	prep	_	3	mod	_	_
ac780a2b-1621-4f89-aca9-741028761c5b.xml.macaon	198	5	d'autres	d'autres	det	det	_	6	det	_	_
ac780a2b-1621-4f89-aca9-741028761c5b.xml.macaon	199	6	supports	support	nc	nc	_	4	obj	_	_
ac780a2b-1621-4f89-aca9-741028761c5b.xml.macaon	200	7	pour	pour	prep	prep	_	3	mod	_	_
ac780a2b-1621-4f89-aca9-741028761c5b.xml.macaon	201	8	l'	le	det	det	_	9	det	_	_
ac780a2b-1621-4f89-aca9-741028761c5b.xml.macaon	202	9	écriture	écriture	nc	nc	_	7	obj	_	_

ac780a2b-1621-4f89-aca9-741028761c5b.xml.macaon	203	1	Parchemin	Parchemin	np	np	_	_	_	_	_
