ad6abd41-404b-44a2-9765-69786606d062.xml.macaon	0	1	vikidia	vikidia	nc	nc	_	_	_	_	_

ad6abd41-404b-44a2-9765-69786606d062.xml.macaon	1	1	ad6abd41	ad6abd41	adj	adj	_	3	mod	_	_
ad6abd41-404b-44a2-9765-69786606d062.xml.macaon	2	2	-	-	ponctw	ponctw	_	1	ponct	_	_
ad6abd41-404b-44a2-9765-69786606d062.xml.macaon	3	3	404b	404b	nc	nc	_	_	_	_	_
ad6abd41-404b-44a2-9765-69786606d062.xml.macaon	4	4	-	-	ponctw	ponctw	_	3	ponct	_	_
ad6abd41-404b-44a2-9765-69786606d062.xml.macaon	5	5	44a2	44a2	nc	nc	_	3	mod	_	_
ad6abd41-404b-44a2-9765-69786606d062.xml.macaon	6	6	-	-	ponctw	ponctw	_	5	ponct	_	_
ad6abd41-404b-44a2-9765-69786606d062.xml.macaon	7	7	9765	9765	adj	adj	_	5	mod	_	_
ad6abd41-404b-44a2-9765-69786606d062.xml.macaon	8	8	-	-	ponctw	ponctw	_	5	ponct	_	_
ad6abd41-404b-44a2-9765-69786606d062.xml.macaon	9	9	69786606d062	69786606d062	nc	nc	_	5	mod	_	_

ad6abd41-404b-44a2-9765-69786606d062.xml.macaon	10	1	ADDED	ADDED	nc	nc	_	_	_	_	_

ad6abd41-404b-44a2-9765-69786606d062.xml.macaon	11	1	2016	2016	adj	adj	_	3	mod	_	_
ad6abd41-404b-44a2-9765-69786606d062.xml.macaon	12	2	-	-	ponctw	ponctw	_	1	ponct	_	_
ad6abd41-404b-44a2-9765-69786606d062.xml.macaon	13	3	06	06	nc	nc	_	_	_	_	_
ad6abd41-404b-44a2-9765-69786606d062.xml.macaon	14	4	-	-	ponctw	ponctw	_	3	ponct	_	_
ad6abd41-404b-44a2-9765-69786606d062.xml.macaon	15	5	15T14	15T14	nc	nc	_	3	mod	_	_
ad6abd41-404b-44a2-9765-69786606d062.xml.macaon	16	6	:	:	ponctw	ponctw	_	5	ponct	_	_
ad6abd41-404b-44a2-9765-69786606d062.xml.macaon	17	7	53	53	nc	nc	_	5	mod	_	_
ad6abd41-404b-44a2-9765-69786606d062.xml.macaon	18	8	:	:	ponctw	ponctw	_	7	ponct	_	_
ad6abd41-404b-44a2-9765-69786606d062.xml.macaon	19	9	02Z	02Z	nc	nc	_	7	mod	_	_

ad6abd41-404b-44a2-9765-69786606d062.xml.macaon	20	1	Parthes	parthe	nc	nc	_	_	_	_	_

ad6abd41-404b-44a2-9765-69786606d062.xml.macaon	21	1	Les	les	det	det	_	2	det	_	_
ad6abd41-404b-44a2-9765-69786606d062.xml.macaon	22	2	Parthes	parthe	nc	nc	_	3	suj	_	_
ad6abd41-404b-44a2-9765-69786606d062.xml.macaon	23	3	sont	être	v	v	_	_	_	_	_
ad6abd41-404b-44a2-9765-69786606d062.xml.macaon	24	4	un	un	det	det	_	5	det	_	_
ad6abd41-404b-44a2-9765-69786606d062.xml.macaon	25	5	peuple	peuple	nc	nc	_	3	obj	_	_
ad6abd41-404b-44a2-9765-69786606d062.xml.macaon	26	6	de#l'	de#l'	prep	prep	_	5	dep	_	_
ad6abd41-404b-44a2-9765-69786606d062.xml.macaon	27	7	Antiquité	antiquité	nc	nc	_	6	obj	_	_
ad6abd41-404b-44a2-9765-69786606d062.xml.macaon	28	8	.	.	poncts	poncts	_	3	ponct	_	_

ad6abd41-404b-44a2-9765-69786606d062.xml.macaon	29	1	Installés	installer	vppart	vppart	_	_	_	_	_	B:Colonization:TARGET:installer:G:29
ad6abd41-404b-44a2-9765-69786606d062.xml.macaon	30	2	dans	dans	prep	prep	_	1	mod	_	_
ad6abd41-404b-44a2-9765-69786606d062.xml.macaon	31	3	des	un	det	det	_	4	det	_	_	B:Colonization:FE:Homeland:G:29
ad6abd41-404b-44a2-9765-69786606d062.xml.macaon	32	4	régions	région	nc	nc	_	2	obj	_	_	I:Colonization:FE:Homeland:G:29
ad6abd41-404b-44a2-9765-69786606d062.xml.macaon	33	5	qui	qui	prorel	prorel	_	6	suj	_	_	I:Colonization:FE:Homeland:G:29
ad6abd41-404b-44a2-9765-69786606d062.xml.macaon	34	6	sont	être	v	v	_	4	mod_rel	_	_	I:Colonization:FE:Homeland:G:29
ad6abd41-404b-44a2-9765-69786606d062.xml.macaon	35	7	actuellement	actuellement	adv	adv	_	13	mod	_	_	I:Colonization:FE:Homeland:G:29
ad6abd41-404b-44a2-9765-69786606d062.xml.macaon	36	8	en	en	prep	prep	_	13	mod	_	_	I:Colonization:FE:Homeland:G:29
ad6abd41-404b-44a2-9765-69786606d062.xml.macaon	37	9	Iran	Iran	np	np	_	8	obj	_	_	I:Colonization:FE:Homeland:G:29
ad6abd41-404b-44a2-9765-69786606d062.xml.macaon	38	10	,	,	ponctw	ponctw	_	13	ponct	_	_
ad6abd41-404b-44a2-9765-69786606d062.xml.macaon	39	11	ils	ils	cln	cln	_	13	suj	_	_
ad6abd41-404b-44a2-9765-69786606d062.xml.macaon	40	12	ont	avoir	v	v	_	13	aux_tps	_	_
ad6abd41-404b-44a2-9765-69786606d062.xml.macaon	41	13	été	être	vppart	vppart	_	4	mod_rel	_	_
ad6abd41-404b-44a2-9765-69786606d062.xml.macaon	42	14	des	un	det	det	_	15	det	_	_
ad6abd41-404b-44a2-9765-69786606d062.xml.macaon	43	15	adversaires	adversaire	nc	nc	_	13	ats	_	_
ad6abd41-404b-44a2-9765-69786606d062.xml.macaon	44	16	redoutables	redoutable	adj	adj	_	15	mod	_	_
ad6abd41-404b-44a2-9765-69786606d062.xml.macaon	45	17	pour	pour	prep	prep	_	13	mod	_	_
ad6abd41-404b-44a2-9765-69786606d062.xml.macaon	46	18	les	le	det	det	_	19	det	_	_
ad6abd41-404b-44a2-9765-69786606d062.xml.macaon	47	19	Romains	romain	nc	nc	_	17	obj	_	_
ad6abd41-404b-44a2-9765-69786606d062.xml.macaon	48	20	.	.	poncts	poncts	_	4	__JOKER__	_	_

ad6abd41-404b-44a2-9765-69786606d062.xml.macaon	49	1	Antiquité	antiquité	nc	nc	_	_	_	_	_

ad6abd41-404b-44a2-9765-69786606d062.xml.macaon	50	1	Parthes	parthe	nc	nc	_	_	_	_	_

ad6abd41-404b-44a2-9765-69786606d062.xml.macaon	51	1	Les	les	det	det	_	2	det	_	_
ad6abd41-404b-44a2-9765-69786606d062.xml.macaon	52	2	Parthes	parthe	nc	nc	_	3	suj	_	_
ad6abd41-404b-44a2-9765-69786606d062.xml.macaon	53	3	sont	être	v	v	_	_	_	_	_
ad6abd41-404b-44a2-9765-69786606d062.xml.macaon	54	4	un	un	det	det	_	5	det	_	_
ad6abd41-404b-44a2-9765-69786606d062.xml.macaon	55	5	peuple	peuple	nc	nc	_	3	obj	_	_
ad6abd41-404b-44a2-9765-69786606d062.xml.macaon	56	6	de#l'	de#l'	prep	prep	_	5	dep	_	_
ad6abd41-404b-44a2-9765-69786606d062.xml.macaon	57	7	Antiquité	antiquité	nc	nc	_	6	obj	_	_
ad6abd41-404b-44a2-9765-69786606d062.xml.macaon	58	8	.	.	poncts	poncts	_	3	ponct	_	_

ad6abd41-404b-44a2-9765-69786606d062.xml.macaon	59	1	Installés	installer	vppart	vppart	_	_	_	_	_	B:Colonization:TARGET:installer:G:59
ad6abd41-404b-44a2-9765-69786606d062.xml.macaon	60	2	dans	dans	prep	prep	_	1	mod	_	_
ad6abd41-404b-44a2-9765-69786606d062.xml.macaon	61	3	des	un	det	det	_	4	det	_	_	B:Colonization:FE:Homeland:G:59
ad6abd41-404b-44a2-9765-69786606d062.xml.macaon	62	4	régions	région	nc	nc	_	2	obj	_	_	I:Colonization:FE:Homeland:G:59
ad6abd41-404b-44a2-9765-69786606d062.xml.macaon	63	5	qui	qui	prorel	prorel	_	6	suj	_	_	I:Colonization:FE:Homeland:G:59
ad6abd41-404b-44a2-9765-69786606d062.xml.macaon	64	6	sont	être	v	v	_	4	mod_rel	_	_	I:Colonization:FE:Homeland:G:59
ad6abd41-404b-44a2-9765-69786606d062.xml.macaon	65	7	actuellement	actuellement	adv	adv	_	13	mod	_	_	I:Colonization:FE:Homeland:G:59
ad6abd41-404b-44a2-9765-69786606d062.xml.macaon	66	8	en	en	prep	prep	_	13	mod	_	_	I:Colonization:FE:Homeland:G:59
ad6abd41-404b-44a2-9765-69786606d062.xml.macaon	67	9	Iran	Iran	np	np	_	8	obj	_	_	I:Colonization:FE:Homeland:G:59
ad6abd41-404b-44a2-9765-69786606d062.xml.macaon	68	10	,	,	ponctw	ponctw	_	13	ponct	_	_
ad6abd41-404b-44a2-9765-69786606d062.xml.macaon	69	11	ils	ils	cln	cln	_	13	suj	_	_
ad6abd41-404b-44a2-9765-69786606d062.xml.macaon	70	12	ont	avoir	v	v	_	13	aux_tps	_	_
ad6abd41-404b-44a2-9765-69786606d062.xml.macaon	71	13	été	être	vppart	vppart	_	4	mod_rel	_	_
ad6abd41-404b-44a2-9765-69786606d062.xml.macaon	72	14	des	un	det	det	_	15	det	_	_
ad6abd41-404b-44a2-9765-69786606d062.xml.macaon	73	15	adversaires	adversaire	nc	nc	_	13	ats	_	_
ad6abd41-404b-44a2-9765-69786606d062.xml.macaon	74	16	redoutables	redoutable	adj	adj	_	15	mod	_	_
ad6abd41-404b-44a2-9765-69786606d062.xml.macaon	75	17	pour	pour	prep	prep	_	13	mod	_	_
ad6abd41-404b-44a2-9765-69786606d062.xml.macaon	76	18	les	le	det	det	_	19	det	_	_
ad6abd41-404b-44a2-9765-69786606d062.xml.macaon	77	19	Romains	romain	nc	nc	_	17	obj	_	_
ad6abd41-404b-44a2-9765-69786606d062.xml.macaon	78	20	.	.	poncts	poncts	_	4	__JOKER__	_	_

ad6abd41-404b-44a2-9765-69786606d062.xml.macaon	79	1	Les	les	det	det	_	2	det	_	_	B:Colonization:FE:Colonists:G:88
ad6abd41-404b-44a2-9765-69786606d062.xml.macaon	80	2	Parthes	parthe	nc	nc	_	3	suj	_	_	I:Colonization:FE:Colonists:G:88
ad6abd41-404b-44a2-9765-69786606d062.xml.macaon	81	3	sont	être	v	v	_	_	_	_	_
ad6abd41-404b-44a2-9765-69786606d062.xml.macaon	82	4	un	un	det	det	_	5	det	_	_
ad6abd41-404b-44a2-9765-69786606d062.xml.macaon	83	5	peuple	peuple	nc	nc	_	3	ats	_	_
ad6abd41-404b-44a2-9765-69786606d062.xml.macaon	84	6	semi-	semi-	pref	pref	_	8	mod	_	_
ad6abd41-404b-44a2-9765-69786606d062.xml.macaon	85	7	nomade	nomade	adj	adj	_	8	mod	_	_
ad6abd41-404b-44a2-9765-69786606d062.xml.macaon	86	8	d'origine	d'origine	nc	nc	_	10	suj	_	_
ad6abd41-404b-44a2-9765-69786606d062.xml.macaon	87	9	iranienne	iranien	adj	adj	_	8	mod	_	_
ad6abd41-404b-44a2-9765-69786606d062.xml.macaon	88	10	installé	installer	vppart	vppart	_	5	mod	_	_	B:Colonization:TARGET:installer:G:88
ad6abd41-404b-44a2-9765-69786606d062.xml.macaon	89	11	dans	dans	prep	prep	_	10	mod	_	_	B:Colonization:FE:Homeland:G:88
ad6abd41-404b-44a2-9765-69786606d062.xml.macaon	90	12	le	le	det	det	_	13	det	_	_	I:Colonization:FE:Homeland:G:88
ad6abd41-404b-44a2-9765-69786606d062.xml.macaon	91	13	Sud-Est	Sud-Est	nc	nc	_	11	obj	_	_	I:Colonization:FE:Homeland:G:88
ad6abd41-404b-44a2-9765-69786606d062.xml.macaon	92	14	de#l'	de#l'	prep	prep	_	10	mod	_	_	I:Colonization:FE:Homeland:G:88
ad6abd41-404b-44a2-9765-69786606d062.xml.macaon	93	15	Iran	Iran	np	np	_	14	obj	_	_	I:Colonization:FE:Homeland:G:88
ad6abd41-404b-44a2-9765-69786606d062.xml.macaon	94	16	actuel	actuel	adj	adj	_	15	mod	_	_	I:Colonization:FE:Homeland:G:88
ad6abd41-404b-44a2-9765-69786606d062.xml.macaon	95	17	.	.	poncts	poncts	_	3	ponct	_	_

ad6abd41-404b-44a2-9765-69786606d062.xml.macaon	96	1	Le	le	det	det	_	2	det	_	_
ad6abd41-404b-44a2-9765-69786606d062.xml.macaon	97	2	mot	mot	nc	nc	_	4	suj	_	_
ad6abd41-404b-44a2-9765-69786606d062.xml.macaon	98	3	parthe	parthe	adj	adj	_	2	mod	_	_
ad6abd41-404b-44a2-9765-69786606d062.xml.macaon	99	4	signifie	signifier	v	v	_	_	_	_	_
ad6abd41-404b-44a2-9765-69786606d062.xml.macaon	100	5	«	«	ponctw	ponctw	_	4	ponct	_	_
ad6abd41-404b-44a2-9765-69786606d062.xml.macaon	101	6	cavalier	cavalier	nc	nc	_	4	obj	_	_
ad6abd41-404b-44a2-9765-69786606d062.xml.macaon	102	7	»	»	ponctw	ponctw	_	6	ponct	_	_
ad6abd41-404b-44a2-9765-69786606d062.xml.macaon	103	8	.	.	poncts	poncts	_	4	ponct	_	_

ad6abd41-404b-44a2-9765-69786606d062.xml.macaon	104	1	Vers	Vers	np	np	_	_	_	_	_
ad6abd41-404b-44a2-9765-69786606d062.xml.macaon	105	2	250	250	det	det	_	3	det	_	_
ad6abd41-404b-44a2-9765-69786606d062.xml.macaon	106	3	av.	av.	nc	nc	_	1	mod	_	_

ad6abd41-404b-44a2-9765-69786606d062.xml.macaon	107	1	J.-C.	Jésus-Christ	np	np	_	5	suj	_	_
ad6abd41-404b-44a2-9765-69786606d062.xml.macaon	108	2	,	,	ponctw	ponctw	_	5	ponct	_	_
ad6abd41-404b-44a2-9765-69786606d062.xml.macaon	109	3	les	le	det	det	_	4	det	_	_
ad6abd41-404b-44a2-9765-69786606d062.xml.macaon	110	4	Parthes	parthe	nc	nc	_	5	suj	_	_
ad6abd41-404b-44a2-9765-69786606d062.xml.macaon	111	5	fondent	fonder	v	v	_	_	_	_	_
ad6abd41-404b-44a2-9765-69786606d062.xml.macaon	112	6	une	un	det	det	_	7	det	_	_
ad6abd41-404b-44a2-9765-69786606d062.xml.macaon	113	7	dynastie	dynastie	nc	nc	_	5	obj	_	_
ad6abd41-404b-44a2-9765-69786606d062.xml.macaon	114	8	qui	qui	prorel	prorel	_	9	suj	_	_
ad6abd41-404b-44a2-9765-69786606d062.xml.macaon	115	9	prétend	prétendre	v	v	_	7	mod_rel	_	_
ad6abd41-404b-44a2-9765-69786606d062.xml.macaon	116	10	descendre	descendre	vinf	vinf	_	9	obj	_	_
ad6abd41-404b-44a2-9765-69786606d062.xml.macaon	117	11	du	du	prep	prep	_	10	mod	_	_
ad6abd41-404b-44a2-9765-69786606d062.xml.macaon	118	12	roi	roi	nc	nc	_	11	obj	_	_
ad6abd41-404b-44a2-9765-69786606d062.xml.macaon	119	13	perse	pers	adj	adj	_	12	mod	_	_
ad6abd41-404b-44a2-9765-69786606d062.xml.macaon	120	14	achéménide	achéménide	adj	adj	_	12	mod	_	_
ad6abd41-404b-44a2-9765-69786606d062.xml.macaon	121	15	Artaxerxès	Artaxerxès	np	np	_	12	mod	_	_
ad6abd41-404b-44a2-9765-69786606d062.xml.macaon	122	16	II	II	np	np	_	15	mod	_	_
ad6abd41-404b-44a2-9765-69786606d062.xml.macaon	123	17	.	.	poncts	poncts	_	5	ponct	_	_
ad6abd41-404b-44a2-9765-69786606d062.xml.macaon	124	18	À	À	prep	prep	_	17	__JOKER__	_	_
ad6abd41-404b-44a2-9765-69786606d062.xml.macaon	125	19	cette	ce	det	det	_	20	det	_	_
ad6abd41-404b-44a2-9765-69786606d062.xml.macaon	126	20	époque	époque	nc	nc	_	18	obj	_	_
ad6abd41-404b-44a2-9765-69786606d062.xml.macaon	127	21	les	le	det	det	_	22	det	_	_
ad6abd41-404b-44a2-9765-69786606d062.xml.macaon	128	22	Parthes	parthe	nc	nc	_	23	suj	_	_
ad6abd41-404b-44a2-9765-69786606d062.xml.macaon	129	23	sont	être	v	v	_	20	mod_rel	_	_
ad6abd41-404b-44a2-9765-69786606d062.xml.macaon	130	24	vassaux	vassal	nc	nc	_	23	ats	_	_
ad6abd41-404b-44a2-9765-69786606d062.xml.macaon	131	25	de#l'	de#l'	prep	prep	_	24	dep	_	_
ad6abd41-404b-44a2-9765-69786606d062.xml.macaon	132	26	empire	empire	nc	nc	_	25	obj	_	_
ad6abd41-404b-44a2-9765-69786606d062.xml.macaon	133	27	grec	grec	adj	adj	_	26	mod	_	_
ad6abd41-404b-44a2-9765-69786606d062.xml.macaon	134	28	séleucide	séleucide	nc	nc	_	25	obj	_	_
ad6abd41-404b-44a2-9765-69786606d062.xml.macaon	135	29	qui	qui	prorel	prorel	_	31	suj	_	_
ad6abd41-404b-44a2-9765-69786606d062.xml.macaon	136	30	s'	s'	clo	clo	_	31	__JOKER__	_	_
ad6abd41-404b-44a2-9765-69786606d062.xml.macaon	137	31	étend	étendre	v	v	_	28	mod_rel	_	_
ad6abd41-404b-44a2-9765-69786606d062.xml.macaon	138	32	de	de	prep	prep	_	31	de_obj	_	_
ad6abd41-404b-44a2-9765-69786606d062.xml.macaon	139	33	la	le	det	det	_	34	det	_	_
ad6abd41-404b-44a2-9765-69786606d062.xml.macaon	140	34	mer	mer	nc	nc	_	32	obj	_	_
ad6abd41-404b-44a2-9765-69786606d062.xml.macaon	141	35	Méditerranée	Méditerranée	vppart	vppart	_	34	mod	_	_
ad6abd41-404b-44a2-9765-69786606d062.xml.macaon	142	36	à	à	prep	prep	_	35	a_obj	_	_
ad6abd41-404b-44a2-9765-69786606d062.xml.macaon	143	37	l'	le	det	det	_	38	det	_	_
ad6abd41-404b-44a2-9765-69786606d062.xml.macaon	144	38	Indus	Indus	np	np	_	36	obj	_	_
ad6abd41-404b-44a2-9765-69786606d062.xml.macaon	145	39	.	.	poncts	poncts	_	5	__JOKER__	_	_

ad6abd41-404b-44a2-9765-69786606d062.xml.macaon	146	1	Ce	ce	det	det	_	2	det	_	_
ad6abd41-404b-44a2-9765-69786606d062.xml.macaon	147	2	n'	n'	nc	nc	_	3	suj	_	_
ad6abd41-404b-44a2-9765-69786606d062.xml.macaon	148	3	est	être	v	v	_	_	_	_	_
ad6abd41-404b-44a2-9765-69786606d062.xml.macaon	149	4	qu'	qu'	advneg	advneg	_	3	mod	_	_
ad6abd41-404b-44a2-9765-69786606d062.xml.macaon	150	5	à#partir#de	à#partir#de	prep	prep	_	3	mod	_	_
ad6abd41-404b-44a2-9765-69786606d062.xml.macaon	151	6	189	189	det	det	_	7	det	_	_
ad6abd41-404b-44a2-9765-69786606d062.xml.macaon	152	7	av.	av.	nc	nc	_	5	obj	_	_

ad6abd41-404b-44a2-9765-69786606d062.xml.macaon	153	1	J.-C.	Jésus-Christ	np	np	_	3	__JOKER__	_	_
ad6abd41-404b-44a2-9765-69786606d062.xml.macaon	154	2	,	,	ponctw	ponctw	_	1	ponct	_	_
ad6abd41-404b-44a2-9765-69786606d062.xml.macaon	155	3	que	que	csu	csu	_	_	_	_	_
ad6abd41-404b-44a2-9765-69786606d062.xml.macaon	156	4	les	le	det	det	_	5	det	_	_
ad6abd41-404b-44a2-9765-69786606d062.xml.macaon	157	5	Parthes	parthe	nc	nc	_	7	suj	_	_
ad6abd41-404b-44a2-9765-69786606d062.xml.macaon	158	6	se	se	clr	clr	_	7	aff	_	_
ad6abd41-404b-44a2-9765-69786606d062.xml.macaon	159	7	rendent	rendre	v	v	_	3	obj	_	_
ad6abd41-404b-44a2-9765-69786606d062.xml.macaon	160	8	indépendants	indépendant	adj	adj	_	7	ats	_	_
ad6abd41-404b-44a2-9765-69786606d062.xml.macaon	161	9	des	des	prep	prep	_	7	mod	_	_
ad6abd41-404b-44a2-9765-69786606d062.xml.macaon	162	10	Séleucides	séleucide	nc	nc	_	9	obj	_	_
ad6abd41-404b-44a2-9765-69786606d062.xml.macaon	163	11	qui	qui	prorel	prorel	_	12	suj	_	_
ad6abd41-404b-44a2-9765-69786606d062.xml.macaon	164	12	viennent	venir	v	v	_	10	mod_rel	_	_
ad6abd41-404b-44a2-9765-69786606d062.xml.macaon	165	13	d'	d'	advneg	advneg	_	16	mod	_	_
ad6abd41-404b-44a2-9765-69786606d062.xml.macaon	166	14	être	être	vinf	vinf	_	16	aux_pass	_	_
ad6abd41-404b-44a2-9765-69786606d062.xml.macaon	167	15	sévèrement	sévèrement	adv	adv	_	16	mod	_	_
ad6abd41-404b-44a2-9765-69786606d062.xml.macaon	168	16	battus	battre	vppart	vppart	_	10	mod_rel	_	_
ad6abd41-404b-44a2-9765-69786606d062.xml.macaon	169	17	par	par	prep	prep	_	16	p_obj	_	_
ad6abd41-404b-44a2-9765-69786606d062.xml.macaon	170	18	les	le	det	det	_	19	det	_	_
ad6abd41-404b-44a2-9765-69786606d062.xml.macaon	171	19	Romains	romain	nc	nc	_	17	obj	_	_
ad6abd41-404b-44a2-9765-69786606d062.xml.macaon	172	20	.	.	poncts	poncts	_	7	ponct	_	_

ad6abd41-404b-44a2-9765-69786606d062.xml.macaon	173	1	Entre	entre	prep	prep	_	3	__JOKER__	_	_
ad6abd41-404b-44a2-9765-69786606d062.xml.macaon	174	2	160	160	nc	nc	_	1	obj	_	_
ad6abd41-404b-44a2-9765-69786606d062.xml.macaon	175	3	et	et	coo	coo	_	_	_	_	_
ad6abd41-404b-44a2-9765-69786606d062.xml.macaon	176	4	141	141	det	det	_	5	det	_	_
ad6abd41-404b-44a2-9765-69786606d062.xml.macaon	177	5	av.	av.	nc	nc	_	3	dep_coord	_	_

ad6abd41-404b-44a2-9765-69786606d062.xml.macaon	178	1	J.-C.	Jésus-Christ	np	np	_	10	__JOKER__	_	_
ad6abd41-404b-44a2-9765-69786606d062.xml.macaon	179	2	,	,	ponctw	ponctw	_	10	ponct	_	_
ad6abd41-404b-44a2-9765-69786606d062.xml.macaon	180	3	le	le	det	det	_	4	det	_	_
ad6abd41-404b-44a2-9765-69786606d062.xml.macaon	181	4	roi	roi	nc	nc	_	10	suj	_	_
ad6abd41-404b-44a2-9765-69786606d062.xml.macaon	182	5	parthe	parthe	adj	adj	_	4	mod	_	_
ad6abd41-404b-44a2-9765-69786606d062.xml.macaon	183	6	Mithridate	Mithridate	nc	nc	_	4	mod	_	_
ad6abd41-404b-44a2-9765-69786606d062.xml.macaon	184	7	I	I	adj	adj	_	6	mod	_	_
ad6abd41-404b-44a2-9765-69786606d062.xml.macaon	185	8	er	er	vinf	vinf	_	10	__JOKER__	_	_
ad6abd41-404b-44a2-9765-69786606d062.xml.macaon	186	9	s'	s'	clr	clr	_	10	aff	_	_
ad6abd41-404b-44a2-9765-69786606d062.xml.macaon	187	10	empare	emparer	v	v	_	_	_	_	_
ad6abd41-404b-44a2-9765-69786606d062.xml.macaon	188	11	de#l'	de#l'	prep	prep	_	10	mod	_	_
ad6abd41-404b-44a2-9765-69786606d062.xml.macaon	189	12	Iran	Iran	np	np	_	11	obj	_	_
ad6abd41-404b-44a2-9765-69786606d062.xml.macaon	190	13	et	et	coo	coo	_	10	coord	_	_
ad6abd41-404b-44a2-9765-69786606d062.xml.macaon	191	14	de	de	prep	prep	_	13	dep_coord	_	_
ad6abd41-404b-44a2-9765-69786606d062.xml.macaon	192	15	la	le	det	det	_	16	det	_	_
ad6abd41-404b-44a2-9765-69786606d062.xml.macaon	193	16	Babylonie	Babylonie	np	np	_	14	obj	_	_
ad6abd41-404b-44a2-9765-69786606d062.xml.macaon	194	17	qui	qui	prorel	prorel	_	18	suj	_	_
ad6abd41-404b-44a2-9765-69786606d062.xml.macaon	195	18	appartenaient	appartenir	v	v	_	13	dep_coord	_	_
ad6abd41-404b-44a2-9765-69786606d062.xml.macaon	196	19	aux	aux	prep	prep	_	18	mod	_	_
ad6abd41-404b-44a2-9765-69786606d062.xml.macaon	197	20	Séleucides	séleucide	nc	nc	_	19	obj	_	_
ad6abd41-404b-44a2-9765-69786606d062.xml.macaon	198	21	.	.	poncts	poncts	_	10	ponct	_	_

ad6abd41-404b-44a2-9765-69786606d062.xml.macaon	199	1	Dans	dans	prep	prep	_	6	mod	_	_
ad6abd41-404b-44a2-9765-69786606d062.xml.macaon	200	2	le	le	det	det	_	3	det	_	_
ad6abd41-404b-44a2-9765-69786606d062.xml.macaon	201	3	Moyen-Orient	Moyen-Orient	np	np	_	1	obj	_	_
ad6abd41-404b-44a2-9765-69786606d062.xml.macaon	202	4	les	le	det	det	_	5	det	_	_
ad6abd41-404b-44a2-9765-69786606d062.xml.macaon	203	5	Parthes	parthe	nc	nc	_	6	suj	_	_
ad6abd41-404b-44a2-9765-69786606d062.xml.macaon	204	6	sont	être	v	v	_	_	_	_	_
ad6abd41-404b-44a2-9765-69786606d062.xml.macaon	205	7	désormais	désormais	adv	adv	_	6	mod	_	_
ad6abd41-404b-44a2-9765-69786606d062.xml.macaon	206	8	au	au	prep	prep	_	6	mod	_	_
ad6abd41-404b-44a2-9765-69786606d062.xml.macaon	207	9	contact	contact	nc	nc	_	8	obj	_	_
ad6abd41-404b-44a2-9765-69786606d062.xml.macaon	208	10	des	des	prep	prep	_	9	dep	_	_
ad6abd41-404b-44a2-9765-69786606d062.xml.macaon	209	11	Romains	romain	nc	nc	_	10	obj	_	_
ad6abd41-404b-44a2-9765-69786606d062.xml.macaon	210	12	,	,	ponctw	ponctw	_	9	ponct	_	_
ad6abd41-404b-44a2-9765-69786606d062.xml.macaon	211	13	qui	qui	prorel	prorel	_	14	suj	_	_
ad6abd41-404b-44a2-9765-69786606d062.xml.macaon	212	14	veulent	vouloir	v	v	_	9	mod_rel	_	_
ad6abd41-404b-44a2-9765-69786606d062.xml.macaon	213	15	progresser	progresser	vinf	vinf	_	14	obj	_	_
ad6abd41-404b-44a2-9765-69786606d062.xml.macaon	214	16	vers	vers	prep	prep	_	15	mod	_	_
ad6abd41-404b-44a2-9765-69786606d062.xml.macaon	215	17	l'	l'	nc	nc	_	16	obj	_	_
ad6abd41-404b-44a2-9765-69786606d062.xml.macaon	216	18	est	être	v	v	_	14	mod	_	_
ad6abd41-404b-44a2-9765-69786606d062.xml.macaon	217	19	.	.	poncts	poncts	_	6	ponct	_	_

ad6abd41-404b-44a2-9765-69786606d062.xml.macaon	218	1	Le	le	det	det	_	2	det	_	_
ad6abd41-404b-44a2-9765-69786606d062.xml.macaon	219	2	général	général	nc	nc	_	6	suj	_	_
ad6abd41-404b-44a2-9765-69786606d062.xml.macaon	220	3	parthe	parthe	adj	adj	_	2	mod	_	_
ad6abd41-404b-44a2-9765-69786606d062.xml.macaon	221	4	Suréna	Suréna	np	np	_	2	mod	_	_
ad6abd41-404b-44a2-9765-69786606d062.xml.macaon	222	5	,	,	ponctw	ponctw	_	6	ponct	_	_
ad6abd41-404b-44a2-9765-69786606d062.xml.macaon	223	6	écrase	écraser	v	v	_	_	_	_	_
ad6abd41-404b-44a2-9765-69786606d062.xml.macaon	224	7	les	le	det	det	_	8	det	_	_
ad6abd41-404b-44a2-9765-69786606d062.xml.macaon	225	8	légions	légion	nc	nc	_	6	obj	_	_
ad6abd41-404b-44a2-9765-69786606d062.xml.macaon	226	9	romaines	romain	adj	adj	_	8	mod	_	_
ad6abd41-404b-44a2-9765-69786606d062.xml.macaon	227	10	de	de	prep	prep	_	8	dep	_	_
ad6abd41-404b-44a2-9765-69786606d062.xml.macaon	228	11	Crassus	Crassus	np	np	_	10	obj	_	_
ad6abd41-404b-44a2-9765-69786606d062.xml.macaon	229	12	en	en	prep	prep	_	6	mod	_	_
ad6abd41-404b-44a2-9765-69786606d062.xml.macaon	230	13	53	53	det	det	_	14	det	_	_
ad6abd41-404b-44a2-9765-69786606d062.xml.macaon	231	14	av.	av.	nc	nc	_	12	obj	_	_

ad6abd41-404b-44a2-9765-69786606d062.xml.macaon	232	1	J.-C.	Jésus-Christ	np	np	_	_	_	_	_
ad6abd41-404b-44a2-9765-69786606d062.xml.macaon	233	2	.	.	poncts	poncts	_	1	__JOKER__	_	_

ad6abd41-404b-44a2-9765-69786606d062.xml.macaon	234	1	Les	les	det	det	_	2	det	_	_
ad6abd41-404b-44a2-9765-69786606d062.xml.macaon	235	2	Parthes	parthe	nc	nc	_	3	suj	_	_
ad6abd41-404b-44a2-9765-69786606d062.xml.macaon	236	3	sont	être	v	v	_	_	_	_	_
ad6abd41-404b-44a2-9765-69786606d062.xml.macaon	237	4	victorieux	victorieux	adj	adj	_	3	ats	_	_
ad6abd41-404b-44a2-9765-69786606d062.xml.macaon	238	5	de	de	prep	prep	_	4	dep	_	_
ad6abd41-404b-44a2-9765-69786606d062.xml.macaon	239	6	Marc-Antoine	Marc-Antoine	np	np	_	5	obj	_	_
ad6abd41-404b-44a2-9765-69786606d062.xml.macaon	240	7	qui	qui	prorel	prorel	_	8	suj	_	_
ad6abd41-404b-44a2-9765-69786606d062.xml.macaon	241	8	tente	tenter	v	v	_	6	mod_rel	_	_
ad6abd41-404b-44a2-9765-69786606d062.xml.macaon	242	9	de	de	prep	prep	_	8	obj	_	_
ad6abd41-404b-44a2-9765-69786606d062.xml.macaon	243	10	contrôler	contrôler	vinf	vinf	_	9	obj	_	_
ad6abd41-404b-44a2-9765-69786606d062.xml.macaon	244	11	l'	le	det	det	_	12	det	_	_
ad6abd41-404b-44a2-9765-69786606d062.xml.macaon	245	12	Arménie	Arménie	np	np	_	9	obj	_	_
ad6abd41-404b-44a2-9765-69786606d062.xml.macaon	246	13	.	.	poncts	poncts	_	3	ponct	_	_

ad6abd41-404b-44a2-9765-69786606d062.xml.macaon	247	1	En	en	prep	prep	_	_	_	_	_
ad6abd41-404b-44a2-9765-69786606d062.xml.macaon	248	2	20	20	det	det	_	3	det	_	_
ad6abd41-404b-44a2-9765-69786606d062.xml.macaon	249	3	av.	av.	nc	nc	_	1	obj	_	_

ad6abd41-404b-44a2-9765-69786606d062.xml.macaon	250	1	J.-C.	Jésus-Christ	np	np	_	6	suj	_	_
ad6abd41-404b-44a2-9765-69786606d062.xml.macaon	251	2	,	,	ponctw	ponctw	_	6	ponct	_	_
ad6abd41-404b-44a2-9765-69786606d062.xml.macaon	252	3	l'	le	det	det	_	4	det	_	_
ad6abd41-404b-44a2-9765-69786606d062.xml.macaon	253	4	empereur	empereur	nc	nc	_	6	suj	_	_
ad6abd41-404b-44a2-9765-69786606d062.xml.macaon	254	5	Auguste	Auguste	np	np	_	4	mod	_	_
ad6abd41-404b-44a2-9765-69786606d062.xml.macaon	255	6	signe	signer	v	v	_	_	_	_	_
ad6abd41-404b-44a2-9765-69786606d062.xml.macaon	256	7	un	un	det	det	_	8	det	_	_
ad6abd41-404b-44a2-9765-69786606d062.xml.macaon	257	8	traité	traité	nc	nc	_	6	obj	_	_
ad6abd41-404b-44a2-9765-69786606d062.xml.macaon	258	9	avec	avec	prep	prep	_	6	mod	_	_
ad6abd41-404b-44a2-9765-69786606d062.xml.macaon	259	10	les	le	det	det	_	11	det	_	_
ad6abd41-404b-44a2-9765-69786606d062.xml.macaon	260	11	Parthes	parthe	nc	nc	_	9	obj	_	_
ad6abd41-404b-44a2-9765-69786606d062.xml.macaon	261	12	.	.	poncts	poncts	_	6	ponct	_	_

ad6abd41-404b-44a2-9765-69786606d062.xml.macaon	262	1	La	la	det	det	_	2	det	_	_
ad6abd41-404b-44a2-9765-69786606d062.xml.macaon	263	2	frontière	frontière	nc	nc	_	_	_	_	_
ad6abd41-404b-44a2-9765-69786606d062.xml.macaon	264	3	entre	entre	prep	prep	_	8	mod	_	_
ad6abd41-404b-44a2-9765-69786606d062.xml.macaon	265	4	les	le	det	det	_	6	det	_	_
ad6abd41-404b-44a2-9765-69786606d062.xml.macaon	266	5	deux	deux	adj	adj	_	6	mod	_	_
ad6abd41-404b-44a2-9765-69786606d062.xml.macaon	267	6	empires	empire	nc	nc	_	3	obj	_	_
ad6abd41-404b-44a2-9765-69786606d062.xml.macaon	268	7	est	être	v	v	_	8	aux_tps	_	_
ad6abd41-404b-44a2-9765-69786606d062.xml.macaon	269	8	fixée	fixer	vppart	vppart	_	2	mod_rel	_	_
ad6abd41-404b-44a2-9765-69786606d062.xml.macaon	270	9	sur	sur	prep	prep	_	8	mod	_	_
ad6abd41-404b-44a2-9765-69786606d062.xml.macaon	271	10	le	le	det	det	_	11	det	_	_
ad6abd41-404b-44a2-9765-69786606d062.xml.macaon	272	11	fleuve	fleuve	nc	nc	_	9	obj	_	_
ad6abd41-404b-44a2-9765-69786606d062.xml.macaon	273	12	Euphrate	Euphrate	np	np	_	9	obj	_	_
ad6abd41-404b-44a2-9765-69786606d062.xml.macaon	274	13	en	en	prep	prep	_	8	mod	_	_
ad6abd41-404b-44a2-9765-69786606d062.xml.macaon	275	14	Mésopotamie	Mésopotamie	nc	nc	_	13	obj	_	_
ad6abd41-404b-44a2-9765-69786606d062.xml.macaon	276	15	.	.	poncts	poncts	_	2	ponct	_	_

ad6abd41-404b-44a2-9765-69786606d062.xml.macaon	277	1	Cependant	cependant	adv	adv	_	4	mod	_	_
ad6abd41-404b-44a2-9765-69786606d062.xml.macaon	278	2	les	le	det	det	_	3	det	_	_
ad6abd41-404b-44a2-9765-69786606d062.xml.macaon	279	3	hostilités	hostilité	nc	nc	_	4	suj	_	_
ad6abd41-404b-44a2-9765-69786606d062.xml.macaon	280	4	vont	aller	v	v	_	_	_	_	_
ad6abd41-404b-44a2-9765-69786606d062.xml.macaon	281	5	reprendre	reprendre	vinf	vinf	_	4	obj	_	_
ad6abd41-404b-44a2-9765-69786606d062.xml.macaon	282	6	.	.	poncts	poncts	_	4	ponct	_	_

ad6abd41-404b-44a2-9765-69786606d062.xml.macaon	283	1	En	en	prep	prep	_	6	mod	_	_
ad6abd41-404b-44a2-9765-69786606d062.xml.macaon	284	2	63	63	nc	nc	_	1	obj	_	_
ad6abd41-404b-44a2-9765-69786606d062.xml.macaon	285	3	les	le	det	det	_	4	det	_	_
ad6abd41-404b-44a2-9765-69786606d062.xml.macaon	286	4	Romains	romain	nc	nc	_	6	suj	_	_
ad6abd41-404b-44a2-9765-69786606d062.xml.macaon	287	5	s'	s'	clr	clr	_	6	aff	_	_
ad6abd41-404b-44a2-9765-69786606d062.xml.macaon	288	6	emparent	emparer	v	v	_	_	_	_	_
ad6abd41-404b-44a2-9765-69786606d062.xml.macaon	289	7	de#l'	de#l'	prep	prep	_	6	mod	_	_
ad6abd41-404b-44a2-9765-69786606d062.xml.macaon	290	8	Arménie	Arménie	np	np	_	7	obj	_	_
ad6abd41-404b-44a2-9765-69786606d062.xml.macaon	291	9	.	.	poncts	poncts	_	6	ponct	_	_

ad6abd41-404b-44a2-9765-69786606d062.xml.macaon	292	1	Puis	puis	coo	coo	_	_	_	_	_
ad6abd41-404b-44a2-9765-69786606d062.xml.macaon	293	2	l'	le	det	det	_	3	det	_	_
ad6abd41-404b-44a2-9765-69786606d062.xml.macaon	294	3	empereur	empereur	nc	nc	_	5	suj	_	_
ad6abd41-404b-44a2-9765-69786606d062.xml.macaon	295	4	Trajan	Trajan	np	np	_	3	mod	_	_
ad6abd41-404b-44a2-9765-69786606d062.xml.macaon	296	5	conquiert	conquérir	v	v	_	1	dep_coord	_	_
ad6abd41-404b-44a2-9765-69786606d062.xml.macaon	297	6	la	le	det	det	_	7	det	_	_
ad6abd41-404b-44a2-9765-69786606d062.xml.macaon	298	7	Mésopotamie	Mésopotamie	nc	nc	_	5	obj	_	_
ad6abd41-404b-44a2-9765-69786606d062.xml.macaon	299	8	et	et	coo	coo	_	7	coord	_	_
ad6abd41-404b-44a2-9765-69786606d062.xml.macaon	300	9	l'	le	det	det	_	10	det	_	_
ad6abd41-404b-44a2-9765-69786606d062.xml.macaon	301	10	Assyrie	Assyrie	nc	nc	_	8	dep_coord	_	_
ad6abd41-404b-44a2-9765-69786606d062.xml.macaon	302	11	.	.	poncts	poncts	_	5	ponct	_	_

ad6abd41-404b-44a2-9765-69786606d062.xml.macaon	303	1	Mais	mais	coo	coo	_	_	_	_	_
ad6abd41-404b-44a2-9765-69786606d062.xml.macaon	304	2	ces	ce	det	det	_	3	det	_	_
ad6abd41-404b-44a2-9765-69786606d062.xml.macaon	305	3	régions	région	nc	nc	_	1	dep_coord	_	_
ad6abd41-404b-44a2-9765-69786606d062.xml.macaon	306	4	,	,	ponctw	ponctw	_	3	ponct	_	_
ad6abd41-404b-44a2-9765-69786606d062.xml.macaon	307	5	abandonnées	abandonner	vppart	vppart	_	3	mod	_	_
ad6abd41-404b-44a2-9765-69786606d062.xml.macaon	308	6	par	par	prep	prep	_	5	p_obj	_	_
ad6abd41-404b-44a2-9765-69786606d062.xml.macaon	309	7	l'	le	det	det	_	8	det	_	_
ad6abd41-404b-44a2-9765-69786606d062.xml.macaon	310	8	empereur	empereur	nc	nc	_	6	obj	_	_
ad6abd41-404b-44a2-9765-69786606d062.xml.macaon	311	9	Hadrien	Hadrien	np	np	_	8	mod	_	_
ad6abd41-404b-44a2-9765-69786606d062.xml.macaon	312	10	qui	qui	prorel	prorel	_	12	suj	_	_
ad6abd41-404b-44a2-9765-69786606d062.xml.macaon	313	11	les	les	clo	clo	_	12	__JOKER__	_	_
ad6abd41-404b-44a2-9765-69786606d062.xml.macaon	314	12	juge	juger	v	v	_	1	dep_coord	_	_
ad6abd41-404b-44a2-9765-69786606d062.xml.macaon	315	13	difficiles	difficile	adj	adj	_	12	ats	_	_
ad6abd41-404b-44a2-9765-69786606d062.xml.macaon	316	14	à	à	prep	prep	_	12	a_obj	_	_
ad6abd41-404b-44a2-9765-69786606d062.xml.macaon	317	15	défendre	défendre	vinf	vinf	_	14	obj	_	_
ad6abd41-404b-44a2-9765-69786606d062.xml.macaon	318	16	,	,	ponctw	ponctw	_	17	ponct	_	_
ad6abd41-404b-44a2-9765-69786606d062.xml.macaon	319	17	retournent	retourner	v	v	_	12	mod	_	_
ad6abd41-404b-44a2-9765-69786606d062.xml.macaon	320	18	sous	sous	prep	prep	_	17	mod	_	_
ad6abd41-404b-44a2-9765-69786606d062.xml.macaon	321	19	contrôle	contrôle	nc	nc	_	18	obj	_	_
ad6abd41-404b-44a2-9765-69786606d062.xml.macaon	322	20	parthe	parthe	adj	adj	_	19	mod	_	_
ad6abd41-404b-44a2-9765-69786606d062.xml.macaon	323	21	.	.	poncts	poncts	_	12	ponct	_	_

ad6abd41-404b-44a2-9765-69786606d062.xml.macaon	324	1	L'	L'	det	det	_	2	det	_	_
ad6abd41-404b-44a2-9765-69786606d062.xml.macaon	325	2	empereur	empereur	nc	nc	_	_	_	_	_
ad6abd41-404b-44a2-9765-69786606d062.xml.macaon	326	3	Septime	Septime	np	np	_	2	mod	_	_
ad6abd41-404b-44a2-9765-69786606d062.xml.macaon	327	4	Sévère	sévère	adj	adj	_	5	mod	_	_
ad6abd41-404b-44a2-9765-69786606d062.xml.macaon	328	5	ravage	ravage	nc	nc	_	3	mod	_	_
ad6abd41-404b-44a2-9765-69786606d062.xml.macaon	329	6	Ctésiphon	Ctésiphon	np	np	_	5	mod	_	_
ad6abd41-404b-44a2-9765-69786606d062.xml.macaon	330	7	la	le	det	det	_	8	det	_	_
ad6abd41-404b-44a2-9765-69786606d062.xml.macaon	331	8	capitale	capitale	nc	nc	_	5	mod	_	_
ad6abd41-404b-44a2-9765-69786606d062.xml.macaon	332	9	des	des	prep	prep	_	8	dep	_	_
ad6abd41-404b-44a2-9765-69786606d062.xml.macaon	333	10	Parthes	parthe	nc	nc	_	9	obj	_	_
ad6abd41-404b-44a2-9765-69786606d062.xml.macaon	334	11	et	et	coo	coo	_	10	coord	_	_
ad6abd41-404b-44a2-9765-69786606d062.xml.macaon	335	12	reprend	reprendre	v	v	_	11	dep_coord	_	_
ad6abd41-404b-44a2-9765-69786606d062.xml.macaon	336	13	l'	le	det	det	_	14	det	_	_
ad6abd41-404b-44a2-9765-69786606d062.xml.macaon	337	14	Assyrie	Assyrie	np	np	_	10	mod	_	_
ad6abd41-404b-44a2-9765-69786606d062.xml.macaon	338	15	(	(	ponctw	ponctw	_	14	ponct	_	_
ad6abd41-404b-44a2-9765-69786606d062.xml.macaon	339	16	198	198	nc	nc	_	14	mod	_	_
ad6abd41-404b-44a2-9765-69786606d062.xml.macaon	340	17	-	-	ponctw	ponctw	_	16	ponct	_	_
ad6abd41-404b-44a2-9765-69786606d062.xml.macaon	341	18	200	200	nc	nc	_	14	mod	_	_
ad6abd41-404b-44a2-9765-69786606d062.xml.macaon	342	19	)	)	ponctw	ponctw	_	18	ponct	_	_
ad6abd41-404b-44a2-9765-69786606d062.xml.macaon	343	20	.	.	poncts	poncts	_	5	ponct	_	_

ad6abd41-404b-44a2-9765-69786606d062.xml.macaon	344	1	Les	les	det	det	_	2	det	_	_
ad6abd41-404b-44a2-9765-69786606d062.xml.macaon	345	2	rois	roi	nc	nc	_	5	suj	_	_
ad6abd41-404b-44a2-9765-69786606d062.xml.macaon	346	3	parthes	parthe	adj	adj	_	2	mod	_	_
ad6abd41-404b-44a2-9765-69786606d062.xml.macaon	347	4	sont	être	v	v	_	5	aux_tps	_	_
ad6abd41-404b-44a2-9765-69786606d062.xml.macaon	348	5	renversés	renverser	vppart	vppart	_	_	_	_	_
ad6abd41-404b-44a2-9765-69786606d062.xml.macaon	349	6	,	,	ponctw	ponctw	_	5	ponct	_	_
ad6abd41-404b-44a2-9765-69786606d062.xml.macaon	350	7	en	en	prep	prep	_	5	mod	_	_
ad6abd41-404b-44a2-9765-69786606d062.xml.macaon	351	8	224	224	nc	nc	_	7	obj	_	_
ad6abd41-404b-44a2-9765-69786606d062.xml.macaon	352	9	,	,	ponctw	ponctw	_	5	ponct	_	_
ad6abd41-404b-44a2-9765-69786606d062.xml.macaon	353	10	par	par	prep	prep	_	5	mod	_	_
ad6abd41-404b-44a2-9765-69786606d062.xml.macaon	354	11	la	le	det	det	_	12	det	_	_
ad6abd41-404b-44a2-9765-69786606d062.xml.macaon	355	12	révolte	révolte	nc	nc	_	10	obj	_	_
ad6abd41-404b-44a2-9765-69786606d062.xml.macaon	356	13	des	des	prep	prep	_	12	dep	_	_
ad6abd41-404b-44a2-9765-69786606d062.xml.macaon	357	14	Perses	perse	nc	nc	_	13	obj	_	_
ad6abd41-404b-44a2-9765-69786606d062.xml.macaon	358	15	sassanides	sassanide	adj	adj	_	14	mod	_	_
ad6abd41-404b-44a2-9765-69786606d062.xml.macaon	359	16	qui	qui	prorel	prorel	_	17	suj	_	_
ad6abd41-404b-44a2-9765-69786606d062.xml.macaon	360	17	forment	former	v	v	_	12	mod_rel	_	_
ad6abd41-404b-44a2-9765-69786606d062.xml.macaon	361	18	un	un	det	det	_	20	det	_	_
ad6abd41-404b-44a2-9765-69786606d062.xml.macaon	362	19	nouvel	nouveau	adj	adj	_	20	mod	_	_
ad6abd41-404b-44a2-9765-69786606d062.xml.macaon	363	20	empire	empire	nc	nc	_	17	obj	_	_
ad6abd41-404b-44a2-9765-69786606d062.xml.macaon	364	21	centré	centrer	vppart	vppart	_	20	mod	_	_
ad6abd41-404b-44a2-9765-69786606d062.xml.macaon	365	22	sur	sur	prep	prep	_	21	mod	_	_
ad6abd41-404b-44a2-9765-69786606d062.xml.macaon	366	23	l'	le	det	det	_	24	det	_	_
ad6abd41-404b-44a2-9765-69786606d062.xml.macaon	367	24	Iran	Iran	np	np	_	22	obj	_	_
ad6abd41-404b-44a2-9765-69786606d062.xml.macaon	368	25	(	(	ponctw	ponctw	_	24	ponct	_	_
ad6abd41-404b-44a2-9765-69786606d062.xml.macaon	369	26	ou	ou	coo	coo	_	21	coord	_	_
ad6abd41-404b-44a2-9765-69786606d062.xml.macaon	370	27	Perse	Perse	np	np	_	26	dep_coord	_	_
ad6abd41-404b-44a2-9765-69786606d062.xml.macaon	371	28	)	)	ponctw	ponctw	_	27	ponct	_	_
ad6abd41-404b-44a2-9765-69786606d062.xml.macaon	372	29	.	.	poncts	poncts	_	17	ponct	_	_

ad6abd41-404b-44a2-9765-69786606d062.xml.macaon	373	1	L'	L'	det	det	_	2	det	_	_
ad6abd41-404b-44a2-9765-69786606d062.xml.macaon	374	2	expression	expression	nc	nc	_	_	_	_	_	B:Expressing_publicly:TARGET:expression:G:374
ad6abd41-404b-44a2-9765-69786606d062.xml.macaon	375	3	«	«	ponctw	ponctw	_	2	ponct	_	_	B:Expressing_publicly:FE:Content:G:374
ad6abd41-404b-44a2-9765-69786606d062.xml.macaon	376	4	la	le	det	det	_	5	det	_	_	I:Expressing_publicly:FE:Content:G:374
ad6abd41-404b-44a2-9765-69786606d062.xml.macaon	377	5	flèche	flèche	nc	nc	_	2	mod	_	_	I:Expressing_publicly:FE:Content:G:374
ad6abd41-404b-44a2-9765-69786606d062.xml.macaon	378	6	du	du	prep	prep	_	5	dep	_	_	I:Expressing_publicly:FE:Content:G:374
ad6abd41-404b-44a2-9765-69786606d062.xml.macaon	379	7	Parthe	parthe	nc	nc	_	6	obj	_	_	I:Expressing_publicly:FE:Content:G:374
ad6abd41-404b-44a2-9765-69786606d062.xml.macaon	380	8	»	»	ponctw	ponctw	_	5	ponct	_	_	I:Expressing_publicly:FE:Content:G:374
ad6abd41-404b-44a2-9765-69786606d062.xml.macaon	381	9	,	,	ponctw	ponctw	_	10	ponct	_	_
ad6abd41-404b-44a2-9765-69786606d062.xml.macaon	382	10	rappelle	rappeler	v	v	_	5	mod_rel	_	_	B:Expressing_publicly:FE:Explanation:G:374
ad6abd41-404b-44a2-9765-69786606d062.xml.macaon	383	11	une	un	det	det	_	12	det	_	_	I:Expressing_publicly:FE:Explanation:G:374
ad6abd41-404b-44a2-9765-69786606d062.xml.macaon	384	12	tactique	tactique	nc	nc	_	10	obj	_	_	I:Expressing_publicly:FE:Explanation:G:374
ad6abd41-404b-44a2-9765-69786606d062.xml.macaon	385	13	militaire	militaire	adj	adj	_	12	mod	_	_	I:Expressing_publicly:FE:Explanation:G:374
ad6abd41-404b-44a2-9765-69786606d062.xml.macaon	386	14	favorite	favori	nc	nc	_	10	obj	_	_	I:Expressing_publicly:FE:Explanation:G:374
ad6abd41-404b-44a2-9765-69786606d062.xml.macaon	387	15	des	des	prep	prep	_	14	dep	_	_	I:Expressing_publicly:FE:Explanation:G:374
ad6abd41-404b-44a2-9765-69786606d062.xml.macaon	388	16	Parthes	parthe	nc	nc	_	15	obj	_	_	I:Expressing_publicly:FE:Explanation:G:374
ad6abd41-404b-44a2-9765-69786606d062.xml.macaon	389	17	.	.	poncts	poncts	_	10	ponct	_	_

ad6abd41-404b-44a2-9765-69786606d062.xml.macaon	390	1	Les	les	det	det	_	2	det	_	_
ad6abd41-404b-44a2-9765-69786606d062.xml.macaon	391	2	cavaliers	cavalier	nc	nc	_	4	suj	_	_
ad6abd41-404b-44a2-9765-69786606d062.xml.macaon	392	3	parthes	parthe	adj	adj	_	2	mod	_	_
ad6abd41-404b-44a2-9765-69786606d062.xml.macaon	393	4	font	faire	v	v	_	_	_	_	_
ad6abd41-404b-44a2-9765-69786606d062.xml.macaon	394	5	semblant	sembler	vprespart	vprespart	_	4	__JOKER__	_	_
ad6abd41-404b-44a2-9765-69786606d062.xml.macaon	395	6	de	de	prep	prep	_	4	de_obj	_	_
ad6abd41-404b-44a2-9765-69786606d062.xml.macaon	396	7	s'	s'	clo	clo	_	8	__JOKER__	_	_
ad6abd41-404b-44a2-9765-69786606d062.xml.macaon	397	8	enfuir	enfuir	vinf	vinf	_	6	obj	_	_
ad6abd41-404b-44a2-9765-69786606d062.xml.macaon	398	9	pour	pour	prep	prep	_	8	mod	_	_
ad6abd41-404b-44a2-9765-69786606d062.xml.macaon	399	10	attirer	attirer	vinf	vinf	_	9	obj	_	_
ad6abd41-404b-44a2-9765-69786606d062.xml.macaon	400	11	l'	le	det	det	_	12	det	_	_
ad6abd41-404b-44a2-9765-69786606d062.xml.macaon	401	12	ennemi	ennemi	nc	nc	_	10	obj	_	_
ad6abd41-404b-44a2-9765-69786606d062.xml.macaon	402	13	lancé	lancer	vppart	vppart	_	12	mod	_	_
ad6abd41-404b-44a2-9765-69786606d062.xml.macaon	403	14	à	à	prep	prep	_	13	a_obj	_	_
ad6abd41-404b-44a2-9765-69786606d062.xml.macaon	404	15	sa	son	det	det	_	16	det	_	_
ad6abd41-404b-44a2-9765-69786606d062.xml.macaon	405	16	poursuite	poursuite	nc	nc	_	14	obj	_	_
ad6abd41-404b-44a2-9765-69786606d062.xml.macaon	406	17	.	.	poncts	poncts	_	4	ponct	_	_

ad6abd41-404b-44a2-9765-69786606d062.xml.macaon	407	1	Lorsque	lorsque	csu	csu	_	_	_	_	_	B:Attack:FE:Time:G:418
ad6abd41-404b-44a2-9765-69786606d062.xml.macaon	408	2	l'	le	det	det	_	3	det	_	_	I:Attack:FE:Time:G:418
ad6abd41-404b-44a2-9765-69786606d062.xml.macaon	409	3	ennemi	ennemi	nc	nc	_	4	suj	_	_	I:Attack:FE:Time:G:418
ad6abd41-404b-44a2-9765-69786606d062.xml.macaon	410	4	est	être	v	v	_	1	obj	_	_	I:Attack:FE:Time:G:418
ad6abd41-404b-44a2-9765-69786606d062.xml.macaon	411	5	suffisamment	suffisamment	adv	adv	_	4	mod	_	_	I:Attack:FE:Time:G:418
ad6abd41-404b-44a2-9765-69786606d062.xml.macaon	412	6	près	près	adv	adv	_	4	mod	_	_	I:Attack:FE:Time:G:418
ad6abd41-404b-44a2-9765-69786606d062.xml.macaon	413	7	,	,	ponctw	ponctw	_	12	ponct	_	_
ad6abd41-404b-44a2-9765-69786606d062.xml.macaon	414	8	les	le	det	det	_	9	det	_	_	B:Shoot_projectiles:FE:Agent:G:424
ad6abd41-404b-44a2-9765-69786606d062.xml.macaon	415	9	cavaliers	cavalier	nc	nc	_	12	suj	_	_	I:Shoot_projectiles:FE:Agent:G:424
ad6abd41-404b-44a2-9765-69786606d062.xml.macaon	416	10	parthes	parthe	adj	adj	_	9	mod	_	_	I:Shoot_projectiles:FE:Agent:G:424
ad6abd41-404b-44a2-9765-69786606d062.xml.macaon	417	11	l'	l'	clo	clo	_	12	__JOKER__	_	_	B:Attack:FE:Victim:G:418
ad6abd41-404b-44a2-9765-69786606d062.xml.macaon	418	12	attaquent	attaquer	v	v	_	1	obj	_	_	B:Attack:TARGET:attaquer:G:418
ad6abd41-404b-44a2-9765-69786606d062.xml.macaon	419	13	grâce#à	grâce#à	prep	prep	_	12	mod	_	_
ad6abd41-404b-44a2-9765-69786606d062.xml.macaon	420	14	une	un	det	det	_	15	det	_	_	B:Shoot_projectiles:FE:Projectile:G:424
ad6abd41-404b-44a2-9765-69786606d062.xml.macaon	421	15	nuée	nuée	nc	nc	_	13	obj	_	_	I:Shoot_projectiles:FE:Projectile:G:424
ad6abd41-404b-44a2-9765-69786606d062.xml.macaon	422	16	de	de	prep	prep	_	15	dep	_	_	I:Shoot_projectiles:FE:Projectile:G:424
ad6abd41-404b-44a2-9765-69786606d062.xml.macaon	423	17	flèches	flèche	nc	nc	_	16	obj	_	_	I:Shoot_projectiles:FE:Projectile:G:424
ad6abd41-404b-44a2-9765-69786606d062.xml.macaon	424	18	tirées	tirer	vppart	vppart	_	15	mod	_	_	B:Shoot_projectiles:TARGET:tirer:G:424
ad6abd41-404b-44a2-9765-69786606d062.xml.macaon	425	19	par-dessus	par-dessus	prep	prep	_	18	mod	_	_
ad6abd41-404b-44a2-9765-69786606d062.xml.macaon	426	20	l'	le	det	det	_	21	det	_	_
ad6abd41-404b-44a2-9765-69786606d062.xml.macaon	427	21	épaule	épaule	nc	nc	_	19	obj	_	_
ad6abd41-404b-44a2-9765-69786606d062.xml.macaon	428	22	.	.	poncts	poncts	_	12	ponct	_	_

ad6abd41-404b-44a2-9765-69786606d062.xml.macaon	429	1	33	33	det	det	_	2	det	_	_
ad6abd41-404b-44a2-9765-69786606d062.xml.macaon	430	2	°	degré	nc	nc	_	_	_	_	_
ad6abd41-404b-44a2-9765-69786606d062.xml.macaon	431	3	05	05	adj	adj	_	2	mod	_	_
ad6abd41-404b-44a2-9765-69786606d062.xml.macaon	432	4	′	′	prep	prep	_	2	dep	_	_
ad6abd41-404b-44a2-9765-69786606d062.xml.macaon	433	5	37	37	det	det	_	6	det	_	_
ad6abd41-404b-44a2-9765-69786606d062.xml.macaon	434	6	″	″	nc	nc	_	4	obj	_	_
ad6abd41-404b-44a2-9765-69786606d062.xml.macaon	435	7	N	N	prep	prep	_	6	dep	_	_
ad6abd41-404b-44a2-9765-69786606d062.xml.macaon	436	8	44	44	det	det	_	9	det	_	_
ad6abd41-404b-44a2-9765-69786606d062.xml.macaon	437	9	°	degré	nc	nc	_	7	obj	_	_
ad6abd41-404b-44a2-9765-69786606d062.xml.macaon	438	10	34	34	adj	adj	_	9	mod	_	_
ad6abd41-404b-44a2-9765-69786606d062.xml.macaon	439	11	′	′	prep	prep	_	9	dep	_	_
ad6abd41-404b-44a2-9765-69786606d062.xml.macaon	440	12	51	51	det	det	_	13	det	_	_
ad6abd41-404b-44a2-9765-69786606d062.xml.macaon	441	13	″	″	nc	nc	_	11	obj	_	_
ad6abd41-404b-44a2-9765-69786606d062.xml.macaon	442	14	E	E	adj	adj	_	13	mod	_	_
ad6abd41-404b-44a2-9765-69786606d062.xml.macaon	443	15	/	/	ponctw	ponctw	_	13	ponct	_	_
ad6abd41-404b-44a2-9765-69786606d062.xml.macaon	444	16	33.09361111	33.09361111	nc	nc	_	13	mod	_	_
ad6abd41-404b-44a2-9765-69786606d062.xml.macaon	445	17	,	,	ponctw	ponctw	_	16	ponct	_	_
ad6abd41-404b-44a2-9765-69786606d062.xml.macaon	446	18	44.58083333	44.58083333	nc	nc	_	16	mod	_	_
