b71c19bb-e6d1-4bdb-bd07-e5cf5a9a00db.xml.macaon	0	1	vikidia	vikidia	nc	nc	_	_	_	_	_

b71c19bb-e6d1-4bdb-bd07-e5cf5a9a00db.xml.macaon	1	1	b71c19bb	b71c19bb	nc	nc	_	_	_	_	_
b71c19bb-e6d1-4bdb-bd07-e5cf5a9a00db.xml.macaon	2	2	-	-	ponctw	ponctw	_	1	ponct	_	_
b71c19bb-e6d1-4bdb-bd07-e5cf5a9a00db.xml.macaon	3	3	e6d1	e6d1	nc	nc	_	1	mod	_	_
b71c19bb-e6d1-4bdb-bd07-e5cf5a9a00db.xml.macaon	4	4	-	-	ponctw	ponctw	_	3	ponct	_	_
b71c19bb-e6d1-4bdb-bd07-e5cf5a9a00db.xml.macaon	5	5	4bdb	4bdb	nc	nc	_	3	mod	_	_
b71c19bb-e6d1-4bdb-bd07-e5cf5a9a00db.xml.macaon	6	6	-	-	ponctw	ponctw	_	5	ponct	_	_
b71c19bb-e6d1-4bdb-bd07-e5cf5a9a00db.xml.macaon	7	7	bd07	bd07	nc	nc	_	5	mod	_	_
b71c19bb-e6d1-4bdb-bd07-e5cf5a9a00db.xml.macaon	8	8	-	-	ponctw	ponctw	_	7	ponct	_	_
b71c19bb-e6d1-4bdb-bd07-e5cf5a9a00db.xml.macaon	9	9	e5cf5a9a00db	e5cf5a9a00db	nc	nc	_	7	mod	_	_

b71c19bb-e6d1-4bdb-bd07-e5cf5a9a00db.xml.macaon	10	1	ADDED	ADDED	nc	nc	_	_	_	_	_

b71c19bb-e6d1-4bdb-bd07-e5cf5a9a00db.xml.macaon	11	1	2016	2016	adj	adj	_	3	mod	_	_
b71c19bb-e6d1-4bdb-bd07-e5cf5a9a00db.xml.macaon	12	2	-	-	ponctw	ponctw	_	1	ponct	_	_
b71c19bb-e6d1-4bdb-bd07-e5cf5a9a00db.xml.macaon	13	3	06	06	nc	nc	_	_	_	_	_
b71c19bb-e6d1-4bdb-bd07-e5cf5a9a00db.xml.macaon	14	4	-	-	ponctw	ponctw	_	3	ponct	_	_
b71c19bb-e6d1-4bdb-bd07-e5cf5a9a00db.xml.macaon	15	5	15T14	15T14	nc	nc	_	3	mod	_	_
b71c19bb-e6d1-4bdb-bd07-e5cf5a9a00db.xml.macaon	16	6	:	:	ponctw	ponctw	_	5	ponct	_	_
b71c19bb-e6d1-4bdb-bd07-e5cf5a9a00db.xml.macaon	17	7	52	52	det	det	_	9	det	_	_
b71c19bb-e6d1-4bdb-bd07-e5cf5a9a00db.xml.macaon	18	8	:	:	ponctw	ponctw	_	9	ponct	_	_
b71c19bb-e6d1-4bdb-bd07-e5cf5a9a00db.xml.macaon	19	9	41Z	41Z	nc	nc	_	5	mod	_	_

b71c19bb-e6d1-4bdb-bd07-e5cf5a9a00db.xml.macaon	20	1	Byzance	byzance	nc	nc	_	_	_	_	_
b71c19bb-e6d1-4bdb-bd07-e5cf5a9a00db.xml.macaon	21	2	gréco-romaine	gréco-romain	adj	adj	_	1	mod	_	_

b71c19bb-e6d1-4bdb-bd07-e5cf5a9a00db.xml.macaon	22	1	Byzance	Byzance	np	np	_	2	suj	_	_	B:Becoming:FE:Entity:G:28
b71c19bb-e6d1-4bdb-bd07-e5cf5a9a00db.xml.macaon	23	2	fut	être	v	v	_	_	_	_	_
b71c19bb-e6d1-4bdb-bd07-e5cf5a9a00db.xml.macaon	24	3	une	un	det	det	_	4	det	_	_
b71c19bb-e6d1-4bdb-bd07-e5cf5a9a00db.xml.macaon	25	4	ville	ville	nc	nc	_	2	obj	_	_
b71c19bb-e6d1-4bdb-bd07-e5cf5a9a00db.xml.macaon	26	5	grecque	grec	adj	adj	_	4	mod	_	_
b71c19bb-e6d1-4bdb-bd07-e5cf5a9a00db.xml.macaon	27	6	avant#de	avant#de	prep	prep	_	2	mod	_	_
b71c19bb-e6d1-4bdb-bd07-e5cf5a9a00db.xml.macaon	28	7	devenir	devenir	vinf	vinf	_	6	obj	_	_	B:Becoming:TARGET:devenir:G:28
b71c19bb-e6d1-4bdb-bd07-e5cf5a9a00db.xml.macaon	29	8	,	,	ponctw	ponctw	_	7	ponct	_	_
b71c19bb-e6d1-4bdb-bd07-e5cf5a9a00db.xml.macaon	30	9	sous	sous	prep	prep	_	7	mod	_	_
b71c19bb-e6d1-4bdb-bd07-e5cf5a9a00db.xml.macaon	31	10	le	le	det	det	_	11	det	_	_
b71c19bb-e6d1-4bdb-bd07-e5cf5a9a00db.xml.macaon	32	11	nom	nom	nc	nc	_	9	obj	_	_
b71c19bb-e6d1-4bdb-bd07-e5cf5a9a00db.xml.macaon	33	12	de	de	prep	prep	_	11	dep	_	_
b71c19bb-e6d1-4bdb-bd07-e5cf5a9a00db.xml.macaon	34	13	Constantinople	Constantinople	nc	nc	_	12	obj	_	_
b71c19bb-e6d1-4bdb-bd07-e5cf5a9a00db.xml.macaon	35	14	,	,	ponctw	ponctw	_	11	ponct	_	_
b71c19bb-e6d1-4bdb-bd07-e5cf5a9a00db.xml.macaon	36	15	la	le	det	det	_	16	det	_	_	B:Becoming:FE:Final_category:G:28
b71c19bb-e6d1-4bdb-bd07-e5cf5a9a00db.xml.macaon	37	16	capitale	capitale	nc	nc	_	7	obj	_	_	I:Becoming:FE:Final_category:G:28
b71c19bb-e6d1-4bdb-bd07-e5cf5a9a00db.xml.macaon	38	17	de#l'	de#l'	prep	prep	_	16	dep	_	_	I:Becoming:FE:Final_category:G:28
b71c19bb-e6d1-4bdb-bd07-e5cf5a9a00db.xml.macaon	39	18	Empire	Empire	nc	nc	_	17	obj	_	_	I:Becoming:FE:Final_category:G:28
b71c19bb-e6d1-4bdb-bd07-e5cf5a9a00db.xml.macaon	40	19	romain	romain	adj	adj	_	18	mod	_	_	I:Becoming:FE:Final_category:G:28
b71c19bb-e6d1-4bdb-bd07-e5cf5a9a00db.xml.macaon	41	20	.	.	poncts	poncts	_	2	ponct	_	_

b71c19bb-e6d1-4bdb-bd07-e5cf5a9a00db.xml.macaon	42	1	Antiquité	antiquité	nc	nc	_	_	_	_	_

b71c19bb-e6d1-4bdb-bd07-e5cf5a9a00db.xml.macaon	43	1	Byzance	byzance	nc	nc	_	_	_	_	_
b71c19bb-e6d1-4bdb-bd07-e5cf5a9a00db.xml.macaon	44	2	gréco-romaine	gréco-romain	adj	adj	_	1	mod	_	_

b71c19bb-e6d1-4bdb-bd07-e5cf5a9a00db.xml.macaon	45	1	Byzance	Byzance	np	np	_	2	suj	_	_	B:Becoming:FE:Entity:G:51
b71c19bb-e6d1-4bdb-bd07-e5cf5a9a00db.xml.macaon	46	2	fut	être	v	v	_	_	_	_	_
b71c19bb-e6d1-4bdb-bd07-e5cf5a9a00db.xml.macaon	47	3	une	un	det	det	_	4	det	_	_
b71c19bb-e6d1-4bdb-bd07-e5cf5a9a00db.xml.macaon	48	4	ville	ville	nc	nc	_	2	obj	_	_
b71c19bb-e6d1-4bdb-bd07-e5cf5a9a00db.xml.macaon	49	5	grecque	grec	adj	adj	_	4	mod	_	_
b71c19bb-e6d1-4bdb-bd07-e5cf5a9a00db.xml.macaon	50	6	avant#de	avant#de	prep	prep	_	2	mod	_	_
b71c19bb-e6d1-4bdb-bd07-e5cf5a9a00db.xml.macaon	51	7	devenir	devenir	vinf	vinf	_	6	obj	_	_	B:Becoming:TARGET:devenir:G:51
b71c19bb-e6d1-4bdb-bd07-e5cf5a9a00db.xml.macaon	52	8	,	,	ponctw	ponctw	_	7	ponct	_	_
b71c19bb-e6d1-4bdb-bd07-e5cf5a9a00db.xml.macaon	53	9	sous	sous	prep	prep	_	7	mod	_	_
b71c19bb-e6d1-4bdb-bd07-e5cf5a9a00db.xml.macaon	54	10	le	le	det	det	_	11	det	_	_
b71c19bb-e6d1-4bdb-bd07-e5cf5a9a00db.xml.macaon	55	11	nom	nom	nc	nc	_	9	obj	_	_
b71c19bb-e6d1-4bdb-bd07-e5cf5a9a00db.xml.macaon	56	12	de	de	prep	prep	_	11	dep	_	_
b71c19bb-e6d1-4bdb-bd07-e5cf5a9a00db.xml.macaon	57	13	Constantinople	Constantinople	nc	nc	_	12	obj	_	_
b71c19bb-e6d1-4bdb-bd07-e5cf5a9a00db.xml.macaon	58	14	,	,	ponctw	ponctw	_	11	ponct	_	_
b71c19bb-e6d1-4bdb-bd07-e5cf5a9a00db.xml.macaon	59	15	la	le	det	det	_	16	det	_	_	B:Becoming:FE:Final_category:G:51
b71c19bb-e6d1-4bdb-bd07-e5cf5a9a00db.xml.macaon	60	16	capitale	capitale	nc	nc	_	7	obj	_	_	I:Becoming:FE:Final_category:G:51
b71c19bb-e6d1-4bdb-bd07-e5cf5a9a00db.xml.macaon	61	17	de#l'	de#l'	prep	prep	_	16	dep	_	_	I:Becoming:FE:Final_category:G:51
b71c19bb-e6d1-4bdb-bd07-e5cf5a9a00db.xml.macaon	62	18	Empire	Empire	nc	nc	_	17	obj	_	_	I:Becoming:FE:Final_category:G:51
b71c19bb-e6d1-4bdb-bd07-e5cf5a9a00db.xml.macaon	63	19	romain	romain	adj	adj	_	18	mod	_	_	I:Becoming:FE:Final_category:G:51
b71c19bb-e6d1-4bdb-bd07-e5cf5a9a00db.xml.macaon	64	20	.	.	poncts	poncts	_	2	ponct	_	_

b71c19bb-e6d1-4bdb-bd07-e5cf5a9a00db.xml.macaon	65	1	Byzance	Byzance	np	np	_	2	suj	_	_	B:Participation:FE:Participant1:G:66
b71c19bb-e6d1-4bdb-bd07-e5cf5a9a00db.xml.macaon	66	2	participa	participer	v	v	_	_	_	_	_	B:Participation:TARGET:participer:G:66
b71c19bb-e6d1-4bdb-bd07-e5cf5a9a00db.xml.macaon	67	3	aux	aux	prep	prep	_	2	mod	_	_	B:Participation:FE:Event:G:66
b71c19bb-e6d1-4bdb-bd07-e5cf5a9a00db.xml.macaon	68	4	différents	différent	adj	adj	_	5	mod	_	_	I:Participation:FE:Event:G:66
b71c19bb-e6d1-4bdb-bd07-e5cf5a9a00db.xml.macaon	69	5	épisodes	épisode	nc	nc	_	3	obj	_	_	I:Participation:FE:Event:G:66
b71c19bb-e6d1-4bdb-bd07-e5cf5a9a00db.xml.macaon	70	6	des	des	prep	prep	_	5	dep	_	_	I:Participation:FE:Event:G:66
b71c19bb-e6d1-4bdb-bd07-e5cf5a9a00db.xml.macaon	71	7	guerres	guerre	nc	nc	_	6	obj	_	_	I:Participation:FE:Event:G:66
b71c19bb-e6d1-4bdb-bd07-e5cf5a9a00db.xml.macaon	72	8	médiques	médique	adj	adj	_	7	mod	_	_	I:Participation:FE:Event:G:66
b71c19bb-e6d1-4bdb-bd07-e5cf5a9a00db.xml.macaon	73	9	,	,	ponctw	ponctw	_	5	ponct	_	_
b71c19bb-e6d1-4bdb-bd07-e5cf5a9a00db.xml.macaon	74	10	puis	puis	coo	coo	_	3	coord	_	_
b71c19bb-e6d1-4bdb-bd07-e5cf5a9a00db.xml.macaon	75	11	de	de	prep	prep	_	10	dep_coord	_	_
b71c19bb-e6d1-4bdb-bd07-e5cf5a9a00db.xml.macaon	76	12	la	le	det	det	_	13	det	_	_
b71c19bb-e6d1-4bdb-bd07-e5cf5a9a00db.xml.macaon	77	13	lutte	lutte	nc	nc	_	11	obj	_	_
b71c19bb-e6d1-4bdb-bd07-e5cf5a9a00db.xml.macaon	78	14	entre	entre	prep	prep	_	13	dep	_	_
b71c19bb-e6d1-4bdb-bd07-e5cf5a9a00db.xml.macaon	79	15	Athènes	Athènes	np	np	_	14	obj	_	_
b71c19bb-e6d1-4bdb-bd07-e5cf5a9a00db.xml.macaon	80	16	et	et	coo	coo	_	15	coord	_	_
b71c19bb-e6d1-4bdb-bd07-e5cf5a9a00db.xml.macaon	81	17	Sparte	Sparte	np	np	_	16	dep_coord	_	_
b71c19bb-e6d1-4bdb-bd07-e5cf5a9a00db.xml.macaon	82	18	(	(	ponctw	ponctw	_	17	ponct	_	_
b71c19bb-e6d1-4bdb-bd07-e5cf5a9a00db.xml.macaon	83	19	guerre	guerre	nc	nc	_	16	dep_coord	_	_
b71c19bb-e6d1-4bdb-bd07-e5cf5a9a00db.xml.macaon	84	20	du	du	prep	prep	_	19	dep	_	_
b71c19bb-e6d1-4bdb-bd07-e5cf5a9a00db.xml.macaon	85	21	Péloponnèse	Péloponnèse	nc	nc	_	20	obj	_	_
b71c19bb-e6d1-4bdb-bd07-e5cf5a9a00db.xml.macaon	86	22	)	)	ponctw	ponctw	_	19	ponct	_	_
b71c19bb-e6d1-4bdb-bd07-e5cf5a9a00db.xml.macaon	87	23	,	,	ponctw	ponctw	_	19	ponct	_	_
b71c19bb-e6d1-4bdb-bd07-e5cf5a9a00db.xml.macaon	88	24	fit	faire	v	v	_	16	dep_coord	_	_
b71c19bb-e6d1-4bdb-bd07-e5cf5a9a00db.xml.macaon	89	25	partie	partie	nc	nc	_	24	obj	_	_
b71c19bb-e6d1-4bdb-bd07-e5cf5a9a00db.xml.macaon	90	26	de#l'	de#l'	prep	prep	_	25	dep	_	_
b71c19bb-e6d1-4bdb-bd07-e5cf5a9a00db.xml.macaon	91	27	empire	empire	nc	nc	_	26	obj	_	_
b71c19bb-e6d1-4bdb-bd07-e5cf5a9a00db.xml.macaon	92	28	d'	de	prep	prep	_	27	dep	_	_
b71c19bb-e6d1-4bdb-bd07-e5cf5a9a00db.xml.macaon	93	29	Alexandre	Alexandre	np	np	_	28	obj	_	_
b71c19bb-e6d1-4bdb-bd07-e5cf5a9a00db.xml.macaon	94	30	le	le	det	det	_	31	det	_	_
b71c19bb-e6d1-4bdb-bd07-e5cf5a9a00db.xml.macaon	95	31	Grand	Grand	np	np	_	28	obj	_	_
b71c19bb-e6d1-4bdb-bd07-e5cf5a9a00db.xml.macaon	96	32	,	,	ponctw	ponctw	_	27	ponct	_	_
b71c19bb-e6d1-4bdb-bd07-e5cf5a9a00db.xml.macaon	97	33	puis	puis	coo	coo	_	26	coord	_	_
b71c19bb-e6d1-4bdb-bd07-e5cf5a9a00db.xml.macaon	98	34	de#l'	de#l'	prep	prep	_	33	dep_coord	_	_
b71c19bb-e6d1-4bdb-bd07-e5cf5a9a00db.xml.macaon	99	35	Empire	Empire	nc	nc	_	34	obj	_	_
b71c19bb-e6d1-4bdb-bd07-e5cf5a9a00db.xml.macaon	100	36	romain	romain	adj	adj	_	35	mod	_	_
b71c19bb-e6d1-4bdb-bd07-e5cf5a9a00db.xml.macaon	101	37	dès	dès	prep	prep	_	33	dep_coord	_	_
b71c19bb-e6d1-4bdb-bd07-e5cf5a9a00db.xml.macaon	102	38	le	le	det	det	_	39	det	_	_
b71c19bb-e6d1-4bdb-bd07-e5cf5a9a00db.xml.macaon	103	39	Ier	Ier	np	np	_	37	obj	_	_
b71c19bb-e6d1-4bdb-bd07-e5cf5a9a00db.xml.macaon	104	40	siècle	siècle	nc	nc	_	37	obj	_	_
b71c19bb-e6d1-4bdb-bd07-e5cf5a9a00db.xml.macaon	105	41	.	.	poncts	poncts	_	2	ponct	_	_

b71c19bb-e6d1-4bdb-bd07-e5cf5a9a00db.xml.macaon	106	1	La	la	det	det	_	2	det	_	_
b71c19bb-e6d1-4bdb-bd07-e5cf5a9a00db.xml.macaon	107	2	muraille	muraille	nc	nc	_	_	_	_	_
b71c19bb-e6d1-4bdb-bd07-e5cf5a9a00db.xml.macaon	108	3	romaine	romain	adj	adj	_	2	mod	_	_
b71c19bb-e6d1-4bdb-bd07-e5cf5a9a00db.xml.macaon	109	4	de	de	prep	prep	_	2	dep	_	_
b71c19bb-e6d1-4bdb-bd07-e5cf5a9a00db.xml.macaon	110	5	Constantinople	Constantinople	nc	nc	_	4	obj	_	_
b71c19bb-e6d1-4bdb-bd07-e5cf5a9a00db.xml.macaon	111	6	,	,	ponctw	ponctw	_	2	ponct	_	_
b71c19bb-e6d1-4bdb-bd07-e5cf5a9a00db.xml.macaon	112	7	avec	avec	prep	prep	_	2	dep	_	_
b71c19bb-e6d1-4bdb-bd07-e5cf5a9a00db.xml.macaon	113	8	des	un	det	det	_	9	det	_	_
b71c19bb-e6d1-4bdb-bd07-e5cf5a9a00db.xml.macaon	114	9	jardins	jardin	nc	nc	_	7	obj	_	_
b71c19bb-e6d1-4bdb-bd07-e5cf5a9a00db.xml.macaon	115	10	potagers	potager	adj	adj	_	9	mod	_	_
b71c19bb-e6d1-4bdb-bd07-e5cf5a9a00db.xml.macaon	116	11	qui	qui	prorel	prorel	_	12	suj	_	_
b71c19bb-e6d1-4bdb-bd07-e5cf5a9a00db.xml.macaon	117	12	remplacent	remplacer	v	v	_	9	mod_rel	_	_
b71c19bb-e6d1-4bdb-bd07-e5cf5a9a00db.xml.macaon	118	13	les	le	det	det	_	15	det	_	_
b71c19bb-e6d1-4bdb-bd07-e5cf5a9a00db.xml.macaon	119	14	anciens	ancien	adj	adj	_	15	mod	_	_
b71c19bb-e6d1-4bdb-bd07-e5cf5a9a00db.xml.macaon	120	15	fossés	fossé	nc	nc	_	12	obj	_	_
b71c19bb-e6d1-4bdb-bd07-e5cf5a9a00db.xml.macaon	121	16	et	et	coo	coo	_	15	coord	_	_
b71c19bb-e6d1-4bdb-bd07-e5cf5a9a00db.xml.macaon	122	17	terrassements	terrassement	nc	nc	_	16	dep_coord	_	_
b71c19bb-e6d1-4bdb-bd07-e5cf5a9a00db.xml.macaon	123	18	.	.	poncts	poncts	_	12	ponct	_	_

b71c19bb-e6d1-4bdb-bd07-e5cf5a9a00db.xml.macaon	124	1	La	la	det	det	_	2	det	_	_
b71c19bb-e6d1-4bdb-bd07-e5cf5a9a00db.xml.macaon	125	2	Byzance	Byzance	np	np	_	3	suj	_	_
b71c19bb-e6d1-4bdb-bd07-e5cf5a9a00db.xml.macaon	126	3	grecque	grecquer	v	v	_	_	_	_	_

b71c19bb-e6d1-4bdb-bd07-e5cf5a9a00db.xml.macaon	127	1	Vers	Vers	np	np	_	_	_	_	_
b71c19bb-e6d1-4bdb-bd07-e5cf5a9a00db.xml.macaon	128	2	le	le	det	det	_	3	det	_	_
b71c19bb-e6d1-4bdb-bd07-e5cf5a9a00db.xml.macaon	129	3	milieu	milieu	nc	nc	_	1	mod	_	_
b71c19bb-e6d1-4bdb-bd07-e5cf5a9a00db.xml.macaon	130	4	du	du	prep	prep	_	3	dep	_	_
b71c19bb-e6d1-4bdb-bd07-e5cf5a9a00db.xml.macaon	131	5	VIIe	VIIe	adj	adj	_	6	mod	_	_
b71c19bb-e6d1-4bdb-bd07-e5cf5a9a00db.xml.macaon	132	6	siècle	siècle	nc	nc	_	4	obj	_	_
b71c19bb-e6d1-4bdb-bd07-e5cf5a9a00db.xml.macaon	133	7	av.	av.	nc	nc	_	6	mod	_	_

b71c19bb-e6d1-4bdb-bd07-e5cf5a9a00db.xml.macaon	134	1	J.-C.	Jésus-Christ	np	np	_	_	_	_	_
b71c19bb-e6d1-4bdb-bd07-e5cf5a9a00db.xml.macaon	135	2	,	,	ponctw	ponctw	_	9	ponct	_	_
b71c19bb-e6d1-4bdb-bd07-e5cf5a9a00db.xml.macaon	136	3	des	un	det	det	_	4	det	_	_
b71c19bb-e6d1-4bdb-bd07-e5cf5a9a00db.xml.macaon	137	4	Grecs	grec	nc	nc	_	9	suj	_	_
b71c19bb-e6d1-4bdb-bd07-e5cf5a9a00db.xml.macaon	138	5	venus	venir	vppart	vppart	_	4	mod	_	_
b71c19bb-e6d1-4bdb-bd07-e5cf5a9a00db.xml.macaon	139	6	de	de	prep	prep	_	4	dep	_	_
b71c19bb-e6d1-4bdb-bd07-e5cf5a9a00db.xml.macaon	140	7	Mégare	Mégare	np	np	_	6	obj	_	_
b71c19bb-e6d1-4bdb-bd07-e5cf5a9a00db.xml.macaon	141	8	,	,	ponctw	ponctw	_	9	ponct	_	_
b71c19bb-e6d1-4bdb-bd07-e5cf5a9a00db.xml.macaon	142	9	fondent	fonder	v	v	_	1	__JOKER__	_	_
b71c19bb-e6d1-4bdb-bd07-e5cf5a9a00db.xml.macaon	143	10	sur	sur	prep	prep	_	9	mod	_	_
b71c19bb-e6d1-4bdb-bd07-e5cf5a9a00db.xml.macaon	144	11	la	le	det	det	_	12	det	_	_
b71c19bb-e6d1-4bdb-bd07-e5cf5a9a00db.xml.macaon	145	12	rive	rive	nc	nc	_	10	obj	_	_
b71c19bb-e6d1-4bdb-bd07-e5cf5a9a00db.xml.macaon	146	13	occidentale	occidental	adj	adj	_	12	mod	_	_
b71c19bb-e6d1-4bdb-bd07-e5cf5a9a00db.xml.macaon	147	14	du	du	prep	prep	_	12	dep	_	_
b71c19bb-e6d1-4bdb-bd07-e5cf5a9a00db.xml.macaon	148	15	détroit	détroit	nc	nc	_	14	obj	_	_
b71c19bb-e6d1-4bdb-bd07-e5cf5a9a00db.xml.macaon	149	16	du	du	prep	prep	_	15	dep	_	_
b71c19bb-e6d1-4bdb-bd07-e5cf5a9a00db.xml.macaon	150	17	Bosphore	Bosphore	np	np	_	16	obj	_	_
b71c19bb-e6d1-4bdb-bd07-e5cf5a9a00db.xml.macaon	151	18	une	un	det	det	_	19	det	_	_
b71c19bb-e6d1-4bdb-bd07-e5cf5a9a00db.xml.macaon	152	19	colonie	colonie	nc	nc	_	16	obj	_	_
b71c19bb-e6d1-4bdb-bd07-e5cf5a9a00db.xml.macaon	153	20	qu'	que	prorel	prorel	_	22	mod	_	_
b71c19bb-e6d1-4bdb-bd07-e5cf5a9a00db.xml.macaon	154	21	ils	ils	cln	cln	_	22	suj	_	_
b71c19bb-e6d1-4bdb-bd07-e5cf5a9a00db.xml.macaon	155	22	appellent	appeler	v	v	_	19	mod_rel	_	_	B:OTHER:G
b71c19bb-e6d1-4bdb-bd07-e5cf5a9a00db.xml.macaon	156	23	Byzance	Byzance	np	np	_	19	mod	_	_
b71c19bb-e6d1-4bdb-bd07-e5cf5a9a00db.xml.macaon	157	24	.	.	poncts	poncts	_	9	ponct	_	_

b71c19bb-e6d1-4bdb-bd07-e5cf5a9a00db.xml.macaon	158	1	Cette	cette	det	det	_	2	det	_	_
b71c19bb-e6d1-4bdb-bd07-e5cf5a9a00db.xml.macaon	159	2	position	position	nc	nc	_	3	suj	_	_
b71c19bb-e6d1-4bdb-bd07-e5cf5a9a00db.xml.macaon	160	3	commande	commander	v	v	_	_	_	_	_	B:OTHER:G
b71c19bb-e6d1-4bdb-bd07-e5cf5a9a00db.xml.macaon	161	4	l'	le	det	det	_	5	det	_	_
b71c19bb-e6d1-4bdb-bd07-e5cf5a9a00db.xml.macaon	162	5	accès	accès	nc	nc	_	3	obj	_	_
b71c19bb-e6d1-4bdb-bd07-e5cf5a9a00db.xml.macaon	163	6	à	à	prep	prep	_	3	a_obj	_	_
b71c19bb-e6d1-4bdb-bd07-e5cf5a9a00db.xml.macaon	164	7	la	le	det	det	_	8	det	_	_
b71c19bb-e6d1-4bdb-bd07-e5cf5a9a00db.xml.macaon	165	8	mer	mer	nc	nc	_	6	obj	_	_
b71c19bb-e6d1-4bdb-bd07-e5cf5a9a00db.xml.macaon	166	9	Noire	Noire	np	np	_	6	obj	_	_
b71c19bb-e6d1-4bdb-bd07-e5cf5a9a00db.xml.macaon	167	10	,	,	ponctw	ponctw	_	12	ponct	_	_
b71c19bb-e6d1-4bdb-bd07-e5cf5a9a00db.xml.macaon	168	11	elle	elle	cln	cln	_	12	suj	_	_
b71c19bb-e6d1-4bdb-bd07-e5cf5a9a00db.xml.macaon	169	12	contrôle	contrôler	v	v	_	9	mod_rel	_	_
b71c19bb-e6d1-4bdb-bd07-e5cf5a9a00db.xml.macaon	170	13	ainsi	ainsi	adv	adv	_	12	mod	_	_
b71c19bb-e6d1-4bdb-bd07-e5cf5a9a00db.xml.macaon	171	14	le	le	det	det	_	15	det	_	_
b71c19bb-e6d1-4bdb-bd07-e5cf5a9a00db.xml.macaon	172	15	commerce	commerce	nc	nc	_	12	obj	_	_
b71c19bb-e6d1-4bdb-bd07-e5cf5a9a00db.xml.macaon	173	16	des	des	prep	prep	_	15	dep	_	_
b71c19bb-e6d1-4bdb-bd07-e5cf5a9a00db.xml.macaon	174	17	céréales	céréale	nc	nc	_	16	obj	_	_
b71c19bb-e6d1-4bdb-bd07-e5cf5a9a00db.xml.macaon	175	18	entre	entre	prep	prep	_	12	mod	_	_
b71c19bb-e6d1-4bdb-bd07-e5cf5a9a00db.xml.macaon	176	19	le	le	det	det	_	20	det	_	_
b71c19bb-e6d1-4bdb-bd07-e5cf5a9a00db.xml.macaon	177	20	pays	pays	nc	nc	_	18	obj	_	_
b71c19bb-e6d1-4bdb-bd07-e5cf5a9a00db.xml.macaon	178	21	des	des	prep	prep	_	20	dep	_	_
b71c19bb-e6d1-4bdb-bd07-e5cf5a9a00db.xml.macaon	179	22	Scythes	Scythes	np	np	_	21	obj	_	_
b71c19bb-e6d1-4bdb-bd07-e5cf5a9a00db.xml.macaon	180	23	et	et	coo	coo	_	22	coord	_	_
b71c19bb-e6d1-4bdb-bd07-e5cf5a9a00db.xml.macaon	181	24	la	le	det	det	_	25	det	_	_
b71c19bb-e6d1-4bdb-bd07-e5cf5a9a00db.xml.macaon	182	25	Grèce	Grèce	np	np	_	23	dep_coord	_	_
b71c19bb-e6d1-4bdb-bd07-e5cf5a9a00db.xml.macaon	183	26	.	.	poncts	poncts	_	3	ponct	_	_

b71c19bb-e6d1-4bdb-bd07-e5cf5a9a00db.xml.macaon	184	1	En	en	prep	prep	_	9	mod	_	_
b71c19bb-e6d1-4bdb-bd07-e5cf5a9a00db.xml.macaon	185	2	face	face	nc	nc	_	1	obj	_	_
b71c19bb-e6d1-4bdb-bd07-e5cf5a9a00db.xml.macaon	186	3	sur	sur	prep	prep	_	2	dep	_	_
b71c19bb-e6d1-4bdb-bd07-e5cf5a9a00db.xml.macaon	187	4	la	le	det	det	_	5	det	_	_
b71c19bb-e6d1-4bdb-bd07-e5cf5a9a00db.xml.macaon	188	5	rive	rive	nc	nc	_	3	obj	_	_
b71c19bb-e6d1-4bdb-bd07-e5cf5a9a00db.xml.macaon	189	6	asiatique	asiatique	adj	adj	_	5	mod	_	_
b71c19bb-e6d1-4bdb-bd07-e5cf5a9a00db.xml.macaon	190	7	a	avoir	v	v	_	9	aux_tps	_	_
b71c19bb-e6d1-4bdb-bd07-e5cf5a9a00db.xml.macaon	191	8	été	être	vppart	vppart	_	9	aux_pass	_	_
b71c19bb-e6d1-4bdb-bd07-e5cf5a9a00db.xml.macaon	192	9	fondée	fonder	vppart	vppart	_	_	_	_	_
b71c19bb-e6d1-4bdb-bd07-e5cf5a9a00db.xml.macaon	193	10	la	le	det	det	_	11	det	_	_
b71c19bb-e6d1-4bdb-bd07-e5cf5a9a00db.xml.macaon	194	11	ville	ville	nc	nc	_	9	obj	_	_
b71c19bb-e6d1-4bdb-bd07-e5cf5a9a00db.xml.macaon	195	12	de	de	prep	prep	_	11	dep	_	_
b71c19bb-e6d1-4bdb-bd07-e5cf5a9a00db.xml.macaon	196	13	Chalcédoine	Chalcédoine	np	np	_	12	obj	_	_
b71c19bb-e6d1-4bdb-bd07-e5cf5a9a00db.xml.macaon	197	14	.	.	poncts	poncts	_	13	__JOKER__	_	_

b71c19bb-e6d1-4bdb-bd07-e5cf5a9a00db.xml.macaon	198	1	Puis	puis	coo	coo	_	_	_	_	_
b71c19bb-e6d1-4bdb-bd07-e5cf5a9a00db.xml.macaon	199	2	vers	vers	prep	prep	_	1	dep_coord	_	_
b71c19bb-e6d1-4bdb-bd07-e5cf5a9a00db.xml.macaon	200	3	512	512	nc	nc	_	2	obj	_	_
b71c19bb-e6d1-4bdb-bd07-e5cf5a9a00db.xml.macaon	201	4	,	,	ponctw	ponctw	_	6	ponct	_	_
b71c19bb-e6d1-4bdb-bd07-e5cf5a9a00db.xml.macaon	202	5	Byzance	Byzance	np	np	_	6	suj	_	_
b71c19bb-e6d1-4bdb-bd07-e5cf5a9a00db.xml.macaon	203	6	passe	passer	v	v	_	1	dep_coord	_	_
b71c19bb-e6d1-4bdb-bd07-e5cf5a9a00db.xml.macaon	204	7	sous	sous	prep	prep	_	6	mod	_	_
b71c19bb-e6d1-4bdb-bd07-e5cf5a9a00db.xml.macaon	205	8	la	le	det	det	_	9	det	_	_
b71c19bb-e6d1-4bdb-bd07-e5cf5a9a00db.xml.macaon	206	9	domination	domination	nc	nc	_	7	obj	_	_
b71c19bb-e6d1-4bdb-bd07-e5cf5a9a00db.xml.macaon	207	10	de#l'	de#l'	prep	prep	_	9	dep	_	_
b71c19bb-e6d1-4bdb-bd07-e5cf5a9a00db.xml.macaon	208	11	Empire	Empire	nc	nc	_	10	obj	_	_
b71c19bb-e6d1-4bdb-bd07-e5cf5a9a00db.xml.macaon	209	12	perse	pers	adj	adj	_	11	mod	_	_
b71c19bb-e6d1-4bdb-bd07-e5cf5a9a00db.xml.macaon	210	13	.	.	poncts	poncts	_	6	ponct	_	_

b71c19bb-e6d1-4bdb-bd07-e5cf5a9a00db.xml.macaon	211	1	Pendant	pendant	prep	prep	_	8	mod	_	_
b71c19bb-e6d1-4bdb-bd07-e5cf5a9a00db.xml.macaon	212	2	la	le	det	det	_	4	det	_	_
b71c19bb-e6d1-4bdb-bd07-e5cf5a9a00db.xml.macaon	213	3	Première	Première	adj	adj	_	4	mod	_	_	B:Activity_start:FE:Activity:G:218
b71c19bb-e6d1-4bdb-bd07-e5cf5a9a00db.xml.macaon	214	4	Guerre	Guerre	nc	nc	_	1	obj	_	_	I:Activity_start:FE:Activity:G:218
b71c19bb-e6d1-4bdb-bd07-e5cf5a9a00db.xml.macaon	215	5	médique	médique	adj	adj	_	4	mod	_	_	I:Activity_start:FE:Activity:G:218
b71c19bb-e6d1-4bdb-bd07-e5cf5a9a00db.xml.macaon	216	6	,	,	ponctw	ponctw	_	8	ponct	_	_
b71c19bb-e6d1-4bdb-bd07-e5cf5a9a00db.xml.macaon	217	7	qui	qui	prorel	prorel	_	8	suj	_	_
b71c19bb-e6d1-4bdb-bd07-e5cf5a9a00db.xml.macaon	218	8	débute	débuter	v	v	_	_	_	_	_	B:Activity_start:TARGET:débuter:G:218
b71c19bb-e6d1-4bdb-bd07-e5cf5a9a00db.xml.macaon	219	9	par	par	prep	prep	_	8	p_obj	_	_	B:Activity_start:FE:Circumstances:G:218
b71c19bb-e6d1-4bdb-bd07-e5cf5a9a00db.xml.macaon	220	10	le	le	det	det	_	11	det	_	_	I:Activity_start:FE:Circumstances:G:218
b71c19bb-e6d1-4bdb-bd07-e5cf5a9a00db.xml.macaon	221	11	soulèvement	soulèvement	nc	nc	_	9	obj	_	_	I:Activity_start:FE:Circumstances:G:218
b71c19bb-e6d1-4bdb-bd07-e5cf5a9a00db.xml.macaon	222	12	des	des	prep	prep	_	11	dep	_	_	I:Activity_start:FE:Circumstances:G:218
b71c19bb-e6d1-4bdb-bd07-e5cf5a9a00db.xml.macaon	223	13	villes	ville	nc	nc	_	12	obj	_	_	I:Activity_start:FE:Circumstances:G:218
b71c19bb-e6d1-4bdb-bd07-e5cf5a9a00db.xml.macaon	224	14	grecques	grec	adj	adj	_	13	mod	_	_	I:Activity_start:FE:Circumstances:G:218
b71c19bb-e6d1-4bdb-bd07-e5cf5a9a00db.xml.macaon	225	15	sous	sous	prep	prep	_	13	dep	_	_
b71c19bb-e6d1-4bdb-bd07-e5cf5a9a00db.xml.macaon	226	16	domination	domination	nc	nc	_	15	obj	_	_
b71c19bb-e6d1-4bdb-bd07-e5cf5a9a00db.xml.macaon	227	17	perse	pers	adj	adj	_	16	mod	_	_
b71c19bb-e6d1-4bdb-bd07-e5cf5a9a00db.xml.macaon	228	18	,	,	ponctw	ponctw	_	16	ponct	_	_
b71c19bb-e6d1-4bdb-bd07-e5cf5a9a00db.xml.macaon	229	19	en	en	prep	prep	_	16	dep	_	_
b71c19bb-e6d1-4bdb-bd07-e5cf5a9a00db.xml.macaon	230	20	490	490	det	det	_	21	det	_	_
b71c19bb-e6d1-4bdb-bd07-e5cf5a9a00db.xml.macaon	231	21	av.	av.	nc	nc	_	19	obj	_	_

b71c19bb-e6d1-4bdb-bd07-e5cf5a9a00db.xml.macaon	232	1	J.-C.	Jésus-Christ	np	np	_	9	__JOKER__	_	_
b71c19bb-e6d1-4bdb-bd07-e5cf5a9a00db.xml.macaon	233	2	,	,	ponctw	ponctw	_	1	ponct	_	_
b71c19bb-e6d1-4bdb-bd07-e5cf5a9a00db.xml.macaon	234	3	les	le	det	det	_	4	det	_	_
b71c19bb-e6d1-4bdb-bd07-e5cf5a9a00db.xml.macaon	235	4	armées	armée	nc	nc	_	1	mod	_	_
b71c19bb-e6d1-4bdb-bd07-e5cf5a9a00db.xml.macaon	236	5	perses	pers	adj	adj	_	4	mod	_	_
b71c19bb-e6d1-4bdb-bd07-e5cf5a9a00db.xml.macaon	237	6	du	du	prep	prep	_	4	dep	_	_
b71c19bb-e6d1-4bdb-bd07-e5cf5a9a00db.xml.macaon	238	7	roi	roi	nc	nc	_	6	obj	_	_
b71c19bb-e6d1-4bdb-bd07-e5cf5a9a00db.xml.macaon	239	8	Darius	Darius	np	np	_	7	mod	_	_
b71c19bb-e6d1-4bdb-bd07-e5cf5a9a00db.xml.macaon	240	9	la	la	clo	clo	_	10	__JOKER__	_	_
b71c19bb-e6d1-4bdb-bd07-e5cf5a9a00db.xml.macaon	241	10	ravagent	ravager	v	v	_	_	_	_	_
b71c19bb-e6d1-4bdb-bd07-e5cf5a9a00db.xml.macaon	242	11	.	.	poncts	poncts	_	10	ponct	_	_

b71c19bb-e6d1-4bdb-bd07-e5cf5a9a00db.xml.macaon	243	1	Après	après	prep	prep	_	_	_	_	_
b71c19bb-e6d1-4bdb-bd07-e5cf5a9a00db.xml.macaon	244	2	la	le	det	det	_	3	det	_	_
b71c19bb-e6d1-4bdb-bd07-e5cf5a9a00db.xml.macaon	245	3	défaite	défaite	nc	nc	_	1	obj	_	_	B:Finish_competition:TARGET:défaite:G:245
b71c19bb-e6d1-4bdb-bd07-e5cf5a9a00db.xml.macaon	246	4	de	de	prep	prep	_	3	dep	_	_	B:Finish_competition:FE:Competitor:G:245
b71c19bb-e6d1-4bdb-bd07-e5cf5a9a00db.xml.macaon	247	5	Perses	Perses	np	np	_	4	obj	_	_	I:Finish_competition:FE:Competitor:G:245
b71c19bb-e6d1-4bdb-bd07-e5cf5a9a00db.xml.macaon	248	6	(	(	ponctw	ponctw	_	5	ponct	_	_
b71c19bb-e6d1-4bdb-bd07-e5cf5a9a00db.xml.macaon	249	7	deuxième	deuxième	adj	adj	_	8	mod	_	_	B:Finish_competition:FE:Competition:G:245
b71c19bb-e6d1-4bdb-bd07-e5cf5a9a00db.xml.macaon	250	8	guerre	guerre	nc	nc	_	4	obj	_	_	I:Finish_competition:FE:Competition:G:245
b71c19bb-e6d1-4bdb-bd07-e5cf5a9a00db.xml.macaon	251	9	médique	médique	adj	adj	_	8	mod	_	_	I:Finish_competition:FE:Competition:G:245
b71c19bb-e6d1-4bdb-bd07-e5cf5a9a00db.xml.macaon	252	10	de	de	prep	prep	_	8	dep	_	_
b71c19bb-e6d1-4bdb-bd07-e5cf5a9a00db.xml.macaon	253	11	480	480	det	det	_	12	det	_	_
b71c19bb-e6d1-4bdb-bd07-e5cf5a9a00db.xml.macaon	254	12	av.	av.	nc	nc	_	10	obj	_	_

b71c19bb-e6d1-4bdb-bd07-e5cf5a9a00db.xml.macaon	255	1	J.-C.	Jésus-Christ	np	np	_	6	__JOKER__	_	_
b71c19bb-e6d1-4bdb-bd07-e5cf5a9a00db.xml.macaon	256	2	)	)	ponctw	ponctw	_	1	ponct	_	_
b71c19bb-e6d1-4bdb-bd07-e5cf5a9a00db.xml.macaon	257	3	,	,	ponctw	ponctw	_	6	ponct	_	_
b71c19bb-e6d1-4bdb-bd07-e5cf5a9a00db.xml.macaon	258	4	elle	elle	cln	cln	_	6	suj	_	_
b71c19bb-e6d1-4bdb-bd07-e5cf5a9a00db.xml.macaon	259	5	est	être	v	v	_	6	aux_tps	_	_
b71c19bb-e6d1-4bdb-bd07-e5cf5a9a00db.xml.macaon	260	6	libérée	libérer	vppart	vppart	_	_	_	_	_
b71c19bb-e6d1-4bdb-bd07-e5cf5a9a00db.xml.macaon	261	7	des	des	prep	prep	_	6	mod	_	_
b71c19bb-e6d1-4bdb-bd07-e5cf5a9a00db.xml.macaon	262	8	Perses	perse	nc	nc	_	7	obj	_	_
b71c19bb-e6d1-4bdb-bd07-e5cf5a9a00db.xml.macaon	263	9	par	par	prep	prep	_	6	mod	_	_
b71c19bb-e6d1-4bdb-bd07-e5cf5a9a00db.xml.macaon	264	10	les	le	det	det	_	11	det	_	_
b71c19bb-e6d1-4bdb-bd07-e5cf5a9a00db.xml.macaon	265	11	Athéniens	athénien	nc	nc	_	9	obj	_	_
b71c19bb-e6d1-4bdb-bd07-e5cf5a9a00db.xml.macaon	266	12	en	en	prep	prep	_	6	mod	_	_
b71c19bb-e6d1-4bdb-bd07-e5cf5a9a00db.xml.macaon	267	13	478	478	det	det	_	14	det	_	_
b71c19bb-e6d1-4bdb-bd07-e5cf5a9a00db.xml.macaon	268	14	av.	av.	nc	nc	_	12	obj	_	_

b71c19bb-e6d1-4bdb-bd07-e5cf5a9a00db.xml.macaon	269	1	J.-C.	J.-C.	adv	adv	_	5	mod	_	_
b71c19bb-e6d1-4bdb-bd07-e5cf5a9a00db.xml.macaon	270	2	Les	Les	det	det	_	3	det	_	_
b71c19bb-e6d1-4bdb-bd07-e5cf5a9a00db.xml.macaon	271	3	Athéniens	athénien	nc	nc	_	5	suj	_	_
b71c19bb-e6d1-4bdb-bd07-e5cf5a9a00db.xml.macaon	272	4	l'	l'	clo	clo	_	5	aff	_	_
b71c19bb-e6d1-4bdb-bd07-e5cf5a9a00db.xml.macaon	273	5	occupent	occuper	v	v	_	_	_	_	_
b71c19bb-e6d1-4bdb-bd07-e5cf5a9a00db.xml.macaon	274	6	en	en	prep	prep	_	5	mod	_	_
b71c19bb-e6d1-4bdb-bd07-e5cf5a9a00db.xml.macaon	275	7	471	471	nc	nc	_	6	obj	_	_
b71c19bb-e6d1-4bdb-bd07-e5cf5a9a00db.xml.macaon	276	8	ou	ou	coo	coo	_	7	coord	_	_
b71c19bb-e6d1-4bdb-bd07-e5cf5a9a00db.xml.macaon	277	9	470	470	det	det	_	10	det	_	_
b71c19bb-e6d1-4bdb-bd07-e5cf5a9a00db.xml.macaon	278	10	av.	av.	nc	nc	_	8	dep_coord	_	_

b71c19bb-e6d1-4bdb-bd07-e5cf5a9a00db.xml.macaon	279	1	J.-C.	Jésus-Christ	np	np	_	4	suj	_	_
b71c19bb-e6d1-4bdb-bd07-e5cf5a9a00db.xml.macaon	280	2	et	et	coo	coo	_	1	coord	_	_
b71c19bb-e6d1-4bdb-bd07-e5cf5a9a00db.xml.macaon	281	3	Byzance	Byzance	np	np	_	2	dep_coord	_	_
b71c19bb-e6d1-4bdb-bd07-e5cf5a9a00db.xml.macaon	282	4	est	être	v	v	_	5	aux_tps	_	_
b71c19bb-e6d1-4bdb-bd07-e5cf5a9a00db.xml.macaon	283	5	intégrée	intégrer	vppart	vppart	_	_	_	_	_
b71c19bb-e6d1-4bdb-bd07-e5cf5a9a00db.xml.macaon	284	6	dans	dans	prep	prep	_	5	mod	_	_
b71c19bb-e6d1-4bdb-bd07-e5cf5a9a00db.xml.macaon	285	7	la	le	det	det	_	8	det	_	_
b71c19bb-e6d1-4bdb-bd07-e5cf5a9a00db.xml.macaon	286	8	ligue	ligue	nc	nc	_	6	obj	_	_
b71c19bb-e6d1-4bdb-bd07-e5cf5a9a00db.xml.macaon	287	9	de	de	prep	prep	_	8	dep	_	_
b71c19bb-e6d1-4bdb-bd07-e5cf5a9a00db.xml.macaon	288	10	Délos	Délos	nc	nc	_	9	obj	_	_
b71c19bb-e6d1-4bdb-bd07-e5cf5a9a00db.xml.macaon	289	11	.	.	poncts	poncts	_	6	__JOKER__	_	_

b71c19bb-e6d1-4bdb-bd07-e5cf5a9a00db.xml.macaon	290	1	La	la	det	det	_	2	det	_	_
b71c19bb-e6d1-4bdb-bd07-e5cf5a9a00db.xml.macaon	291	2	domination	domination	nc	nc	_	6	suj	_	_
b71c19bb-e6d1-4bdb-bd07-e5cf5a9a00db.xml.macaon	292	3	athénienne	athénien	adj	adj	_	2	mod	_	_
b71c19bb-e6d1-4bdb-bd07-e5cf5a9a00db.xml.macaon	293	4	,	,	ponctw	ponctw	_	2	ponct	_	_
b71c19bb-e6d1-4bdb-bd07-e5cf5a9a00db.xml.macaon	294	5	mal	mal	adv	adv	_	6	mod	_	_
b71c19bb-e6d1-4bdb-bd07-e5cf5a9a00db.xml.macaon	295	6	supportée	supporter	vppart	vppart	_	_	_	_	_
b71c19bb-e6d1-4bdb-bd07-e5cf5a9a00db.xml.macaon	296	7	,	,	ponctw	ponctw	_	6	ponct	_	_
b71c19bb-e6d1-4bdb-bd07-e5cf5a9a00db.xml.macaon	297	8	dure	dur	nc	nc	_	6	obj	_	_
b71c19bb-e6d1-4bdb-bd07-e5cf5a9a00db.xml.macaon	298	9	jusqu'en	jusqu'en	prep	prep	_	6	mod	_	_
b71c19bb-e6d1-4bdb-bd07-e5cf5a9a00db.xml.macaon	299	10	412	412	nc	nc	_	9	obj	_	_
b71c19bb-e6d1-4bdb-bd07-e5cf5a9a00db.xml.macaon	300	11	.	.	poncts	poncts	_	6	__JOKER__	_	_

b71c19bb-e6d1-4bdb-bd07-e5cf5a9a00db.xml.macaon	301	1	En	en	prep	prep	_	_	_	_	_
b71c19bb-e6d1-4bdb-bd07-e5cf5a9a00db.xml.macaon	302	2	405	405	det	det	_	3	det	_	_
b71c19bb-e6d1-4bdb-bd07-e5cf5a9a00db.xml.macaon	303	3	av.	av.	nc	nc	_	1	obj	_	_

b71c19bb-e6d1-4bdb-bd07-e5cf5a9a00db.xml.macaon	304	1	J.-C.	Jésus-Christ	np	np	_	9	__JOKER__	_	_
b71c19bb-e6d1-4bdb-bd07-e5cf5a9a00db.xml.macaon	305	2	,	,	ponctw	ponctw	_	9	ponct	_	_
b71c19bb-e6d1-4bdb-bd07-e5cf5a9a00db.xml.macaon	306	3	le	le	det	det	_	4	det	_	_
b71c19bb-e6d1-4bdb-bd07-e5cf5a9a00db.xml.macaon	307	4	général	général	nc	nc	_	9	suj	_	_	B:Installing:FE:Agent:G:315
b71c19bb-e6d1-4bdb-bd07-e5cf5a9a00db.xml.macaon	308	5	spartiate	spartiate	adj	adj	_	4	mod	_	_	I:Installing:FE:Agent:G:315
b71c19bb-e6d1-4bdb-bd07-e5cf5a9a00db.xml.macaon	309	6	Lysandre	Lysandre	np	np	_	4	mod	_	_	I:Installing:FE:Agent:G:315
b71c19bb-e6d1-4bdb-bd07-e5cf5a9a00db.xml.macaon	310	7	s'	s'	clr	clr	_	9	aff	_	_
b71c19bb-e6d1-4bdb-bd07-e5cf5a9a00db.xml.macaon	311	8	en	en	clo	clo	_	9	__JOKER__	_	_
b71c19bb-e6d1-4bdb-bd07-e5cf5a9a00db.xml.macaon	312	9	empare	emparer	v	v	_	_	_	_	_
b71c19bb-e6d1-4bdb-bd07-e5cf5a9a00db.xml.macaon	313	10	et	et	coo	coo	_	9	coord	_	_
b71c19bb-e6d1-4bdb-bd07-e5cf5a9a00db.xml.macaon	314	11	y	y	clo	clo	_	12	__JOKER__	_	_	B:Installing:FE:Place:G:315
b71c19bb-e6d1-4bdb-bd07-e5cf5a9a00db.xml.macaon	315	12	installe	installer	v	v	_	10	dep_coord	_	_	B:Installing:TARGET:installer:G:315
b71c19bb-e6d1-4bdb-bd07-e5cf5a9a00db.xml.macaon	316	13	un	un	det	det	_	14	det	_	_	B:Installing:FE:Component:G:315
b71c19bb-e6d1-4bdb-bd07-e5cf5a9a00db.xml.macaon	317	14	gouvernement	gouvernement	nc	nc	_	12	obj	_	_	I:Installing:FE:Component:G:315
b71c19bb-e6d1-4bdb-bd07-e5cf5a9a00db.xml.macaon	318	15	aristocratique	aristocratique	adj	adj	_	14	mod	_	_	I:Installing:FE:Component:G:315
b71c19bb-e6d1-4bdb-bd07-e5cf5a9a00db.xml.macaon	319	16	.	.	poncts	poncts	_	9	ponct	_	_

b71c19bb-e6d1-4bdb-bd07-e5cf5a9a00db.xml.macaon	320	1	En	en	prep	prep	_	8	mod	_	_
b71c19bb-e6d1-4bdb-bd07-e5cf5a9a00db.xml.macaon	321	2	389	389	nc	nc	_	1	obj	_	_
b71c19bb-e6d1-4bdb-bd07-e5cf5a9a00db.xml.macaon	322	3	,	,	ponctw	ponctw	_	8	ponct	_	_
b71c19bb-e6d1-4bdb-bd07-e5cf5a9a00db.xml.macaon	323	4	le	le	det	det	_	5	det	_	_
b71c19bb-e6d1-4bdb-bd07-e5cf5a9a00db.xml.macaon	324	5	parti	parti	nc	nc	_	8	suj	_	_
b71c19bb-e6d1-4bdb-bd07-e5cf5a9a00db.xml.macaon	325	6	démocratique	démocratique	adj	adj	_	5	mod	_	_
b71c19bb-e6d1-4bdb-bd07-e5cf5a9a00db.xml.macaon	326	7	,	,	ponctw	ponctw	_	5	ponct	_	_
b71c19bb-e6d1-4bdb-bd07-e5cf5a9a00db.xml.macaon	327	8	allié	allier	vppart	vppart	_	_	_	_	_
b71c19bb-e6d1-4bdb-bd07-e5cf5a9a00db.xml.macaon	328	9	à	à	prep	prep	_	8	a_obj	_	_
b71c19bb-e6d1-4bdb-bd07-e5cf5a9a00db.xml.macaon	329	10	Athènes	Athènes	np	np	_	9	obj	_	_
b71c19bb-e6d1-4bdb-bd07-e5cf5a9a00db.xml.macaon	330	11	,	,	ponctw	ponctw	_	13	ponct	_	_
b71c19bb-e6d1-4bdb-bd07-e5cf5a9a00db.xml.macaon	331	12	l'	l'	clo	clo	_	13	__JOKER__	_	_
b71c19bb-e6d1-4bdb-bd07-e5cf5a9a00db.xml.macaon	332	13	emporte	emporter	v	v	_	10	mod_rel	_	_
b71c19bb-e6d1-4bdb-bd07-e5cf5a9a00db.xml.macaon	333	14	,	,	ponctw	ponctw	_	13	ponct	_	_
b71c19bb-e6d1-4bdb-bd07-e5cf5a9a00db.xml.macaon	334	15	et	et	coo	coo	_	13	coord	_	_
b71c19bb-e6d1-4bdb-bd07-e5cf5a9a00db.xml.macaon	335	16	en	en	prep	prep	_	15	dep_coord	_	_
b71c19bb-e6d1-4bdb-bd07-e5cf5a9a00db.xml.macaon	336	17	377	377	nc	nc	_	16	obj	_	_
b71c19bb-e6d1-4bdb-bd07-e5cf5a9a00db.xml.macaon	337	18	,	,	ponctw	ponctw	_	17	ponct	_	_
b71c19bb-e6d1-4bdb-bd07-e5cf5a9a00db.xml.macaon	338	19	Byzance	Byzance	np	np	_	16	obj	_	_
b71c19bb-e6d1-4bdb-bd07-e5cf5a9a00db.xml.macaon	339	20	entre	entre	prep	prep	_	15	dep_coord	_	_
b71c19bb-e6d1-4bdb-bd07-e5cf5a9a00db.xml.macaon	340	21	dans	dans	prep	prep	_	20	obj	_	_
b71c19bb-e6d1-4bdb-bd07-e5cf5a9a00db.xml.macaon	341	22	la	le	det	det	_	23	det	_	_
b71c19bb-e6d1-4bdb-bd07-e5cf5a9a00db.xml.macaon	342	23	confédération	confédération	nc	nc	_	21	obj	_	_
b71c19bb-e6d1-4bdb-bd07-e5cf5a9a00db.xml.macaon	343	24	athénienne	athénien	adj	adj	_	23	mod	_	_
b71c19bb-e6d1-4bdb-bd07-e5cf5a9a00db.xml.macaon	344	25	.	.	poncts	poncts	_	13	ponct	_	_

b71c19bb-e6d1-4bdb-bd07-e5cf5a9a00db.xml.macaon	345	1	Devenue	devenue	vppart	vppart	_	_	_	_	_
b71c19bb-e6d1-4bdb-bd07-e5cf5a9a00db.xml.macaon	346	2	indépendante	indépendant	adj	adj	_	1	ats	_	_
b71c19bb-e6d1-4bdb-bd07-e5cf5a9a00db.xml.macaon	347	3	en	en	prep	prep	_	1	mod	_	_
b71c19bb-e6d1-4bdb-bd07-e5cf5a9a00db.xml.macaon	348	4	358	358	det	det	_	5	det	_	_
b71c19bb-e6d1-4bdb-bd07-e5cf5a9a00db.xml.macaon	349	5	av.	av.	nc	nc	_	3	obj	_	_

b71c19bb-e6d1-4bdb-bd07-e5cf5a9a00db.xml.macaon	350	1	J.-C.	Jésus-Christ	np	np	_	_	_	_	_
b71c19bb-e6d1-4bdb-bd07-e5cf5a9a00db.xml.macaon	351	2	,	,	ponctw	ponctw	_	1	ponct	_	_
b71c19bb-e6d1-4bdb-bd07-e5cf5a9a00db.xml.macaon	352	3	Byzance	Byzance	np	np	_	1	mod	_	_	B:Attack:FE:Victim:G:363
b71c19bb-e6d1-4bdb-bd07-e5cf5a9a00db.xml.macaon	353	4	,	,	ponctw	ponctw	_	12	ponct	_	_
b71c19bb-e6d1-4bdb-bd07-e5cf5a9a00db.xml.macaon	354	5	grâce#à	grâce#à	prep	prep	_	12	mod	_	_
b71c19bb-e6d1-4bdb-bd07-e5cf5a9a00db.xml.macaon	355	6	l'	le	det	det	_	7	det	_	_
b71c19bb-e6d1-4bdb-bd07-e5cf5a9a00db.xml.macaon	356	7	aide	aide	nc	nc	_	5	obj	_	_	B:Assistance:TARGET:aide:G:356
b71c19bb-e6d1-4bdb-bd07-e5cf5a9a00db.xml.macaon	357	8	fournie	fournir	vppart	vppart	_	7	mod	_	_
b71c19bb-e6d1-4bdb-bd07-e5cf5a9a00db.xml.macaon	358	9	par	par	prep	prep	_	8	p_obj	_	_
b71c19bb-e6d1-4bdb-bd07-e5cf5a9a00db.xml.macaon	359	10	les	le	det	det	_	11	det	_	_	B:Assistance:FE:Helper:G:356
b71c19bb-e6d1-4bdb-bd07-e5cf5a9a00db.xml.macaon	360	11	Athéniens	athénien	nc	nc	_	9	obj	_	_	I:Assistance:FE:Helper:G:356
b71c19bb-e6d1-4bdb-bd07-e5cf5a9a00db.xml.macaon	361	12	résiste	résister	v	v	_	3	__JOKER__	_	_
b71c19bb-e6d1-4bdb-bd07-e5cf5a9a00db.xml.macaon	362	13	aux	aux	prep	prep	_	12	obj	_	_
b71c19bb-e6d1-4bdb-bd07-e5cf5a9a00db.xml.macaon	363	14	attaques	attaque	nc	nc	_	13	obj	_	_	B:Attack:TARGET:attaque:G:363
b71c19bb-e6d1-4bdb-bd07-e5cf5a9a00db.xml.macaon	364	15	du	du	prep	prep	_	14	dep	_	_	B:Attack:FE:Assaillant:G:363
b71c19bb-e6d1-4bdb-bd07-e5cf5a9a00db.xml.macaon	365	16	roi	roi	nc	nc	_	15	obj	_	_	I:Attack:FE:Assaillant:G:363
b71c19bb-e6d1-4bdb-bd07-e5cf5a9a00db.xml.macaon	366	17	Philippe	Philippe	np	np	_	16	mod	_	_	I:Attack:FE:Assaillant:G:363
b71c19bb-e6d1-4bdb-bd07-e5cf5a9a00db.xml.macaon	367	18	II	II	np	np	_	17	mod	_	_	I:Attack:FE:Assaillant:G:363
b71c19bb-e6d1-4bdb-bd07-e5cf5a9a00db.xml.macaon	368	19	de	de	prep	prep	_	16	dep	_	_	I:Attack:FE:Assaillant:G:363
b71c19bb-e6d1-4bdb-bd07-e5cf5a9a00db.xml.macaon	369	20	Macédoine	Macédoine	np	np	_	19	obj	_	_	I:Attack:FE:Assaillant:G:363
b71c19bb-e6d1-4bdb-bd07-e5cf5a9a00db.xml.macaon	370	21	(	(	ponctw	ponctw	_	20	ponct	_	_
b71c19bb-e6d1-4bdb-bd07-e5cf5a9a00db.xml.macaon	371	22	341	341	nc	nc	_	19	obj	_	_
b71c19bb-e6d1-4bdb-bd07-e5cf5a9a00db.xml.macaon	372	23	à	à	prep	prep	_	22	dep	_	_
b71c19bb-e6d1-4bdb-bd07-e5cf5a9a00db.xml.macaon	373	24	339	339	det	det	_	25	det	_	_
b71c19bb-e6d1-4bdb-bd07-e5cf5a9a00db.xml.macaon	374	25	av.	av.	nc	nc	_	23	obj	_	_

b71c19bb-e6d1-4bdb-bd07-e5cf5a9a00db.xml.macaon	375	1	J.-C.	Jésus-Christ	np	np	_	_	_	_	_
b71c19bb-e6d1-4bdb-bd07-e5cf5a9a00db.xml.macaon	376	2	)	)	ponctw	ponctw	_	1	ponct	_	_
b71c19bb-e6d1-4bdb-bd07-e5cf5a9a00db.xml.macaon	377	3	.	.	poncts	poncts	_	1	__JOKER__	_	_

b71c19bb-e6d1-4bdb-bd07-e5cf5a9a00db.xml.macaon	378	1	Elle	elle	cln	cln	_	4	suj	_	_
b71c19bb-e6d1-4bdb-bd07-e5cf5a9a00db.xml.macaon	379	2	est	être	v	v	_	4	aux_tps	_	_
b71c19bb-e6d1-4bdb-bd07-e5cf5a9a00db.xml.macaon	380	3	ensuite	ensuite	adv	adv	_	4	mod	_	_
b71c19bb-e6d1-4bdb-bd07-e5cf5a9a00db.xml.macaon	381	4	rattachée	rattacher	vppart	vppart	_	_	_	_	_
b71c19bb-e6d1-4bdb-bd07-e5cf5a9a00db.xml.macaon	382	5	à	à	prep	prep	_	4	a_obj	_	_
b71c19bb-e6d1-4bdb-bd07-e5cf5a9a00db.xml.macaon	383	6	l'	le	det	det	_	7	det	_	_
b71c19bb-e6d1-4bdb-bd07-e5cf5a9a00db.xml.macaon	384	7	empire	empire	nc	nc	_	5	obj	_	_
b71c19bb-e6d1-4bdb-bd07-e5cf5a9a00db.xml.macaon	385	8	gréco	gréco	etr	etr	_	10	dep	_	_
b71c19bb-e6d1-4bdb-bd07-e5cf5a9a00db.xml.macaon	386	9	-	-	ponctw	ponctw	_	8	ponct	_	_
b71c19bb-e6d1-4bdb-bd07-e5cf5a9a00db.xml.macaon	387	10	macédonien	macédonien	nc	nc	_	7	mod	_	_
b71c19bb-e6d1-4bdb-bd07-e5cf5a9a00db.xml.macaon	388	11	d'	de	prep	prep	_	10	dep	_	_
b71c19bb-e6d1-4bdb-bd07-e5cf5a9a00db.xml.macaon	389	12	Alexandre	Alexandre	np	np	_	11	obj	_	_
b71c19bb-e6d1-4bdb-bd07-e5cf5a9a00db.xml.macaon	390	13	le	le	det	det	_	14	det	_	_
b71c19bb-e6d1-4bdb-bd07-e5cf5a9a00db.xml.macaon	391	14	Grand	Grand	np	np	_	11	obj	_	_
b71c19bb-e6d1-4bdb-bd07-e5cf5a9a00db.xml.macaon	392	15	.	.	poncts	poncts	_	7	ponct	_	_

b71c19bb-e6d1-4bdb-bd07-e5cf5a9a00db.xml.macaon	393	1	Elle	elle	cln	cln	_	2	suj	_	_
b71c19bb-e6d1-4bdb-bd07-e5cf5a9a00db.xml.macaon	394	2	conserve	conserver	v	v	_	_	_	_	_
b71c19bb-e6d1-4bdb-bd07-e5cf5a9a00db.xml.macaon	395	3	une	un	det	det	_	5	det	_	_
b71c19bb-e6d1-4bdb-bd07-e5cf5a9a00db.xml.macaon	396	4	certaine	certain	adj	adj	_	5	mod	_	_
b71c19bb-e6d1-4bdb-bd07-e5cf5a9a00db.xml.macaon	397	5	indépendance	indépendance	nc	nc	_	2	obj	_	_
b71c19bb-e6d1-4bdb-bd07-e5cf5a9a00db.xml.macaon	398	6	jusqu'à	jusqu'à	prep	prep	_	2	mod	_	_
b71c19bb-e6d1-4bdb-bd07-e5cf5a9a00db.xml.macaon	399	7	son	son	det	det	_	8	det	_	_
b71c19bb-e6d1-4bdb-bd07-e5cf5a9a00db.xml.macaon	400	8	rattachement	rattachement	nc	nc	_	6	obj	_	_
b71c19bb-e6d1-4bdb-bd07-e5cf5a9a00db.xml.macaon	401	9	à	à	prep	prep	_	8	dep	_	_
b71c19bb-e6d1-4bdb-bd07-e5cf5a9a00db.xml.macaon	402	10	l'	le	det	det	_	11	det	_	_
b71c19bb-e6d1-4bdb-bd07-e5cf5a9a00db.xml.macaon	403	11	Empire	Empire	nc	nc	_	9	obj	_	_
b71c19bb-e6d1-4bdb-bd07-e5cf5a9a00db.xml.macaon	404	12	romain	romain	adj	adj	_	11	mod	_	_
b71c19bb-e6d1-4bdb-bd07-e5cf5a9a00db.xml.macaon	405	13	au	au	prep	prep	_	11	dep	_	_
b71c19bb-e6d1-4bdb-bd07-e5cf5a9a00db.xml.macaon	406	14	Ier	Ier	np	np	_	13	obj	_	_
b71c19bb-e6d1-4bdb-bd07-e5cf5a9a00db.xml.macaon	407	15	siècle	siècle	nc	nc	_	13	obj	_	_
b71c19bb-e6d1-4bdb-bd07-e5cf5a9a00db.xml.macaon	408	16	.	.	poncts	poncts	_	2	ponct	_	_

b71c19bb-e6d1-4bdb-bd07-e5cf5a9a00db.xml.macaon	409	1	De	de	prep	prep	_	_	_	_	_
b71c19bb-e6d1-4bdb-bd07-e5cf5a9a00db.xml.macaon	410	2	Byzance	Byzance	np	np	_	1	obj	_	_
b71c19bb-e6d1-4bdb-bd07-e5cf5a9a00db.xml.macaon	411	3	à	à	prep	prep	_	1	obj	_	_
b71c19bb-e6d1-4bdb-bd07-e5cf5a9a00db.xml.macaon	412	4	Constantinople	Constantinople	np	np	_	3	obj	_	_
b71c19bb-e6d1-4bdb-bd07-e5cf5a9a00db.xml.macaon	413	5	,	,	ponctw	ponctw	_	4	ponct	_	_
b71c19bb-e6d1-4bdb-bd07-e5cf5a9a00db.xml.macaon	414	6	la	le	det	det	_	7	det	_	_
b71c19bb-e6d1-4bdb-bd07-e5cf5a9a00db.xml.macaon	415	7	période	période	nc	nc	_	3	obj	_	_
b71c19bb-e6d1-4bdb-bd07-e5cf5a9a00db.xml.macaon	416	8	romaine	romain	adj	adj	_	7	mod	_	_

b71c19bb-e6d1-4bdb-bd07-e5cf5a9a00db.xml.macaon	417	1	Dans	dans	prep	prep	_	5	__JOKER__	_	_
b71c19bb-e6d1-4bdb-bd07-e5cf5a9a00db.xml.macaon	418	2	la	le	det	det	_	3	det	_	_
b71c19bb-e6d1-4bdb-bd07-e5cf5a9a00db.xml.macaon	419	3	crise	crise	nc	nc	_	1	obj	_	_
b71c19bb-e6d1-4bdb-bd07-e5cf5a9a00db.xml.macaon	420	4	politique	politique	adj	adj	_	3	mod	_	_
b71c19bb-e6d1-4bdb-bd07-e5cf5a9a00db.xml.macaon	421	5	qui	qui	prorel	prorel	_	12	__JOKER__	_	_
b71c19bb-e6d1-4bdb-bd07-e5cf5a9a00db.xml.macaon	422	6	à	à	prep	prep	_	5	__JOKER__	_	_
b71c19bb-e6d1-4bdb-bd07-e5cf5a9a00db.xml.macaon	423	7	la	le	det	det	_	8	det	_	_
b71c19bb-e6d1-4bdb-bd07-e5cf5a9a00db.xml.macaon	424	8	fin	fin	nc	nc	_	6	obj	_	_
b71c19bb-e6d1-4bdb-bd07-e5cf5a9a00db.xml.macaon	425	9	du	du	prep	prep	_	8	dep	_	_
b71c19bb-e6d1-4bdb-bd07-e5cf5a9a00db.xml.macaon	426	10	IIe	IIe	adj	adj	_	11	mod	_	_
b71c19bb-e6d1-4bdb-bd07-e5cf5a9a00db.xml.macaon	427	11	siècle	siècle	nc	nc	_	9	obj	_	_
b71c19bb-e6d1-4bdb-bd07-e5cf5a9a00db.xml.macaon	428	12	secoue	secouer	v	v	_	_	_	_	_
b71c19bb-e6d1-4bdb-bd07-e5cf5a9a00db.xml.macaon	429	13	l'	le	det	det	_	14	det	_	_
b71c19bb-e6d1-4bdb-bd07-e5cf5a9a00db.xml.macaon	430	14	Empire	Empire	nc	nc	_	12	obj	_	_
b71c19bb-e6d1-4bdb-bd07-e5cf5a9a00db.xml.macaon	431	15	romain	romain	adj	adj	_	14	mod	_	_
b71c19bb-e6d1-4bdb-bd07-e5cf5a9a00db.xml.macaon	432	16	,	,	ponctw	ponctw	_	14	ponct	_	_
b71c19bb-e6d1-4bdb-bd07-e5cf5a9a00db.xml.macaon	433	17	Byzance	Byzance	np	np	_	14	mod	_	_
b71c19bb-e6d1-4bdb-bd07-e5cf5a9a00db.xml.macaon	434	18	est	être	v	v	_	19	aux_tps	_	_
b71c19bb-e6d1-4bdb-bd07-e5cf5a9a00db.xml.macaon	435	19	assiégée	assiéger	vppart	vppart	_	17	mod	_	_
b71c19bb-e6d1-4bdb-bd07-e5cf5a9a00db.xml.macaon	436	20	pendant	pendant	prep	prep	_	19	mod	_	_
b71c19bb-e6d1-4bdb-bd07-e5cf5a9a00db.xml.macaon	437	21	trois	trois	det	det	_	22	det	_	_
b71c19bb-e6d1-4bdb-bd07-e5cf5a9a00db.xml.macaon	438	22	ans	an	nc	nc	_	20	obj	_	_
b71c19bb-e6d1-4bdb-bd07-e5cf5a9a00db.xml.macaon	439	23	par	par	prep	prep	_	19	mod	_	_
b71c19bb-e6d1-4bdb-bd07-e5cf5a9a00db.xml.macaon	440	24	les	le	det	det	_	25	det	_	_
b71c19bb-e6d1-4bdb-bd07-e5cf5a9a00db.xml.macaon	441	25	armées	armée	nc	nc	_	23	obj	_	_
b71c19bb-e6d1-4bdb-bd07-e5cf5a9a00db.xml.macaon	442	26	de#l'	de#l'	prep	prep	_	25	dep	_	_
b71c19bb-e6d1-4bdb-bd07-e5cf5a9a00db.xml.macaon	443	27	empereur	empereur	nc	nc	_	26	obj	_	_
b71c19bb-e6d1-4bdb-bd07-e5cf5a9a00db.xml.macaon	444	28	Septime	Septime	np	np	_	27	mod	_	_
b71c19bb-e6d1-4bdb-bd07-e5cf5a9a00db.xml.macaon	445	29	Sévère	Sévère	np	np	_	28	mod	_	_
b71c19bb-e6d1-4bdb-bd07-e5cf5a9a00db.xml.macaon	446	30	.	.	poncts	poncts	_	12	ponct	_	_

b71c19bb-e6d1-4bdb-bd07-e5cf5a9a00db.xml.macaon	447	1	Celui-ci	celui-ci	pro	pro	_	_	_	_	_
b71c19bb-e6d1-4bdb-bd07-e5cf5a9a00db.xml.macaon	448	2	la	la	clo	clo	_	3	__JOKER__	_	_
b71c19bb-e6d1-4bdb-bd07-e5cf5a9a00db.xml.macaon	449	3	fait	faire	v	v	_	1	mod_rel	_	_
b71c19bb-e6d1-4bdb-bd07-e5cf5a9a00db.xml.macaon	450	4	raser	raser	vinf	vinf	_	3	obj	_	_
b71c19bb-e6d1-4bdb-bd07-e5cf5a9a00db.xml.macaon	451	5	en	en	prep	prep	_	4	mod	_	_
b71c19bb-e6d1-4bdb-bd07-e5cf5a9a00db.xml.macaon	452	6	196	196	nc	nc	_	5	obj	_	_
b71c19bb-e6d1-4bdb-bd07-e5cf5a9a00db.xml.macaon	453	7	.	.	poncts	poncts	_	3	ponct	_	_

b71c19bb-e6d1-4bdb-bd07-e5cf5a9a00db.xml.macaon	454	1	L'	L'	det	det	_	2	det	_	_
b71c19bb-e6d1-4bdb-bd07-e5cf5a9a00db.xml.macaon	455	2	empereur	empereur	nc	nc	_	5	suj	_	_
b71c19bb-e6d1-4bdb-bd07-e5cf5a9a00db.xml.macaon	456	3	Caracalla	Caracalla	np	np	_	2	mod	_	_
b71c19bb-e6d1-4bdb-bd07-e5cf5a9a00db.xml.macaon	457	4	la	la	clo	clo	_	5	__JOKER__	_	_
b71c19bb-e6d1-4bdb-bd07-e5cf5a9a00db.xml.macaon	458	5	fait	faire	v	v	_	_	_	_	_
b71c19bb-e6d1-4bdb-bd07-e5cf5a9a00db.xml.macaon	459	6	renaître	renaître	vinf	vinf	_	5	obj	_	_
b71c19bb-e6d1-4bdb-bd07-e5cf5a9a00db.xml.macaon	460	7	.	.	poncts	poncts	_	5	ponct	_	_

b71c19bb-e6d1-4bdb-bd07-e5cf5a9a00db.xml.macaon	461	1	En	en	prep	prep	_	_	_	_	_
b71c19bb-e6d1-4bdb-bd07-e5cf5a9a00db.xml.macaon	462	2	330	330	nc	nc	_	1	obj	_	_
b71c19bb-e6d1-4bdb-bd07-e5cf5a9a00db.xml.macaon	463	3	,	,	ponctw	ponctw	_	2	ponct	_	_
b71c19bb-e6d1-4bdb-bd07-e5cf5a9a00db.xml.macaon	464	4	soucieux	soucieux	adj	adj	_	2	mod	_	_
b71c19bb-e6d1-4bdb-bd07-e5cf5a9a00db.xml.macaon	465	5	d'	de	prep	prep	_	2	dep	_	_
b71c19bb-e6d1-4bdb-bd07-e5cf5a9a00db.xml.macaon	466	6	être	être	vinf	vinf	_	5	obj	_	_
b71c19bb-e6d1-4bdb-bd07-e5cf5a9a00db.xml.macaon	467	7	plus	plus	adv	adv	_	8	mod	_	_
b71c19bb-e6d1-4bdb-bd07-e5cf5a9a00db.xml.macaon	468	8	près	près	adv	adv	_	6	mod	_	_
b71c19bb-e6d1-4bdb-bd07-e5cf5a9a00db.xml.macaon	469	9	des	des	prep	prep	_	6	mod	_	_
b71c19bb-e6d1-4bdb-bd07-e5cf5a9a00db.xml.macaon	470	10	frontières	frontière	nc	nc	_	9	obj	_	_
b71c19bb-e6d1-4bdb-bd07-e5cf5a9a00db.xml.macaon	471	11	orientales	oriental	adj	adj	_	10	mod	_	_
b71c19bb-e6d1-4bdb-bd07-e5cf5a9a00db.xml.macaon	472	12	de#l'	de#l'	prep	prep	_	17	mod	_	_
b71c19bb-e6d1-4bdb-bd07-e5cf5a9a00db.xml.macaon	473	13	Empire	Empire	nc	nc	_	12	obj	_	_
b71c19bb-e6d1-4bdb-bd07-e5cf5a9a00db.xml.macaon	474	14	romain	romain	adj	adj	_	13	mod	_	_
b71c19bb-e6d1-4bdb-bd07-e5cf5a9a00db.xml.macaon	475	15	qui	qui	prorel	prorel	_	17	suj	_	_
b71c19bb-e6d1-4bdb-bd07-e5cf5a9a00db.xml.macaon	476	16	sont	être	v	v	_	17	aux_tps	_	_
b71c19bb-e6d1-4bdb-bd07-e5cf5a9a00db.xml.macaon	477	17	menacées	menacer	vppart	vppart	_	10	mod_rel	_	_
b71c19bb-e6d1-4bdb-bd07-e5cf5a9a00db.xml.macaon	478	18	par	par	prep	prep	_	17	mod	_	_
b71c19bb-e6d1-4bdb-bd07-e5cf5a9a00db.xml.macaon	479	19	les	le	det	det	_	20	det	_	_
b71c19bb-e6d1-4bdb-bd07-e5cf5a9a00db.xml.macaon	480	20	Perses	perse	nc	nc	_	18	obj	_	_
b71c19bb-e6d1-4bdb-bd07-e5cf5a9a00db.xml.macaon	481	21	et	et	coo	coo	_	17	coord	_	_
b71c19bb-e6d1-4bdb-bd07-e5cf5a9a00db.xml.macaon	482	22	par	par	prep	prep	_	21	dep_coord	_	_
b71c19bb-e6d1-4bdb-bd07-e5cf5a9a00db.xml.macaon	483	23	les	le	det	det	_	24	det	_	_
b71c19bb-e6d1-4bdb-bd07-e5cf5a9a00db.xml.macaon	484	24	Goths	Goths	np	np	_	22	obj	_	_
b71c19bb-e6d1-4bdb-bd07-e5cf5a9a00db.xml.macaon	485	25	,	,	ponctw	ponctw	_	30	ponct	_	_
b71c19bb-e6d1-4bdb-bd07-e5cf5a9a00db.xml.macaon	486	26	l'	le	det	det	_	27	det	_	_
b71c19bb-e6d1-4bdb-bd07-e5cf5a9a00db.xml.macaon	487	27	empereur	empereur	nc	nc	_	30	suj	_	_
b71c19bb-e6d1-4bdb-bd07-e5cf5a9a00db.xml.macaon	488	28	Constantin	Constantin	np	np	_	27	mod	_	_
b71c19bb-e6d1-4bdb-bd07-e5cf5a9a00db.xml.macaon	489	29	y	y	clo	clo	_	30	__JOKER__	_	_
b71c19bb-e6d1-4bdb-bd07-e5cf5a9a00db.xml.macaon	490	30	fixe	fixer	v	v	_	21	dep_coord	_	_
b71c19bb-e6d1-4bdb-bd07-e5cf5a9a00db.xml.macaon	491	31	sa	son	det	det	_	32	det	_	_
b71c19bb-e6d1-4bdb-bd07-e5cf5a9a00db.xml.macaon	492	32	capitale	capitale	nc	nc	_	30	obj	_	_
b71c19bb-e6d1-4bdb-bd07-e5cf5a9a00db.xml.macaon	493	33	,	,	ponctw	ponctw	_	30	ponct	_	_
b71c19bb-e6d1-4bdb-bd07-e5cf5a9a00db.xml.macaon	494	34	et	et	coo	coo	_	30	coord	_	_
b71c19bb-e6d1-4bdb-bd07-e5cf5a9a00db.xml.macaon	495	35	change	changer	v	v	_	34	dep_coord	_	_
b71c19bb-e6d1-4bdb-bd07-e5cf5a9a00db.xml.macaon	496	36	le	le	det	det	_	37	det	_	_	B:Becoming:FE:Entity:G:503
b71c19bb-e6d1-4bdb-bd07-e5cf5a9a00db.xml.macaon	497	37	nom	nom	nc	nc	_	35	obj	_	_	I:Becoming:FE:Entity:G:503
b71c19bb-e6d1-4bdb-bd07-e5cf5a9a00db.xml.macaon	498	38	de	de	prep	prep	_	37	dep	_	_	I:Becoming:FE:Entity:G:503
b71c19bb-e6d1-4bdb-bd07-e5cf5a9a00db.xml.macaon	499	39	la	le	det	det	_	40	det	_	_	I:Becoming:FE:Entity:G:503
b71c19bb-e6d1-4bdb-bd07-e5cf5a9a00db.xml.macaon	500	40	ville	ville	nc	nc	_	38	obj	_	_	I:Becoming:FE:Entity:G:503
b71c19bb-e6d1-4bdb-bd07-e5cf5a9a00db.xml.macaon	501	41	,	,	ponctw	ponctw	_	43	ponct	_	_
b71c19bb-e6d1-4bdb-bd07-e5cf5a9a00db.xml.macaon	502	42	qui	qui	prorel	prorel	_	43	suj	_	_
b71c19bb-e6d1-4bdb-bd07-e5cf5a9a00db.xml.macaon	503	43	devient	devenir	v	v	_	37	mod_rel	_	_	B:Becoming:TARGET:devenir:G:503
b71c19bb-e6d1-4bdb-bd07-e5cf5a9a00db.xml.macaon	504	44	alors	alors	adv	adv	_	45	mod	_	_
b71c19bb-e6d1-4bdb-bd07-e5cf5a9a00db.xml.macaon	505	45	Constantinople	Constantinople	adj	adj	_	43	ats	_	_	B:Becoming:FE:Final_category:G:503
b71c19bb-e6d1-4bdb-bd07-e5cf5a9a00db.xml.macaon	506	46	(	(	ponctw	ponctw	_	43	ponct	_	_
b71c19bb-e6d1-4bdb-bd07-e5cf5a9a00db.xml.macaon	507	47	la	le	det	det	_	48	det	_	_
b71c19bb-e6d1-4bdb-bd07-e5cf5a9a00db.xml.macaon	508	48	ville	ville	nc	nc	_	43	obj	_	_
b71c19bb-e6d1-4bdb-bd07-e5cf5a9a00db.xml.macaon	509	49	-	-	ponctw	ponctw	_	48	ponct	_	_
b71c19bb-e6d1-4bdb-bd07-e5cf5a9a00db.xml.macaon	510	50	polis	poli	nc	nc	_	48	mod	_	_
b71c19bb-e6d1-4bdb-bd07-e5cf5a9a00db.xml.macaon	511	51	,	,	ponctw	ponctw	_	50	ponct	_	_
b71c19bb-e6d1-4bdb-bd07-e5cf5a9a00db.xml.macaon	512	52	en	en	prep	prep	_	50	dep	_	_
b71c19bb-e6d1-4bdb-bd07-e5cf5a9a00db.xml.macaon	513	53	Grec	Grec	np	np	_	52	obj	_	_
b71c19bb-e6d1-4bdb-bd07-e5cf5a9a00db.xml.macaon	514	54	-	-	ponctw	ponctw	_	48	ponct	_	_
b71c19bb-e6d1-4bdb-bd07-e5cf5a9a00db.xml.macaon	515	55	de	de	prep	prep	_	48	dep	_	_
b71c19bb-e6d1-4bdb-bd07-e5cf5a9a00db.xml.macaon	516	56	Constantin	Constantin	np	np	_	55	obj	_	_
b71c19bb-e6d1-4bdb-bd07-e5cf5a9a00db.xml.macaon	517	57	)	)	ponctw	ponctw	_	56	ponct	_	_
b71c19bb-e6d1-4bdb-bd07-e5cf5a9a00db.xml.macaon	518	58	.	.	poncts	poncts	_	10	ponct	_	_

b71c19bb-e6d1-4bdb-bd07-e5cf5a9a00db.xml.macaon	519	1	En	en	prep	prep	_	12	__JOKER__	_	_	B:Becoming:FE:Time:G:531
b71c19bb-e6d1-4bdb-bd07-e5cf5a9a00db.xml.macaon	520	2	395	395	nc	nc	_	1	obj	_	_	I:Becoming:FE:Time:G:531
b71c19bb-e6d1-4bdb-bd07-e5cf5a9a00db.xml.macaon	521	3	,	,	ponctw	ponctw	_	2	ponct	_	_
b71c19bb-e6d1-4bdb-bd07-e5cf5a9a00db.xml.macaon	522	4	au	au	prep	prep	_	2	dep	_	_	B:Becoming:FE:Circumstances:G:531
b71c19bb-e6d1-4bdb-bd07-e5cf5a9a00db.xml.macaon	523	5	moment	moment	nc	nc	_	4	obj	_	_	I:Becoming:FE:Circumstances:G:531
b71c19bb-e6d1-4bdb-bd07-e5cf5a9a00db.xml.macaon	524	6	du	du	prep	prep	_	5	dep	_	_	I:Becoming:FE:Circumstances:G:531
b71c19bb-e6d1-4bdb-bd07-e5cf5a9a00db.xml.macaon	525	7	partage	partage	nc	nc	_	6	obj	_	_	I:Becoming:FE:Circumstances:G:531
b71c19bb-e6d1-4bdb-bd07-e5cf5a9a00db.xml.macaon	526	8	de#l'	de#l'	prep	prep	_	7	dep	_	_	I:Becoming:FE:Circumstances:G:531
b71c19bb-e6d1-4bdb-bd07-e5cf5a9a00db.xml.macaon	527	9	Empire	Empire	nc	nc	_	8	obj	_	_	I:Becoming:FE:Circumstances:G:531
b71c19bb-e6d1-4bdb-bd07-e5cf5a9a00db.xml.macaon	528	10	romain	romain	adj	adj	_	9	mod	_	_	I:Becoming:FE:Circumstances:G:531
b71c19bb-e6d1-4bdb-bd07-e5cf5a9a00db.xml.macaon	529	11	,	,	ponctw	ponctw	_	7	ponct	_	_
b71c19bb-e6d1-4bdb-bd07-e5cf5a9a00db.xml.macaon	530	12	Constantinople	Constantinople	np	np	_	13	suj	_	_	B:Becoming:FE:Entity:G:531
b71c19bb-e6d1-4bdb-bd07-e5cf5a9a00db.xml.macaon	531	13	devient	devenir	v	v	_	_	_	_	_	B:Becoming:TARGET:devenir:G:531
b71c19bb-e6d1-4bdb-bd07-e5cf5a9a00db.xml.macaon	532	14	la	le	det	det	_	15	det	_	_	B:Becoming:FE:Final_category:G:531
b71c19bb-e6d1-4bdb-bd07-e5cf5a9a00db.xml.macaon	533	15	capitale	capitale	nc	nc	_	13	obj	_	_	I:Becoming:FE:Final_category:G:531
b71c19bb-e6d1-4bdb-bd07-e5cf5a9a00db.xml.macaon	534	16	de#l'	de#l'	prep	prep	_	15	dep	_	_	I:Becoming:FE:Final_category:G:531
b71c19bb-e6d1-4bdb-bd07-e5cf5a9a00db.xml.macaon	535	17	Empire	Empire	nc	nc	_	16	obj	_	_	I:Becoming:FE:Final_category:G:531
b71c19bb-e6d1-4bdb-bd07-e5cf5a9a00db.xml.macaon	536	18	romain	romain	adj	adj	_	17	mod	_	_	I:Becoming:FE:Final_category:G:531
b71c19bb-e6d1-4bdb-bd07-e5cf5a9a00db.xml.macaon	537	19	d'	de	prep	prep	_	17	dep	_	_	I:Becoming:FE:Final_category:G:531
b71c19bb-e6d1-4bdb-bd07-e5cf5a9a00db.xml.macaon	538	20	Orient	Orient	np	np	_	19	obj	_	_	I:Becoming:FE:Final_category:G:531
b71c19bb-e6d1-4bdb-bd07-e5cf5a9a00db.xml.macaon	539	21	.	.	poncts	poncts	_	13	ponct	_	_

b71c19bb-e6d1-4bdb-bd07-e5cf5a9a00db.xml.macaon	540	1	Dès	Dès	prep	prep	_	8	mod	_	_
b71c19bb-e6d1-4bdb-bd07-e5cf5a9a00db.xml.macaon	541	2	le	le	det	det	_	3	det	_	_
b71c19bb-e6d1-4bdb-bd07-e5cf5a9a00db.xml.macaon	542	3	Ve	Ve	np	np	_	1	obj	_	_
b71c19bb-e6d1-4bdb-bd07-e5cf5a9a00db.xml.macaon	543	4	siècle	siècle	nc	nc	_	1	obj	_	_
b71c19bb-e6d1-4bdb-bd07-e5cf5a9a00db.xml.macaon	544	5	,	,	ponctw	ponctw	_	8	ponct	_	_
b71c19bb-e6d1-4bdb-bd07-e5cf5a9a00db.xml.macaon	545	6	la	le	det	det	_	7	det	_	_
b71c19bb-e6d1-4bdb-bd07-e5cf5a9a00db.xml.macaon	546	7	ville	ville	nc	nc	_	8	suj	_	_
b71c19bb-e6d1-4bdb-bd07-e5cf5a9a00db.xml.macaon	547	8	avait	avoir	v	v	_	_	_	_	_
b71c19bb-e6d1-4bdb-bd07-e5cf5a9a00db.xml.macaon	548	9	plus#de	plus#de	adv	adv	_	10	mod	_	_
b71c19bb-e6d1-4bdb-bd07-e5cf5a9a00db.xml.macaon	549	10	500#000	500#000	adj	adj	_	11	mod	_	_
b71c19bb-e6d1-4bdb-bd07-e5cf5a9a00db.xml.macaon	550	11	habitants	habitant	nc	nc	_	8	obj	_	_
b71c19bb-e6d1-4bdb-bd07-e5cf5a9a00db.xml.macaon	551	12	.	.	poncts	poncts	_	8	ponct	_	_

b71c19bb-e6d1-4bdb-bd07-e5cf5a9a00db.xml.macaon	552	1	Vikilien	vikilien	nc	nc	_	_	_	_	_
b71c19bb-e6d1-4bdb-bd07-e5cf5a9a00db.xml.macaon	553	2	pour	pour	prep	prep	_	1	dep	_	_
b71c19bb-e6d1-4bdb-bd07-e5cf5a9a00db.xml.macaon	554	3	compléter	compléter	vinf	vinf	_	2	obj	_	_

b71c19bb-e6d1-4bdb-bd07-e5cf5a9a00db.xml.macaon	555	1	Byzance	byzance	nc	nc	_	_	_	_	_
