b75bf66b-f93c-49ff-b6dc-4f4f5d86516e.xml.macaon	0	1	vikidia	vikidia	nc	nc	_	_	_	_	_

b75bf66b-f93c-49ff-b6dc-4f4f5d86516e.xml.macaon	1	1	b75bf66b	b75bf66b	nc	nc	_	_	_	_	_
b75bf66b-f93c-49ff-b6dc-4f4f5d86516e.xml.macaon	2	2	-	-	ponctw	ponctw	_	1	ponct	_	_
b75bf66b-f93c-49ff-b6dc-4f4f5d86516e.xml.macaon	3	3	f93c	f93c	nc	nc	_	1	mod	_	_
b75bf66b-f93c-49ff-b6dc-4f4f5d86516e.xml.macaon	4	4	-	-	ponctw	ponctw	_	3	ponct	_	_
b75bf66b-f93c-49ff-b6dc-4f4f5d86516e.xml.macaon	5	5	49ff	49ff	nc	nc	_	3	mod	_	_
b75bf66b-f93c-49ff-b6dc-4f4f5d86516e.xml.macaon	6	6	-	-	ponctw	ponctw	_	5	ponct	_	_
b75bf66b-f93c-49ff-b6dc-4f4f5d86516e.xml.macaon	7	7	b6dc	b6dc	nc	nc	_	5	mod	_	_
b75bf66b-f93c-49ff-b6dc-4f4f5d86516e.xml.macaon	8	8	-	-	ponctw	ponctw	_	7	ponct	_	_
b75bf66b-f93c-49ff-b6dc-4f4f5d86516e.xml.macaon	9	9	4f4f5d86516e	4f4f5d86516e	nc	nc	_	7	mod	_	_

b75bf66b-f93c-49ff-b6dc-4f4f5d86516e.xml.macaon	10	1	ADDED	ADDED	nc	nc	_	_	_	_	_

b75bf66b-f93c-49ff-b6dc-4f4f5d86516e.xml.macaon	11	1	2016	2016	adj	adj	_	3	mod	_	_
b75bf66b-f93c-49ff-b6dc-4f4f5d86516e.xml.macaon	12	2	-	-	ponctw	ponctw	_	1	ponct	_	_
b75bf66b-f93c-49ff-b6dc-4f4f5d86516e.xml.macaon	13	3	06	06	nc	nc	_	_	_	_	_
b75bf66b-f93c-49ff-b6dc-4f4f5d86516e.xml.macaon	14	4	-	-	ponctw	ponctw	_	3	ponct	_	_
b75bf66b-f93c-49ff-b6dc-4f4f5d86516e.xml.macaon	15	5	15T14	15T14	nc	nc	_	3	mod	_	_
b75bf66b-f93c-49ff-b6dc-4f4f5d86516e.xml.macaon	16	6	:	:	ponctw	ponctw	_	5	ponct	_	_
b75bf66b-f93c-49ff-b6dc-4f4f5d86516e.xml.macaon	17	7	52	52	det	det	_	9	det	_	_
b75bf66b-f93c-49ff-b6dc-4f4f5d86516e.xml.macaon	18	8	:	:	ponctw	ponctw	_	9	ponct	_	_
b75bf66b-f93c-49ff-b6dc-4f4f5d86516e.xml.macaon	19	9	40Z	40Z	nc	nc	_	5	mod	_	_

b75bf66b-f93c-49ff-b6dc-4f4f5d86516e.xml.macaon	20	1	Triumvirat	triumvirat	nc	nc	_	_	_	_	_

b75bf66b-f93c-49ff-b6dc-4f4f5d86516e.xml.macaon	21	1	Un	un	det	det	_	2	det	_	_
b75bf66b-f93c-49ff-b6dc-4f4f5d86516e.xml.macaon	22	2	triumvirat	triumvirat	nc	nc	_	3	suj	_	_
b75bf66b-f93c-49ff-b6dc-4f4f5d86516e.xml.macaon	23	3	est	être	v	v	_	_	_	_	_
b75bf66b-f93c-49ff-b6dc-4f4f5d86516e.xml.macaon	24	4	l'	le	det	det	_	5	det	_	_
b75bf66b-f93c-49ff-b6dc-4f4f5d86516e.xml.macaon	25	5	association	association	nc	nc	_	3	obj	_	_
b75bf66b-f93c-49ff-b6dc-4f4f5d86516e.xml.macaon	26	6	de	de	prep	prep	_	5	dep	_	_
b75bf66b-f93c-49ff-b6dc-4f4f5d86516e.xml.macaon	27	7	trois	trois	det	det	_	8	det	_	_
b75bf66b-f93c-49ff-b6dc-4f4f5d86516e.xml.macaon	28	8	hommes	homme	nc	nc	_	6	obj	_	_
b75bf66b-f93c-49ff-b6dc-4f4f5d86516e.xml.macaon	29	9	politiques	politique	adj	adj	_	8	mod	_	_
b75bf66b-f93c-49ff-b6dc-4f4f5d86516e.xml.macaon	30	10	romains	romain	nc	nc	_	6	obj	_	_
b75bf66b-f93c-49ff-b6dc-4f4f5d86516e.xml.macaon	31	11	qui	qui	prorel	prorel	_	13	suj	_	_
b75bf66b-f93c-49ff-b6dc-4f4f5d86516e.xml.macaon	32	12	se	se	clr	clr	_	13	aff	_	_
b75bf66b-f93c-49ff-b6dc-4f4f5d86516e.xml.macaon	33	13	partagent	partager	v	v	_	10	mod_rel	_	_
b75bf66b-f93c-49ff-b6dc-4f4f5d86516e.xml.macaon	34	14	le	le	det	det	_	15	det	_	_
b75bf66b-f93c-49ff-b6dc-4f4f5d86516e.xml.macaon	35	15	pouvoir	pouvoir	nc	nc	_	13	obj	_	_
b75bf66b-f93c-49ff-b6dc-4f4f5d86516e.xml.macaon	36	16	pour	pour	prep	prep	_	15	dep	_	_
b75bf66b-f93c-49ff-b6dc-4f4f5d86516e.xml.macaon	37	17	régner	régner	vinf	vinf	_	16	obj	_	_
b75bf66b-f93c-49ff-b6dc-4f4f5d86516e.xml.macaon	38	18	,	,	ponctw	ponctw	_	17	ponct	_	_
b75bf66b-f93c-49ff-b6dc-4f4f5d86516e.xml.macaon	39	19	en	en	prep	prep	_	17	mod	_	_
b75bf66b-f93c-49ff-b6dc-4f4f5d86516e.xml.macaon	40	20	tenant	tenir	vprespart	vprespart	_	19	__JOKER__	_	_
b75bf66b-f93c-49ff-b6dc-4f4f5d86516e.xml.macaon	41	21	à	à	prep	prep	_	20	mod	_	_
b75bf66b-f93c-49ff-b6dc-4f4f5d86516e.xml.macaon	42	22	l'	le	det	det	_	23	det	_	_
b75bf66b-f93c-49ff-b6dc-4f4f5d86516e.xml.macaon	43	23	écart	écart	nc	nc	_	21	obj	_	_
b75bf66b-f93c-49ff-b6dc-4f4f5d86516e.xml.macaon	44	24	les	le	det	det	_	25	det	_	_
b75bf66b-f93c-49ff-b6dc-4f4f5d86516e.xml.macaon	45	25	institutions	institution	nc	nc	_	20	obj	_	_
b75bf66b-f93c-49ff-b6dc-4f4f5d86516e.xml.macaon	46	26	régulières	régulier	adj	adj	_	25	mod	_	_
b75bf66b-f93c-49ff-b6dc-4f4f5d86516e.xml.macaon	47	27	de	de	prep	prep	_	25	dep	_	_
b75bf66b-f93c-49ff-b6dc-4f4f5d86516e.xml.macaon	48	28	la	le	det	det	_	29	det	_	_
b75bf66b-f93c-49ff-b6dc-4f4f5d86516e.xml.macaon	49	29	République	République	nc	nc	_	27	obj	_	_
b75bf66b-f93c-49ff-b6dc-4f4f5d86516e.xml.macaon	50	30	romaine	romain	adj	adj	_	29	mod	_	_
b75bf66b-f93c-49ff-b6dc-4f4f5d86516e.xml.macaon	51	31	.	.	poncts	poncts	_	3	__JOKER__	_	_

b75bf66b-f93c-49ff-b6dc-4f4f5d86516e.xml.macaon	52	1	Antiquité	antiquité	nc	nc	_	_	_	_	_

b75bf66b-f93c-49ff-b6dc-4f4f5d86516e.xml.macaon	53	1	Triumvirat	triumvirat	nc	nc	_	_	_	_	_

b75bf66b-f93c-49ff-b6dc-4f4f5d86516e.xml.macaon	54	1	Un	un	det	det	_	2	det	_	_
b75bf66b-f93c-49ff-b6dc-4f4f5d86516e.xml.macaon	55	2	triumvirat	triumvirat	nc	nc	_	3	suj	_	_
b75bf66b-f93c-49ff-b6dc-4f4f5d86516e.xml.macaon	56	3	est	être	v	v	_	_	_	_	_
b75bf66b-f93c-49ff-b6dc-4f4f5d86516e.xml.macaon	57	4	l'	le	det	det	_	5	det	_	_
b75bf66b-f93c-49ff-b6dc-4f4f5d86516e.xml.macaon	58	5	association	association	nc	nc	_	3	obj	_	_
b75bf66b-f93c-49ff-b6dc-4f4f5d86516e.xml.macaon	59	6	de	de	prep	prep	_	5	dep	_	_
b75bf66b-f93c-49ff-b6dc-4f4f5d86516e.xml.macaon	60	7	trois	trois	det	det	_	8	det	_	_
b75bf66b-f93c-49ff-b6dc-4f4f5d86516e.xml.macaon	61	8	hommes	homme	nc	nc	_	6	obj	_	_
b75bf66b-f93c-49ff-b6dc-4f4f5d86516e.xml.macaon	62	9	politiques	politique	adj	adj	_	8	mod	_	_
b75bf66b-f93c-49ff-b6dc-4f4f5d86516e.xml.macaon	63	10	romains	romain	nc	nc	_	6	obj	_	_
b75bf66b-f93c-49ff-b6dc-4f4f5d86516e.xml.macaon	64	11	qui	qui	prorel	prorel	_	13	suj	_	_
b75bf66b-f93c-49ff-b6dc-4f4f5d86516e.xml.macaon	65	12	se	se	clr	clr	_	13	aff	_	_
b75bf66b-f93c-49ff-b6dc-4f4f5d86516e.xml.macaon	66	13	partagent	partager	v	v	_	10	mod_rel	_	_
b75bf66b-f93c-49ff-b6dc-4f4f5d86516e.xml.macaon	67	14	le	le	det	det	_	15	det	_	_
b75bf66b-f93c-49ff-b6dc-4f4f5d86516e.xml.macaon	68	15	pouvoir	pouvoir	nc	nc	_	13	obj	_	_
b75bf66b-f93c-49ff-b6dc-4f4f5d86516e.xml.macaon	69	16	pour	pour	prep	prep	_	15	dep	_	_
b75bf66b-f93c-49ff-b6dc-4f4f5d86516e.xml.macaon	70	17	régner	régner	vinf	vinf	_	16	obj	_	_
b75bf66b-f93c-49ff-b6dc-4f4f5d86516e.xml.macaon	71	18	,	,	ponctw	ponctw	_	17	ponct	_	_
b75bf66b-f93c-49ff-b6dc-4f4f5d86516e.xml.macaon	72	19	en	en	prep	prep	_	17	mod	_	_
b75bf66b-f93c-49ff-b6dc-4f4f5d86516e.xml.macaon	73	20	tenant	tenir	vprespart	vprespart	_	19	__JOKER__	_	_
b75bf66b-f93c-49ff-b6dc-4f4f5d86516e.xml.macaon	74	21	à	à	prep	prep	_	20	mod	_	_
b75bf66b-f93c-49ff-b6dc-4f4f5d86516e.xml.macaon	75	22	l'	le	det	det	_	23	det	_	_
b75bf66b-f93c-49ff-b6dc-4f4f5d86516e.xml.macaon	76	23	écart	écart	nc	nc	_	21	obj	_	_
b75bf66b-f93c-49ff-b6dc-4f4f5d86516e.xml.macaon	77	24	les	le	det	det	_	25	det	_	_
b75bf66b-f93c-49ff-b6dc-4f4f5d86516e.xml.macaon	78	25	institutions	institution	nc	nc	_	20	obj	_	_
b75bf66b-f93c-49ff-b6dc-4f4f5d86516e.xml.macaon	79	26	régulières	régulier	adj	adj	_	25	mod	_	_
b75bf66b-f93c-49ff-b6dc-4f4f5d86516e.xml.macaon	80	27	de	de	prep	prep	_	25	dep	_	_
b75bf66b-f93c-49ff-b6dc-4f4f5d86516e.xml.macaon	81	28	la	le	det	det	_	29	det	_	_
b75bf66b-f93c-49ff-b6dc-4f4f5d86516e.xml.macaon	82	29	République	République	nc	nc	_	27	obj	_	_
b75bf66b-f93c-49ff-b6dc-4f4f5d86516e.xml.macaon	83	30	romaine	romain	adj	adj	_	29	mod	_	_
b75bf66b-f93c-49ff-b6dc-4f4f5d86516e.xml.macaon	84	31	.	.	poncts	poncts	_	3	__JOKER__	_	_

b75bf66b-f93c-49ff-b6dc-4f4f5d86516e.xml.macaon	85	1	En	en	prep	prep	_	_	_	_	_
b75bf66b-f93c-49ff-b6dc-4f4f5d86516e.xml.macaon	86	2	latin	latin	nc	nc	_	1	obj	_	_
b75bf66b-f93c-49ff-b6dc-4f4f5d86516e.xml.macaon	87	3	:	:	ponctw	ponctw	_	2	ponct	_	_

b75bf66b-f93c-49ff-b6dc-4f4f5d86516e.xml.macaon	88	1	"	"	ponctw	ponctw	_	4	ponct	_	_
b75bf66b-f93c-49ff-b6dc-4f4f5d86516e.xml.macaon	89	2	tri	tri	nc	nc	_	4	suj	_	_
b75bf66b-f93c-49ff-b6dc-4f4f5d86516e.xml.macaon	90	3	"	"	ponctw	ponctw	_	4	ponct	_	_
b75bf66b-f93c-49ff-b6dc-4f4f5d86516e.xml.macaon	91	4	signifie	signifier	v	v	_	_	_	_	_
b75bf66b-f93c-49ff-b6dc-4f4f5d86516e.xml.macaon	92	5	"	"	ponctw	ponctw	_	4	ponct	_	_
b75bf66b-f93c-49ff-b6dc-4f4f5d86516e.xml.macaon	93	6	trois	trois	adj	adj	_	4	ats	_	_
b75bf66b-f93c-49ff-b6dc-4f4f5d86516e.xml.macaon	94	7	"	"	ponctw	ponctw	_	4	ponct	_	_
b75bf66b-f93c-49ff-b6dc-4f4f5d86516e.xml.macaon	95	8	"	"	ponctw	ponctw	_	4	ponct	_	_
b75bf66b-f93c-49ff-b6dc-4f4f5d86516e.xml.macaon	96	9	vir	vir	vinf	vinf	_	4	obj	_	_
b75bf66b-f93c-49ff-b6dc-4f4f5d86516e.xml.macaon	97	10	"	"	ponctw	ponctw	_	11	ponct	_	_
b75bf66b-f93c-49ff-b6dc-4f4f5d86516e.xml.macaon	98	11	signifie	signifier	v	v	_	4	mod	_	_
b75bf66b-f93c-49ff-b6dc-4f4f5d86516e.xml.macaon	99	12	"	"	ponctw	ponctw	_	11	ponct	_	_
b75bf66b-f93c-49ff-b6dc-4f4f5d86516e.xml.macaon	100	13	homme	homme	nc	nc	_	11	obj	_	_
b75bf66b-f93c-49ff-b6dc-4f4f5d86516e.xml.macaon	101	14	"	"	ponctw	ponctw	_	13	ponct	_	_

b75bf66b-f93c-49ff-b6dc-4f4f5d86516e.xml.macaon	102	1	Premier	premier	adj	adj	_	2	mod	_	_
b75bf66b-f93c-49ff-b6dc-4f4f5d86516e.xml.macaon	103	2	triumvirat	triumvirat	nc	nc	_	_	_	_	_

b75bf66b-f93c-49ff-b6dc-4f4f5d86516e.xml.macaon	104	1	Le	le	det	det	_	3	det	_	_
b75bf66b-f93c-49ff-b6dc-4f4f5d86516e.xml.macaon	105	2	premier	premier	adj	adj	_	3	mod	_	_
b75bf66b-f93c-49ff-b6dc-4f4f5d86516e.xml.macaon	106	3	triumvirat	triumvirat	nc	nc	_	5	suj	_	_
b75bf66b-f93c-49ff-b6dc-4f4f5d86516e.xml.macaon	107	4	est	être	v	v	_	5	aux_tps	_	_
b75bf66b-f93c-49ff-b6dc-4f4f5d86516e.xml.macaon	108	5	composé	composer	vppart	vppart	_	_	_	_	_
b75bf66b-f93c-49ff-b6dc-4f4f5d86516e.xml.macaon	109	6	de	de	prep	prep	_	5	de_obj	_	_
b75bf66b-f93c-49ff-b6dc-4f4f5d86516e.xml.macaon	110	7	:	:	ponctw	ponctw	_	6	ponct	_	_
b75bf66b-f93c-49ff-b6dc-4f4f5d86516e.xml.macaon	111	8	Pompée	Pompée	np	np	_	6	obj	_	_
b75bf66b-f93c-49ff-b6dc-4f4f5d86516e.xml.macaon	112	9	,	,	ponctw	ponctw	_	8	ponct	_	_
b75bf66b-f93c-49ff-b6dc-4f4f5d86516e.xml.macaon	113	10	Crassus	Crassus	np	np	_	8	mod	_	_
b75bf66b-f93c-49ff-b6dc-4f4f5d86516e.xml.macaon	114	11	et	et	coo	coo	_	10	coord	_	_
b75bf66b-f93c-49ff-b6dc-4f4f5d86516e.xml.macaon	115	12	Jules	Jules	np	np	_	11	dep_coord	_	_
b75bf66b-f93c-49ff-b6dc-4f4f5d86516e.xml.macaon	116	13	César	César	np	np	_	12	mod	_	_
b75bf66b-f93c-49ff-b6dc-4f4f5d86516e.xml.macaon	117	14	qui	qui	prorel	prorel	_	16	suj	_	_
b75bf66b-f93c-49ff-b6dc-4f4f5d86516e.xml.macaon	118	15	s'	s'	clo	clo	_	16	__JOKER__	_	_
b75bf66b-f93c-49ff-b6dc-4f4f5d86516e.xml.macaon	119	16	associent	associer	v	v	_	11	dep_coord	_	_
b75bf66b-f93c-49ff-b6dc-4f4f5d86516e.xml.macaon	120	17	en	en	prep	prep	_	16	mod	_	_
b75bf66b-f93c-49ff-b6dc-4f4f5d86516e.xml.macaon	121	18	60	60	det	det	_	19	det	_	_
b75bf66b-f93c-49ff-b6dc-4f4f5d86516e.xml.macaon	122	19	av	av	nc	nc	_	17	obj	_	_
b75bf66b-f93c-49ff-b6dc-4f4f5d86516e.xml.macaon	123	20	J.C.	J.C.	np	np	_	17	obj	_	_

b75bf66b-f93c-49ff-b6dc-4f4f5d86516e.xml.macaon	124	1	L'	L'	det	det	_	2	det	_	_
b75bf66b-f93c-49ff-b6dc-4f4f5d86516e.xml.macaon	125	2	association	association	nc	nc	_	4	suj	_	_
b75bf66b-f93c-49ff-b6dc-4f4f5d86516e.xml.macaon	126	3	est	être	v	v	_	4	aux_tps	_	_
b75bf66b-f93c-49ff-b6dc-4f4f5d86516e.xml.macaon	127	4	scellée	sceller	vppart	vppart	_	_	_	_	_
b75bf66b-f93c-49ff-b6dc-4f4f5d86516e.xml.macaon	128	5	par	par	prep	prep	_	4	mod	_	_
b75bf66b-f93c-49ff-b6dc-4f4f5d86516e.xml.macaon	129	6	le	le	det	det	_	7	det	_	_
b75bf66b-f93c-49ff-b6dc-4f4f5d86516e.xml.macaon	130	7	mariage	mariage	nc	nc	_	5	obj	_	_
b75bf66b-f93c-49ff-b6dc-4f4f5d86516e.xml.macaon	131	8	de	de	prep	prep	_	7	dep	_	_
b75bf66b-f93c-49ff-b6dc-4f4f5d86516e.xml.macaon	132	9	Pompée	Pompée	np	np	_	8	obj	_	_
b75bf66b-f93c-49ff-b6dc-4f4f5d86516e.xml.macaon	133	10	avec	avec	prep	prep	_	4	mod	_	_
b75bf66b-f93c-49ff-b6dc-4f4f5d86516e.xml.macaon	134	11	Julia	Julia	np	np	_	10	obj	_	_
b75bf66b-f93c-49ff-b6dc-4f4f5d86516e.xml.macaon	135	12	,	,	ponctw	ponctw	_	11	ponct	_	_
b75bf66b-f93c-49ff-b6dc-4f4f5d86516e.xml.macaon	136	13	enfant	enfant	nc	nc	_	10	obj	_	_
b75bf66b-f93c-49ff-b6dc-4f4f5d86516e.xml.macaon	137	14	unique	unique	adj	adj	_	13	mod	_	_
b75bf66b-f93c-49ff-b6dc-4f4f5d86516e.xml.macaon	138	15	de	de	prep	prep	_	13	dep	_	_
b75bf66b-f93c-49ff-b6dc-4f4f5d86516e.xml.macaon	139	16	César	César	np	np	_	15	obj	_	_
b75bf66b-f93c-49ff-b6dc-4f4f5d86516e.xml.macaon	140	17	.	.	poncts	poncts	_	4	ponct	_	_

b75bf66b-f93c-49ff-b6dc-4f4f5d86516e.xml.macaon	141	1	Cette	cette	det	det	_	2	det	_	_
b75bf66b-f93c-49ff-b6dc-4f4f5d86516e.xml.macaon	142	2	association	association	nc	nc	_	3	suj	_	_
b75bf66b-f93c-49ff-b6dc-4f4f5d86516e.xml.macaon	143	3	permet	permettre	v	v	_	_	_	_	_
b75bf66b-f93c-49ff-b6dc-4f4f5d86516e.xml.macaon	144	4	à	à	prep	prep	_	3	a_obj	_	_
b75bf66b-f93c-49ff-b6dc-4f4f5d86516e.xml.macaon	145	5	Pompée	Pompée	np	np	_	4	obj	_	_
b75bf66b-f93c-49ff-b6dc-4f4f5d86516e.xml.macaon	146	6	de	de	prep	prep	_	3	obj	_	_
b75bf66b-f93c-49ff-b6dc-4f4f5d86516e.xml.macaon	147	7	contourner	contourner	vinf	vinf	_	6	obj	_	_
b75bf66b-f93c-49ff-b6dc-4f4f5d86516e.xml.macaon	148	8	l'	le	det	det	_	9	det	_	_
b75bf66b-f93c-49ff-b6dc-4f4f5d86516e.xml.macaon	149	9	opposition	opposition	nc	nc	_	7	obj	_	_
b75bf66b-f93c-49ff-b6dc-4f4f5d86516e.xml.macaon	150	10	du	du	prep	prep	_	7	mod	_	_
b75bf66b-f93c-49ff-b6dc-4f4f5d86516e.xml.macaon	151	11	Sénat	Sénat	nc	nc	_	10	obj	_	_
b75bf66b-f93c-49ff-b6dc-4f4f5d86516e.xml.macaon	152	12	romain	romain	adj	adj	_	11	mod	_	_
b75bf66b-f93c-49ff-b6dc-4f4f5d86516e.xml.macaon	153	13	à	à	prep	prep	_	7	a_obj	_	_
b75bf66b-f93c-49ff-b6dc-4f4f5d86516e.xml.macaon	154	14	son	son	det	det	_	15	det	_	_
b75bf66b-f93c-49ff-b6dc-4f4f5d86516e.xml.macaon	155	15	projet	projet	nc	nc	_	13	obj	_	_
b75bf66b-f93c-49ff-b6dc-4f4f5d86516e.xml.macaon	156	16	de	de	prep	prep	_	15	dep	_	_
b75bf66b-f93c-49ff-b6dc-4f4f5d86516e.xml.macaon	157	17	récompenser	récompenser	vinf	vinf	_	16	obj	_	_
b75bf66b-f93c-49ff-b6dc-4f4f5d86516e.xml.macaon	158	18	par	par	prep	prep	_	17	p_obj	_	_
b75bf66b-f93c-49ff-b6dc-4f4f5d86516e.xml.macaon	159	19	des	un	det	det	_	20	det	_	_
b75bf66b-f93c-49ff-b6dc-4f4f5d86516e.xml.macaon	160	20	distributions	distribution	nc	nc	_	18	obj	_	_
b75bf66b-f93c-49ff-b6dc-4f4f5d86516e.xml.macaon	161	21	de	de	prep	prep	_	20	dep	_	_
b75bf66b-f93c-49ff-b6dc-4f4f5d86516e.xml.macaon	162	22	terres	terre	nc	nc	_	21	obj	_	_
b75bf66b-f93c-49ff-b6dc-4f4f5d86516e.xml.macaon	163	23	ses	son	det	det	_	24	det	_	_
b75bf66b-f93c-49ff-b6dc-4f4f5d86516e.xml.macaon	164	24	soldats	soldat	nc	nc	_	17	obj	_	_
b75bf66b-f93c-49ff-b6dc-4f4f5d86516e.xml.macaon	165	25	démobilisés	démobiliser	vppart	vppart	_	24	mod	_	_
b75bf66b-f93c-49ff-b6dc-4f4f5d86516e.xml.macaon	166	26	.	.	poncts	poncts	_	3	ponct	_	_

b75bf66b-f93c-49ff-b6dc-4f4f5d86516e.xml.macaon	167	1	Il	il	cln	cln	_	3	suj	_	_	B:Assistance:FE:Benefited_party:G:178
b75bf66b-f93c-49ff-b6dc-4f4f5d86516e.xml.macaon	168	2	s'	s'	clr	clr	_	3	aff	_	_
b75bf66b-f93c-49ff-b6dc-4f4f5d86516e.xml.macaon	169	3	assure	assurer	v	v	_	_	_	_	_
b75bf66b-f93c-49ff-b6dc-4f4f5d86516e.xml.macaon	170	4	ainsi	ainsi	adv	adv	_	3	mod	_	_
b75bf66b-f93c-49ff-b6dc-4f4f5d86516e.xml.macaon	171	5	la	le	det	det	_	6	det	_	_
b75bf66b-f93c-49ff-b6dc-4f4f5d86516e.xml.macaon	172	6	fidélité	fidélité	nc	nc	_	3	obj	_	_
b75bf66b-f93c-49ff-b6dc-4f4f5d86516e.xml.macaon	173	7	de	de	prep	prep	_	6	dep	_	_
b75bf66b-f93c-49ff-b6dc-4f4f5d86516e.xml.macaon	174	8	soldats	soldat	nc	nc	_	7	obj	_	_	B:Assistance:FE:Helper:G:178
b75bf66b-f93c-49ff-b6dc-4f4f5d86516e.xml.macaon	175	9	qui	qui	prorel	prorel	_	10	suj	_	_
b75bf66b-f93c-49ff-b6dc-4f4f5d86516e.xml.macaon	176	10	pourront	pouvoir	v	v	_	8	mod_rel	_	_
b75bf66b-f93c-49ff-b6dc-4f4f5d86516e.xml.macaon	177	11	le	le	clo	clo	_	12	__JOKER__	_	_	B:Assistance:FE:Benefited_party:G:178
b75bf66b-f93c-49ff-b6dc-4f4f5d86516e.xml.macaon	178	12	soutenir	soutenir	vinf	vinf	_	10	obj	_	_	B:Assistance:TARGET:soutenir:G:178
b75bf66b-f93c-49ff-b6dc-4f4f5d86516e.xml.macaon	179	13	dans	dans	prep	prep	_	12	mod	_	_	B:Assistance:FE:Purpose:G:178
b75bf66b-f93c-49ff-b6dc-4f4f5d86516e.xml.macaon	180	14	ses	son	det	det	_	15	det	_	_	I:Assistance:FE:Purpose:G:178
b75bf66b-f93c-49ff-b6dc-4f4f5d86516e.xml.macaon	181	15	ambitions	ambition	nc	nc	_	13	obj	_	_	I:Assistance:FE:Purpose:G:178
b75bf66b-f93c-49ff-b6dc-4f4f5d86516e.xml.macaon	182	16	politiques	politique	adj	adj	_	15	mod	_	_	I:Assistance:FE:Purpose:G:178
b75bf66b-f93c-49ff-b6dc-4f4f5d86516e.xml.macaon	183	17	.	.	poncts	poncts	_	3	ponct	_	_

b75bf66b-f93c-49ff-b6dc-4f4f5d86516e.xml.macaon	184	1	Jules	Jules	np	np	_	11	__JOKER__	_	_	B:Assistance:FE:Benefited_party:G:189	B:Change_of_leadership:FE:New_leader:G:194
b75bf66b-f93c-49ff-b6dc-4f4f5d86516e.xml.macaon	185	2	César	César	np	np	_	1	mod	_	_	I:Assistance:FE:Benefited_party:G:189	I:Change_of_leadership:FE:New_leader:G:194
b75bf66b-f93c-49ff-b6dc-4f4f5d86516e.xml.macaon	186	3	,	,	ponctw	ponctw	_	2	ponct	_	_
b75bf66b-f93c-49ff-b6dc-4f4f5d86516e.xml.macaon	187	4	grâce	grâce	nc	nc	_	2	mod	_	_	B:Change_of_leadership:FE:Means:G:194
b75bf66b-f93c-49ff-b6dc-4f4f5d86516e.xml.macaon	188	5	au	au	prep	prep	_	4	dep	_	_	I:Change_of_leadership:FE:Means:G:194
b75bf66b-f93c-49ff-b6dc-4f4f5d86516e.xml.macaon	189	6	soutien	soutien	nc	nc	_	5	obj	_	_	B:Assistance:TARGET:soutien:G:189	I:Change_of_leadership:FE:Means:G:194
b75bf66b-f93c-49ff-b6dc-4f4f5d86516e.xml.macaon	190	7	financier	financier	adj	adj	_	6	mod	_	_	B:Assistance:FE:Means:G:189	I:Change_of_leadership:FE:Means:G:194
b75bf66b-f93c-49ff-b6dc-4f4f5d86516e.xml.macaon	191	8	de	de	prep	prep	_	6	dep	_	_	B:Assistance:FE:Helper:G:189	I:Change_of_leadership:FE:Means:G:194
b75bf66b-f93c-49ff-b6dc-4f4f5d86516e.xml.macaon	192	9	Crassus	Crassus	np	np	_	8	obj	_	_	I:Assistance:FE:Helper:G:189	I:Change_of_leadership:FE:Means:G:194
b75bf66b-f93c-49ff-b6dc-4f4f5d86516e.xml.macaon	193	10	est	être	v	v	_	11	aux_tps	_	_
b75bf66b-f93c-49ff-b6dc-4f4f5d86516e.xml.macaon	194	11	élu	élire	vppart	vppart	_	_	_	_	_	B:Assistance:FE:Purpose:G:189	B:Change_of_leadership:TARGET:élire:G:194
b75bf66b-f93c-49ff-b6dc-4f4f5d86516e.xml.macaon	195	12	au	au	prep	prep	_	11	mod	_	_	I:Assistance:FE:Purpose:G:189	B:Change_of_leadership:FE:Place:G:194
b75bf66b-f93c-49ff-b6dc-4f4f5d86516e.xml.macaon	196	13	consulat	consulat	nc	nc	_	12	obj	_	_	I:Assistance:FE:Purpose:G:189	I:Change_of_leadership:FE:Place:G:194
b75bf66b-f93c-49ff-b6dc-4f4f5d86516e.xml.macaon	197	14	,	,	ponctw	ponctw	_	13	ponct	_	_
b75bf66b-f93c-49ff-b6dc-4f4f5d86516e.xml.macaon	198	15	étape	étape	nc	nc	_	13	mod	_	_
b75bf66b-f93c-49ff-b6dc-4f4f5d86516e.xml.macaon	199	16	nécessaire	nécessaire	adj	adj	_	15	mod	_	_
b75bf66b-f93c-49ff-b6dc-4f4f5d86516e.xml.macaon	200	17	vers	vers	prep	prep	_	15	dep	_	_
b75bf66b-f93c-49ff-b6dc-4f4f5d86516e.xml.macaon	201	18	un	un	det	det	_	19	det	_	_
b75bf66b-f93c-49ff-b6dc-4f4f5d86516e.xml.macaon	202	19	proconsulat	proconsulat	nc	nc	_	17	obj	_	_
b75bf66b-f93c-49ff-b6dc-4f4f5d86516e.xml.macaon	203	20	en	en	prep	prep	_	19	dep	_	_
b75bf66b-f93c-49ff-b6dc-4f4f5d86516e.xml.macaon	204	21	Gaule	Gaule	np	np	_	20	obj	_	_
b75bf66b-f93c-49ff-b6dc-4f4f5d86516e.xml.macaon	205	22	.	.	poncts	poncts	_	11	ponct	_	_

b75bf66b-f93c-49ff-b6dc-4f4f5d86516e.xml.macaon	206	1	Ce	ce	det	det	_	2	det	_	_
b75bf66b-f93c-49ff-b6dc-4f4f5d86516e.xml.macaon	207	2	proconsulat	proconsulat	nc	nc	_	8	suj	_	_
b75bf66b-f93c-49ff-b6dc-4f4f5d86516e.xml.macaon	208	3	,	,	ponctw	ponctw	_	8	ponct	_	_
b75bf66b-f93c-49ff-b6dc-4f4f5d86516e.xml.macaon	209	4	à	à	prep	prep	_	8	mod	_	_
b75bf66b-f93c-49ff-b6dc-4f4f5d86516e.xml.macaon	210	5	but	but	nc	nc	_	4	obj	_	_
b75bf66b-f93c-49ff-b6dc-4f4f5d86516e.xml.macaon	211	6	guerrier	guerrier	adj	adj	_	5	mod	_	_
b75bf66b-f93c-49ff-b6dc-4f4f5d86516e.xml.macaon	212	7	,	,	ponctw	ponctw	_	8	ponct	_	_
b75bf66b-f93c-49ff-b6dc-4f4f5d86516e.xml.macaon	213	8	doit	devoir	v	v	_	_	_	_	_
b75bf66b-f93c-49ff-b6dc-4f4f5d86516e.xml.macaon	214	9	lui	lui	clo	clo	_	10	__JOKER__	_	_
b75bf66b-f93c-49ff-b6dc-4f4f5d86516e.xml.macaon	215	10	permettre	permettre	vinf	vinf	_	8	obj	_	_
b75bf66b-f93c-49ff-b6dc-4f4f5d86516e.xml.macaon	216	11	d'	de	prep	prep	_	10	obj	_	_
b75bf66b-f93c-49ff-b6dc-4f4f5d86516e.xml.macaon	217	12	acquérir	acquérir	vinf	vinf	_	11	obj	_	_
b75bf66b-f93c-49ff-b6dc-4f4f5d86516e.xml.macaon	218	13	la	le	det	det	_	14	det	_	_
b75bf66b-f93c-49ff-b6dc-4f4f5d86516e.xml.macaon	219	14	gloire	gloire	nc	nc	_	12	obj	_	_
b75bf66b-f93c-49ff-b6dc-4f4f5d86516e.xml.macaon	220	15	du	du	prep	prep	_	12	mod	_	_
b75bf66b-f93c-49ff-b6dc-4f4f5d86516e.xml.macaon	221	16	soldat	soldat	nc	nc	_	15	obj	_	_
b75bf66b-f93c-49ff-b6dc-4f4f5d86516e.xml.macaon	222	17	vainqueur	vainqueur	nc	nc	_	16	mod	_	_
b75bf66b-f93c-49ff-b6dc-4f4f5d86516e.xml.macaon	223	18	(	(	ponctw	ponctw	_	16	ponct	_	_
b75bf66b-f93c-49ff-b6dc-4f4f5d86516e.xml.macaon	224	19	comme	comme	prep	prep	_	12	mod	_	_
b75bf66b-f93c-49ff-b6dc-4f4f5d86516e.xml.macaon	225	20	celle	celui	pro	pro	_	19	obj	_	_
b75bf66b-f93c-49ff-b6dc-4f4f5d86516e.xml.macaon	226	21	de	de	prep	prep	_	20	dep	_	_
b75bf66b-f93c-49ff-b6dc-4f4f5d86516e.xml.macaon	227	22	Pompée	Pompée	np	np	_	21	obj	_	_
b75bf66b-f93c-49ff-b6dc-4f4f5d86516e.xml.macaon	228	23	)	)	ponctw	ponctw	_	22	ponct	_	_
b75bf66b-f93c-49ff-b6dc-4f4f5d86516e.xml.macaon	229	24	et	et	coo	coo	_	22	coord	_	_
b75bf66b-f93c-49ff-b6dc-4f4f5d86516e.xml.macaon	230	25	la	le	det	det	_	26	det	_	_	B:Creating:FE:Created_entity:G:238
b75bf66b-f93c-49ff-b6dc-4f4f5d86516e.xml.macaon	231	26	richesse	richesse	nc	nc	_	24	dep_coord	_	_	I:Creating:FE:Created_entity:G:238
b75bf66b-f93c-49ff-b6dc-4f4f5d86516e.xml.macaon	232	27	(	(	ponctw	ponctw	_	26	ponct	_	_
b75bf66b-f93c-49ff-b6dc-4f4f5d86516e.xml.macaon	233	28	comme	comme	prep	prep	_	33	mod	_	_
b75bf66b-f93c-49ff-b6dc-4f4f5d86516e.xml.macaon	234	29	celle	celui	pro	pro	_	28	obj	_	_
b75bf66b-f93c-49ff-b6dc-4f4f5d86516e.xml.macaon	235	30	de	de	prep	prep	_	29	dep	_	_
b75bf66b-f93c-49ff-b6dc-4f4f5d86516e.xml.macaon	236	31	Crassus	Crassus	np	np	_	30	obj	_	_
b75bf66b-f93c-49ff-b6dc-4f4f5d86516e.xml.macaon	237	32	)	)	ponctw	ponctw	_	31	ponct	_	_
b75bf66b-f93c-49ff-b6dc-4f4f5d86516e.xml.macaon	238	33	réalisée	réaliser	vppart	vppart	_	26	mod	_	_	B:Creating:TARGET:réaliser:G:238
b75bf66b-f93c-49ff-b6dc-4f4f5d86516e.xml.macaon	239	34	grâce	grâce	nc	nc	_	33	obj	_	_	B:Creating:FE:Instrument:G:238
b75bf66b-f93c-49ff-b6dc-4f4f5d86516e.xml.macaon	240	35	au	au	prep	prep	_	33	mod	_	_	I:Creating:FE:Instrument:G:238
b75bf66b-f93c-49ff-b6dc-4f4f5d86516e.xml.macaon	241	36	pillage	pillage	nc	nc	_	35	obj	_	_	I:Creating:FE:Instrument:G:238
b75bf66b-f93c-49ff-b6dc-4f4f5d86516e.xml.macaon	242	37	et	et	coo	coo	_	35	coord	_	_	I:Creating:FE:Instrument:G:238
b75bf66b-f93c-49ff-b6dc-4f4f5d86516e.xml.macaon	243	38	aux	aux	prep	prep	_	37	dep_coord	_	_	I:Creating:FE:Instrument:G:238
b75bf66b-f93c-49ff-b6dc-4f4f5d86516e.xml.macaon	244	39	tributs	tribut	nc	nc	_	38	obj	_	_	I:Creating:FE:Instrument:G:238
b75bf66b-f93c-49ff-b6dc-4f4f5d86516e.xml.macaon	245	40	(	(	ponctw	ponctw	_	41	ponct	_	_
b75bf66b-f93c-49ff-b6dc-4f4f5d86516e.xml.macaon	246	41	sommes	être	v	v	_	37	dep_coord	_	_
b75bf66b-f93c-49ff-b6dc-4f4f5d86516e.xml.macaon	247	42	d'	un	det	det	_	43	det	_	_
b75bf66b-f93c-49ff-b6dc-4f4f5d86516e.xml.macaon	248	43	argent	argent	nc	nc	_	41	ats	_	_
b75bf66b-f93c-49ff-b6dc-4f4f5d86516e.xml.macaon	249	44	)	)	ponctw	ponctw	_	43	ponct	_	_
b75bf66b-f93c-49ff-b6dc-4f4f5d86516e.xml.macaon	250	45	versés	verser	vppart	vppart	_	43	mod	_	_
b75bf66b-f93c-49ff-b6dc-4f4f5d86516e.xml.macaon	251	46	par	par	prep	prep	_	45	p_obj	_	_
b75bf66b-f93c-49ff-b6dc-4f4f5d86516e.xml.macaon	252	47	les	le	det	det	_	48	det	_	_
b75bf66b-f93c-49ff-b6dc-4f4f5d86516e.xml.macaon	253	48	vaincus	vaincu	nc	nc	_	46	obj	_	_
b75bf66b-f93c-49ff-b6dc-4f4f5d86516e.xml.macaon	254	49	.	.	poncts	poncts	_	8	ponct	_	_

b75bf66b-f93c-49ff-b6dc-4f4f5d86516e.xml.macaon	255	1	Gloire	Gloire	np	np	_	_	_	_	_
b75bf66b-f93c-49ff-b6dc-4f4f5d86516e.xml.macaon	256	2	et	et	coo	coo	_	1	coord	_	_
b75bf66b-f93c-49ff-b6dc-4f4f5d86516e.xml.macaon	257	3	richesse	richesse	nc	nc	_	2	dep_coord	_	_
b75bf66b-f93c-49ff-b6dc-4f4f5d86516e.xml.macaon	258	4	sont	être	v	v	_	2	dep_coord	_	_
b75bf66b-f93c-49ff-b6dc-4f4f5d86516e.xml.macaon	259	5	en#effet	en#effet	adv	adv	_	4	mod	_	_
b75bf66b-f93c-49ff-b6dc-4f4f5d86516e.xml.macaon	260	6	les	le	det	det	_	7	det	_	_
b75bf66b-f93c-49ff-b6dc-4f4f5d86516e.xml.macaon	261	7	bases	base	nc	nc	_	4	ats	_	_
b75bf66b-f93c-49ff-b6dc-4f4f5d86516e.xml.macaon	262	8	indispensables	indispensable	adj	adj	_	7	mod	_	_
b75bf66b-f93c-49ff-b6dc-4f4f5d86516e.xml.macaon	263	9	pour	pour	prep	prep	_	4	mod	_	_
b75bf66b-f93c-49ff-b6dc-4f4f5d86516e.xml.macaon	264	10	jouer	jouer	vinf	vinf	_	9	obj	_	_
b75bf66b-f93c-49ff-b6dc-4f4f5d86516e.xml.macaon	265	11	un	un	det	det	_	12	det	_	_
b75bf66b-f93c-49ff-b6dc-4f4f5d86516e.xml.macaon	266	12	rôle	rôle	nc	nc	_	10	obj	_	_
b75bf66b-f93c-49ff-b6dc-4f4f5d86516e.xml.macaon	267	13	politique	politique	adj	adj	_	12	mod	_	_
b75bf66b-f93c-49ff-b6dc-4f4f5d86516e.xml.macaon	268	14	de	de	prep	prep	_	12	dep	_	_
b75bf66b-f93c-49ff-b6dc-4f4f5d86516e.xml.macaon	269	15	premier	premier	adj	adj	_	16	mod	_	_
b75bf66b-f93c-49ff-b6dc-4f4f5d86516e.xml.macaon	270	16	plan	plan	nc	nc	_	14	obj	_	_
b75bf66b-f93c-49ff-b6dc-4f4f5d86516e.xml.macaon	271	17	à	à	prep	prep	_	16	dep	_	_
b75bf66b-f93c-49ff-b6dc-4f4f5d86516e.xml.macaon	272	18	Rome	Rome	np	np	_	17	obj	_	_
b75bf66b-f93c-49ff-b6dc-4f4f5d86516e.xml.macaon	273	19	.	.	poncts	poncts	_	4	ponct	_	_

b75bf66b-f93c-49ff-b6dc-4f4f5d86516e.xml.macaon	274	1	Crassus	Crassus	np	np	_	2	suj	_	_
b75bf66b-f93c-49ff-b6dc-4f4f5d86516e.xml.macaon	275	2	obtient	obtenir	v	v	_	_	_	_	_
b75bf66b-f93c-49ff-b6dc-4f4f5d86516e.xml.macaon	276	3	du	du	prep	prep	_	2	obj	_	_
b75bf66b-f93c-49ff-b6dc-4f4f5d86516e.xml.macaon	277	4	consul	consul	nc	nc	_	3	obj	_	_
b75bf66b-f93c-49ff-b6dc-4f4f5d86516e.xml.macaon	278	5	Jules	Jules	np	np	_	4	mod	_	_
b75bf66b-f93c-49ff-b6dc-4f4f5d86516e.xml.macaon	279	6	César	César	np	np	_	5	mod	_	_
b75bf66b-f93c-49ff-b6dc-4f4f5d86516e.xml.macaon	280	7	le	le	det	det	_	8	det	_	_
b75bf66b-f93c-49ff-b6dc-4f4f5d86516e.xml.macaon	281	8	vote	vote	nc	nc	_	4	mod	_	_
b75bf66b-f93c-49ff-b6dc-4f4f5d86516e.xml.macaon	282	9	d'	de	prep	prep	_	8	dep	_	_
b75bf66b-f93c-49ff-b6dc-4f4f5d86516e.xml.macaon	283	10	une	un	det	det	_	11	det	_	_
b75bf66b-f93c-49ff-b6dc-4f4f5d86516e.xml.macaon	284	11	loi	loi	nc	nc	_	9	obj	_	_
b75bf66b-f93c-49ff-b6dc-4f4f5d86516e.xml.macaon	285	12	favorisant	favoriser	vprespart	vprespart	_	11	__JOKER__	_	_
b75bf66b-f93c-49ff-b6dc-4f4f5d86516e.xml.macaon	286	13	les	le	det	det	_	14	det	_	_
b75bf66b-f93c-49ff-b6dc-4f4f5d86516e.xml.macaon	287	14	entreprises	entreprise	nc	nc	_	9	obj	_	_
b75bf66b-f93c-49ff-b6dc-4f4f5d86516e.xml.macaon	288	15	financières	financier	adj	adj	_	14	mod	_	_
b75bf66b-f93c-49ff-b6dc-4f4f5d86516e.xml.macaon	289	16	des	des	prep	prep	_	14	dep	_	_
b75bf66b-f93c-49ff-b6dc-4f4f5d86516e.xml.macaon	290	17	hommes	homme	nc	nc	_	16	obj	_	_
b75bf66b-f93c-49ff-b6dc-4f4f5d86516e.xml.macaon	291	18	d'	de	prep	prep	_	17	dep	_	_
b75bf66b-f93c-49ff-b6dc-4f4f5d86516e.xml.macaon	292	19	affaires	affaire	nc	nc	_	18	obj	_	_
b75bf66b-f93c-49ff-b6dc-4f4f5d86516e.xml.macaon	293	20	romains	romain	adj	adj	_	19	mod	_	_
b75bf66b-f93c-49ff-b6dc-4f4f5d86516e.xml.macaon	294	21	(	(	ponctw	ponctw	_	19	ponct	_	_
b75bf66b-f93c-49ff-b6dc-4f4f5d86516e.xml.macaon	295	22	les	le	det	det	_	23	det	_	_
b75bf66b-f93c-49ff-b6dc-4f4f5d86516e.xml.macaon	296	23	chevaliers	chevalier	nc	nc	_	18	obj	_	_
b75bf66b-f93c-49ff-b6dc-4f4f5d86516e.xml.macaon	297	24	)	)	ponctw	ponctw	_	23	ponct	_	_
b75bf66b-f93c-49ff-b6dc-4f4f5d86516e.xml.macaon	298	25	qui	qui	prorel	prorel	_	26	suj	_	_
b75bf66b-f93c-49ff-b6dc-4f4f5d86516e.xml.macaon	299	26	sont	être	v	v	_	23	mod_rel	_	_
b75bf66b-f93c-49ff-b6dc-4f4f5d86516e.xml.macaon	300	27	ses	son	det	det	_	28	det	_	_
b75bf66b-f93c-49ff-b6dc-4f4f5d86516e.xml.macaon	301	28	amis	ami	nc	nc	_	26	ats	_	_
b75bf66b-f93c-49ff-b6dc-4f4f5d86516e.xml.macaon	302	29	et	et	coo	coo	_	26	coord	_	_
b75bf66b-f93c-49ff-b6dc-4f4f5d86516e.xml.macaon	303	30	associés	associer	adj	adj	_	29	dep_coord	_	_
b75bf66b-f93c-49ff-b6dc-4f4f5d86516e.xml.macaon	304	31	.	.	poncts	poncts	_	2	__JOKER__	_	_

b75bf66b-f93c-49ff-b6dc-4f4f5d86516e.xml.macaon	305	1	Ce	ce	det	det	_	2	det	_	_	B:Death:FE:Result:G:311
b75bf66b-f93c-49ff-b6dc-4f4f5d86516e.xml.macaon	306	2	triumvirat	triumvirat	nc	nc	_	3	suj	_	_	I:Death:FE:Result:G:311
b75bf66b-f93c-49ff-b6dc-4f4f5d86516e.xml.macaon	307	3	prend	prendre	v	v	_	_	_	_	_	I:Death:FE:Result:G:311
b75bf66b-f93c-49ff-b6dc-4f4f5d86516e.xml.macaon	308	4	fin	fin	nc	nc	_	3	obj	_	_	I:Death:FE:Result:G:311
b75bf66b-f93c-49ff-b6dc-4f4f5d86516e.xml.macaon	309	5	à	à	prep	prep	_	3	a_obj	_	_
b75bf66b-f93c-49ff-b6dc-4f4f5d86516e.xml.macaon	310	6	la	le	det	det	_	7	det	_	_
b75bf66b-f93c-49ff-b6dc-4f4f5d86516e.xml.macaon	311	7	mort	mort	nc	nc	_	5	obj	_	_	B:Death:TARGET:mort:G:311
b75bf66b-f93c-49ff-b6dc-4f4f5d86516e.xml.macaon	312	8	de	de	prep	prep	_	7	dep	_	_
b75bf66b-f93c-49ff-b6dc-4f4f5d86516e.xml.macaon	313	9	Crassus	Crassus	np	np	_	8	obj	_	_	B:Death:FE:Protagonist:G:311
b75bf66b-f93c-49ff-b6dc-4f4f5d86516e.xml.macaon	314	10	en	en	prep	prep	_	9	dep	_	_	B:Death:FE:Time:G:311
b75bf66b-f93c-49ff-b6dc-4f4f5d86516e.xml.macaon	315	11	53	53	det	det	_	12	det	_	_	I:Death:FE:Time:G:311	B:Age:FE:Age:G:331
b75bf66b-f93c-49ff-b6dc-4f4f5d86516e.xml.macaon	316	12	av	av	nc	nc	_	10	obj	_	_	I:Death:FE:Time:G:311	I:Age:FE:Age:G:331
b75bf66b-f93c-49ff-b6dc-4f4f5d86516e.xml.macaon	317	13	J.C	J.C	np	np	_	12	mod	_	_	I:Death:FE:Time:G:311	I:Age:FE:Age:G:331
b75bf66b-f93c-49ff-b6dc-4f4f5d86516e.xml.macaon	318	14	et	et	coo	coo	_	5	coord	_	_
b75bf66b-f93c-49ff-b6dc-4f4f5d86516e.xml.macaon	319	15	avec	avec	prep	prep	_	14	dep_coord	_	_
b75bf66b-f93c-49ff-b6dc-4f4f5d86516e.xml.macaon	320	16	le	le	det	det	_	17	det	_	_	B:Age:FE:Entity:G:331
b75bf66b-f93c-49ff-b6dc-4f4f5d86516e.xml.macaon	321	17	rapprochement	rapprochement	nc	nc	_	15	obj	_	_	I:Age:FE:Entity:G:331
b75bf66b-f93c-49ff-b6dc-4f4f5d86516e.xml.macaon	322	18	de	de	prep	prep	_	17	dep	_	_	I:Age:FE:Entity:G:331
b75bf66b-f93c-49ff-b6dc-4f4f5d86516e.xml.macaon	323	19	Pompée	Pompée	np	np	_	18	obj	_	_	I:Age:FE:Entity:G:331
b75bf66b-f93c-49ff-b6dc-4f4f5d86516e.xml.macaon	324	20	et	et	coo	coo	_	18	coord	_	_	I:Age:FE:Entity:G:331
b75bf66b-f93c-49ff-b6dc-4f4f5d86516e.xml.macaon	325	21	du	du	prep	prep	_	20	dep_coord	_	_	I:Age:FE:Entity:G:331
b75bf66b-f93c-49ff-b6dc-4f4f5d86516e.xml.macaon	326	22	Sénat	Sénat	nc	nc	_	21	obj	_	_	I:Age:FE:Entity:G:331
b75bf66b-f93c-49ff-b6dc-4f4f5d86516e.xml.macaon	327	23	romain	romain	adj	adj	_	22	mod	_	_	I:Age:FE:Entity:G:331
b75bf66b-f93c-49ff-b6dc-4f4f5d86516e.xml.macaon	328	24	à	à	prep	prep	_	20	dep_coord	_	_
b75bf66b-f93c-49ff-b6dc-4f4f5d86516e.xml.macaon	329	25	la	le	det	det	_	27	det	_	_
b75bf66b-f93c-49ff-b6dc-4f4f5d86516e.xml.macaon	330	26	même	même	adj	adj	_	27	mod	_	_
b75bf66b-f93c-49ff-b6dc-4f4f5d86516e.xml.macaon	331	27	date	date	nc	nc	_	24	obj	_	_	B:Age:TARGET:date:G:331
b75bf66b-f93c-49ff-b6dc-4f4f5d86516e.xml.macaon	332	28	.	.	poncts	poncts	_	3	ponct	_	_

b75bf66b-f93c-49ff-b6dc-4f4f5d86516e.xml.macaon	333	1	Second	second	adj	adj	_	2	mod	_	_
b75bf66b-f93c-49ff-b6dc-4f4f5d86516e.xml.macaon	334	2	triumvirat	triumvirat	nc	nc	_	_	_	_	_

b75bf66b-f93c-49ff-b6dc-4f4f5d86516e.xml.macaon	335	1	Le	le	det	det	_	3	det	_	_	B:Death:FE:Result:G:342
b75bf66b-f93c-49ff-b6dc-4f4f5d86516e.xml.macaon	336	2	second	second	adj	adj	_	3	mod	_	_	I:Death:FE:Result:G:342
b75bf66b-f93c-49ff-b6dc-4f4f5d86516e.xml.macaon	337	3	triumvirat	triumvirat	nc	nc	_	5	suj	_	_	I:Death:FE:Result:G:342
b75bf66b-f93c-49ff-b6dc-4f4f5d86516e.xml.macaon	338	4	est	être	v	v	_	5	aux_tps	_	_	I:Death:FE:Result:G:342
b75bf66b-f93c-49ff-b6dc-4f4f5d86516e.xml.macaon	339	5	constitué	constituer	vppart	vppart	_	_	_	_	_	I:Death:FE:Result:G:342
b75bf66b-f93c-49ff-b6dc-4f4f5d86516e.xml.macaon	340	6	après	après	prep	prep	_	5	mod	_	_
b75bf66b-f93c-49ff-b6dc-4f4f5d86516e.xml.macaon	341	7	la	le	det	det	_	8	det	_	_
b75bf66b-f93c-49ff-b6dc-4f4f5d86516e.xml.macaon	342	8	mort	mort	nc	nc	_	6	obj	_	_	B:Death:TARGET:mort:G:342
b75bf66b-f93c-49ff-b6dc-4f4f5d86516e.xml.macaon	343	9	de	de	prep	prep	_	8	dep	_	_
b75bf66b-f93c-49ff-b6dc-4f4f5d86516e.xml.macaon	344	10	César	César	np	np	_	9	obj	_	_	B:Death:FE:Protagonist:G:342
b75bf66b-f93c-49ff-b6dc-4f4f5d86516e.xml.macaon	345	11	en	en	prep	prep	_	5	mod	_	_	B:Death:FE:Time:G:342
b75bf66b-f93c-49ff-b6dc-4f4f5d86516e.xml.macaon	346	12	43	43	nc	nc	_	11	obj	_	_	I:Death:FE:Time:G:342
b75bf66b-f93c-49ff-b6dc-4f4f5d86516e.xml.macaon	347	13	av	av	prep	prep	_	12	dep	_	_	I:Death:FE:Time:G:342
b75bf66b-f93c-49ff-b6dc-4f4f5d86516e.xml.macaon	348	14	J.C.	J.C.	np	np	_	13	obj	_	_	I:Death:FE:Time:G:342
b75bf66b-f93c-49ff-b6dc-4f4f5d86516e.xml.macaon	349	15	Il	Il	cln	cln	_	16	suj	_	_
b75bf66b-f93c-49ff-b6dc-4f4f5d86516e.xml.macaon	350	16	réunit	réunir	v	v	_	14	mod_rel	_	_
b75bf66b-f93c-49ff-b6dc-4f4f5d86516e.xml.macaon	351	17	Octave	Octave	np	np	_	16	__JOKER__	_	_
b75bf66b-f93c-49ff-b6dc-4f4f5d86516e.xml.macaon	352	18	,	,	ponctw	ponctw	_	16	ponct	_	_
b75bf66b-f93c-49ff-b6dc-4f4f5d86516e.xml.macaon	353	19	Marc	Marc	np	np	_	16	__JOKER__	_	_
b75bf66b-f93c-49ff-b6dc-4f4f5d86516e.xml.macaon	354	20	Antoine	Antoine	np	np	_	19	mod	_	_
b75bf66b-f93c-49ff-b6dc-4f4f5d86516e.xml.macaon	355	21	et	et	coo	coo	_	16	coord	_	_
b75bf66b-f93c-49ff-b6dc-4f4f5d86516e.xml.macaon	356	22	Lépide	Lépide	adj	adj	_	21	dep_coord	_	_
b75bf66b-f93c-49ff-b6dc-4f4f5d86516e.xml.macaon	357	23	.	.	poncts	poncts	_	16	ponct	_	_

b75bf66b-f93c-49ff-b6dc-4f4f5d86516e.xml.macaon	358	1	Il	il	cln	cln	_	2	suj	_	_
b75bf66b-f93c-49ff-b6dc-4f4f5d86516e.xml.macaon	359	2	permet	permettre	v	v	_	_	_	_	_
b75bf66b-f93c-49ff-b6dc-4f4f5d86516e.xml.macaon	360	3	aux	aux	prep	prep	_	2	obj	_	_
b75bf66b-f93c-49ff-b6dc-4f4f5d86516e.xml.macaon	361	4	triumvirs	triumvir	nc	nc	_	3	obj	_	_
b75bf66b-f93c-49ff-b6dc-4f4f5d86516e.xml.macaon	362	5	d'	de	prep	prep	_	4	dep	_	_
b75bf66b-f93c-49ff-b6dc-4f4f5d86516e.xml.macaon	363	6	afficher	afficher	vinf	vinf	_	5	obj	_	_
b75bf66b-f93c-49ff-b6dc-4f4f5d86516e.xml.macaon	364	7	la	le	det	det	_	8	det	_	_
b75bf66b-f93c-49ff-b6dc-4f4f5d86516e.xml.macaon	365	8	liste	liste	nc	nc	_	6	obj	_	_
b75bf66b-f93c-49ff-b6dc-4f4f5d86516e.xml.macaon	366	9	de	de	prep	prep	_	8	dep	_	_
b75bf66b-f93c-49ff-b6dc-4f4f5d86516e.xml.macaon	367	10	leurs	son	det	det	_	11	det	_	_
b75bf66b-f93c-49ff-b6dc-4f4f5d86516e.xml.macaon	368	11	ennemis	ennemi	nc	nc	_	9	obj	_	_
b75bf66b-f93c-49ff-b6dc-4f4f5d86516e.xml.macaon	369	12	dont	dont	prorel	prorel	_	16	suj	_	_
b75bf66b-f93c-49ff-b6dc-4f4f5d86516e.xml.macaon	370	13	les	le	det	det	_	14	det	_	_
b75bf66b-f93c-49ff-b6dc-4f4f5d86516e.xml.macaon	371	14	biens	bien	nc	nc	_	16	suj	_	_
b75bf66b-f93c-49ff-b6dc-4f4f5d86516e.xml.macaon	372	15	sont	être	v	v	_	16	aux_tps	_	_
b75bf66b-f93c-49ff-b6dc-4f4f5d86516e.xml.macaon	373	16	confisqués	confisquer	vppart	vppart	_	11	mod_rel	_	_
b75bf66b-f93c-49ff-b6dc-4f4f5d86516e.xml.macaon	374	17	et	et	coo	coo	_	11	coord	_	_
b75bf66b-f93c-49ff-b6dc-4f4f5d86516e.xml.macaon	375	18	qui	qui	prorel	prorel	_	19	suj	_	_
b75bf66b-f93c-49ff-b6dc-4f4f5d86516e.xml.macaon	376	19	peuvent	pouvoir	v	v	_	11	mod_rel	_	_
b75bf66b-f93c-49ff-b6dc-4f4f5d86516e.xml.macaon	377	20	être	être	vinf	vinf	_	21	aux_pass	_	_
b75bf66b-f93c-49ff-b6dc-4f4f5d86516e.xml.macaon	378	21	exécutés	exécuter	vppart	vppart	_	11	mod	_	_
b75bf66b-f93c-49ff-b6dc-4f4f5d86516e.xml.macaon	379	22	sans	sans	prep	prep	_	21	mod	_	_
b75bf66b-f93c-49ff-b6dc-4f4f5d86516e.xml.macaon	380	23	jugement.Le	jugement.Le	nc	nc	_	22	obj	_	_
b75bf66b-f93c-49ff-b6dc-4f4f5d86516e.xml.macaon	381	24	premier	premier	adj	adj	_	23	mod	_	_
b75bf66b-f93c-49ff-b6dc-4f4f5d86516e.xml.macaon	382	25	triumvirat	triumvirat	nc	nc	_	22	obj	_	_
b75bf66b-f93c-49ff-b6dc-4f4f5d86516e.xml.macaon	383	26	était	être	v	v	_	29	aux_tps	_	_
b75bf66b-f93c-49ff-b6dc-4f4f5d86516e.xml.macaon	384	27	un	un	det	det	_	28	det	_	_
b75bf66b-f93c-49ff-b6dc-4f4f5d86516e.xml.macaon	385	28	accord	accord	nc	nc	_	26	ats	_	_
b75bf66b-f93c-49ff-b6dc-4f4f5d86516e.xml.macaon	386	29	destiné	destiner	vppart	vppart	_	25	mod	_	_
b75bf66b-f93c-49ff-b6dc-4f4f5d86516e.xml.macaon	387	30	à	à	prep	prep	_	29	a_obj	_	_
b75bf66b-f93c-49ff-b6dc-4f4f5d86516e.xml.macaon	388	31	rester	rester	vinf	vinf	_	30	obj	_	_
b75bf66b-f93c-49ff-b6dc-4f4f5d86516e.xml.macaon	389	32	secret	secret	adj	adj	_	30	obj	_	_
b75bf66b-f93c-49ff-b6dc-4f4f5d86516e.xml.macaon	390	33	,	,	ponctw	ponctw	_	37	ponct	_	_
b75bf66b-f93c-49ff-b6dc-4f4f5d86516e.xml.macaon	391	34	le	le	det	det	_	35	det	_	_
b75bf66b-f93c-49ff-b6dc-4f4f5d86516e.xml.macaon	392	35	second	second	adj	adj	_	36	__JOKER__	_	_
b75bf66b-f93c-49ff-b6dc-4f4f5d86516e.xml.macaon	393	36	est	être	v	v	_	37	aux_tps	_	_
b75bf66b-f93c-49ff-b6dc-4f4f5d86516e.xml.macaon	394	37	officialisé	officialiser	vppart	vppart	_	25	mod_rel	_	_
b75bf66b-f93c-49ff-b6dc-4f4f5d86516e.xml.macaon	395	38	par	par	prep	prep	_	37	mod	_	_
b75bf66b-f93c-49ff-b6dc-4f4f5d86516e.xml.macaon	396	39	une	un	det	det	_	40	det	_	_
b75bf66b-f93c-49ff-b6dc-4f4f5d86516e.xml.macaon	397	40	loi	loi	nc	nc	_	38	obj	_	_
b75bf66b-f93c-49ff-b6dc-4f4f5d86516e.xml.macaon	398	41	votée	voter	vppart	vppart	_	40	mod	_	_
b75bf66b-f93c-49ff-b6dc-4f4f5d86516e.xml.macaon	399	42	le	le	det	det	_	43	det	_	_
b75bf66b-f93c-49ff-b6dc-4f4f5d86516e.xml.macaon	400	43	13	13	nc	nc	_	40	mod	_	_
b75bf66b-f93c-49ff-b6dc-4f4f5d86516e.xml.macaon	401	44	novembre	novembre	nc	nc	_	43	mod	_	_
b75bf66b-f93c-49ff-b6dc-4f4f5d86516e.xml.macaon	402	45	-	-	ponctw	ponctw	_	43	ponct	_	_
b75bf66b-f93c-49ff-b6dc-4f4f5d86516e.xml.macaon	403	46	43	43	nc	nc	_	43	mod	_	_
b75bf66b-f93c-49ff-b6dc-4f4f5d86516e.xml.macaon	404	47	.	.	poncts	poncts	_	2	ponct	_	_

b75bf66b-f93c-49ff-b6dc-4f4f5d86516e.xml.macaon	405	1	Cette	cette	det	det	_	2	det	_	_	B:Giving:FE:Donor:G:407
b75bf66b-f93c-49ff-b6dc-4f4f5d86516e.xml.macaon	406	2	loi	loi	nc	nc	_	3	suj	_	_	I:Giving:FE:Donor:G:407
b75bf66b-f93c-49ff-b6dc-4f4f5d86516e.xml.macaon	407	3	donne	donner	v	v	_	_	_	_	_	B:Giving:TARGET:donner:G:407
b75bf66b-f93c-49ff-b6dc-4f4f5d86516e.xml.macaon	408	4	pour	pour	prep	prep	_	3	mod	_	_	B:Giving:FE:Time:G:407
b75bf66b-f93c-49ff-b6dc-4f4f5d86516e.xml.macaon	409	5	cinq	cinq	det	det	_	6	det	_	_	I:Giving:FE:Time:G:407
b75bf66b-f93c-49ff-b6dc-4f4f5d86516e.xml.macaon	410	6	ans	an	nc	nc	_	4	obj	_	_	I:Giving:FE:Time:G:407
b75bf66b-f93c-49ff-b6dc-4f4f5d86516e.xml.macaon	411	7	des	des	prep	prep	_	6	dep	_	_	B:Giving:FE:Theme:G:407
b75bf66b-f93c-49ff-b6dc-4f4f5d86516e.xml.macaon	412	8	pouvoirs	pouvoir	nc	nc	_	7	obj	_	_	I:Giving:FE:Theme:G:407
b75bf66b-f93c-49ff-b6dc-4f4f5d86516e.xml.macaon	413	9	aux	aux	prep	prep	_	8	dep	_	_
b75bf66b-f93c-49ff-b6dc-4f4f5d86516e.xml.macaon	414	10	triumvirs	triumvir	nc	nc	_	9	obj	_	_	B:Giving:FE:Recipient:G:407	B:Appointing:FE:Selector:G:416
b75bf66b-f93c-49ff-b6dc-4f4f5d86516e.xml.macaon	415	11	(	(	ponctw	ponctw	_	10	ponct	_	_
b75bf66b-f93c-49ff-b6dc-4f4f5d86516e.xml.macaon	416	12	nommer	nommer	vinf	vinf	_	9	obj	_	_	B:Appointing:TARGET:nommer:G:416
b75bf66b-f93c-49ff-b6dc-4f4f5d86516e.xml.macaon	417	13	les	le	det	det	_	14	det	_	_	B:Appointing:FE:Role:G:416
b75bf66b-f93c-49ff-b6dc-4f4f5d86516e.xml.macaon	418	14	magistrats	magistrat	nc	nc	_	12	obj	_	_	I:Appointing:FE:Role:G:416
b75bf66b-f93c-49ff-b6dc-4f4f5d86516e.xml.macaon	419	15	,	,	ponctw	ponctw	_	14	ponct	_	_
b75bf66b-f93c-49ff-b6dc-4f4f5d86516e.xml.macaon	420	16	faire	faire	vinf	vinf	_	12	__JOKER__	_	_
b75bf66b-f93c-49ff-b6dc-4f4f5d86516e.xml.macaon	421	17	la	le	det	det	_	18	det	_	_
b75bf66b-f93c-49ff-b6dc-4f4f5d86516e.xml.macaon	422	18	loi	loi	nc	nc	_	16	obj	_	_
b75bf66b-f93c-49ff-b6dc-4f4f5d86516e.xml.macaon	423	19	,	,	ponctw	ponctw	_	20	ponct	_	_
b75bf66b-f93c-49ff-b6dc-4f4f5d86516e.xml.macaon	424	20	commander	commander	vinf	vinf	_	16	__JOKER__	_	_	B:Leadership:TARGET:commander:G:424
b75bf66b-f93c-49ff-b6dc-4f4f5d86516e.xml.macaon	425	21	les	le	det	det	_	22	det	_	_	B:Leadership:FE:Governed:G:424
b75bf66b-f93c-49ff-b6dc-4f4f5d86516e.xml.macaon	426	22	légions	légion	nc	nc	_	20	obj	_	_	I:Leadership:FE:Governed:G:424
b75bf66b-f93c-49ff-b6dc-4f4f5d86516e.xml.macaon	427	23	...	...	ponctw	ponctw	_	22	ponct	_	_
b75bf66b-f93c-49ff-b6dc-4f4f5d86516e.xml.macaon	428	24	)	)	ponctw	ponctw	_	22	ponct	_	_
b75bf66b-f93c-49ff-b6dc-4f4f5d86516e.xml.macaon	429	25	.	.	poncts	poncts	_	3	ponct	_	_

b75bf66b-f93c-49ff-b6dc-4f4f5d86516e.xml.macaon	430	1	Ce	ce	det	det	_	3	det	_	_
b75bf66b-f93c-49ff-b6dc-4f4f5d86516e.xml.macaon	431	2	deuxième	deuxième	adj	adj	_	3	mod	_	_
b75bf66b-f93c-49ff-b6dc-4f4f5d86516e.xml.macaon	432	3	triumvirat	triumvirat	nc	nc	_	5	suj	_	_
b75bf66b-f93c-49ff-b6dc-4f4f5d86516e.xml.macaon	433	4	ne	ne	advneg	advneg	_	5	mod	_	_
b75bf66b-f93c-49ff-b6dc-4f4f5d86516e.xml.macaon	434	5	fera	faire	v	v	_	_	_	_	_
b75bf66b-f93c-49ff-b6dc-4f4f5d86516e.xml.macaon	435	6	rien	rien	pro	pro	_	5	__JOKER__	_	_
b75bf66b-f93c-49ff-b6dc-4f4f5d86516e.xml.macaon	436	7	d'	de	prep	prep	_	6	dep	_	_
b75bf66b-f93c-49ff-b6dc-4f4f5d86516e.xml.macaon	437	8	important	important	adj	adj	_	7	obj	_	_
b75bf66b-f93c-49ff-b6dc-4f4f5d86516e.xml.macaon	438	9	car	car	coo	coo	_	8	coord	_	_
b75bf66b-f93c-49ff-b6dc-4f4f5d86516e.xml.macaon	439	10	ses	son	det	det	_	12	det	_	_
b75bf66b-f93c-49ff-b6dc-4f4f5d86516e.xml.macaon	440	11	trois	trois	adj	adj	_	12	mod	_	_
b75bf66b-f93c-49ff-b6dc-4f4f5d86516e.xml.macaon	441	12	membres	membre	nc	nc	_	7	obj	_	_
b75bf66b-f93c-49ff-b6dc-4f4f5d86516e.xml.macaon	442	13	entrent	entrer	v	v	_	6	mod_rel	_	_
b75bf66b-f93c-49ff-b6dc-4f4f5d86516e.xml.macaon	443	14	très	très	adv	adv	_	13	mod	_	_
b75bf66b-f93c-49ff-b6dc-4f4f5d86516e.xml.macaon	444	15	vite	vite	adv	adv	_	13	mod	_	_
b75bf66b-f93c-49ff-b6dc-4f4f5d86516e.xml.macaon	445	16	en	en	prep	prep	_	13	mod	_	_
b75bf66b-f93c-49ff-b6dc-4f4f5d86516e.xml.macaon	446	17	conflit	conflit	nc	nc	_	16	obj	_	_
b75bf66b-f93c-49ff-b6dc-4f4f5d86516e.xml.macaon	447	18	.	.	poncts	poncts	_	5	ponct	_	_

b75bf66b-f93c-49ff-b6dc-4f4f5d86516e.xml.macaon	448	1	Le	le	det	det	_	2	det	_	_
b75bf66b-f93c-49ff-b6dc-4f4f5d86516e.xml.macaon	449	2	règne	règne	nc	nc	_	_	_	_	_
b75bf66b-f93c-49ff-b6dc-4f4f5d86516e.xml.macaon	450	3	d'	de	prep	prep	_	2	dep	_	_
b75bf66b-f93c-49ff-b6dc-4f4f5d86516e.xml.macaon	451	4	Auguste	Auguste	np	np	_	3	obj	_	_
b75bf66b-f93c-49ff-b6dc-4f4f5d86516e.xml.macaon	452	5	en	en	prep	prep	_	3	obj	_	_	B:Activity_start:FE:Time:G:463
b75bf66b-f93c-49ff-b6dc-4f4f5d86516e.xml.macaon	453	6	-	-	ponctw	ponctw	_	5	ponct	_	_	I:Activity_start:FE:Time:G:463
b75bf66b-f93c-49ff-b6dc-4f4f5d86516e.xml.macaon	454	7	27	27	det	det	_	8	det	_	_	I:Activity_start:FE:Time:G:463
b75bf66b-f93c-49ff-b6dc-4f4f5d86516e.xml.macaon	455	8	marque	marque	nc	nc	_	5	obj	_	_
b75bf66b-f93c-49ff-b6dc-4f4f5d86516e.xml.macaon	456	9	la	le	det	det	_	10	det	_	_
b75bf66b-f93c-49ff-b6dc-4f4f5d86516e.xml.macaon	457	10	fin	fin	nc	nc	_	8	mod	_	_
b75bf66b-f93c-49ff-b6dc-4f4f5d86516e.xml.macaon	458	11	de	de	prep	prep	_	10	dep	_	_
b75bf66b-f93c-49ff-b6dc-4f4f5d86516e.xml.macaon	459	12	la	le	det	det	_	13	det	_	_
b75bf66b-f93c-49ff-b6dc-4f4f5d86516e.xml.macaon	460	13	République	République	np	np	_	11	obj	_	_
b75bf66b-f93c-49ff-b6dc-4f4f5d86516e.xml.macaon	461	14	et	et	coo	coo	_	13	coord	_	_
b75bf66b-f93c-49ff-b6dc-4f4f5d86516e.xml.macaon	462	15	le	le	det	det	_	16	det	_	_
b75bf66b-f93c-49ff-b6dc-4f4f5d86516e.xml.macaon	463	16	début	début	nc	nc	_	11	obj	_	_	B:Activity_start:TARGET:début:G:463
b75bf66b-f93c-49ff-b6dc-4f4f5d86516e.xml.macaon	464	17	de#l'	de#l'	prep	prep	_	16	dep	_	_	B:Activity_start:FE:Activity:G:463
b75bf66b-f93c-49ff-b6dc-4f4f5d86516e.xml.macaon	465	18	Empire	Empire	np	np	_	17	obj	_	_	I:Activity_start:FE:Activity:G:463
b75bf66b-f93c-49ff-b6dc-4f4f5d86516e.xml.macaon	466	19	.	.	poncts	poncts	_	8	ponct	_	_
