b8e3c98c-cca1-464a-9a0f-cf9c670f5104.xml.macaon	0	1	vikidia	vikidia	nc	nc	_	_	_	_	_

b8e3c98c-cca1-464a-9a0f-cf9c670f5104.xml.macaon	1	1	b8e3c98c	b8e3c98c	nc	nc	_	_	_	_	_
b8e3c98c-cca1-464a-9a0f-cf9c670f5104.xml.macaon	2	2	-	-	ponctw	ponctw	_	1	ponct	_	_
b8e3c98c-cca1-464a-9a0f-cf9c670f5104.xml.macaon	3	3	cca1	cca1	nc	nc	_	1	mod	_	_
b8e3c98c-cca1-464a-9a0f-cf9c670f5104.xml.macaon	4	4	-	-	ponctw	ponctw	_	3	ponct	_	_
b8e3c98c-cca1-464a-9a0f-cf9c670f5104.xml.macaon	5	5	464a	464a	nc	nc	_	3	mod	_	_
b8e3c98c-cca1-464a-9a0f-cf9c670f5104.xml.macaon	6	6	-	-	ponctw	ponctw	_	5	ponct	_	_
b8e3c98c-cca1-464a-9a0f-cf9c670f5104.xml.macaon	7	7	9a0f	9a0f	adj	adj	_	5	mod	_	_
b8e3c98c-cca1-464a-9a0f-cf9c670f5104.xml.macaon	8	8	-	-	ponctw	ponctw	_	1	ponct	_	_
b8e3c98c-cca1-464a-9a0f-cf9c670f5104.xml.macaon	9	9	cf9c670f5104	cf9c670f5104	nc	nc	_	8	dep_coord	_	_

b8e3c98c-cca1-464a-9a0f-cf9c670f5104.xml.macaon	10	1	ADDED	ADDED	nc	nc	_	_	_	_	_

b8e3c98c-cca1-464a-9a0f-cf9c670f5104.xml.macaon	11	1	2016	2016	adj	adj	_	3	mod	_	_
b8e3c98c-cca1-464a-9a0f-cf9c670f5104.xml.macaon	12	2	-	-	ponctw	ponctw	_	1	ponct	_	_
b8e3c98c-cca1-464a-9a0f-cf9c670f5104.xml.macaon	13	3	06	06	nc	nc	_	_	_	_	_
b8e3c98c-cca1-464a-9a0f-cf9c670f5104.xml.macaon	14	4	-	-	ponctw	ponctw	_	3	ponct	_	_
b8e3c98c-cca1-464a-9a0f-cf9c670f5104.xml.macaon	15	5	15T14	15T14	nc	nc	_	3	mod	_	_
b8e3c98c-cca1-464a-9a0f-cf9c670f5104.xml.macaon	16	6	:	:	ponctw	ponctw	_	5	ponct	_	_
b8e3c98c-cca1-464a-9a0f-cf9c670f5104.xml.macaon	17	7	52	52	det	det	_	9	det	_	_
b8e3c98c-cca1-464a-9a0f-cf9c670f5104.xml.macaon	18	8	:	:	ponctw	ponctw	_	9	ponct	_	_
b8e3c98c-cca1-464a-9a0f-cf9c670f5104.xml.macaon	19	9	40Z	40Z	nc	nc	_	5	mod	_	_

b8e3c98c-cca1-464a-9a0f-cf9c670f5104.xml.macaon	20	1	Héraklion	Héraklion	nc	nc	_	_	_	_	_

b8e3c98c-cca1-464a-9a0f-cf9c670f5104.xml.macaon	21	1	Héraklion	Héraklion	nc	nc	_	_	_	_	_
b8e3c98c-cca1-464a-9a0f-cf9c670f5104.xml.macaon	22	2	(	(	ponctw	ponctw	_	1	ponct	_	_
b8e3c98c-cca1-464a-9a0f-cf9c670f5104.xml.macaon	23	3	Ἡ	Ἡ	etr	etr	_	5	dep	_	_
b8e3c98c-cca1-464a-9a0f-cf9c670f5104.xml.macaon	24	4	ρ	ρ	etr	etr	_	5	dep	_	_
b8e3c98c-cca1-464a-9a0f-cf9c670f5104.xml.macaon	25	5	ά	ά	etr	etr	_	8	dep	_	_
b8e3c98c-cca1-464a-9a0f-cf9c670f5104.xml.macaon	26	6	κ	κ	etr	etr	_	8	dep	_	_
b8e3c98c-cca1-464a-9a0f-cf9c670f5104.xml.macaon	27	7	λ	λ	etr	etr	_	8	dep	_	_
b8e3c98c-cca1-464a-9a0f-cf9c670f5104.xml.macaon	28	8	ε	ε	etr	etr	_	1	dep	_	_
b8e3c98c-cca1-464a-9a0f-cf9c670f5104.xml.macaon	29	9	ι	ι	etr	etr	_	11	dep	_	_
b8e3c98c-cca1-464a-9a0f-cf9c670f5104.xml.macaon	30	10	ο	ο	etr	etr	_	11	dep	_	_
b8e3c98c-cca1-464a-9a0f-cf9c670f5104.xml.macaon	31	11	ν	ν	etr	etr	_	8	__JOKER__	_	_
b8e3c98c-cca1-464a-9a0f-cf9c670f5104.xml.macaon	32	12	/	/	ponctw	ponctw	_	1	ponct	_	_
b8e3c98c-cca1-464a-9a0f-cf9c670f5104.xml.macaon	33	13	Hêrákleion	Hêrákleion	nc	nc	_	1	mod	_	_
b8e3c98c-cca1-464a-9a0f-cf9c670f5104.xml.macaon	34	14	grec	grec	adj	adj	_	13	mod	_	_
b8e3c98c-cca1-464a-9a0f-cf9c670f5104.xml.macaon	35	15	ancien	ancien	adj	adj	_	13	mod	_	_
b8e3c98c-cca1-464a-9a0f-cf9c670f5104.xml.macaon	36	16	)	)	ponctw	ponctw	_	1	ponct	_	_
b8e3c98c-cca1-464a-9a0f-cf9c670f5104.xml.macaon	37	17	ou	ou	coo	coo	_	1	coord	_	_
b8e3c98c-cca1-464a-9a0f-cf9c670f5104.xml.macaon	38	18	Iráklio	Iráklio	np	np	_	17	dep_coord	_	_
b8e3c98c-cca1-464a-9a0f-cf9c670f5104.xml.macaon	39	19	(	(	ponctw	ponctw	_	1	ponct	_	_
b8e3c98c-cca1-464a-9a0f-cf9c670f5104.xml.macaon	40	20	Η	Η	etr	etr	_	21	dep	_	_
b8e3c98c-cca1-464a-9a0f-cf9c670f5104.xml.macaon	41	21	ρ	ρ	etr	etr	_	24	dep	_	_
b8e3c98c-cca1-464a-9a0f-cf9c670f5104.xml.macaon	42	22	ά	ά	etr	etr	_	24	dep	_	_
b8e3c98c-cca1-464a-9a0f-cf9c670f5104.xml.macaon	43	23	κ	κ	etr	etr	_	24	dep	_	_
b8e3c98c-cca1-464a-9a0f-cf9c670f5104.xml.macaon	44	24	λ	λ	etr	etr	_	27	dep	_	_
b8e3c98c-cca1-464a-9a0f-cf9c670f5104.xml.macaon	45	25	ε	ε	etr	etr	_	27	dep	_	_
b8e3c98c-cca1-464a-9a0f-cf9c670f5104.xml.macaon	46	26	ι	ι	etr	etr	_	27	dep	_	_
b8e3c98c-cca1-464a-9a0f-cf9c670f5104.xml.macaon	47	27	ο	ο	etr	etr	_	1	__JOKER__	_	_
b8e3c98c-cca1-464a-9a0f-cf9c670f5104.xml.macaon	48	28	/	/	ponctw	ponctw	_	1	ponct	_	_
b8e3c98c-cca1-464a-9a0f-cf9c670f5104.xml.macaon	49	29	Iráklio	Iráklio	np	np	_	33	__JOKER__	_	_
b8e3c98c-cca1-464a-9a0f-cf9c670f5104.xml.macaon	50	30	en	en	prep	prep	_	29	dep	_	_
b8e3c98c-cca1-464a-9a0f-cf9c670f5104.xml.macaon	51	31	grec	grec	nc	nc	_	30	obj	_	_
b8e3c98c-cca1-464a-9a0f-cf9c670f5104.xml.macaon	52	32	moderne	moderne	adj	adj	_	31	mod	_	_
b8e3c98c-cca1-464a-9a0f-cf9c670f5104.xml.macaon	53	33	)	)	ponctw	ponctw	_	1	ponct	_	_
b8e3c98c-cca1-464a-9a0f-cf9c670f5104.xml.macaon	54	34	est	être	v	v	_	1	__JOKER__	_	_
b8e3c98c-cca1-464a-9a0f-cf9c670f5104.xml.macaon	55	35	une	un	det	det	_	36	det	_	_
b8e3c98c-cca1-464a-9a0f-cf9c670f5104.xml.macaon	56	36	ville	ville	nc	nc	_	34	ats	_	_
b8e3c98c-cca1-464a-9a0f-cf9c670f5104.xml.macaon	57	37	grecque	grec	adj	adj	_	36	mod	_	_
b8e3c98c-cca1-464a-9a0f-cf9c670f5104.xml.macaon	58	38	située	situer	vppart	vppart	_	36	mod	_	_
b8e3c98c-cca1-464a-9a0f-cf9c670f5104.xml.macaon	59	39	sur	sur	prep	prep	_	38	mod	_	_
b8e3c98c-cca1-464a-9a0f-cf9c670f5104.xml.macaon	60	40	la	le	det	det	_	41	det	_	_
b8e3c98c-cca1-464a-9a0f-cf9c670f5104.xml.macaon	61	41	côte	côte	nc	nc	_	39	obj	_	_
b8e3c98c-cca1-464a-9a0f-cf9c670f5104.xml.macaon	62	42	nord	nord	adj	adj	_	41	mod	_	_
b8e3c98c-cca1-464a-9a0f-cf9c670f5104.xml.macaon	63	43	de#l'	de#l'	prep	prep	_	38	mod	_	_
b8e3c98c-cca1-464a-9a0f-cf9c670f5104.xml.macaon	64	44	île	île	nc	nc	_	43	obj	_	_
b8e3c98c-cca1-464a-9a0f-cf9c670f5104.xml.macaon	65	45	de	de	prep	prep	_	44	dep	_	_
b8e3c98c-cca1-464a-9a0f-cf9c670f5104.xml.macaon	66	46	Crète	Crète	np	np	_	45	obj	_	_
b8e3c98c-cca1-464a-9a0f-cf9c670f5104.xml.macaon	67	47	.	.	poncts	poncts	_	34	ponct	_	_

b8e3c98c-cca1-464a-9a0f-cf9c670f5104.xml.macaon	68	1	Historiquement	historiquement	adv	adv	_	6	mod	_	_
b8e3c98c-cca1-464a-9a0f-cf9c670f5104.xml.macaon	69	2	,	,	ponctw	ponctw	_	6	ponct	_	_
b8e3c98c-cca1-464a-9a0f-cf9c670f5104.xml.macaon	70	3	elle	elle	cln	cln	_	6	suj	_	_
b8e3c98c-cca1-464a-9a0f-cf9c670f5104.xml.macaon	71	4	s'	s'	clr	clr	_	6	aff	_	_
b8e3c98c-cca1-464a-9a0f-cf9c670f5104.xml.macaon	72	5	est	être	v	v	_	6	aux_tps	_	_
b8e3c98c-cca1-464a-9a0f-cf9c670f5104.xml.macaon	73	6	appelée	appeler	vppart	vppart	_	_	_	_	_	B:OTHER:G
b8e3c98c-cca1-464a-9a0f-cf9c670f5104.xml.macaon	74	7	Candie	Candie	np	np	_	6	__JOKER__	_	_
b8e3c98c-cca1-464a-9a0f-cf9c670f5104.xml.macaon	75	8	,	,	ponctw	ponctw	_	6	ponct	_	_
b8e3c98c-cca1-464a-9a0f-cf9c670f5104.xml.macaon	76	9	du	du	prep	prep	_	6	mod	_	_
b8e3c98c-cca1-464a-9a0f-cf9c670f5104.xml.macaon	77	10	temps	temps	nc	nc	_	9	obj	_	_
b8e3c98c-cca1-464a-9a0f-cf9c670f5104.xml.macaon	78	11	de#l'	de#l'	prep	prep	_	10	dep	_	_
b8e3c98c-cca1-464a-9a0f-cf9c670f5104.xml.macaon	79	12	administration	administration	nc	nc	_	11	obj	_	_
b8e3c98c-cca1-464a-9a0f-cf9c670f5104.xml.macaon	80	13	vénitienne	vénitien	adj	adj	_	12	mod	_	_
b8e3c98c-cca1-464a-9a0f-cf9c670f5104.xml.macaon	81	14	.	.	poncts	poncts	_	6	ponct	_	_

b8e3c98c-cca1-464a-9a0f-cf9c670f5104.xml.macaon	82	1	Antiquité	antiquité	nc	nc	_	_	_	_	_

b8e3c98c-cca1-464a-9a0f-cf9c670f5104.xml.macaon	83	1	Héraklion	Héraklion	nc	nc	_	_	_	_	_

b8e3c98c-cca1-464a-9a0f-cf9c670f5104.xml.macaon	84	1	Héraklion	Héraklion	nc	nc	_	_	_	_	_
b8e3c98c-cca1-464a-9a0f-cf9c670f5104.xml.macaon	85	2	(	(	ponctw	ponctw	_	1	ponct	_	_
b8e3c98c-cca1-464a-9a0f-cf9c670f5104.xml.macaon	86	3	Ἡ	Ἡ	etr	etr	_	5	dep	_	_
b8e3c98c-cca1-464a-9a0f-cf9c670f5104.xml.macaon	87	4	ρ	ρ	etr	etr	_	5	dep	_	_
b8e3c98c-cca1-464a-9a0f-cf9c670f5104.xml.macaon	88	5	ά	ά	etr	etr	_	8	dep	_	_
b8e3c98c-cca1-464a-9a0f-cf9c670f5104.xml.macaon	89	6	κ	κ	etr	etr	_	8	dep	_	_
b8e3c98c-cca1-464a-9a0f-cf9c670f5104.xml.macaon	90	7	λ	λ	etr	etr	_	8	dep	_	_
b8e3c98c-cca1-464a-9a0f-cf9c670f5104.xml.macaon	91	8	ε	ε	etr	etr	_	1	dep	_	_
b8e3c98c-cca1-464a-9a0f-cf9c670f5104.xml.macaon	92	9	ι	ι	etr	etr	_	11	dep	_	_
b8e3c98c-cca1-464a-9a0f-cf9c670f5104.xml.macaon	93	10	ο	ο	etr	etr	_	11	dep	_	_
b8e3c98c-cca1-464a-9a0f-cf9c670f5104.xml.macaon	94	11	ν	ν	etr	etr	_	8	__JOKER__	_	_
b8e3c98c-cca1-464a-9a0f-cf9c670f5104.xml.macaon	95	12	/	/	ponctw	ponctw	_	1	ponct	_	_
b8e3c98c-cca1-464a-9a0f-cf9c670f5104.xml.macaon	96	13	Hêrákleion	Hêrákleion	nc	nc	_	1	mod	_	_
b8e3c98c-cca1-464a-9a0f-cf9c670f5104.xml.macaon	97	14	grec	grec	adj	adj	_	13	mod	_	_
b8e3c98c-cca1-464a-9a0f-cf9c670f5104.xml.macaon	98	15	ancien	ancien	adj	adj	_	13	mod	_	_
b8e3c98c-cca1-464a-9a0f-cf9c670f5104.xml.macaon	99	16	)	)	ponctw	ponctw	_	1	ponct	_	_
b8e3c98c-cca1-464a-9a0f-cf9c670f5104.xml.macaon	100	17	ou	ou	coo	coo	_	1	coord	_	_
b8e3c98c-cca1-464a-9a0f-cf9c670f5104.xml.macaon	101	18	Iráklio	Iráklio	np	np	_	17	dep_coord	_	_
b8e3c98c-cca1-464a-9a0f-cf9c670f5104.xml.macaon	102	19	(	(	ponctw	ponctw	_	1	ponct	_	_
b8e3c98c-cca1-464a-9a0f-cf9c670f5104.xml.macaon	103	20	Η	Η	etr	etr	_	21	dep	_	_
b8e3c98c-cca1-464a-9a0f-cf9c670f5104.xml.macaon	104	21	ρ	ρ	etr	etr	_	24	dep	_	_
b8e3c98c-cca1-464a-9a0f-cf9c670f5104.xml.macaon	105	22	ά	ά	etr	etr	_	24	dep	_	_
b8e3c98c-cca1-464a-9a0f-cf9c670f5104.xml.macaon	106	23	κ	κ	etr	etr	_	24	dep	_	_
b8e3c98c-cca1-464a-9a0f-cf9c670f5104.xml.macaon	107	24	λ	λ	etr	etr	_	27	dep	_	_
b8e3c98c-cca1-464a-9a0f-cf9c670f5104.xml.macaon	108	25	ε	ε	etr	etr	_	27	dep	_	_
b8e3c98c-cca1-464a-9a0f-cf9c670f5104.xml.macaon	109	26	ι	ι	etr	etr	_	27	dep	_	_
b8e3c98c-cca1-464a-9a0f-cf9c670f5104.xml.macaon	110	27	ο	ο	etr	etr	_	1	__JOKER__	_	_
b8e3c98c-cca1-464a-9a0f-cf9c670f5104.xml.macaon	111	28	/	/	ponctw	ponctw	_	1	ponct	_	_
b8e3c98c-cca1-464a-9a0f-cf9c670f5104.xml.macaon	112	29	Iráklio	Iráklio	np	np	_	33	__JOKER__	_	_
b8e3c98c-cca1-464a-9a0f-cf9c670f5104.xml.macaon	113	30	en	en	prep	prep	_	29	dep	_	_
b8e3c98c-cca1-464a-9a0f-cf9c670f5104.xml.macaon	114	31	grec	grec	nc	nc	_	30	obj	_	_
b8e3c98c-cca1-464a-9a0f-cf9c670f5104.xml.macaon	115	32	moderne	moderne	adj	adj	_	31	mod	_	_
b8e3c98c-cca1-464a-9a0f-cf9c670f5104.xml.macaon	116	33	)	)	ponctw	ponctw	_	1	ponct	_	_
b8e3c98c-cca1-464a-9a0f-cf9c670f5104.xml.macaon	117	34	est	être	v	v	_	1	__JOKER__	_	_
b8e3c98c-cca1-464a-9a0f-cf9c670f5104.xml.macaon	118	35	une	un	det	det	_	36	det	_	_
b8e3c98c-cca1-464a-9a0f-cf9c670f5104.xml.macaon	119	36	ville	ville	nc	nc	_	34	ats	_	_
b8e3c98c-cca1-464a-9a0f-cf9c670f5104.xml.macaon	120	37	grecque	grec	adj	adj	_	36	mod	_	_
b8e3c98c-cca1-464a-9a0f-cf9c670f5104.xml.macaon	121	38	située	situer	vppart	vppart	_	36	mod	_	_
b8e3c98c-cca1-464a-9a0f-cf9c670f5104.xml.macaon	122	39	sur	sur	prep	prep	_	38	mod	_	_
b8e3c98c-cca1-464a-9a0f-cf9c670f5104.xml.macaon	123	40	la	le	det	det	_	41	det	_	_
b8e3c98c-cca1-464a-9a0f-cf9c670f5104.xml.macaon	124	41	côte	côte	nc	nc	_	39	obj	_	_
b8e3c98c-cca1-464a-9a0f-cf9c670f5104.xml.macaon	125	42	nord	nord	adj	adj	_	41	mod	_	_
b8e3c98c-cca1-464a-9a0f-cf9c670f5104.xml.macaon	126	43	de#l'	de#l'	prep	prep	_	38	mod	_	_
b8e3c98c-cca1-464a-9a0f-cf9c670f5104.xml.macaon	127	44	île	île	nc	nc	_	43	obj	_	_
b8e3c98c-cca1-464a-9a0f-cf9c670f5104.xml.macaon	128	45	de	de	prep	prep	_	44	dep	_	_
b8e3c98c-cca1-464a-9a0f-cf9c670f5104.xml.macaon	129	46	Crète	Crète	np	np	_	45	obj	_	_
b8e3c98c-cca1-464a-9a0f-cf9c670f5104.xml.macaon	130	47	.	.	poncts	poncts	_	34	ponct	_	_

b8e3c98c-cca1-464a-9a0f-cf9c670f5104.xml.macaon	131	1	Historiquement	historiquement	adv	adv	_	6	mod	_	_
b8e3c98c-cca1-464a-9a0f-cf9c670f5104.xml.macaon	132	2	,	,	ponctw	ponctw	_	6	ponct	_	_
b8e3c98c-cca1-464a-9a0f-cf9c670f5104.xml.macaon	133	3	elle	elle	cln	cln	_	6	suj	_	_
b8e3c98c-cca1-464a-9a0f-cf9c670f5104.xml.macaon	134	4	s'	s'	clr	clr	_	6	aff	_	_
b8e3c98c-cca1-464a-9a0f-cf9c670f5104.xml.macaon	135	5	est	être	v	v	_	6	aux_tps	_	_
b8e3c98c-cca1-464a-9a0f-cf9c670f5104.xml.macaon	136	6	appelée	appeler	vppart	vppart	_	_	_	_	_	B:OTHER:G
b8e3c98c-cca1-464a-9a0f-cf9c670f5104.xml.macaon	137	7	Candie	Candie	np	np	_	6	__JOKER__	_	_
b8e3c98c-cca1-464a-9a0f-cf9c670f5104.xml.macaon	138	8	,	,	ponctw	ponctw	_	6	ponct	_	_
b8e3c98c-cca1-464a-9a0f-cf9c670f5104.xml.macaon	139	9	du	du	prep	prep	_	6	mod	_	_
b8e3c98c-cca1-464a-9a0f-cf9c670f5104.xml.macaon	140	10	temps	temps	nc	nc	_	9	obj	_	_
b8e3c98c-cca1-464a-9a0f-cf9c670f5104.xml.macaon	141	11	de#l'	de#l'	prep	prep	_	10	dep	_	_
b8e3c98c-cca1-464a-9a0f-cf9c670f5104.xml.macaon	142	12	administration	administration	nc	nc	_	11	obj	_	_
b8e3c98c-cca1-464a-9a0f-cf9c670f5104.xml.macaon	143	13	vénitienne	vénitien	adj	adj	_	12	mod	_	_
b8e3c98c-cca1-464a-9a0f-cf9c670f5104.xml.macaon	144	14	.	.	poncts	poncts	_	6	ponct	_	_

b8e3c98c-cca1-464a-9a0f-cf9c670f5104.xml.macaon	145	1	Héraklion	Héraklion	nc	nc	_	2	suj	_	_
b8e3c98c-cca1-464a-9a0f-cf9c670f5104.xml.macaon	146	2	est	être	v	v	_	_	_	_	_
b8e3c98c-cca1-464a-9a0f-cf9c670f5104.xml.macaon	147	3	une	un	det	det	_	4	det	_	_
b8e3c98c-cca1-464a-9a0f-cf9c670f5104.xml.macaon	148	4	ville	ville	nc	nc	_	2	ats	_	_
b8e3c98c-cca1-464a-9a0f-cf9c670f5104.xml.macaon	149	5	portuaire	portuaire	adj	adj	_	4	mod	_	_
b8e3c98c-cca1-464a-9a0f-cf9c670f5104.xml.macaon	150	6	de	de	prep	prep	_	4	dep	_	_
b8e3c98c-cca1-464a-9a0f-cf9c670f5104.xml.macaon	151	7	140#000	140#000	nc	nc	_	6	obj	_	_
b8e3c98c-cca1-464a-9a0f-cf9c670f5104.xml.macaon	152	8	habitants	habitant	nc	nc	_	7	mod	_	_
b8e3c98c-cca1-464a-9a0f-cf9c670f5104.xml.macaon	153	9	,	,	ponctw	ponctw	_	7	ponct	_	_
b8e3c98c-cca1-464a-9a0f-cf9c670f5104.xml.macaon	154	10	capitale	capitale	nc	nc	_	7	mod	_	_
b8e3c98c-cca1-464a-9a0f-cf9c670f5104.xml.macaon	155	11	de	de	prep	prep	_	10	dep	_	_
b8e3c98c-cca1-464a-9a0f-cf9c670f5104.xml.macaon	156	12	la	le	det	det	_	13	det	_	_
b8e3c98c-cca1-464a-9a0f-cf9c670f5104.xml.macaon	157	13	périphérie	périphérie	nc	nc	_	11	obj	_	_
b8e3c98c-cca1-464a-9a0f-cf9c670f5104.xml.macaon	158	14	(	(	ponctw	ponctw	_	13	ponct	_	_
b8e3c98c-cca1-464a-9a0f-cf9c670f5104.xml.macaon	159	15	région	région	nc	nc	_	13	mod	_	_
b8e3c98c-cca1-464a-9a0f-cf9c670f5104.xml.macaon	160	16	)	)	ponctw	ponctw	_	15	ponct	_	_
b8e3c98c-cca1-464a-9a0f-cf9c670f5104.xml.macaon	161	17	de	de	prep	prep	_	15	dep	_	_
b8e3c98c-cca1-464a-9a0f-cf9c670f5104.xml.macaon	162	18	Crète	Crète	np	np	_	17	obj	_	_
b8e3c98c-cca1-464a-9a0f-cf9c670f5104.xml.macaon	163	19	.	.	poncts	poncts	_	2	ponct	_	_

b8e3c98c-cca1-464a-9a0f-cf9c670f5104.xml.macaon	164	1	Histoire	histoire	nc	nc	_	_	_	_	_

b8e3c98c-cca1-464a-9a0f-cf9c670f5104.xml.macaon	165	1	La	la	det	det	_	2	det	_	_	B:Awareness:FE:Cognizer:G:178
b8e3c98c-cca1-464a-9a0f-cf9c670f5104.xml.macaon	166	2	ville	ville	nc	nc	_	4	suj	_	_	I:Awareness:FE:Cognizer:G:178
b8e3c98c-cca1-464a-9a0f-cf9c670f5104.xml.macaon	167	3	,	,	ponctw	ponctw	_	2	ponct	_	_
b8e3c98c-cca1-464a-9a0f-cf9c670f5104.xml.macaon	168	4	fondée	fonder	vppart	vppart	_	_	_	_	_
b8e3c98c-cca1-464a-9a0f-cf9c670f5104.xml.macaon	169	5	par	par	prep	prep	_	4	p_obj	_	_
b8e3c98c-cca1-464a-9a0f-cf9c670f5104.xml.macaon	170	6	les	le	det	det	_	7	det	_	_
b8e3c98c-cca1-464a-9a0f-cf9c670f5104.xml.macaon	171	7	Grecs	grec	nc	nc	_	5	obj	_	_
b8e3c98c-cca1-464a-9a0f-cf9c670f5104.xml.macaon	172	8	à	à	prep	prep	_	4	mod	_	_
b8e3c98c-cca1-464a-9a0f-cf9c670f5104.xml.macaon	173	9	l'	le	det	det	_	10	det	_	_
b8e3c98c-cca1-464a-9a0f-cf9c670f5104.xml.macaon	174	10	époque	époque	nc	nc	_	8	obj	_	_
b8e3c98c-cca1-464a-9a0f-cf9c670f5104.xml.macaon	175	11	archaïque	archaïque	adj	adj	_	10	mod	_	_
b8e3c98c-cca1-464a-9a0f-cf9c670f5104.xml.macaon	176	12	,	,	ponctw	ponctw	_	14	ponct	_	_
b8e3c98c-cca1-464a-9a0f-cf9c670f5104.xml.macaon	177	13	a	avoir	v	v	_	14	aux_tps	_	_
b8e3c98c-cca1-464a-9a0f-cf9c670f5104.xml.macaon	178	14	connu	connaître	vppart	vppart	_	10	mod_rel	_	_	B:Awareness:TARGET:connaître:G:178
b8e3c98c-cca1-464a-9a0f-cf9c670f5104.xml.macaon	179	15	des	un	det	det	_	16	det	_	_	B:Awareness:FE:Content:G:178
b8e3c98c-cca1-464a-9a0f-cf9c670f5104.xml.macaon	180	16	périodes	période	nc	nc	_	14	obj	_	_	I:Awareness:FE:Content:G:178
b8e3c98c-cca1-464a-9a0f-cf9c670f5104.xml.macaon	181	17	byzantine	byzantin	adj	adj	_	16	mod	_	_	I:Awareness:FE:Content:G:178
b8e3c98c-cca1-464a-9a0f-cf9c670f5104.xml.macaon	182	18	,	,	ponctw	ponctw	_	16	ponct	_	_	I:Awareness:FE:Content:G:178
b8e3c98c-cca1-464a-9a0f-cf9c670f5104.xml.macaon	183	19	arabe	arabe	nc	nc	_	16	mod	_	_	I:Awareness:FE:Content:G:178
b8e3c98c-cca1-464a-9a0f-cf9c670f5104.xml.macaon	184	20	,	,	ponctw	ponctw	_	16	ponct	_	_	I:Awareness:FE:Content:G:178
b8e3c98c-cca1-464a-9a0f-cf9c670f5104.xml.macaon	185	21	puis	puis	coo	coo	_	16	coord	_	_	I:Awareness:FE:Content:G:178
b8e3c98c-cca1-464a-9a0f-cf9c670f5104.xml.macaon	186	22	à#nouveau	à#nouveau	adv	adv	_	23	mod	_	_	I:Awareness:FE:Content:G:178
b8e3c98c-cca1-464a-9a0f-cf9c670f5104.xml.macaon	187	23	byzantine	byzantin	adj	adj	_	21	dep_coord	_	_	I:Awareness:FE:Content:G:178
b8e3c98c-cca1-464a-9a0f-cf9c670f5104.xml.macaon	188	24	.	.	poncts	poncts	_	4	ponct	_	_

b8e3c98c-cca1-464a-9a0f-cf9c670f5104.xml.macaon	189	1	Elle	elle	cln	cln	_	3	suj	_	_
b8e3c98c-cca1-464a-9a0f-cf9c670f5104.xml.macaon	190	2	est	être	v	v	_	3	aux_tps	_	_
b8e3c98c-cca1-464a-9a0f-cf9c670f5104.xml.macaon	191	3	achetée	acheter	vppart	vppart	_	11	__JOKER__	_	_
b8e3c98c-cca1-464a-9a0f-cf9c670f5104.xml.macaon	192	4	aux	aux	prep	prep	_	3	mod	_	_
b8e3c98c-cca1-464a-9a0f-cf9c670f5104.xml.macaon	193	5	croisés	croisé	nc	nc	_	4	obj	_	_
b8e3c98c-cca1-464a-9a0f-cf9c670f5104.xml.macaon	194	6	en	en	prep	prep	_	3	mod	_	_
b8e3c98c-cca1-464a-9a0f-cf9c670f5104.xml.macaon	195	7	1204	1204	nc	nc	_	6	obj	_	_
b8e3c98c-cca1-464a-9a0f-cf9c670f5104.xml.macaon	196	8	par	par	prep	prep	_	7	dep	_	_
b8e3c98c-cca1-464a-9a0f-cf9c670f5104.xml.macaon	197	9	Venise	Venise	np	np	_	8	obj	_	_
b8e3c98c-cca1-464a-9a0f-cf9c670f5104.xml.macaon	198	10	,	,	ponctw	ponctw	_	7	ponct	_	_
b8e3c98c-cca1-464a-9a0f-cf9c670f5104.xml.macaon	199	11	qui	qui	prorel	prorel	_	13	suj	_	_
b8e3c98c-cca1-464a-9a0f-cf9c670f5104.xml.macaon	200	12	la	la	clo	clo	_	13	__JOKER__	_	_
b8e3c98c-cca1-464a-9a0f-cf9c670f5104.xml.macaon	201	13	conserve	conserver	v	v	_	_	_	_	_
b8e3c98c-cca1-464a-9a0f-cf9c670f5104.xml.macaon	202	14	jusqu'en	jusqu'en	prep	prep	_	13	de_obj	_	_
b8e3c98c-cca1-464a-9a0f-cf9c670f5104.xml.macaon	203	15	1669	1669	nc	nc	_	14	obj	_	_
b8e3c98c-cca1-464a-9a0f-cf9c670f5104.xml.macaon	204	16	.	.	poncts	poncts	_	13	ponct	_	_

b8e3c98c-cca1-464a-9a0f-cf9c670f5104.xml.macaon	205	1	Les	les	det	det	_	2	det	_	_
b8e3c98c-cca1-464a-9a0f-cf9c670f5104.xml.macaon	206	2	Turcs	turc	nc	nc	_	5	suj	_	_
b8e3c98c-cca1-464a-9a0f-cf9c670f5104.xml.macaon	207	3	ottomans	ottoman	adj	adj	_	2	mod	_	_
b8e3c98c-cca1-464a-9a0f-cf9c670f5104.xml.macaon	208	4	l'	l'	clo	clo	_	5	__JOKER__	_	_
b8e3c98c-cca1-464a-9a0f-cf9c670f5104.xml.macaon	209	5	administrent	administrer	v	v	_	_	_	_	_
b8e3c98c-cca1-464a-9a0f-cf9c670f5104.xml.macaon	210	6	jusqu'en	jusqu'en	prep	prep	_	5	de_obj	_	_
b8e3c98c-cca1-464a-9a0f-cf9c670f5104.xml.macaon	211	7	1913	1913	nc	nc	_	6	obj	_	_	B:Age:FE:Age:G:213
b8e3c98c-cca1-464a-9a0f-cf9c670f5104.xml.macaon	212	8	,	,	ponctw	ponctw	_	5	ponct	_	_
b8e3c98c-cca1-464a-9a0f-cf9c670f5104.xml.macaon	213	9	date	date	nc	nc	_	5	obj	_	_	B:Age:TARGET:date:G:213
b8e3c98c-cca1-464a-9a0f-cf9c670f5104.xml.macaon	214	10	où	où	prorel	prorel	_	14	suj	_	_
b8e3c98c-cca1-464a-9a0f-cf9c670f5104.xml.macaon	215	11	la	le	det	det	_	12	det	_	_	B:Age:FE:Entity:G:213
b8e3c98c-cca1-464a-9a0f-cf9c670f5104.xml.macaon	216	12	Crète	Crète	np	np	_	13	suj	_	_	I:Age:FE:Entity:G:213
b8e3c98c-cca1-464a-9a0f-cf9c670f5104.xml.macaon	217	13	est	être	v	v	_	14	aux_tps	_	_	I:Age:FE:Entity:G:213
b8e3c98c-cca1-464a-9a0f-cf9c670f5104.xml.macaon	218	14	rattachée	rattacher	vppart	vppart	_	9	mod_rel	_	_	I:Age:FE:Entity:G:213
b8e3c98c-cca1-464a-9a0f-cf9c670f5104.xml.macaon	219	15	à	à	prep	prep	_	14	mod	_	_	I:Age:FE:Entity:G:213
b8e3c98c-cca1-464a-9a0f-cf9c670f5104.xml.macaon	220	16	la	le	det	det	_	17	det	_	_	I:Age:FE:Entity:G:213
b8e3c98c-cca1-464a-9a0f-cf9c670f5104.xml.macaon	221	17	Grèce	Grèce	np	np	_	15	obj	_	_	I:Age:FE:Entity:G:213
b8e3c98c-cca1-464a-9a0f-cf9c670f5104.xml.macaon	222	18	.	.	poncts	poncts	_	5	ponct	_	_

b8e3c98c-cca1-464a-9a0f-cf9c670f5104.xml.macaon	223	1	Monuments	monument	nc	nc	_	_	_	_	_

b8e3c98c-cca1-464a-9a0f-cf9c670f5104.xml.macaon	224	1	Héraklion	Héraklion	nc	nc	_	2	suj	_	_
b8e3c98c-cca1-464a-9a0f-cf9c670f5104.xml.macaon	225	2	conserve	conserver	v	v	_	_	_	_	_
b8e3c98c-cca1-464a-9a0f-cf9c670f5104.xml.macaon	226	3	des	un	det	det	_	4	det	_	_
b8e3c98c-cca1-464a-9a0f-cf9c670f5104.xml.macaon	227	4	monuments	monument	nc	nc	_	2	obj	_	_
b8e3c98c-cca1-464a-9a0f-cf9c670f5104.xml.macaon	228	5	de#l'	de#l'	prep	prep	_	4	dep	_	_
b8e3c98c-cca1-464a-9a0f-cf9c670f5104.xml.macaon	229	6	époque	époque	nc	nc	_	5	obj	_	_
b8e3c98c-cca1-464a-9a0f-cf9c670f5104.xml.macaon	230	7	vénitienne	vénitien	adj	adj	_	6	mod	_	_
b8e3c98c-cca1-464a-9a0f-cf9c670f5104.xml.macaon	231	8	,	,	ponctw	ponctw	_	6	ponct	_	_
b8e3c98c-cca1-464a-9a0f-cf9c670f5104.xml.macaon	232	9	comme	comme	prep	prep	_	2	mod	_	_
b8e3c98c-cca1-464a-9a0f-cf9c670f5104.xml.macaon	233	10	la	le	det	det	_	11	det	_	_
b8e3c98c-cca1-464a-9a0f-cf9c670f5104.xml.macaon	234	11	forteresse	forteresse	nc	nc	_	9	obj	_	_
b8e3c98c-cca1-464a-9a0f-cf9c670f5104.xml.macaon	235	12	et	et	coo	coo	_	11	coord	_	_
b8e3c98c-cca1-464a-9a0f-cf9c670f5104.xml.macaon	236	13	l'	le	det	det	_	14	det	_	_
b8e3c98c-cca1-464a-9a0f-cf9c670f5104.xml.macaon	237	14	arsenal	arsenal	nc	nc	_	12	dep_coord	_	_
b8e3c98c-cca1-464a-9a0f-cf9c670f5104.xml.macaon	238	15	,	,	ponctw	ponctw	_	14	ponct	_	_
b8e3c98c-cca1-464a-9a0f-cf9c670f5104.xml.macaon	239	16	mais#aussi	mais#aussi	coo	coo	_	11	coord	_	_
b8e3c98c-cca1-464a-9a0f-cf9c670f5104.xml.macaon	240	17	la	le	det	det	_	20	det	_	_
b8e3c98c-cca1-464a-9a0f-cf9c670f5104.xml.macaon	241	18	très	très	adv	adv	_	19	mod	_	_
b8e3c98c-cca1-464a-9a0f-cf9c670f5104.xml.macaon	242	19	belle	beau	adj	adj	_	20	mod	_	_
b8e3c98c-cca1-464a-9a0f-cf9c670f5104.xml.macaon	243	20	fontaine	fontaine	nc	nc	_	16	__JOKER__	_	_
b8e3c98c-cca1-464a-9a0f-cf9c670f5104.xml.macaon	244	21	de	de	prep	prep	_	20	dep	_	_
b8e3c98c-cca1-464a-9a0f-cf9c670f5104.xml.macaon	245	22	Morosini	Morosini	np	np	_	21	obj	_	_
b8e3c98c-cca1-464a-9a0f-cf9c670f5104.xml.macaon	246	23	.	.	poncts	poncts	_	2	ponct	_	_

b8e3c98c-cca1-464a-9a0f-cf9c670f5104.xml.macaon	247	1	Musée	musée	vppart	vppart	_	_	_	_	_
b8e3c98c-cca1-464a-9a0f-cf9c670f5104.xml.macaon	248	2	archéologique	archéologique	adj	adj	_	1	ats	_	_
b8e3c98c-cca1-464a-9a0f-cf9c670f5104.xml.macaon	249	3	d'	de	prep	prep	_	1	de_obj	_	_
b8e3c98c-cca1-464a-9a0f-cf9c670f5104.xml.macaon	250	4	Héraklion	Héraklion	nc	nc	_	3	obj	_	_

b8e3c98c-cca1-464a-9a0f-cf9c670f5104.xml.macaon	251	1	Le	le	det	det	_	2	det	_	_
b8e3c98c-cca1-464a-9a0f-cf9c670f5104.xml.macaon	252	2	musée	musée	nc	nc	_	6	suj	_	_
b8e3c98c-cca1-464a-9a0f-cf9c670f5104.xml.macaon	253	3	archéologique	archéologique	adj	adj	_	2	mod	_	_
b8e3c98c-cca1-464a-9a0f-cf9c670f5104.xml.macaon	254	4	d'	de	prep	prep	_	2	dep	_	_
b8e3c98c-cca1-464a-9a0f-cf9c670f5104.xml.macaon	255	5	Héraklion	Héraklion	nc	nc	_	4	obj	_	_
b8e3c98c-cca1-464a-9a0f-cf9c670f5104.xml.macaon	256	6	est	être	v	v	_	_	_	_	_
b8e3c98c-cca1-464a-9a0f-cf9c670f5104.xml.macaon	257	7	le	le	det	det	_	9	det	_	_
b8e3c98c-cca1-464a-9a0f-cf9c670f5104.xml.macaon	258	8	deuxième	deuxième	adj	adj	_	9	mod	_	_
b8e3c98c-cca1-464a-9a0f-cf9c670f5104.xml.macaon	259	9	musée	musée	nc	nc	_	6	obj	_	_
b8e3c98c-cca1-464a-9a0f-cf9c670f5104.xml.macaon	260	10	de	de	prep	prep	_	9	dep	_	_
b8e3c98c-cca1-464a-9a0f-cf9c670f5104.xml.macaon	261	11	Grèce	Grèce	np	np	_	10	obj	_	_
b8e3c98c-cca1-464a-9a0f-cf9c670f5104.xml.macaon	262	12	en	en	prep	prep	_	6	mod	_	_
b8e3c98c-cca1-464a-9a0f-cf9c670f5104.xml.macaon	263	13	nombre	nombre	nc	nc	_	12	obj	_	_
b8e3c98c-cca1-464a-9a0f-cf9c670f5104.xml.macaon	264	14	de	de	prep	prep	_	13	dep	_	_
b8e3c98c-cca1-464a-9a0f-cf9c670f5104.xml.macaon	265	15	visiteurs	visiteur	nc	nc	_	14	obj	_	_
b8e3c98c-cca1-464a-9a0f-cf9c670f5104.xml.macaon	266	16	.	.	poncts	poncts	_	6	ponct	_	_

b8e3c98c-cca1-464a-9a0f-cf9c670f5104.xml.macaon	267	1	Il	il	cln	cln	_	2	suj	_	_
b8e3c98c-cca1-464a-9a0f-cf9c670f5104.xml.macaon	268	2	rassemble	rassembler	v	v	_	_	_	_	_
b8e3c98c-cca1-464a-9a0f-cf9c670f5104.xml.macaon	269	3	des	un	det	det	_	4	det	_	_	B:Age:FE:Entity:G:277
b8e3c98c-cca1-464a-9a0f-cf9c670f5104.xml.macaon	270	4	objets	objet	nc	nc	_	2	obj	_	_	B:Origin:FE:Entity:G:271	I:Age:FE:Entity:G:277
b8e3c98c-cca1-464a-9a0f-cf9c670f5104.xml.macaon	271	5	provenant	provenir	vprespart	vprespart	_	2	__JOKER__	_	_	B:Origin:TARGET:provenir:G:271
b8e3c98c-cca1-464a-9a0f-cf9c670f5104.xml.macaon	272	6	de	de	prep	prep	_	5	de_obj	_	_
b8e3c98c-cca1-464a-9a0f-cf9c670f5104.xml.macaon	273	7	toute	tout	adj	adj	_	9	mod	_	_	B:Origin:FE:Origin:G:271
b8e3c98c-cca1-464a-9a0f-cf9c670f5104.xml.macaon	274	8	la	le	det	det	_	9	det	_	_	I:Origin:FE:Origin:G:271
b8e3c98c-cca1-464a-9a0f-cf9c670f5104.xml.macaon	275	9	Crète	Crète	np	np	_	6	obj	_	_	I:Origin:FE:Origin:G:271
b8e3c98c-cca1-464a-9a0f-cf9c670f5104.xml.macaon	276	10	,	,	ponctw	ponctw	_	9	ponct	_	_
b8e3c98c-cca1-464a-9a0f-cf9c670f5104.xml.macaon	277	11	datant	dater	vprespart	vprespart	_	9	__JOKER__	_	_	B:Age:TARGET:dater:G:277
b8e3c98c-cca1-464a-9a0f-cf9c670f5104.xml.macaon	278	12	de#l'	du	det	det	_	13	det	_	_	B:Age:FE:Age:G:277
b8e3c98c-cca1-464a-9a0f-cf9c670f5104.xml.macaon	279	13	époque	époque	nc	nc	_	6	obj	_	_	I:Age:FE:Age:G:277
b8e3c98c-cca1-464a-9a0f-cf9c670f5104.xml.macaon	280	14	néolithique	néolithique	adj	adj	_	13	mod	_	_	I:Age:FE:Age:G:277
b8e3c98c-cca1-464a-9a0f-cf9c670f5104.xml.macaon	281	15	à	à	prep	prep	_	13	dep	_	_	I:Age:FE:Age:G:277
b8e3c98c-cca1-464a-9a0f-cf9c670f5104.xml.macaon	282	16	l'	le	det	det	_	17	det	_	_	I:Age:FE:Age:G:277
b8e3c98c-cca1-464a-9a0f-cf9c670f5104.xml.macaon	283	17	époque	époque	nc	nc	_	15	obj	_	_	I:Age:FE:Age:G:277
b8e3c98c-cca1-464a-9a0f-cf9c670f5104.xml.macaon	284	18	romaine	romain	adj	adj	_	17	mod	_	_	I:Age:FE:Age:G:277
b8e3c98c-cca1-464a-9a0f-cf9c670f5104.xml.macaon	285	19	.	.	poncts	poncts	_	2	ponct	_	_

b8e3c98c-cca1-464a-9a0f-cf9c670f5104.xml.macaon	286	1	On	on	cln	cln	_	3	suj	_	_	B:Locating:FE:Perceiver:G:305
b8e3c98c-cca1-464a-9a0f-cf9c670f5104.xml.macaon	287	2	y	y	clo	clo	_	3	__JOKER__	_	_	B:Locating:FE:Ground:G:305
b8e3c98c-cca1-464a-9a0f-cf9c670f5104.xml.macaon	288	3	trouve	trouver	v	v	_	_	_	_	_	B:Locating:TARGET:trouver:G:288
b8e3c98c-cca1-464a-9a0f-cf9c670f5104.xml.macaon	289	4	la	le	det	det	_	7	det	_	_	B:Scrutiny:FE:Phenomenon:G:308
b8e3c98c-cca1-464a-9a0f-cf9c670f5104.xml.macaon	290	5	plus	plus	adv	adv	_	6	mod	_	_	I:Scrutiny:FE:Phenomenon:G:308
b8e3c98c-cca1-464a-9a0f-cf9c670f5104.xml.macaon	291	6	importante	important	adj	adj	_	7	mod	_	_	I:Scrutiny:FE:Phenomenon:G:308
b8e3c98c-cca1-464a-9a0f-cf9c670f5104.xml.macaon	292	7	collection	collection	nc	nc	_	3	obj	_	_	I:Scrutiny:FE:Phenomenon:G:308
b8e3c98c-cca1-464a-9a0f-cf9c670f5104.xml.macaon	293	8	au	au	prep	prep	_	7	dep	_	_	I:Scrutiny:FE:Phenomenon:G:308
b8e3c98c-cca1-464a-9a0f-cf9c670f5104.xml.macaon	294	9	monde	monde	nc	nc	_	8	obj	_	_	I:Scrutiny:FE:Phenomenon:G:308
b8e3c98c-cca1-464a-9a0f-cf9c670f5104.xml.macaon	295	10	d'	de	prep	prep	_	9	dep	_	_	I:Scrutiny:FE:Phenomenon:G:308
b8e3c98c-cca1-464a-9a0f-cf9c670f5104.xml.macaon	296	11	objets	objet	nc	nc	_	10	obj	_	_	I:Scrutiny:FE:Phenomenon:G:308
b8e3c98c-cca1-464a-9a0f-cf9c670f5104.xml.macaon	297	12	minoens	minoen	nc	nc	_	11	mod	_	_	I:Scrutiny:FE:Phenomenon:G:308
b8e3c98c-cca1-464a-9a0f-cf9c670f5104.xml.macaon	298	13	,	,	ponctw	ponctw	_	9	ponct	_	_	I:Scrutiny:FE:Phenomenon:G:308
b8e3c98c-cca1-464a-9a0f-cf9c670f5104.xml.macaon	299	14	dont	dont	prorel	prorel	_	20	suj	_	_	I:Scrutiny:FE:Phenomenon:G:308
b8e3c98c-cca1-464a-9a0f-cf9c670f5104.xml.macaon	300	15	une	un	det	det	_	17	det	_	_	I:Scrutiny:FE:Phenomenon:G:308
b8e3c98c-cca1-464a-9a0f-cf9c670f5104.xml.macaon	301	16	grande	grand	adj	adj	_	17	mod	_	_	I:Scrutiny:FE:Phenomenon:G:308
b8e3c98c-cca1-464a-9a0f-cf9c670f5104.xml.macaon	302	17	partie	partie	nc	nc	_	20	suj	_	_	I:Scrutiny:FE:Phenomenon:G:308
b8e3c98c-cca1-464a-9a0f-cf9c670f5104.xml.macaon	303	18	des	des	prep	prep	_	17	dep	_	_	I:Scrutiny:FE:Phenomenon:G:308
b8e3c98c-cca1-464a-9a0f-cf9c670f5104.xml.macaon	304	19	fresques	fresque	nc	nc	_	18	obj	_	_	I:Scrutiny:FE:Phenomenon:G:308
b8e3c98c-cca1-464a-9a0f-cf9c670f5104.xml.macaon	305	20	trouvées	trouver	vppart	vppart	_	9	mod	_	_	B:Locating:TARGET:trouver:G:305
b8e3c98c-cca1-464a-9a0f-cf9c670f5104.xml.macaon	306	21	dans	dans	prep	prep	_	20	mod	_	_
b8e3c98c-cca1-464a-9a0f-cf9c670f5104.xml.macaon	307	22	les	le	det	det	_	23	det	_	_
b8e3c98c-cca1-464a-9a0f-cf9c670f5104.xml.macaon	308	23	fouilles	fouille	nc	nc	_	21	obj	_	_	B:Scrutiny:TARGET:fouille:G:308
b8e3c98c-cca1-464a-9a0f-cf9c670f5104.xml.macaon	309	24	du	du	prep	prep	_	20	mod	_	_	B:Scrutiny:FE:Ground:G:308
b8e3c98c-cca1-464a-9a0f-cf9c670f5104.xml.macaon	310	25	palais	palais	nc	nc	_	24	obj	_	_	I:Scrutiny:FE:Ground:G:308
b8e3c98c-cca1-464a-9a0f-cf9c670f5104.xml.macaon	311	26	de	de	prep	prep	_	25	dep	_	_	I:Scrutiny:FE:Ground:G:308
b8e3c98c-cca1-464a-9a0f-cf9c670f5104.xml.macaon	312	27	Cnossos	Cnossos	np	np	_	26	obj	_	_	I:Scrutiny:FE:Ground:G:308
b8e3c98c-cca1-464a-9a0f-cf9c670f5104.xml.macaon	313	28	.	.	poncts	poncts	_	3	ponct	_	_

b8e3c98c-cca1-464a-9a0f-cf9c670f5104.xml.macaon	314	1	35	35	det	det	_	2	det	_	_
b8e3c98c-cca1-464a-9a0f-cf9c670f5104.xml.macaon	315	2	°	degré	nc	nc	_	_	_	_	_
b8e3c98c-cca1-464a-9a0f-cf9c670f5104.xml.macaon	316	3	20	20	adj	adj	_	2	mod	_	_
b8e3c98c-cca1-464a-9a0f-cf9c670f5104.xml.macaon	317	4	′	′	nc	nc	_	2	mod	_	_
b8e3c98c-cca1-464a-9a0f-cf9c670f5104.xml.macaon	318	5	N	N	prep	prep	_	4	dep	_	_
b8e3c98c-cca1-464a-9a0f-cf9c670f5104.xml.macaon	319	6	25	25	det	det	_	7	det	_	_
b8e3c98c-cca1-464a-9a0f-cf9c670f5104.xml.macaon	320	7	°	degré	nc	nc	_	5	obj	_	_
b8e3c98c-cca1-464a-9a0f-cf9c670f5104.xml.macaon	321	8	01	01	adj	adj	_	7	mod	_	_
b8e3c98c-cca1-464a-9a0f-cf9c670f5104.xml.macaon	322	9	′	′	prep	prep	_	7	dep	_	_
b8e3c98c-cca1-464a-9a0f-cf9c670f5104.xml.macaon	323	10	E	E	nc	nc	_	9	obj	_	_
b8e3c98c-cca1-464a-9a0f-cf9c670f5104.xml.macaon	324	11	/	/	ponctw	ponctw	_	10	ponct	_	_
b8e3c98c-cca1-464a-9a0f-cf9c670f5104.xml.macaon	325	12	35.33	35.33	nc	nc	_	10	mod	_	_
b8e3c98c-cca1-464a-9a0f-cf9c670f5104.xml.macaon	326	13	,	,	ponctw	ponctw	_	12	ponct	_	_
b8e3c98c-cca1-464a-9a0f-cf9c670f5104.xml.macaon	327	14	25.01	25.01	nc	nc	_	12	mod	_	_
