ba12ab8e-afb2-4bb4-bce6-f48f9b2e212f.xml.macaon	0	1	vikidia	vikidia	nc	nc	_	_	_	_	_

ba12ab8e-afb2-4bb4-bce6-f48f9b2e212f.xml.macaon	1	1	ba12ab8e	ba12ab8e	nc	nc	_	_	_	_	_
ba12ab8e-afb2-4bb4-bce6-f48f9b2e212f.xml.macaon	2	2	-	-	ponctw	ponctw	_	1	ponct	_	_
ba12ab8e-afb2-4bb4-bce6-f48f9b2e212f.xml.macaon	3	3	afb2	afb2	nc	nc	_	1	mod	_	_
ba12ab8e-afb2-4bb4-bce6-f48f9b2e212f.xml.macaon	4	4	-	-	ponctw	ponctw	_	3	ponct	_	_
ba12ab8e-afb2-4bb4-bce6-f48f9b2e212f.xml.macaon	5	5	4bb4	4bb4	nc	nc	_	3	mod	_	_
ba12ab8e-afb2-4bb4-bce6-f48f9b2e212f.xml.macaon	6	6	-	-	ponctw	ponctw	_	5	ponct	_	_
ba12ab8e-afb2-4bb4-bce6-f48f9b2e212f.xml.macaon	7	7	bce6	bce6	nc	nc	_	5	mod	_	_
ba12ab8e-afb2-4bb4-bce6-f48f9b2e212f.xml.macaon	8	8	-	-	ponctw	ponctw	_	7	ponct	_	_
ba12ab8e-afb2-4bb4-bce6-f48f9b2e212f.xml.macaon	9	9	f48f9b2e212f	f48f9b2e212f	nc	nc	_	7	mod	_	_

ba12ab8e-afb2-4bb4-bce6-f48f9b2e212f.xml.macaon	10	1	ADDED	ADDED	nc	nc	_	_	_	_	_

ba12ab8e-afb2-4bb4-bce6-f48f9b2e212f.xml.macaon	11	1	2016	2016	adj	adj	_	3	mod	_	_
ba12ab8e-afb2-4bb4-bce6-f48f9b2e212f.xml.macaon	12	2	-	-	ponctw	ponctw	_	1	ponct	_	_
ba12ab8e-afb2-4bb4-bce6-f48f9b2e212f.xml.macaon	13	3	06	06	nc	nc	_	_	_	_	_
ba12ab8e-afb2-4bb4-bce6-f48f9b2e212f.xml.macaon	14	4	-	-	ponctw	ponctw	_	3	ponct	_	_
ba12ab8e-afb2-4bb4-bce6-f48f9b2e212f.xml.macaon	15	5	15T14	15T14	nc	nc	_	3	mod	_	_
ba12ab8e-afb2-4bb4-bce6-f48f9b2e212f.xml.macaon	16	6	:	:	ponctw	ponctw	_	5	ponct	_	_
ba12ab8e-afb2-4bb4-bce6-f48f9b2e212f.xml.macaon	17	7	53	53	nc	nc	_	5	mod	_	_
ba12ab8e-afb2-4bb4-bce6-f48f9b2e212f.xml.macaon	18	8	:	:	ponctw	ponctw	_	7	ponct	_	_
ba12ab8e-afb2-4bb4-bce6-f48f9b2e212f.xml.macaon	19	9	25Z	25Z	nc	nc	_	7	mod	_	_

ba12ab8e-afb2-4bb4-bce6-f48f9b2e212f.xml.macaon	20	1	Village	village	nc	nc	_	_	_	_	_
ba12ab8e-afb2-4bb4-bce6-f48f9b2e212f.xml.macaon	21	2	gaulois	gaulois	adj	adj	_	1	mod	_	_

ba12ab8e-afb2-4bb4-bce6-f48f9b2e212f.xml.macaon	22	1	Dans	dans	prep	prep	_	9	mod	_	_
ba12ab8e-afb2-4bb4-bce6-f48f9b2e212f.xml.macaon	23	2	les	le	det	det	_	3	det	_	_
ba12ab8e-afb2-4bb4-bce6-f48f9b2e212f.xml.macaon	24	3	villages	village	nc	nc	_	1	obj	_	_
ba12ab8e-afb2-4bb4-bce6-f48f9b2e212f.xml.macaon	25	4	gaulois	gaulois	adj	adj	_	3	mod	_	_
ba12ab8e-afb2-4bb4-bce6-f48f9b2e212f.xml.macaon	26	5	,	,	ponctw	ponctw	_	9	ponct	_	_
ba12ab8e-afb2-4bb4-bce6-f48f9b2e212f.xml.macaon	27	6	les	le	det	det	_	7	det	_	_
ba12ab8e-afb2-4bb4-bce6-f48f9b2e212f.xml.macaon	28	7	villageois	villageois	nc	nc	_	9	suj	_	_
ba12ab8e-afb2-4bb4-bce6-f48f9b2e212f.xml.macaon	29	8	sont	être	v	v	_	9	aux_tps	_	_
ba12ab8e-afb2-4bb4-bce6-f48f9b2e212f.xml.macaon	30	9	concernés	concerner	vppart	vppart	_	_	_	_	_
ba12ab8e-afb2-4bb4-bce6-f48f9b2e212f.xml.macaon	31	10	dans	dans	prep	prep	_	9	mod	_	_
ba12ab8e-afb2-4bb4-bce6-f48f9b2e212f.xml.macaon	32	11	toutes	tout	adj	adj	_	13	mod	_	_
ba12ab8e-afb2-4bb4-bce6-f48f9b2e212f.xml.macaon	33	12	les	le	det	det	_	13	det	_	_
ba12ab8e-afb2-4bb4-bce6-f48f9b2e212f.xml.macaon	34	13	activités	activité	nc	nc	_	10	obj	_	_
ba12ab8e-afb2-4bb4-bce6-f48f9b2e212f.xml.macaon	35	14	(	(	ponctw	ponctw	_	13	ponct	_	_
ba12ab8e-afb2-4bb4-bce6-f48f9b2e212f.xml.macaon	36	15	chasse	chasse	nc	nc	_	13	mod	_	_	B:Hunting:TARGET:chasse:G:36
ba12ab8e-afb2-4bb4-bce6-f48f9b2e212f.xml.macaon	37	16	,	,	ponctw	ponctw	_	15	ponct	_	_
ba12ab8e-afb2-4bb4-bce6-f48f9b2e212f.xml.macaon	38	17	enterrement	enterrement	nc	nc	_	15	mod	_	_
ba12ab8e-afb2-4bb4-bce6-f48f9b2e212f.xml.macaon	39	18	,	,	ponctw	ponctw	_	17	ponct	_	_
ba12ab8e-afb2-4bb4-bce6-f48f9b2e212f.xml.macaon	40	19	etc.	etc.	np	np	_	17	mod	_	_
ba12ab8e-afb2-4bb4-bce6-f48f9b2e212f.xml.macaon	41	20	)	)	ponctw	ponctw	_	13	ponct	_	_
ba12ab8e-afb2-4bb4-bce6-f48f9b2e212f.xml.macaon	42	21	,	,	ponctw	ponctw	_	13	ponct	_	_
ba12ab8e-afb2-4bb4-bce6-f48f9b2e212f.xml.macaon	43	22	mais	mais	coo	coo	_	13	coord	_	_
ba12ab8e-afb2-4bb4-bce6-f48f9b2e212f.xml.macaon	44	23	certains	certain	det	det	_	24	det	_	_
ba12ab8e-afb2-4bb4-bce6-f48f9b2e212f.xml.macaon	45	24	villageois	villageois	nc	nc	_	25	suj	_	_
ba12ab8e-afb2-4bb4-bce6-f48f9b2e212f.xml.macaon	46	25	sont	être	v	v	_	22	dep_coord	_	_
ba12ab8e-afb2-4bb4-bce6-f48f9b2e212f.xml.macaon	47	26	plus	plus	adv	adv	_	27	mod	_	_
ba12ab8e-afb2-4bb4-bce6-f48f9b2e212f.xml.macaon	48	27	importants	important	adj	adj	_	25	ats	_	_
ba12ab8e-afb2-4bb4-bce6-f48f9b2e212f.xml.macaon	49	28	que	que	csu	csu	_	25	obj	_	_
ba12ab8e-afb2-4bb4-bce6-f48f9b2e212f.xml.macaon	50	29	d'autres	d'autres	pro	pro	_	9	__JOKER__	_	_
ba12ab8e-afb2-4bb4-bce6-f48f9b2e212f.xml.macaon	51	30	.	.	poncts	poncts	_	9	ponct	_	_

ba12ab8e-afb2-4bb4-bce6-f48f9b2e212f.xml.macaon	52	1	Antiquité	antiquité	nc	nc	_	_	_	_	_

ba12ab8e-afb2-4bb4-bce6-f48f9b2e212f.xml.macaon	53	1	Village	village	nc	nc	_	_	_	_	_
ba12ab8e-afb2-4bb4-bce6-f48f9b2e212f.xml.macaon	54	2	gaulois	gaulois	adj	adj	_	1	mod	_	_

ba12ab8e-afb2-4bb4-bce6-f48f9b2e212f.xml.macaon	55	1	Dans	dans	prep	prep	_	9	mod	_	_
ba12ab8e-afb2-4bb4-bce6-f48f9b2e212f.xml.macaon	56	2	les	le	det	det	_	3	det	_	_
ba12ab8e-afb2-4bb4-bce6-f48f9b2e212f.xml.macaon	57	3	villages	village	nc	nc	_	1	obj	_	_
ba12ab8e-afb2-4bb4-bce6-f48f9b2e212f.xml.macaon	58	4	gaulois	gaulois	adj	adj	_	3	mod	_	_
ba12ab8e-afb2-4bb4-bce6-f48f9b2e212f.xml.macaon	59	5	,	,	ponctw	ponctw	_	9	ponct	_	_
ba12ab8e-afb2-4bb4-bce6-f48f9b2e212f.xml.macaon	60	6	les	le	det	det	_	7	det	_	_
ba12ab8e-afb2-4bb4-bce6-f48f9b2e212f.xml.macaon	61	7	villageois	villageois	nc	nc	_	9	suj	_	_
ba12ab8e-afb2-4bb4-bce6-f48f9b2e212f.xml.macaon	62	8	sont	être	v	v	_	9	aux_tps	_	_
ba12ab8e-afb2-4bb4-bce6-f48f9b2e212f.xml.macaon	63	9	concernés	concerner	vppart	vppart	_	_	_	_	_
ba12ab8e-afb2-4bb4-bce6-f48f9b2e212f.xml.macaon	64	10	dans	dans	prep	prep	_	9	mod	_	_
ba12ab8e-afb2-4bb4-bce6-f48f9b2e212f.xml.macaon	65	11	toutes	tout	adj	adj	_	13	mod	_	_
ba12ab8e-afb2-4bb4-bce6-f48f9b2e212f.xml.macaon	66	12	les	le	det	det	_	13	det	_	_
ba12ab8e-afb2-4bb4-bce6-f48f9b2e212f.xml.macaon	67	13	activités	activité	nc	nc	_	10	obj	_	_
ba12ab8e-afb2-4bb4-bce6-f48f9b2e212f.xml.macaon	68	14	(	(	ponctw	ponctw	_	13	ponct	_	_
ba12ab8e-afb2-4bb4-bce6-f48f9b2e212f.xml.macaon	69	15	chasse	chasse	nc	nc	_	13	mod	_	_	B:Hunting:TARGET:chasse:G:69
ba12ab8e-afb2-4bb4-bce6-f48f9b2e212f.xml.macaon	70	16	,	,	ponctw	ponctw	_	15	ponct	_	_
ba12ab8e-afb2-4bb4-bce6-f48f9b2e212f.xml.macaon	71	17	enterrement	enterrement	nc	nc	_	15	mod	_	_
ba12ab8e-afb2-4bb4-bce6-f48f9b2e212f.xml.macaon	72	18	,	,	ponctw	ponctw	_	17	ponct	_	_
ba12ab8e-afb2-4bb4-bce6-f48f9b2e212f.xml.macaon	73	19	etc.	etc.	np	np	_	17	mod	_	_
ba12ab8e-afb2-4bb4-bce6-f48f9b2e212f.xml.macaon	74	20	)	)	ponctw	ponctw	_	13	ponct	_	_
ba12ab8e-afb2-4bb4-bce6-f48f9b2e212f.xml.macaon	75	21	,	,	ponctw	ponctw	_	13	ponct	_	_
ba12ab8e-afb2-4bb4-bce6-f48f9b2e212f.xml.macaon	76	22	mais	mais	coo	coo	_	13	coord	_	_
ba12ab8e-afb2-4bb4-bce6-f48f9b2e212f.xml.macaon	77	23	certains	certain	det	det	_	24	det	_	_
ba12ab8e-afb2-4bb4-bce6-f48f9b2e212f.xml.macaon	78	24	villageois	villageois	nc	nc	_	25	suj	_	_
ba12ab8e-afb2-4bb4-bce6-f48f9b2e212f.xml.macaon	79	25	sont	être	v	v	_	22	dep_coord	_	_
ba12ab8e-afb2-4bb4-bce6-f48f9b2e212f.xml.macaon	80	26	plus	plus	adv	adv	_	27	mod	_	_
ba12ab8e-afb2-4bb4-bce6-f48f9b2e212f.xml.macaon	81	27	importants	important	adj	adj	_	25	ats	_	_
ba12ab8e-afb2-4bb4-bce6-f48f9b2e212f.xml.macaon	82	28	que	que	csu	csu	_	25	obj	_	_
ba12ab8e-afb2-4bb4-bce6-f48f9b2e212f.xml.macaon	83	29	d'autres	d'autres	pro	pro	_	9	__JOKER__	_	_
ba12ab8e-afb2-4bb4-bce6-f48f9b2e212f.xml.macaon	84	30	.	.	poncts	poncts	_	9	ponct	_	_

ba12ab8e-afb2-4bb4-bce6-f48f9b2e212f.xml.macaon	85	1	Les	les	det	det	_	2	det	_	_	B:Leadership:FE:Governed:G:88
ba12ab8e-afb2-4bb4-bce6-f48f9b2e212f.xml.macaon	86	2	villageois	villageois	nc	nc	_	4	suj	_	_	I:Leadership:FE:Governed:G:88
ba12ab8e-afb2-4bb4-bce6-f48f9b2e212f.xml.macaon	87	3	sont	être	v	v	_	4	aux_tps	_	_
ba12ab8e-afb2-4bb4-bce6-f48f9b2e212f.xml.macaon	88	4	dirigés	diriger	vppart	vppart	_	_	_	_	_	B:Leadership:TARGET:diriger:G:88
ba12ab8e-afb2-4bb4-bce6-f48f9b2e212f.xml.macaon	89	5	par	par	prep	prep	_	4	mod	_	_
ba12ab8e-afb2-4bb4-bce6-f48f9b2e212f.xml.macaon	90	6	un	un	det	det	_	7	det	_	_	B:Leadership:FE:Leader:G:88
ba12ab8e-afb2-4bb4-bce6-f48f9b2e212f.xml.macaon	91	7	chef	chef	nc	nc	_	5	obj	_	_	I:Leadership:FE:Leader:G:88
ba12ab8e-afb2-4bb4-bce6-f48f9b2e212f.xml.macaon	92	8	,	,	ponctw	ponctw	_	9	ponct	_	_
ba12ab8e-afb2-4bb4-bce6-f48f9b2e212f.xml.macaon	93	9	il#y#a	il#y#a	v	v	_	7	mod_rel	_	_
ba12ab8e-afb2-4bb4-bce6-f48f9b2e212f.xml.macaon	94	10	un	un	det	det	_	11	det	_	_
ba12ab8e-afb2-4bb4-bce6-f48f9b2e212f.xml.macaon	95	11	druide	druide	nc	nc	_	9	obj	_	_
ba12ab8e-afb2-4bb4-bce6-f48f9b2e212f.xml.macaon	96	12	(	(	ponctw	ponctw	_	9	ponct	_	_
ba12ab8e-afb2-4bb4-bce6-f48f9b2e212f.xml.macaon	97	13	ne	ne	advneg	advneg	_	15	mod	_	_
ba12ab8e-afb2-4bb4-bce6-f48f9b2e212f.xml.macaon	98	14	pas	pas	advneg	advneg	_	15	mod	_	_
ba12ab8e-afb2-4bb4-bce6-f48f9b2e212f.xml.macaon	99	15	confondre	confondre	vinf	vinf	_	9	obj	_	_
ba12ab8e-afb2-4bb4-bce6-f48f9b2e212f.xml.macaon	100	16	avec	avec	prep	prep	_	15	mod	_	_
ba12ab8e-afb2-4bb4-bce6-f48f9b2e212f.xml.macaon	101	17	Asterix	Asterix	np	np	_	16	obj	_	_
ba12ab8e-afb2-4bb4-bce6-f48f9b2e212f.xml.macaon	102	18	et	et	coo	coo	_	17	coord	_	_
ba12ab8e-afb2-4bb4-bce6-f48f9b2e212f.xml.macaon	103	19	Obelix	Obelix	np	np	_	18	dep_coord	_	_
ba12ab8e-afb2-4bb4-bce6-f48f9b2e212f.xml.macaon	104	20	)	)	ponctw	ponctw	_	19	ponct	_	_
ba12ab8e-afb2-4bb4-bce6-f48f9b2e212f.xml.macaon	105	21	,	,	ponctw	ponctw	_	24	ponct	_	_
ba12ab8e-afb2-4bb4-bce6-f48f9b2e212f.xml.macaon	106	22	ce	ce	det	det	_	23	det	_	_
ba12ab8e-afb2-4bb4-bce6-f48f9b2e212f.xml.macaon	107	23	druide	druide	nc	nc	_	24	suj	_	_
ba12ab8e-afb2-4bb4-bce6-f48f9b2e212f.xml.macaon	108	24	est	être	v	v	_	18	dep_coord	_	_
ba12ab8e-afb2-4bb4-bce6-f48f9b2e212f.xml.macaon	109	25	aussi	aussi	adv	adv	_	26	mod	_	_
ba12ab8e-afb2-4bb4-bce6-f48f9b2e212f.xml.macaon	110	26	important	important	adj	adj	_	24	ats	_	_
ba12ab8e-afb2-4bb4-bce6-f48f9b2e212f.xml.macaon	111	27	que	que	csu	csu	_	24	obj	_	_
ba12ab8e-afb2-4bb4-bce6-f48f9b2e212f.xml.macaon	112	28	le	le	det	det	_	29	det	_	_
ba12ab8e-afb2-4bb4-bce6-f48f9b2e212f.xml.macaon	113	29	chef	chef	nc	nc	_	32	suj	_	_
ba12ab8e-afb2-4bb4-bce6-f48f9b2e212f.xml.macaon	114	30	puisqu'	puisque	csu	csu	_	29	mod	_	_
ba12ab8e-afb2-4bb4-bce6-f48f9b2e212f.xml.macaon	115	31	il	il	cln	cln	_	32	suj	_	_
ba12ab8e-afb2-4bb4-bce6-f48f9b2e212f.xml.macaon	116	32	soigne	soigner	v	v	_	27	obj	_	_
ba12ab8e-afb2-4bb4-bce6-f48f9b2e212f.xml.macaon	117	33	,	,	ponctw	ponctw	_	32	ponct	_	_
ba12ab8e-afb2-4bb4-bce6-f48f9b2e212f.xml.macaon	118	34	fait	faire	v	v	_	27	obj	_	_
ba12ab8e-afb2-4bb4-bce6-f48f9b2e212f.xml.macaon	119	35	des	un	det	det	_	36	det	_	_
ba12ab8e-afb2-4bb4-bce6-f48f9b2e212f.xml.macaon	120	36	réunions	réunion	nc	nc	_	34	obj	_	_
ba12ab8e-afb2-4bb4-bce6-f48f9b2e212f.xml.macaon	121	37	avec	avec	prep	prep	_	34	mod	_	_
ba12ab8e-afb2-4bb4-bce6-f48f9b2e212f.xml.macaon	122	38	les#autres	les#autres	det	det	_	39	det	_	_
ba12ab8e-afb2-4bb4-bce6-f48f9b2e212f.xml.macaon	123	39	druides	druide	nc	nc	_	37	obj	_	_
ba12ab8e-afb2-4bb4-bce6-f48f9b2e212f.xml.macaon	124	40	contre	contre	prep	prep	_	39	dep	_	_
ba12ab8e-afb2-4bb4-bce6-f48f9b2e212f.xml.macaon	125	41	l'	le	det	det	_	42	det	_	_
ba12ab8e-afb2-4bb4-bce6-f48f9b2e212f.xml.macaon	126	42	avancée	avancée	nc	nc	_	40	obj	_	_
ba12ab8e-afb2-4bb4-bce6-f48f9b2e212f.xml.macaon	127	43	des	des	prep	prep	_	42	dep	_	_
ba12ab8e-afb2-4bb4-bce6-f48f9b2e212f.xml.macaon	128	44	romains	romain	nc	nc	_	43	obj	_	_
ba12ab8e-afb2-4bb4-bce6-f48f9b2e212f.xml.macaon	129	45	,	,	ponctw	ponctw	_	42	ponct	_	_
ba12ab8e-afb2-4bb4-bce6-f48f9b2e212f.xml.macaon	130	46	etc	etc	coo	coo	_	37	coord	_	_

ba12ab8e-afb2-4bb4-bce6-f48f9b2e212f.xml.macaon	131	1	Il#y#a	il#y#a	v	v	_	_	_	_	_
ba12ab8e-afb2-4bb4-bce6-f48f9b2e212f.xml.macaon	132	2	un	un	det	det	_	3	det	_	_
ba12ab8e-afb2-4bb4-bce6-f48f9b2e212f.xml.macaon	133	3	forgeron	forgeron	nc	nc	_	1	obj	_	_
ba12ab8e-afb2-4bb4-bce6-f48f9b2e212f.xml.macaon	134	4	,	,	ponctw	ponctw	_	3	ponct	_	_
ba12ab8e-afb2-4bb4-bce6-f48f9b2e212f.xml.macaon	135	5	qui	qui	prorel	prorel	_	9	__JOKER__	_	_
ba12ab8e-afb2-4bb4-bce6-f48f9b2e212f.xml.macaon	136	6	,	,	ponctw	ponctw	_	9	ponct	_	_
ba12ab8e-afb2-4bb4-bce6-f48f9b2e212f.xml.macaon	137	7	lui	lui	pro	pro	_	9	suj	_	_
ba12ab8e-afb2-4bb4-bce6-f48f9b2e212f.xml.macaon	138	8	,	,	ponctw	ponctw	_	9	ponct	_	_
ba12ab8e-afb2-4bb4-bce6-f48f9b2e212f.xml.macaon	139	9	est	être	v	v	_	3	mod_rel	_	_
ba12ab8e-afb2-4bb4-bce6-f48f9b2e212f.xml.macaon	140	10	très	très	adv	adv	_	11	mod	_	_
ba12ab8e-afb2-4bb4-bce6-f48f9b2e212f.xml.macaon	141	11	important	important	adj	adj	_	9	ats	_	_
ba12ab8e-afb2-4bb4-bce6-f48f9b2e212f.xml.macaon	142	12	puisqu'	puisque	csu	csu	_	9	obj	_	_
ba12ab8e-afb2-4bb4-bce6-f48f9b2e212f.xml.macaon	143	13	il	il	cln	cln	_	14	suj	_	_	B:Buildings:FE:Agent#Components:G:144
ba12ab8e-afb2-4bb4-bce6-f48f9b2e212f.xml.macaon	144	14	fabrique	fabriquer	v	v	_	12	obj	_	_	B:Buildings:TARGET:fabriquer:G:144
ba12ab8e-afb2-4bb4-bce6-f48f9b2e212f.xml.macaon	145	15	les	le	det	det	_	16	det	_	_	B:Buildings:FE:Created_entity:G:144
ba12ab8e-afb2-4bb4-bce6-f48f9b2e212f.xml.macaon	146	16	armes	arme	nc	nc	_	14	obj	_	_	I:Buildings:FE:Created_entity:G:144
ba12ab8e-afb2-4bb4-bce6-f48f9b2e212f.xml.macaon	147	17	,	,	ponctw	ponctw	_	22	ponct	_	_	I:Buildings:FE:Created_entity:G:144
ba12ab8e-afb2-4bb4-bce6-f48f9b2e212f.xml.macaon	148	18	les	le	det	det	_	19	det	_	_	I:Buildings:FE:Created_entity:G:144
ba12ab8e-afb2-4bb4-bce6-f48f9b2e212f.xml.macaon	149	19	outils	outil	nc	nc	_	22	suj	_	_	I:Buildings:FE:Created_entity:G:144
ba12ab8e-afb2-4bb4-bce6-f48f9b2e212f.xml.macaon	150	20	et#donc	et#donc	coo	coo	_	19	coord	_	_
ba12ab8e-afb2-4bb4-bce6-f48f9b2e212f.xml.macaon	151	21	il	il	cln	cln	_	22	suj	_	_
ba12ab8e-afb2-4bb4-bce6-f48f9b2e212f.xml.macaon	152	22	permet	permettre	v	v	_	12	obj	_	_
ba12ab8e-afb2-4bb4-bce6-f48f9b2e212f.xml.macaon	153	23	d'	d'	advneg	advneg	_	22	mod	_	_	B:Buildings:FE:Purpose:G:144
ba12ab8e-afb2-4bb4-bce6-f48f9b2e212f.xml.macaon	154	24	améliorer	améliorer	vinf	vinf	_	22	obj	_	_	I:Buildings:FE:Purpose:G:144
ba12ab8e-afb2-4bb4-bce6-f48f9b2e212f.xml.macaon	155	25	le	le	det	det	_	26	det	_	_	I:Buildings:FE:Purpose:G:144
ba12ab8e-afb2-4bb4-bce6-f48f9b2e212f.xml.macaon	156	26	village	village	nc	nc	_	24	obj	_	_	I:Buildings:FE:Purpose:G:144
ba12ab8e-afb2-4bb4-bce6-f48f9b2e212f.xml.macaon	157	27	.	.	poncts	poncts	_	1	ponct	_	_

ba12ab8e-afb2-4bb4-bce6-f48f9b2e212f.xml.macaon	158	1	Les#autres	les#autres	det	det	_	2	det	_	_
ba12ab8e-afb2-4bb4-bce6-f48f9b2e212f.xml.macaon	159	2	villageois	villageois	nc	nc	_	3	suj	_	_
ba12ab8e-afb2-4bb4-bce6-f48f9b2e212f.xml.macaon	160	3	sont	être	v	v	_	_	_	_	_
ba12ab8e-afb2-4bb4-bce6-f48f9b2e212f.xml.macaon	161	4	très	très	adv	adv	_	3	mod	_	_
ba12ab8e-afb2-4bb4-bce6-f48f9b2e212f.xml.macaon	162	5	souvent	souvent	adv	adv	_	3	mod	_	_
ba12ab8e-afb2-4bb4-bce6-f48f9b2e212f.xml.macaon	163	6	artisans	artisan	nc	nc	_	3	ats	_	_
ba12ab8e-afb2-4bb4-bce6-f48f9b2e212f.xml.macaon	164	7	,	,	ponctw	ponctw	_	6	ponct	_	_
ba12ab8e-afb2-4bb4-bce6-f48f9b2e212f.xml.macaon	165	8	éleveurs	éleveur	nc	nc	_	6	mod	_	_
ba12ab8e-afb2-4bb4-bce6-f48f9b2e212f.xml.macaon	166	9	,	,	ponctw	ponctw	_	8	ponct	_	_
ba12ab8e-afb2-4bb4-bce6-f48f9b2e212f.xml.macaon	167	10	bâtisseurs	bâtisseur	nc	nc	_	8	mod	_	_
ba12ab8e-afb2-4bb4-bce6-f48f9b2e212f.xml.macaon	168	11	,	,	ponctw	ponctw	_	10	ponct	_	_
ba12ab8e-afb2-4bb4-bce6-f48f9b2e212f.xml.macaon	169	12	guerriers	guerrier	nc	nc	_	10	mod	_	_
ba12ab8e-afb2-4bb4-bce6-f48f9b2e212f.xml.macaon	170	13	,	,	ponctw	ponctw	_	8	ponct	_	_
ba12ab8e-afb2-4bb4-bce6-f48f9b2e212f.xml.macaon	171	14	etc.	etc.	coo	coo	_	6	coord	_	_

ba12ab8e-afb2-4bb4-bce6-f48f9b2e212f.xml.macaon	172	1	Les	les	det	det	_	2	det	_	_
ba12ab8e-afb2-4bb4-bce6-f48f9b2e212f.xml.macaon	173	2	éleveurs	éleveur	nc	nc	_	3	suj	_	_
ba12ab8e-afb2-4bb4-bce6-f48f9b2e212f.xml.macaon	174	3	avaient	avoir	v	v	_	_	_	_	_
ba12ab8e-afb2-4bb4-bce6-f48f9b2e212f.xml.macaon	175	4	la	le	det	det	_	5	det	_	_
ba12ab8e-afb2-4bb4-bce6-f48f9b2e212f.xml.macaon	176	5	chance	chance	nc	nc	_	3	obj	_	_
ba12ab8e-afb2-4bb4-bce6-f48f9b2e212f.xml.macaon	177	6	d'	de	prep	prep	_	5	dep	_	_
ba12ab8e-afb2-4bb4-bce6-f48f9b2e212f.xml.macaon	178	7	avoir	avoir	vinf	vinf	_	6	obj	_	_
ba12ab8e-afb2-4bb4-bce6-f48f9b2e212f.xml.macaon	179	8	beaucoup#de	beaucoup#de	det	det	_	9	det	_	_
ba12ab8e-afb2-4bb4-bce6-f48f9b2e212f.xml.macaon	180	9	terrain	terrain	nc	nc	_	7	obj	_	_
ba12ab8e-afb2-4bb4-bce6-f48f9b2e212f.xml.macaon	181	10	(	(	ponctw	ponctw	_	9	ponct	_	_
ba12ab8e-afb2-4bb4-bce6-f48f9b2e212f.xml.macaon	182	11	beaucoup#de	beaucoup#de	prep	prep	_	7	mod	_	_
ba12ab8e-afb2-4bb4-bce6-f48f9b2e212f.xml.macaon	183	12	place	place	nc	nc	_	11	obj	_	_
ba12ab8e-afb2-4bb4-bce6-f48f9b2e212f.xml.macaon	184	13	pour	pour	prep	prep	_	12	dep	_	_
ba12ab8e-afb2-4bb4-bce6-f48f9b2e212f.xml.macaon	185	14	cultiver	cultiver	vinf	vinf	_	13	obj	_	_
ba12ab8e-afb2-4bb4-bce6-f48f9b2e212f.xml.macaon	186	15	)	)	ponctw	ponctw	_	12	ponct	_	_

ba12ab8e-afb2-4bb4-bce6-f48f9b2e212f.xml.macaon	187	1	Le	le	det	det	_	2	det	_	_
ba12ab8e-afb2-4bb4-bce6-f48f9b2e212f.xml.macaon	188	2	village	village	nc	nc	_	_	_	_	_
ba12ab8e-afb2-4bb4-bce6-f48f9b2e212f.xml.macaon	189	3	gaulois	gaulois	adj	adj	_	2	mod	_	_
ba12ab8e-afb2-4bb4-bce6-f48f9b2e212f.xml.macaon	190	4	en	en	prep	prep	_	2	dep	_	_
ba12ab8e-afb2-4bb4-bce6-f48f9b2e212f.xml.macaon	191	5	lui-même	lui-même	nc	nc	_	4	obj	_	_

ba12ab8e-afb2-4bb4-bce6-f48f9b2e212f.xml.macaon	192	1	Le	le	det	det	_	2	det	_	_
ba12ab8e-afb2-4bb4-bce6-f48f9b2e212f.xml.macaon	193	2	village	village	nc	nc	_	4	suj	_	_
ba12ab8e-afb2-4bb4-bce6-f48f9b2e212f.xml.macaon	194	3	est	être	v	v	_	4	aux_tps	_	_
ba12ab8e-afb2-4bb4-bce6-f48f9b2e212f.xml.macaon	195	4	protégé	protéger	vppart	vppart	_	_	_	_	_
ba12ab8e-afb2-4bb4-bce6-f48f9b2e212f.xml.macaon	196	5	par	par	prep	prep	_	4	mod	_	_
ba12ab8e-afb2-4bb4-bce6-f48f9b2e212f.xml.macaon	197	6	des	un	det	det	_	7	det	_	_
ba12ab8e-afb2-4bb4-bce6-f48f9b2e212f.xml.macaon	198	7	remparts	rempart	nc	nc	_	5	obj	_	_
ba12ab8e-afb2-4bb4-bce6-f48f9b2e212f.xml.macaon	199	8	composés	composer	vppart	vppart	_	7	mod	_	_
ba12ab8e-afb2-4bb4-bce6-f48f9b2e212f.xml.macaon	200	9	de	de	prep	prep	_	7	dep	_	_
ba12ab8e-afb2-4bb4-bce6-f48f9b2e212f.xml.macaon	201	10	pierre	pierre	nc	nc	_	9	obj	_	_
ba12ab8e-afb2-4bb4-bce6-f48f9b2e212f.xml.macaon	202	11	suivi	suivre	vppart	vppart	_	7	mod	_	_
ba12ab8e-afb2-4bb4-bce6-f48f9b2e212f.xml.macaon	203	12	de	de	prep	prep	_	11	de_obj	_	_
ba12ab8e-afb2-4bb4-bce6-f48f9b2e212f.xml.macaon	204	13	bois	bois	nc	nc	_	12	obj	_	_
ba12ab8e-afb2-4bb4-bce6-f48f9b2e212f.xml.macaon	205	14	et	et	coo	coo	_	12	coord	_	_
ba12ab8e-afb2-4bb4-bce6-f48f9b2e212f.xml.macaon	206	15	généralement	généralement	adv	adv	_	16	mod	_	_
ba12ab8e-afb2-4bb4-bce6-f48f9b2e212f.xml.macaon	207	16	gardé	garder	vppart	vppart	_	14	dep_coord	_	_
ba12ab8e-afb2-4bb4-bce6-f48f9b2e212f.xml.macaon	208	17	par	par	prep	prep	_	16	p_obj	_	_
ba12ab8e-afb2-4bb4-bce6-f48f9b2e212f.xml.macaon	209	18	des	un	det	det	_	19	det	_	_
ba12ab8e-afb2-4bb4-bce6-f48f9b2e212f.xml.macaon	210	19	soldats	soldat	nc	nc	_	17	obj	_	_
ba12ab8e-afb2-4bb4-bce6-f48f9b2e212f.xml.macaon	211	20	pour	pour	prep	prep	_	16	mod	_	_
ba12ab8e-afb2-4bb4-bce6-f48f9b2e212f.xml.macaon	212	21	plus#de	plus#de	det	det	_	22	det	_	_
ba12ab8e-afb2-4bb4-bce6-f48f9b2e212f.xml.macaon	213	22	sécurité	sécurité	nc	nc	_	20	obj	_	_
ba12ab8e-afb2-4bb4-bce6-f48f9b2e212f.xml.macaon	214	23	.	.	poncts	poncts	_	11	ponct	_	_
