c8703e2f-fe09-4d30-9134-9c401d204225.xml.macaon	0	1	vikidia	vikidia	nc	nc	_	_	_	_	_

c8703e2f-fe09-4d30-9134-9c401d204225.xml.macaon	1	1	c8703e2f	c8703e2f	adj	adj	_	3	mod	_	_
c8703e2f-fe09-4d30-9134-9c401d204225.xml.macaon	2	2	-	-	ponctw	ponctw	_	1	ponct	_	_
c8703e2f-fe09-4d30-9134-9c401d204225.xml.macaon	3	3	fe09	fe09	nc	nc	_	_	_	_	_
c8703e2f-fe09-4d30-9134-9c401d204225.xml.macaon	4	4	-	-	ponctw	ponctw	_	3	ponct	_	_
c8703e2f-fe09-4d30-9134-9c401d204225.xml.macaon	5	5	4d30	4d30	nc	nc	_	3	mod	_	_
c8703e2f-fe09-4d30-9134-9c401d204225.xml.macaon	6	6	-	-	ponctw	ponctw	_	5	ponct	_	_
c8703e2f-fe09-4d30-9134-9c401d204225.xml.macaon	7	7	9134	9134	adj	adj	_	5	mod	_	_
c8703e2f-fe09-4d30-9134-9c401d204225.xml.macaon	8	8	-	-	ponctw	ponctw	_	5	ponct	_	_
c8703e2f-fe09-4d30-9134-9c401d204225.xml.macaon	9	9	9c401d204225	9c401d204225	nc	nc	_	5	mod	_	_

c8703e2f-fe09-4d30-9134-9c401d204225.xml.macaon	10	1	ADDED	ADDED	nc	nc	_	_	_	_	_

c8703e2f-fe09-4d30-9134-9c401d204225.xml.macaon	11	1	2016	2016	adj	adj	_	3	mod	_	_
c8703e2f-fe09-4d30-9134-9c401d204225.xml.macaon	12	2	-	-	ponctw	ponctw	_	1	ponct	_	_
c8703e2f-fe09-4d30-9134-9c401d204225.xml.macaon	13	3	06	06	nc	nc	_	_	_	_	_
c8703e2f-fe09-4d30-9134-9c401d204225.xml.macaon	14	4	-	-	ponctw	ponctw	_	3	ponct	_	_
c8703e2f-fe09-4d30-9134-9c401d204225.xml.macaon	15	5	15T14	15T14	nc	nc	_	3	mod	_	_
c8703e2f-fe09-4d30-9134-9c401d204225.xml.macaon	16	6	:	:	ponctw	ponctw	_	5	ponct	_	_
c8703e2f-fe09-4d30-9134-9c401d204225.xml.macaon	17	7	52	52	det	det	_	9	det	_	_
c8703e2f-fe09-4d30-9134-9c401d204225.xml.macaon	18	8	:	:	ponctw	ponctw	_	9	ponct	_	_
c8703e2f-fe09-4d30-9134-9c401d204225.xml.macaon	19	9	53Z	53Z	nc	nc	_	5	mod	_	_

c8703e2f-fe09-4d30-9134-9c401d204225.xml.macaon	20	1	Odéon	Odéon	np	np	_	_	_	_	_
c8703e2f-fe09-4d30-9134-9c401d204225.xml.macaon	21	2	de	de	prep	prep	_	1	dep	_	_
c8703e2f-fe09-4d30-9134-9c401d204225.xml.macaon	22	3	Vienne	Vienne	np	np	_	2	obj	_	_

c8703e2f-fe09-4d30-9134-9c401d204225.xml.macaon	23	1	L'	L'	det	det	_	2	det	_	_
c8703e2f-fe09-4d30-9134-9c401d204225.xml.macaon	24	2	Odéon	Odéon	np	np	_	_	_	_	_
c8703e2f-fe09-4d30-9134-9c401d204225.xml.macaon	25	3	de	de	prep	prep	_	2	dep	_	_
c8703e2f-fe09-4d30-9134-9c401d204225.xml.macaon	26	4	Vienne	Vienne	np	np	_	3	obj	_	_
c8703e2f-fe09-4d30-9134-9c401d204225.xml.macaon	27	5	est	être	v	v	_	2	mod_rel	_	_
c8703e2f-fe09-4d30-9134-9c401d204225.xml.macaon	28	6	un	un	det	det	_	7	det	_	_
c8703e2f-fe09-4d30-9134-9c401d204225.xml.macaon	29	7	odéon	odéon	nc	nc	_	5	ats	_	_
c8703e2f-fe09-4d30-9134-9c401d204225.xml.macaon	30	8	romain	romain	adj	adj	_	7	mod	_	_
c8703e2f-fe09-4d30-9134-9c401d204225.xml.macaon	31	9	situé	situer	vppart	vppart	_	7	mod	_	_
c8703e2f-fe09-4d30-9134-9c401d204225.xml.macaon	32	10	au	au	prep	prep	_	9	mod	_	_
c8703e2f-fe09-4d30-9134-9c401d204225.xml.macaon	33	11	pied	pied	nc	nc	_	10	obj	_	_
c8703e2f-fe09-4d30-9134-9c401d204225.xml.macaon	34	12	de	de	prep	prep	_	11	dep	_	_
c8703e2f-fe09-4d30-9134-9c401d204225.xml.macaon	35	13	la	le	det	det	_	14	det	_	_
c8703e2f-fe09-4d30-9134-9c401d204225.xml.macaon	36	14	colline	colline	nc	nc	_	12	obj	_	_
c8703e2f-fe09-4d30-9134-9c401d204225.xml.macaon	37	15	Saint-Just	Saint-Just	np	np	_	14	mod	_	_
c8703e2f-fe09-4d30-9134-9c401d204225.xml.macaon	38	16	,	,	ponctw	ponctw	_	14	ponct	_	_
c8703e2f-fe09-4d30-9134-9c401d204225.xml.macaon	39	17	à	à	prep	prep	_	14	dep	_	_
c8703e2f-fe09-4d30-9134-9c401d204225.xml.macaon	40	18	Vienne	Vienne	np	np	_	17	obj	_	_
c8703e2f-fe09-4d30-9134-9c401d204225.xml.macaon	41	19	(	(	ponctw	ponctw	_	18	ponct	_	_
c8703e2f-fe09-4d30-9134-9c401d204225.xml.macaon	42	20	France	France	np	np	_	17	obj	_	_
c8703e2f-fe09-4d30-9134-9c401d204225.xml.macaon	43	21	)	)	ponctw	ponctw	_	20	ponct	_	_
c8703e2f-fe09-4d30-9134-9c401d204225.xml.macaon	44	22	.	.	poncts	poncts	_	5	ponct	_	_

c8703e2f-fe09-4d30-9134-9c401d204225.xml.macaon	45	1	Antiquité	antiquité	nc	nc	_	_	_	_	_

c8703e2f-fe09-4d30-9134-9c401d204225.xml.macaon	46	1	Odéon	Odéon	np	np	_	_	_	_	_
c8703e2f-fe09-4d30-9134-9c401d204225.xml.macaon	47	2	de	de	prep	prep	_	1	dep	_	_
c8703e2f-fe09-4d30-9134-9c401d204225.xml.macaon	48	3	Vienne	Vienne	np	np	_	2	obj	_	_

c8703e2f-fe09-4d30-9134-9c401d204225.xml.macaon	49	1	L'	L'	det	det	_	2	det	_	_
c8703e2f-fe09-4d30-9134-9c401d204225.xml.macaon	50	2	Odéon	Odéon	np	np	_	_	_	_	_
c8703e2f-fe09-4d30-9134-9c401d204225.xml.macaon	51	3	de	de	prep	prep	_	2	dep	_	_
c8703e2f-fe09-4d30-9134-9c401d204225.xml.macaon	52	4	Vienne	Vienne	np	np	_	3	obj	_	_
c8703e2f-fe09-4d30-9134-9c401d204225.xml.macaon	53	5	est	être	v	v	_	2	mod_rel	_	_
c8703e2f-fe09-4d30-9134-9c401d204225.xml.macaon	54	6	un	un	det	det	_	7	det	_	_
c8703e2f-fe09-4d30-9134-9c401d204225.xml.macaon	55	7	odéon	odéon	nc	nc	_	5	ats	_	_
c8703e2f-fe09-4d30-9134-9c401d204225.xml.macaon	56	8	romain	romain	adj	adj	_	7	mod	_	_
c8703e2f-fe09-4d30-9134-9c401d204225.xml.macaon	57	9	situé	situer	vppart	vppart	_	7	mod	_	_
c8703e2f-fe09-4d30-9134-9c401d204225.xml.macaon	58	10	au	au	prep	prep	_	9	mod	_	_
c8703e2f-fe09-4d30-9134-9c401d204225.xml.macaon	59	11	pied	pied	nc	nc	_	10	obj	_	_
c8703e2f-fe09-4d30-9134-9c401d204225.xml.macaon	60	12	de	de	prep	prep	_	11	dep	_	_
c8703e2f-fe09-4d30-9134-9c401d204225.xml.macaon	61	13	la	le	det	det	_	14	det	_	_
c8703e2f-fe09-4d30-9134-9c401d204225.xml.macaon	62	14	colline	colline	nc	nc	_	12	obj	_	_
c8703e2f-fe09-4d30-9134-9c401d204225.xml.macaon	63	15	Saint-Just	Saint-Just	np	np	_	14	mod	_	_
c8703e2f-fe09-4d30-9134-9c401d204225.xml.macaon	64	16	,	,	ponctw	ponctw	_	14	ponct	_	_
c8703e2f-fe09-4d30-9134-9c401d204225.xml.macaon	65	17	à	à	prep	prep	_	14	dep	_	_
c8703e2f-fe09-4d30-9134-9c401d204225.xml.macaon	66	18	Vienne	Vienne	np	np	_	17	obj	_	_
c8703e2f-fe09-4d30-9134-9c401d204225.xml.macaon	67	19	(	(	ponctw	ponctw	_	18	ponct	_	_
c8703e2f-fe09-4d30-9134-9c401d204225.xml.macaon	68	20	France	France	np	np	_	17	obj	_	_
c8703e2f-fe09-4d30-9134-9c401d204225.xml.macaon	69	21	)	)	ponctw	ponctw	_	20	ponct	_	_
c8703e2f-fe09-4d30-9134-9c401d204225.xml.macaon	70	22	.	.	poncts	poncts	_	5	ponct	_	_

c8703e2f-fe09-4d30-9134-9c401d204225.xml.macaon	71	1	Historique	historique	adj	adj	_	_	_	_	_

c8703e2f-fe09-4d30-9134-9c401d204225.xml.macaon	72	1	On	on	cln	cln	_	4	suj	_	_
c8703e2f-fe09-4d30-9134-9c401d204225.xml.macaon	73	2	a	avoir	v	v	_	4	aux_tps	_	_
c8703e2f-fe09-4d30-9134-9c401d204225.xml.macaon	74	3	longtemps	longtemps	adv	adv	_	4	mod	_	_
c8703e2f-fe09-4d30-9134-9c401d204225.xml.macaon	75	4	pensé	penser	vppart	vppart	_	_	_	_	_
c8703e2f-fe09-4d30-9134-9c401d204225.xml.macaon	76	5	que	que	csu	csu	_	4	__JOKER__	_	_
c8703e2f-fe09-4d30-9134-9c401d204225.xml.macaon	77	6	les	le	det	det	_	7	det	_	_
c8703e2f-fe09-4d30-9134-9c401d204225.xml.macaon	78	7	vestiges	vestige	nc	nc	_	5	obj	_	_
c8703e2f-fe09-4d30-9134-9c401d204225.xml.macaon	79	8	,	,	ponctw	ponctw	_	7	ponct	_	_
c8703e2f-fe09-4d30-9134-9c401d204225.xml.macaon	80	9	visibles	visible	adj	adj	_	7	mod	_	_
c8703e2f-fe09-4d30-9134-9c401d204225.xml.macaon	81	10	sur	sur	prep	prep	_	7	dep	_	_
c8703e2f-fe09-4d30-9134-9c401d204225.xml.macaon	82	11	le	le	det	det	_	12	det	_	_
c8703e2f-fe09-4d30-9134-9c401d204225.xml.macaon	83	12	flanc	flanc	nc	nc	_	10	obj	_	_
c8703e2f-fe09-4d30-9134-9c401d204225.xml.macaon	84	13	nord	nord	adj	adj	_	12	mod	_	_
c8703e2f-fe09-4d30-9134-9c401d204225.xml.macaon	85	14	de	de	prep	prep	_	12	dep	_	_
c8703e2f-fe09-4d30-9134-9c401d204225.xml.macaon	86	15	la	le	det	det	_	16	det	_	_
c8703e2f-fe09-4d30-9134-9c401d204225.xml.macaon	87	16	colline	colline	nc	nc	_	14	obj	_	_
c8703e2f-fe09-4d30-9134-9c401d204225.xml.macaon	88	17	,	,	ponctw	ponctw	_	18	ponct	_	_
c8703e2f-fe09-4d30-9134-9c401d204225.xml.macaon	89	18	appartenaient	appartenir	v	v	_	5	obj	_	_
c8703e2f-fe09-4d30-9134-9c401d204225.xml.macaon	90	19	à	à	prep	prep	_	18	a_obj	_	_
c8703e2f-fe09-4d30-9134-9c401d204225.xml.macaon	91	20	un	un	det	det	_	21	det	_	_
c8703e2f-fe09-4d30-9134-9c401d204225.xml.macaon	92	21	théâtre	théâtre	nc	nc	_	19	obj	_	_
c8703e2f-fe09-4d30-9134-9c401d204225.xml.macaon	93	22	.	.	poncts	poncts	_	5	__JOKER__	_	_

c8703e2f-fe09-4d30-9134-9c401d204225.xml.macaon	94	1	On	on	cln	cln	_	3	suj	_	_	B:Becoming_aware:FE:Cognizer:G:96
c8703e2f-fe09-4d30-9134-9c401d204225.xml.macaon	95	2	a	avoir	v	v	_	3	aux_tps	_	_
c8703e2f-fe09-4d30-9134-9c401d204225.xml.macaon	96	3	découvert	découvrir	vppart	vppart	_	_	_	_	_	B:Becoming_aware:TARGET:découvrir:G:96
c8703e2f-fe09-4d30-9134-9c401d204225.xml.macaon	97	4	dans	dans	prep	prep	_	3	mod	_	_	B:Becoming_aware:FE:Ground:G:96
c8703e2f-fe09-4d30-9134-9c401d204225.xml.macaon	98	5	les	le	det	det	_	6	det	_	_	I:Becoming_aware:FE:Ground:G:96
c8703e2f-fe09-4d30-9134-9c401d204225.xml.macaon	99	6	vestiges	vestige	nc	nc	_	4	obj	_	_	I:Becoming_aware:FE:Ground:G:96
c8703e2f-fe09-4d30-9134-9c401d204225.xml.macaon	100	7	un	un	det	det	_	8	det	_	_	B:Becoming_aware:FE:Phenomenon:G:96
c8703e2f-fe09-4d30-9134-9c401d204225.xml.macaon	101	8	bloc	bloc	nc	nc	_	4	obj	_	_	I:Becoming_aware:FE:Phenomenon:G:96
c8703e2f-fe09-4d30-9134-9c401d204225.xml.macaon	102	9	de	de	prep	prep	_	8	dep	_	_	I:Becoming_aware:FE:Phenomenon:G:96
c8703e2f-fe09-4d30-9134-9c401d204225.xml.macaon	103	10	marbre	marbre	nc	nc	_	9	obj	_	_	I:Becoming_aware:FE:Phenomenon:G:96
c8703e2f-fe09-4d30-9134-9c401d204225.xml.macaon	104	11	portant	porter	vprespart	vprespart	_	10	__JOKER__	_	_	I:Becoming_aware:FE:Phenomenon:G:96
c8703e2f-fe09-4d30-9134-9c401d204225.xml.macaon	105	12	l'	le	det	det	_	13	det	_	_	I:Becoming_aware:FE:Phenomenon:G:96
c8703e2f-fe09-4d30-9134-9c401d204225.xml.macaon	106	13	inscription	inscription	nc	nc	_	10	mod	_	_	I:Becoming_aware:FE:Phenomenon:G:96
c8703e2f-fe09-4d30-9134-9c401d204225.xml.macaon	107	14	ODEV	ODEV	np	np	_	13	mod	_	_	I:Becoming_aware:FE:Phenomenon:G:96
c8703e2f-fe09-4d30-9134-9c401d204225.xml.macaon	108	15	(	(	ponctw	ponctw	_	13	ponct	_	_	I:Becoming_aware:FE:Phenomenon:G:96
c8703e2f-fe09-4d30-9134-9c401d204225.xml.macaon	109	16	odéon	odéon	nc	nc	_	13	mod	_	_	I:Becoming_aware:FE:Phenomenon:G:96
c8703e2f-fe09-4d30-9134-9c401d204225.xml.macaon	110	17	)	)	ponctw	ponctw	_	16	ponct	_	_
c8703e2f-fe09-4d30-9134-9c401d204225.xml.macaon	111	18	qui	qui	prorel	prorel	_	19	suj	_	_
c8703e2f-fe09-4d30-9134-9c401d204225.xml.macaon	112	19	définit	définir	v	v	_	16	mod_rel	_	_
c8703e2f-fe09-4d30-9134-9c401d204225.xml.macaon	113	20	la	le	det	det	_	21	det	_	_
c8703e2f-fe09-4d30-9134-9c401d204225.xml.macaon	114	21	fonction	fonction	nc	nc	_	19	obj	_	_
c8703e2f-fe09-4d30-9134-9c401d204225.xml.macaon	115	22	de#l'	de#l'	prep	prep	_	21	dep	_	_
c8703e2f-fe09-4d30-9134-9c401d204225.xml.macaon	116	23	édifice	édifice	nc	nc	_	22	obj	_	_
c8703e2f-fe09-4d30-9134-9c401d204225.xml.macaon	117	24	.	.	poncts	poncts	_	3	ponct	_	_

c8703e2f-fe09-4d30-9134-9c401d204225.xml.macaon	118	1	Cette	cette	det	det	_	2	det	_	_	B:Awareness:FE:Content:G:126
c8703e2f-fe09-4d30-9134-9c401d204225.xml.macaon	119	2	inscription	inscription	nc	nc	_	3	suj	_	_	I:Awareness:FE:Content:G:126
c8703e2f-fe09-4d30-9134-9c401d204225.xml.macaon	120	3	est	être	v	v	_	_	_	_	_
c8703e2f-fe09-4d30-9134-9c401d204225.xml.macaon	121	4	à	à	prep	prep	_	3	a_obj	_	_
c8703e2f-fe09-4d30-9134-9c401d204225.xml.macaon	122	5	ce	ce	det	det	_	6	det	_	_
c8703e2f-fe09-4d30-9134-9c401d204225.xml.macaon	123	6	jour	jour	nc	nc	_	4	obj	_	_
c8703e2f-fe09-4d30-9134-9c401d204225.xml.macaon	124	7	la	le	det	det	_	8	det	_	_
c8703e2f-fe09-4d30-9134-9c401d204225.xml.macaon	125	8	seule	seul	adj	adj	_	6	mod	_	_
c8703e2f-fe09-4d30-9134-9c401d204225.xml.macaon	126	9	connue	connaître	vppart	vppart	_	6	mod	_	_	B:Awareness:TARGET:connaître:G:126
c8703e2f-fe09-4d30-9134-9c401d204225.xml.macaon	127	10	dans	dans	prep	prep	_	9	mod	_	_	B:Awareness:FE:Place:G:126
c8703e2f-fe09-4d30-9134-9c401d204225.xml.macaon	128	11	tout#le#monde	tout#le#monde	det	det	_	12	det	_	_	I:Awareness:FE:Place:G:126
c8703e2f-fe09-4d30-9134-9c401d204225.xml.macaon	129	12	romain	romain	nc	nc	_	10	obj	_	_	I:Awareness:FE:Place:G:126
c8703e2f-fe09-4d30-9134-9c401d204225.xml.macaon	130	13	.	.	poncts	poncts	_	3	ponct	_	_

c8703e2f-fe09-4d30-9134-9c401d204225.xml.macaon	131	1	On	on	cln	cln	_	5	__JOKER__	_	_
c8703e2f-fe09-4d30-9134-9c401d204225.xml.macaon	132	2	n'	n'	advneg	advneg	_	5	mod	_	_
c8703e2f-fe09-4d30-9134-9c401d204225.xml.macaon	133	3	a	avoir	v	v	_	5	aux_tps	_	_
c8703e2f-fe09-4d30-9134-9c401d204225.xml.macaon	134	4	pas	pas	advneg	advneg	_	5	mod	_	_
c8703e2f-fe09-4d30-9134-9c401d204225.xml.macaon	135	5	continué	continuer	vppart	vppart	_	_	_	_	_
c8703e2f-fe09-4d30-9134-9c401d204225.xml.macaon	136	6	les	le	det	det	_	7	det	_	_
c8703e2f-fe09-4d30-9134-9c401d204225.xml.macaon	137	7	fouilles	fouille	nc	nc	_	5	obj	_	_	B:Scrutiny:TARGET:fouille:G:137
c8703e2f-fe09-4d30-9134-9c401d204225.xml.macaon	138	8	de#l'	de#l'	prep	prep	_	5	mod	_	_	B:Scrutiny:FE:Ground:G:137
c8703e2f-fe09-4d30-9134-9c401d204225.xml.macaon	139	9	Odéon	Odéon	np	np	_	8	obj	_	_	I:Scrutiny:FE:Ground:G:137
c8703e2f-fe09-4d30-9134-9c401d204225.xml.macaon	140	10	.	.	poncts	poncts	_	13	__JOKER__	_	_
c8703e2f-fe09-4d30-9134-9c401d204225.xml.macaon	141	11	L'	L'	det	det	_	12	det	_	_	B:Buildings:FE:Created_entity:G:145
c8703e2f-fe09-4d30-9134-9c401d204225.xml.macaon	142	12	odéon	odéon	nc	nc	_	13	suj	_	_	I:Buildings:FE:Created_entity:G:145
c8703e2f-fe09-4d30-9134-9c401d204225.xml.macaon	143	13	est	être	v	v	_	9	__JOKER__	_	_
c8703e2f-fe09-4d30-9134-9c401d204225.xml.macaon	144	14	une	un	det	det	_	15	det	_	_
c8703e2f-fe09-4d30-9134-9c401d204225.xml.macaon	145	15	construction	construction	nc	nc	_	13	ats	_	_	B:Buildings:TARGET:construction:G:145
c8703e2f-fe09-4d30-9134-9c401d204225.xml.macaon	146	16	d'origine	d'origine	adj	adj	_	15	mod	_	_
c8703e2f-fe09-4d30-9134-9c401d204225.xml.macaon	147	17	grecque	grec	nc	nc	_	15	mod	_	_	B:Buildings:FE:Agent:G:145
c8703e2f-fe09-4d30-9134-9c401d204225.xml.macaon	148	18	.	.	poncts	poncts	_	5	ponct	_	_

c8703e2f-fe09-4d30-9134-9c401d204225.xml.macaon	149	1	Un	un	det	det	_	2	det	_	_
c8703e2f-fe09-4d30-9134-9c401d204225.xml.macaon	150	2	odéon	odéon	nc	nc	_	4	suj	_	_
c8703e2f-fe09-4d30-9134-9c401d204225.xml.macaon	151	3	se	se	clr	clr	_	4	aff	_	_
c8703e2f-fe09-4d30-9134-9c401d204225.xml.macaon	152	4	présente	présenter	v	v	_	_	_	_	_
c8703e2f-fe09-4d30-9134-9c401d204225.xml.macaon	153	5	la#plupart#du	la#plupart#du	det	det	_	6	det	_	_
c8703e2f-fe09-4d30-9134-9c401d204225.xml.macaon	154	6	temps	temps	nc	nc	_	4	obj	_	_
c8703e2f-fe09-4d30-9134-9c401d204225.xml.macaon	155	7	sous	sous	prep	prep	_	4	mod	_	_
c8703e2f-fe09-4d30-9134-9c401d204225.xml.macaon	156	8	la	le	det	det	_	9	det	_	_
c8703e2f-fe09-4d30-9134-9c401d204225.xml.macaon	157	9	forme	forme	nc	nc	_	7	obj	_	_
c8703e2f-fe09-4d30-9134-9c401d204225.xml.macaon	158	10	d'	de	prep	prep	_	9	dep	_	_
c8703e2f-fe09-4d30-9134-9c401d204225.xml.macaon	159	11	un	un	det	det	_	12	det	_	_
c8703e2f-fe09-4d30-9134-9c401d204225.xml.macaon	160	12	théâtre	théâtre	nc	nc	_	10	obj	_	_
c8703e2f-fe09-4d30-9134-9c401d204225.xml.macaon	161	13	de	de	prep	prep	_	12	dep	_	_
c8703e2f-fe09-4d30-9134-9c401d204225.xml.macaon	162	14	dimensions	dimension	nc	nc	_	13	obj	_	_
c8703e2f-fe09-4d30-9134-9c401d204225.xml.macaon	163	15	restreintes	restreindre	adj	adj	_	14	mod	_	_
c8703e2f-fe09-4d30-9134-9c401d204225.xml.macaon	164	16	,	,	ponctw	ponctw	_	14	ponct	_	_
c8703e2f-fe09-4d30-9134-9c401d204225.xml.macaon	165	17	et	et	coo	coo	_	14	coord	_	_
c8703e2f-fe09-4d30-9134-9c401d204225.xml.macaon	166	18	couvert	couvert	nc	nc	_	17	dep_coord	_	_
c8703e2f-fe09-4d30-9134-9c401d204225.xml.macaon	167	19	.	.	poncts	poncts	_	4	ponct	_	_

c8703e2f-fe09-4d30-9134-9c401d204225.xml.macaon	168	1	Ces	ces	det	det	_	3	det	_	_
c8703e2f-fe09-4d30-9134-9c401d204225.xml.macaon	169	2	petits	petit	adj	adj	_	3	mod	_	_
c8703e2f-fe09-4d30-9134-9c401d204225.xml.macaon	170	3	édifices	édifice	nc	nc	_	5	suj	_	_
c8703e2f-fe09-4d30-9134-9c401d204225.xml.macaon	171	4	étaient	étayer	v	v	_	5	aux_tps	_	_
c8703e2f-fe09-4d30-9134-9c401d204225.xml.macaon	172	5	destinés	destiner	vppart	vppart	_	_	_	_	_
c8703e2f-fe09-4d30-9134-9c401d204225.xml.macaon	173	6	à	à	prep	prep	_	5	mod	_	_
c8703e2f-fe09-4d30-9134-9c401d204225.xml.macaon	174	7	l'	le	det	det	_	8	det	_	_
c8703e2f-fe09-4d30-9134-9c401d204225.xml.macaon	175	8	audition	audition	nc	nc	_	6	obj	_	_
c8703e2f-fe09-4d30-9134-9c401d204225.xml.macaon	176	9	de	de	prep	prep	_	8	dep	_	_
c8703e2f-fe09-4d30-9134-9c401d204225.xml.macaon	177	10	spectacles	spectacle	nc	nc	_	9	obj	_	_
c8703e2f-fe09-4d30-9134-9c401d204225.xml.macaon	178	11	de	de	prep	prep	_	10	dep	_	_
c8703e2f-fe09-4d30-9134-9c401d204225.xml.macaon	179	12	chants	chant	nc	nc	_	11	obj	_	_
c8703e2f-fe09-4d30-9134-9c401d204225.xml.macaon	180	13	(	(	ponctw	ponctw	_	12	ponct	_	_
c8703e2f-fe09-4d30-9134-9c401d204225.xml.macaon	181	14	ôdè	ôdè	nc	nc	_	12	mod	_	_
c8703e2f-fe09-4d30-9134-9c401d204225.xml.macaon	182	15	=	=	ponctw	ponctw	_	14	ponct	_	_
c8703e2f-fe09-4d30-9134-9c401d204225.xml.macaon	183	16	chant	chant	nc	nc	_	14	mod	_	_
c8703e2f-fe09-4d30-9134-9c401d204225.xml.macaon	184	17	en	en	prep	prep	_	16	dep	_	_
c8703e2f-fe09-4d30-9134-9c401d204225.xml.macaon	185	18	grec	grec	nc	nc	_	17	obj	_	_
c8703e2f-fe09-4d30-9134-9c401d204225.xml.macaon	186	19	)	)	ponctw	ponctw	_	16	ponct	_	_
c8703e2f-fe09-4d30-9134-9c401d204225.xml.macaon	187	20	,	,	ponctw	ponctw	_	16	ponct	_	_
c8703e2f-fe09-4d30-9134-9c401d204225.xml.macaon	188	21	de	de	prep	prep	_	16	dep	_	_
c8703e2f-fe09-4d30-9134-9c401d204225.xml.macaon	189	22	concerts	concert	nc	nc	_	21	obj	_	_
c8703e2f-fe09-4d30-9134-9c401d204225.xml.macaon	190	23	et	et	coo	coo	_	21	coord	_	_
c8703e2f-fe09-4d30-9134-9c401d204225.xml.macaon	191	24	de	de	prep	prep	_	23	dep_coord	_	_
c8703e2f-fe09-4d30-9134-9c401d204225.xml.macaon	192	25	lectures	lecture	nc	nc	_	24	obj	_	_
c8703e2f-fe09-4d30-9134-9c401d204225.xml.macaon	193	26	.	.	poncts	poncts	_	5	ponct	_	_

c8703e2f-fe09-4d30-9134-9c401d204225.xml.macaon	194	1	La	la	det	det	_	2	det	_	_
c8703e2f-fe09-4d30-9134-9c401d204225.xml.macaon	195	2	présence	présence	nc	nc	_	6	suj	_	_
c8703e2f-fe09-4d30-9134-9c401d204225.xml.macaon	196	3	d'	de	prep	prep	_	2	dep	_	_
c8703e2f-fe09-4d30-9134-9c401d204225.xml.macaon	197	4	une	un	det	det	_	5	det	_	_
c8703e2f-fe09-4d30-9134-9c401d204225.xml.macaon	198	5	toiture	toiture	nc	nc	_	3	obj	_	_
c8703e2f-fe09-4d30-9134-9c401d204225.xml.macaon	199	6	permettait	permettre	v	v	_	_	_	_	_
c8703e2f-fe09-4d30-9134-9c401d204225.xml.macaon	200	7	une	un	det	det	_	9	det	_	_
c8703e2f-fe09-4d30-9134-9c401d204225.xml.macaon	201	8	meilleure	meilleur	adj	adj	_	9	dep	_	_
c8703e2f-fe09-4d30-9134-9c401d204225.xml.macaon	202	9	acoustique	acoustique	adj	adj	_	6	ats	_	_
c8703e2f-fe09-4d30-9134-9c401d204225.xml.macaon	203	10	.	.	poncts	poncts	_	6	ponct	_	_

c8703e2f-fe09-4d30-9134-9c401d204225.xml.macaon	204	1	Ils	ils	cln	cln	_	2	suj	_	_
c8703e2f-fe09-4d30-9134-9c401d204225.xml.macaon	205	2	étaient	étayer	v	v	_	5	aux_tps	_	_
c8703e2f-fe09-4d30-9134-9c401d204225.xml.macaon	206	3	souvent	souvent	adv	adv	_	5	mod	_	_
c8703e2f-fe09-4d30-9134-9c401d204225.xml.macaon	207	4	richement	richement	adv	adv	_	5	mod	_	_
c8703e2f-fe09-4d30-9134-9c401d204225.xml.macaon	208	5	ornés	orner	vppart	vppart	_	_	_	_	_
c8703e2f-fe09-4d30-9134-9c401d204225.xml.macaon	209	6	.	.	poncts	poncts	_	5	ponct	_	_

c8703e2f-fe09-4d30-9134-9c401d204225.xml.macaon	210	1	Seuls	seuls	adj	adj	_	3	mod	_	_
c8703e2f-fe09-4d30-9134-9c401d204225.xml.macaon	211	2	deux	deux	det	det	_	3	det	_	_	B:Awareness:FE:Content:G:214
c8703e2f-fe09-4d30-9134-9c401d204225.xml.macaon	212	3	odéons	odéon	nc	nc	_	5	suj	_	_	I:Awareness:FE:Content:G:214
c8703e2f-fe09-4d30-9134-9c401d204225.xml.macaon	213	4	sont	être	v	v	_	5	aux_tps	_	_
c8703e2f-fe09-4d30-9134-9c401d204225.xml.macaon	214	5	connus	connaître	vppart	vppart	_	_	_	_	_	B:Awareness:TARGET:connaître:G:214
c8703e2f-fe09-4d30-9134-9c401d204225.xml.macaon	215	6	en	en	prep	prep	_	5	mod	_	_
c8703e2f-fe09-4d30-9134-9c401d204225.xml.macaon	216	7	Gaule	Gaule	np	np	_	6	obj	_	_	B:Awareness:FE:Place:G:214
c8703e2f-fe09-4d30-9134-9c401d204225.xml.macaon	217	8	romaine	romain	nc	nc	_	6	obj	_	_	I:Awareness:FE:Place:G:214
c8703e2f-fe09-4d30-9134-9c401d204225.xml.macaon	218	9	,	,	ponctw	ponctw	_	8	ponct	_	_
c8703e2f-fe09-4d30-9134-9c401d204225.xml.macaon	219	10	à	à	prep	prep	_	8	dep	_	_
c8703e2f-fe09-4d30-9134-9c401d204225.xml.macaon	220	11	Lyon	Lyon	np	np	_	10	obj	_	_
c8703e2f-fe09-4d30-9134-9c401d204225.xml.macaon	221	12	et	et	coo	coo	_	10	coord	_	_
c8703e2f-fe09-4d30-9134-9c401d204225.xml.macaon	222	13	à	à	prep	prep	_	12	dep_coord	_	_
c8703e2f-fe09-4d30-9134-9c401d204225.xml.macaon	223	14	Vienne	Vienne	np	np	_	13	obj	_	_
c8703e2f-fe09-4d30-9134-9c401d204225.xml.macaon	224	15	.	.	poncts	poncts	_	5	ponct	_	_

c8703e2f-fe09-4d30-9134-9c401d204225.xml.macaon	225	1	Celui-ci	celui-ci	pro	pro	_	4	suj	_	_	B:Becoming_aware:FE:Phenomenon:G:228
c8703e2f-fe09-4d30-9134-9c401d204225.xml.macaon	226	2	a	avoir	v	v	_	4	aux_tps	_	_
c8703e2f-fe09-4d30-9134-9c401d204225.xml.macaon	227	3	été	être	vppart	vppart	_	4	aux_pass	_	_
c8703e2f-fe09-4d30-9134-9c401d204225.xml.macaon	228	4	découvert	découvrir	vppart	vppart	_	_	_	_	_	B:Becoming_aware:TARGET:découvrir:G:228
c8703e2f-fe09-4d30-9134-9c401d204225.xml.macaon	229	5	en	en	prep	prep	_	4	mod	_	_	B:Becoming_aware:FE:Time:G:228
c8703e2f-fe09-4d30-9134-9c401d204225.xml.macaon	230	6	1973	1973	nc	nc	_	5	obj	_	_	I:Becoming_aware:FE:Time:G:228
c8703e2f-fe09-4d30-9134-9c401d204225.xml.macaon	231	7	.	.	poncts	poncts	_	4	ponct	_	_

c8703e2f-fe09-4d30-9134-9c401d204225.xml.macaon	232	1	Liens	lien	nc	nc	_	_	_	_	_
c8703e2f-fe09-4d30-9134-9c401d204225.xml.macaon	233	2	,	,	ponctw	ponctw	_	1	ponct	_	_
c8703e2f-fe09-4d30-9134-9c401d204225.xml.macaon	234	3	sources	source	nc	nc	_	1	mod	_	_
c8703e2f-fe09-4d30-9134-9c401d204225.xml.macaon	235	4	et	et	coo	coo	_	3	coord	_	_
c8703e2f-fe09-4d30-9134-9c401d204225.xml.macaon	236	5	références	référence	nc	nc	_	4	dep_coord	_	_

c8703e2f-fe09-4d30-9134-9c401d204225.xml.macaon	237	1	Vikiliens	vikiliens	nc	nc	_	_	_	_	_

c8703e2f-fe09-4d30-9134-9c401d204225.xml.macaon	238	1	Vienne	Vienne	np	np	_	_	_	_	_

c8703e2f-fe09-4d30-9134-9c401d204225.xml.macaon	239	1	Liens	lien	nc	nc	_	_	_	_	_
c8703e2f-fe09-4d30-9134-9c401d204225.xml.macaon	240	2	externes	externe	adj	adj	_	1	mod	_	_

c8703e2f-fe09-4d30-9134-9c401d204225.xml.macaon	241	1	L'	L'	det	det	_	2	det	_	_
c8703e2f-fe09-4d30-9134-9c401d204225.xml.macaon	242	2	Office	Office	nc	nc	_	_	_	_	_
c8703e2f-fe09-4d30-9134-9c401d204225.xml.macaon	243	3	de	de	prep	prep	_	2	dep	_	_
c8703e2f-fe09-4d30-9134-9c401d204225.xml.macaon	244	4	Tourisme	Tourisme	nc	nc	_	3	obj	_	_
c8703e2f-fe09-4d30-9134-9c401d204225.xml.macaon	245	5	de	de	prep	prep	_	4	dep	_	_
c8703e2f-fe09-4d30-9134-9c401d204225.xml.macaon	246	6	Vienne	Vienne	np	np	_	5	obj	_	_

c8703e2f-fe09-4d30-9134-9c401d204225.xml.macaon	247	1	Références	référence	nc	nc	_	_	_	_	_
