cc60546b-8949-41bd-a217-a741f04caf44.xml.macaon	0	1	vikidia	vikidia	nc	nc	_	_	_	_	_

cc60546b-8949-41bd-a217-a741f04caf44.xml.macaon	1	1	cc60546b	cc60546b	nc	nc	_	_	_	_	_
cc60546b-8949-41bd-a217-a741f04caf44.xml.macaon	2	2	-	-	ponctw	ponctw	_	1	ponct	_	_
cc60546b-8949-41bd-a217-a741f04caf44.xml.macaon	3	3	8949	8949	nc	nc	_	1	mod	_	_
cc60546b-8949-41bd-a217-a741f04caf44.xml.macaon	4	4	-	-	ponctw	ponctw	_	3	ponct	_	_
cc60546b-8949-41bd-a217-a741f04caf44.xml.macaon	5	5	41bd	41bd	nc	nc	_	3	mod	_	_
cc60546b-8949-41bd-a217-a741f04caf44.xml.macaon	6	6	-	-	ponctw	ponctw	_	5	ponct	_	_
cc60546b-8949-41bd-a217-a741f04caf44.xml.macaon	7	7	a217	a217	nc	nc	_	5	mod	_	_
cc60546b-8949-41bd-a217-a741f04caf44.xml.macaon	8	8	-	-	ponctw	ponctw	_	7	ponct	_	_
cc60546b-8949-41bd-a217-a741f04caf44.xml.macaon	9	9	a741f04caf44	a741f04caf44	nc	nc	_	7	mod	_	_

cc60546b-8949-41bd-a217-a741f04caf44.xml.macaon	10	1	ADDED	ADDED	nc	nc	_	_	_	_	_

cc60546b-8949-41bd-a217-a741f04caf44.xml.macaon	11	1	2016	2016	adj	adj	_	3	mod	_	_
cc60546b-8949-41bd-a217-a741f04caf44.xml.macaon	12	2	-	-	ponctw	ponctw	_	1	ponct	_	_
cc60546b-8949-41bd-a217-a741f04caf44.xml.macaon	13	3	06	06	nc	nc	_	_	_	_	_
cc60546b-8949-41bd-a217-a741f04caf44.xml.macaon	14	4	-	-	ponctw	ponctw	_	3	ponct	_	_
cc60546b-8949-41bd-a217-a741f04caf44.xml.macaon	15	5	15T14	15T14	nc	nc	_	3	mod	_	_
cc60546b-8949-41bd-a217-a741f04caf44.xml.macaon	16	6	:	:	ponctw	ponctw	_	5	ponct	_	_
cc60546b-8949-41bd-a217-a741f04caf44.xml.macaon	17	7	52	52	det	det	_	9	det	_	_
cc60546b-8949-41bd-a217-a741f04caf44.xml.macaon	18	8	:	:	ponctw	ponctw	_	9	ponct	_	_
cc60546b-8949-41bd-a217-a741f04caf44.xml.macaon	19	9	46Z	46Z	nc	nc	_	5	mod	_	_

cc60546b-8949-41bd-a217-a741f04caf44.xml.macaon	20	1	Agora	agora	v	v	_	_	_	_	_

cc60546b-8949-41bd-a217-a741f04caf44.xml.macaon	21	1	L'	L'	det	det	_	2	det	_	_
cc60546b-8949-41bd-a217-a741f04caf44.xml.macaon	22	2	Agora	Agora	np	np	_	3	suj	_	_
cc60546b-8949-41bd-a217-a741f04caf44.xml.macaon	23	3	était	être	v	v	_	_	_	_	_
cc60546b-8949-41bd-a217-a741f04caf44.xml.macaon	24	4	dans	dans	prep	prep	_	3	mod	_	_
cc60546b-8949-41bd-a217-a741f04caf44.xml.macaon	25	5	la	le	det	det	_	6	det	_	_
cc60546b-8949-41bd-a217-a741f04caf44.xml.macaon	26	6	Grèce	Grèce	np	np	_	4	obj	_	_
cc60546b-8949-41bd-a217-a741f04caf44.xml.macaon	27	7	antique	antique	adj	adj	_	6	mod	_	_
cc60546b-8949-41bd-a217-a741f04caf44.xml.macaon	28	8	,	,	ponctw	ponctw	_	6	ponct	_	_
cc60546b-8949-41bd-a217-a741f04caf44.xml.macaon	29	9	un	un	det	det	_	10	det	_	_
cc60546b-8949-41bd-a217-a741f04caf44.xml.macaon	30	10	lieu	lieu	nc	nc	_	4	obj	_	_
cc60546b-8949-41bd-a217-a741f04caf44.xml.macaon	31	11	de	de	prep	prep	_	10	dep	_	_
cc60546b-8949-41bd-a217-a741f04caf44.xml.macaon	32	12	rassemblement	rassemblement	nc	nc	_	11	obj	_	_
cc60546b-8949-41bd-a217-a741f04caf44.xml.macaon	33	13	politique	politique	adj	adj	_	12	mod	_	_
cc60546b-8949-41bd-a217-a741f04caf44.xml.macaon	34	14	et	et	coo	coo	_	13	coord	_	_
cc60546b-8949-41bd-a217-a741f04caf44.xml.macaon	35	15	mercantile	mercantile	adj	adj	_	14	dep_coord	_	_
cc60546b-8949-41bd-a217-a741f04caf44.xml.macaon	36	16	.	.	poncts	poncts	_	3	ponct	_	_

cc60546b-8949-41bd-a217-a741f04caf44.xml.macaon	37	1	Antiquité	antiquité	nc	nc	_	_	_	_	_

cc60546b-8949-41bd-a217-a741f04caf44.xml.macaon	38	1	Agora	agora	v	v	_	_	_	_	_

cc60546b-8949-41bd-a217-a741f04caf44.xml.macaon	39	1	L'	L'	det	det	_	2	det	_	_
cc60546b-8949-41bd-a217-a741f04caf44.xml.macaon	40	2	Agora	Agora	np	np	_	3	suj	_	_
cc60546b-8949-41bd-a217-a741f04caf44.xml.macaon	41	3	était	être	v	v	_	_	_	_	_
cc60546b-8949-41bd-a217-a741f04caf44.xml.macaon	42	4	dans	dans	prep	prep	_	3	mod	_	_
cc60546b-8949-41bd-a217-a741f04caf44.xml.macaon	43	5	la	le	det	det	_	6	det	_	_
cc60546b-8949-41bd-a217-a741f04caf44.xml.macaon	44	6	Grèce	Grèce	np	np	_	4	obj	_	_
cc60546b-8949-41bd-a217-a741f04caf44.xml.macaon	45	7	antique	antique	adj	adj	_	6	mod	_	_
cc60546b-8949-41bd-a217-a741f04caf44.xml.macaon	46	8	,	,	ponctw	ponctw	_	6	ponct	_	_
cc60546b-8949-41bd-a217-a741f04caf44.xml.macaon	47	9	un	un	det	det	_	10	det	_	_
cc60546b-8949-41bd-a217-a741f04caf44.xml.macaon	48	10	lieu	lieu	nc	nc	_	4	obj	_	_
cc60546b-8949-41bd-a217-a741f04caf44.xml.macaon	49	11	de	de	prep	prep	_	10	dep	_	_
cc60546b-8949-41bd-a217-a741f04caf44.xml.macaon	50	12	rassemblement	rassemblement	nc	nc	_	11	obj	_	_
cc60546b-8949-41bd-a217-a741f04caf44.xml.macaon	51	13	politique	politique	adj	adj	_	12	mod	_	_
cc60546b-8949-41bd-a217-a741f04caf44.xml.macaon	52	14	et	et	coo	coo	_	13	coord	_	_
cc60546b-8949-41bd-a217-a741f04caf44.xml.macaon	53	15	mercantile	mercantile	adj	adj	_	14	dep_coord	_	_
cc60546b-8949-41bd-a217-a741f04caf44.xml.macaon	54	16	.	.	poncts	poncts	_	3	ponct	_	_
