e227f8b8-6950-4b0e-820e-efa4f7cbc6bb.xml.macaon	0	1	vikidia	vikidia	nc	nc	_	_	_	_	_

e227f8b8-6950-4b0e-820e-efa4f7cbc6bb.xml.macaon	1	1	e227f8b8	e227f8b8	adj	adj	_	3	mod	_	_
e227f8b8-6950-4b0e-820e-efa4f7cbc6bb.xml.macaon	2	2	-	-	ponctw	ponctw	_	1	ponct	_	_
e227f8b8-6950-4b0e-820e-efa4f7cbc6bb.xml.macaon	3	3	6950	6950	nc	nc	_	_	_	_	_
e227f8b8-6950-4b0e-820e-efa4f7cbc6bb.xml.macaon	4	4	-	-	ponctw	ponctw	_	3	ponct	_	_
e227f8b8-6950-4b0e-820e-efa4f7cbc6bb.xml.macaon	5	5	4b0e	4b0e	nc	nc	_	3	mod	_	_
e227f8b8-6950-4b0e-820e-efa4f7cbc6bb.xml.macaon	6	6	-	-	ponctw	ponctw	_	5	ponct	_	_
e227f8b8-6950-4b0e-820e-efa4f7cbc6bb.xml.macaon	7	7	820e	820e	adj	adj	_	5	mod	_	_
e227f8b8-6950-4b0e-820e-efa4f7cbc6bb.xml.macaon	8	8	-	-	ponctw	ponctw	_	5	ponct	_	_
e227f8b8-6950-4b0e-820e-efa4f7cbc6bb.xml.macaon	9	9	efa4f7cbc6bb	efa4f7cbc6bb	nc	nc	_	5	mod	_	_

e227f8b8-6950-4b0e-820e-efa4f7cbc6bb.xml.macaon	10	1	ADDED	ADDED	nc	nc	_	_	_	_	_

e227f8b8-6950-4b0e-820e-efa4f7cbc6bb.xml.macaon	11	1	2016	2016	adj	adj	_	3	mod	_	_
e227f8b8-6950-4b0e-820e-efa4f7cbc6bb.xml.macaon	12	2	-	-	ponctw	ponctw	_	1	ponct	_	_
e227f8b8-6950-4b0e-820e-efa4f7cbc6bb.xml.macaon	13	3	06	06	nc	nc	_	_	_	_	_
e227f8b8-6950-4b0e-820e-efa4f7cbc6bb.xml.macaon	14	4	-	-	ponctw	ponctw	_	3	ponct	_	_
e227f8b8-6950-4b0e-820e-efa4f7cbc6bb.xml.macaon	15	5	15T14	15T14	nc	nc	_	3	mod	_	_
e227f8b8-6950-4b0e-820e-efa4f7cbc6bb.xml.macaon	16	6	:	:	ponctw	ponctw	_	5	ponct	_	_
e227f8b8-6950-4b0e-820e-efa4f7cbc6bb.xml.macaon	17	7	52	52	det	det	_	9	det	_	_
e227f8b8-6950-4b0e-820e-efa4f7cbc6bb.xml.macaon	18	8	:	:	ponctw	ponctw	_	9	ponct	_	_
e227f8b8-6950-4b0e-820e-efa4f7cbc6bb.xml.macaon	19	9	34Z	34Z	nc	nc	_	5	mod	_	_

e227f8b8-6950-4b0e-820e-efa4f7cbc6bb.xml.macaon	20	1	Agora	agora	v	v	_	_	_	_	_
e227f8b8-6950-4b0e-820e-efa4f7cbc6bb.xml.macaon	21	2	d'	un	det	det	_	3	det	_	_
e227f8b8-6950-4b0e-820e-efa4f7cbc6bb.xml.macaon	22	3	Athènes	Athènes	np	np	_	1	__JOKER__	_	_

e227f8b8-6950-4b0e-820e-efa4f7cbc6bb.xml.macaon	23	1	L'	L'	det	det	_	2	det	_	_
e227f8b8-6950-4b0e-820e-efa4f7cbc6bb.xml.macaon	24	2	agora	agora	nc	nc	_	5	suj	_	_
e227f8b8-6950-4b0e-820e-efa4f7cbc6bb.xml.macaon	25	3	d'	de	prep	prep	_	2	dep	_	_
e227f8b8-6950-4b0e-820e-efa4f7cbc6bb.xml.macaon	26	4	Athènes	Athènes	np	np	_	3	obj	_	_
e227f8b8-6950-4b0e-820e-efa4f7cbc6bb.xml.macaon	27	5	est	être	v	v	_	_	_	_	_
e227f8b8-6950-4b0e-820e-efa4f7cbc6bb.xml.macaon	28	6	un	un	det	det	_	8	det	_	_
e227f8b8-6950-4b0e-820e-efa4f7cbc6bb.xml.macaon	29	7	important	important	adj	adj	_	8	mod	_	_
e227f8b8-6950-4b0e-820e-efa4f7cbc6bb.xml.macaon	30	8	site	site	nc	nc	_	5	ats	_	_
e227f8b8-6950-4b0e-820e-efa4f7cbc6bb.xml.macaon	31	9	archéologique	archéologique	adj	adj	_	8	mod	_	_
e227f8b8-6950-4b0e-820e-efa4f7cbc6bb.xml.macaon	32	10	,	,	ponctw	ponctw	_	8	ponct	_	_
e227f8b8-6950-4b0e-820e-efa4f7cbc6bb.xml.macaon	33	11	situé	situer	vppart	vppart	_	8	mod	_	_
e227f8b8-6950-4b0e-820e-efa4f7cbc6bb.xml.macaon	34	12	au#centre#d'	au#centre#de	prep	prep	_	11	mod	_	_
e227f8b8-6950-4b0e-820e-efa4f7cbc6bb.xml.macaon	35	13	Athènes	Athènes	np	np	_	12	obj	_	_
e227f8b8-6950-4b0e-820e-efa4f7cbc6bb.xml.macaon	36	14	,	,	ponctw	ponctw	_	13	ponct	_	_
e227f8b8-6950-4b0e-820e-efa4f7cbc6bb.xml.macaon	37	15	juste	juste	adj	adj	_	13	mod	_	_
e227f8b8-6950-4b0e-820e-efa4f7cbc6bb.xml.macaon	38	16	au	au	prep	prep	_	11	mod	_	_
e227f8b8-6950-4b0e-820e-efa4f7cbc6bb.xml.macaon	39	17	nord	nord	nc	nc	_	16	obj	_	_
e227f8b8-6950-4b0e-820e-efa4f7cbc6bb.xml.macaon	40	18	de#l'	de#l'	prep	prep	_	17	dep	_	_
e227f8b8-6950-4b0e-820e-efa4f7cbc6bb.xml.macaon	41	19	Acropole	acropole	nc	nc	_	18	obj	_	_
e227f8b8-6950-4b0e-820e-efa4f7cbc6bb.xml.macaon	42	20	.	.	poncts	poncts	_	5	ponct	_	_

e227f8b8-6950-4b0e-820e-efa4f7cbc6bb.xml.macaon	43	1	Antiquité	antiquité	nc	nc	_	_	_	_	_

e227f8b8-6950-4b0e-820e-efa4f7cbc6bb.xml.macaon	44	1	Agora	agora	v	v	_	_	_	_	_
e227f8b8-6950-4b0e-820e-efa4f7cbc6bb.xml.macaon	45	2	d'	un	det	det	_	3	det	_	_
e227f8b8-6950-4b0e-820e-efa4f7cbc6bb.xml.macaon	46	3	Athènes	Athènes	np	np	_	1	__JOKER__	_	_

e227f8b8-6950-4b0e-820e-efa4f7cbc6bb.xml.macaon	47	1	L'	L'	det	det	_	2	det	_	_
e227f8b8-6950-4b0e-820e-efa4f7cbc6bb.xml.macaon	48	2	agora	agora	nc	nc	_	5	suj	_	_
e227f8b8-6950-4b0e-820e-efa4f7cbc6bb.xml.macaon	49	3	d'	de	prep	prep	_	2	dep	_	_
e227f8b8-6950-4b0e-820e-efa4f7cbc6bb.xml.macaon	50	4	Athènes	Athènes	np	np	_	3	obj	_	_
e227f8b8-6950-4b0e-820e-efa4f7cbc6bb.xml.macaon	51	5	est	être	v	v	_	_	_	_	_
e227f8b8-6950-4b0e-820e-efa4f7cbc6bb.xml.macaon	52	6	un	un	det	det	_	8	det	_	_
e227f8b8-6950-4b0e-820e-efa4f7cbc6bb.xml.macaon	53	7	important	important	adj	adj	_	8	mod	_	_
e227f8b8-6950-4b0e-820e-efa4f7cbc6bb.xml.macaon	54	8	site	site	nc	nc	_	5	ats	_	_
e227f8b8-6950-4b0e-820e-efa4f7cbc6bb.xml.macaon	55	9	archéologique	archéologique	adj	adj	_	8	mod	_	_
e227f8b8-6950-4b0e-820e-efa4f7cbc6bb.xml.macaon	56	10	,	,	ponctw	ponctw	_	8	ponct	_	_
e227f8b8-6950-4b0e-820e-efa4f7cbc6bb.xml.macaon	57	11	situé	situer	vppart	vppart	_	8	mod	_	_
e227f8b8-6950-4b0e-820e-efa4f7cbc6bb.xml.macaon	58	12	au#centre#d'	au#centre#de	prep	prep	_	11	mod	_	_
e227f8b8-6950-4b0e-820e-efa4f7cbc6bb.xml.macaon	59	13	Athènes	Athènes	np	np	_	12	obj	_	_
e227f8b8-6950-4b0e-820e-efa4f7cbc6bb.xml.macaon	60	14	,	,	ponctw	ponctw	_	13	ponct	_	_
e227f8b8-6950-4b0e-820e-efa4f7cbc6bb.xml.macaon	61	15	juste	juste	adj	adj	_	13	mod	_	_
e227f8b8-6950-4b0e-820e-efa4f7cbc6bb.xml.macaon	62	16	au	au	prep	prep	_	11	mod	_	_
e227f8b8-6950-4b0e-820e-efa4f7cbc6bb.xml.macaon	63	17	nord	nord	nc	nc	_	16	obj	_	_
e227f8b8-6950-4b0e-820e-efa4f7cbc6bb.xml.macaon	64	18	de#l'	de#l'	prep	prep	_	17	dep	_	_
e227f8b8-6950-4b0e-820e-efa4f7cbc6bb.xml.macaon	65	19	Acropole	acropole	nc	nc	_	18	obj	_	_
e227f8b8-6950-4b0e-820e-efa4f7cbc6bb.xml.macaon	66	20	.	.	poncts	poncts	_	5	ponct	_	_

e227f8b8-6950-4b0e-820e-efa4f7cbc6bb.xml.macaon	67	1	Vue	Vue	np	np	_	2	suj	_	_
e227f8b8-6950-4b0e-820e-efa4f7cbc6bb.xml.macaon	68	2	panoramique	panoramiquer	v	v	_	_	_	_	_
e227f8b8-6950-4b0e-820e-efa4f7cbc6bb.xml.macaon	69	3	de#l'	du	det	det	_	4	det	_	_
e227f8b8-6950-4b0e-820e-efa4f7cbc6bb.xml.macaon	70	4	agora	agora	nc	nc	_	2	obj	_	_
e227f8b8-6950-4b0e-820e-efa4f7cbc6bb.xml.macaon	71	5	d'	de	prep	prep	_	4	dep	_	_
e227f8b8-6950-4b0e-820e-efa4f7cbc6bb.xml.macaon	72	6	Athènes	Athènes	np	np	_	5	obj	_	_
e227f8b8-6950-4b0e-820e-efa4f7cbc6bb.xml.macaon	73	7	,	,	ponctw	ponctw	_	4	ponct	_	_
e227f8b8-6950-4b0e-820e-efa4f7cbc6bb.xml.macaon	74	8	entre	entre	prep	prep	_	2	mod	_	_
e227f8b8-6950-4b0e-820e-efa4f7cbc6bb.xml.macaon	75	9	le	le	det	det	_	10	det	_	_
e227f8b8-6950-4b0e-820e-efa4f7cbc6bb.xml.macaon	76	10	temple	temple	nc	nc	_	8	obj	_	_
e227f8b8-6950-4b0e-820e-efa4f7cbc6bb.xml.macaon	77	11	d'	de	prep	prep	_	10	dep	_	_
e227f8b8-6950-4b0e-820e-efa4f7cbc6bb.xml.macaon	78	12	Héphaïstos	Héphaïstos	np	np	_	11	obj	_	_
e227f8b8-6950-4b0e-820e-efa4f7cbc6bb.xml.macaon	79	13	(	(	ponctw	ponctw	_	12	ponct	_	_
e227f8b8-6950-4b0e-820e-efa4f7cbc6bb.xml.macaon	80	14	pseudo	pseudo	nc	nc	_	11	obj	_	_
e227f8b8-6950-4b0e-820e-efa4f7cbc6bb.xml.macaon	81	15	«	«	ponctw	ponctw	_	14	ponct	_	_
e227f8b8-6950-4b0e-820e-efa4f7cbc6bb.xml.macaon	82	16	Théséion	Théséion	np	np	_	14	mod	_	_
e227f8b8-6950-4b0e-820e-efa4f7cbc6bb.xml.macaon	83	17	»	»	ponctw	ponctw	_	14	ponct	_	_
e227f8b8-6950-4b0e-820e-efa4f7cbc6bb.xml.macaon	84	18	)	)	ponctw	ponctw	_	14	ponct	_	_
e227f8b8-6950-4b0e-820e-efa4f7cbc6bb.xml.macaon	85	19	,	,	ponctw	ponctw	_	14	ponct	_	_
e227f8b8-6950-4b0e-820e-efa4f7cbc6bb.xml.macaon	86	20	à#gauche	à#gauche	adv	adv	_	14	mod	_	_
e227f8b8-6950-4b0e-820e-efa4f7cbc6bb.xml.macaon	87	21	,	,	ponctw	ponctw	_	22	__JOKER__	_	_
e227f8b8-6950-4b0e-820e-efa4f7cbc6bb.xml.macaon	88	22	et	et	coo	coo	_	14	coord	_	_
e227f8b8-6950-4b0e-820e-efa4f7cbc6bb.xml.macaon	89	23	le	le	det	det	_	24	det	_	_
e227f8b8-6950-4b0e-820e-efa4f7cbc6bb.xml.macaon	90	24	portique	portique	nc	nc	_	22	dep_coord	_	_
e227f8b8-6950-4b0e-820e-efa4f7cbc6bb.xml.macaon	91	25	d'	de	prep	prep	_	24	dep	_	_
e227f8b8-6950-4b0e-820e-efa4f7cbc6bb.xml.macaon	92	26	Attale	Attale	np	np	_	25	obj	_	_
e227f8b8-6950-4b0e-820e-efa4f7cbc6bb.xml.macaon	93	27	,	,	ponctw	ponctw	_	24	ponct	_	_
e227f8b8-6950-4b0e-820e-efa4f7cbc6bb.xml.macaon	94	28	reconstitué	reconstituer	vppart	vppart	_	24	mod	_	_
e227f8b8-6950-4b0e-820e-efa4f7cbc6bb.xml.macaon	95	29	,	,	ponctw	ponctw	_	28	ponct	_	_
e227f8b8-6950-4b0e-820e-efa4f7cbc6bb.xml.macaon	96	30	à#droite	à#droite	adv	adv	_	28	mod	_	_
e227f8b8-6950-4b0e-820e-efa4f7cbc6bb.xml.macaon	97	31	.	.	poncts	poncts	_	2	__JOKER__	_	_

e227f8b8-6950-4b0e-820e-efa4f7cbc6bb.xml.macaon	98	1	L'	L'	det	det	_	2	det	_	_
e227f8b8-6950-4b0e-820e-efa4f7cbc6bb.xml.macaon	99	2	Agora	Agora	np	np	_	7	__JOKER__	_	_
e227f8b8-6950-4b0e-820e-efa4f7cbc6bb.xml.macaon	100	3	d'	de	prep	prep	_	7	mod	_	_
e227f8b8-6950-4b0e-820e-efa4f7cbc6bb.xml.macaon	101	4	Athènes	Athènes	np	np	_	3	obj	_	_
e227f8b8-6950-4b0e-820e-efa4f7cbc6bb.xml.macaon	102	5	où	où	prorel	prorel	_	7	suj	_	_
e227f8b8-6950-4b0e-820e-efa4f7cbc6bb.xml.macaon	103	6	sont	être	v	v	_	7	aux_tps	_	_
e227f8b8-6950-4b0e-820e-efa4f7cbc6bb.xml.macaon	104	7	regroupés	regrouper	vppart	vppart	_	_	_	_	_
e227f8b8-6950-4b0e-820e-efa4f7cbc6bb.xml.macaon	105	8	les	le	det	det	_	9	det	_	_
e227f8b8-6950-4b0e-820e-efa4f7cbc6bb.xml.macaon	106	9	édifices	édifice	nc	nc	_	7	obj	_	_
e227f8b8-6950-4b0e-820e-efa4f7cbc6bb.xml.macaon	107	10	de	de	prep	prep	_	9	dep	_	_
e227f8b8-6950-4b0e-820e-efa4f7cbc6bb.xml.macaon	108	11	la	le	det	det	_	12	det	_	_
e227f8b8-6950-4b0e-820e-efa4f7cbc6bb.xml.macaon	109	12	vie	vie	nc	nc	_	10	obj	_	_
e227f8b8-6950-4b0e-820e-efa4f7cbc6bb.xml.macaon	110	13	politique	politique	adj	adj	_	12	mod	_	_
e227f8b8-6950-4b0e-820e-efa4f7cbc6bb.xml.macaon	111	14	au	au	prep	prep	_	7	mod	_	_
e227f8b8-6950-4b0e-820e-efa4f7cbc6bb.xml.macaon	112	15	Ve	Ve	det	det	_	16	det	_	_
e227f8b8-6950-4b0e-820e-efa4f7cbc6bb.xml.macaon	113	16	siècle	siècle	nc	nc	_	14	obj	_	_
e227f8b8-6950-4b0e-820e-efa4f7cbc6bb.xml.macaon	114	17	av.J.C	av.J.C	np	np	_	16	mod	_	_
e227f8b8-6950-4b0e-820e-efa4f7cbc6bb.xml.macaon	115	18	.	.	poncts	poncts	_	7	ponct	_	_

e227f8b8-6950-4b0e-820e-efa4f7cbc6bb.xml.macaon	116	1	Dans	dans	prep	prep	_	7	mod	_	_
e227f8b8-6950-4b0e-820e-efa4f7cbc6bb.xml.macaon	117	2	l'	le	det	det	_	3	det	_	_
e227f8b8-6950-4b0e-820e-efa4f7cbc6bb.xml.macaon	118	3	Antiquité	antiquité	nc	nc	_	1	obj	_	_
e227f8b8-6950-4b0e-820e-efa4f7cbc6bb.xml.macaon	119	4	,	,	ponctw	ponctw	_	7	ponct	_	_
e227f8b8-6950-4b0e-820e-efa4f7cbc6bb.xml.macaon	120	5	l'	le	det	det	_	6	det	_	_
e227f8b8-6950-4b0e-820e-efa4f7cbc6bb.xml.macaon	121	6	Agora	Agora	np	np	_	7	__JOKER__	_	_
e227f8b8-6950-4b0e-820e-efa4f7cbc6bb.xml.macaon	122	7	était	être	v	v	_	_	_	_	_
e227f8b8-6950-4b0e-820e-efa4f7cbc6bb.xml.macaon	123	8	la	le	det	det	_	9	det	_	_
e227f8b8-6950-4b0e-820e-efa4f7cbc6bb.xml.macaon	124	9	place	place	nc	nc	_	7	obj	_	_
e227f8b8-6950-4b0e-820e-efa4f7cbc6bb.xml.macaon	125	10	publique	public	adj	adj	_	9	mod	_	_
e227f8b8-6950-4b0e-820e-efa4f7cbc6bb.xml.macaon	126	11	de	de	prep	prep	_	9	dep	_	_
e227f8b8-6950-4b0e-820e-efa4f7cbc6bb.xml.macaon	127	12	la	le	det	det	_	13	det	_	_
e227f8b8-6950-4b0e-820e-efa4f7cbc6bb.xml.macaon	128	13	ville	ville	nc	nc	_	11	obj	_	_
e227f8b8-6950-4b0e-820e-efa4f7cbc6bb.xml.macaon	129	14	.	.	poncts	poncts	_	7	ponct	_	_

e227f8b8-6950-4b0e-820e-efa4f7cbc6bb.xml.macaon	130	1	Elle	elle	cln	cln	_	2	suj	_	_
e227f8b8-6950-4b0e-820e-efa4f7cbc6bb.xml.macaon	131	2	servait	servir	v	v	_	_	_	_	_
e227f8b8-6950-4b0e-820e-efa4f7cbc6bb.xml.macaon	132	3	de	de	prep	prep	_	2	de_obj	_	_
e227f8b8-6950-4b0e-820e-efa4f7cbc6bb.xml.macaon	133	4	marché	marché	nc	nc	_	3	obj	_	_
e227f8b8-6950-4b0e-820e-efa4f7cbc6bb.xml.macaon	134	5	et	et	coo	coo	_	2	coord	_	_
e227f8b8-6950-4b0e-820e-efa4f7cbc6bb.xml.macaon	135	6	,	,	ponctw	ponctw	_	2	ponct	_	_
e227f8b8-6950-4b0e-820e-efa4f7cbc6bb.xml.macaon	136	7	jusqu'à	jusqu'à	prep	prep	_	2	mod	_	_
e227f8b8-6950-4b0e-820e-efa4f7cbc6bb.xml.macaon	137	8	la	le	det	det	_	9	det	_	_
e227f8b8-6950-4b0e-820e-efa4f7cbc6bb.xml.macaon	138	9	fin	fin	nc	nc	_	7	obj	_	_
e227f8b8-6950-4b0e-820e-efa4f7cbc6bb.xml.macaon	139	10	du	du	prep	prep	_	9	dep	_	_
e227f8b8-6950-4b0e-820e-efa4f7cbc6bb.xml.macaon	140	11	Ve	Ve	np	np	_	10	obj	_	_
e227f8b8-6950-4b0e-820e-efa4f7cbc6bb.xml.macaon	141	12	siècle	siècle	nc	nc	_	10	obj	_	_
e227f8b8-6950-4b0e-820e-efa4f7cbc6bb.xml.macaon	142	13	av.	av.	nc	nc	_	12	mod	_	_

e227f8b8-6950-4b0e-820e-efa4f7cbc6bb.xml.macaon	143	1	J.-C.	Jésus-Christ	np	np	_	_	_	_	_
e227f8b8-6950-4b0e-820e-efa4f7cbc6bb.xml.macaon	144	2	,	,	ponctw	ponctw	_	1	ponct	_	_
e227f8b8-6950-4b0e-820e-efa4f7cbc6bb.xml.macaon	145	3	de	de	prep	prep	_	1	dep	_	_
e227f8b8-6950-4b0e-820e-efa4f7cbc6bb.xml.macaon	146	4	lieu	lieu	nc	nc	_	3	obj	_	_
e227f8b8-6950-4b0e-820e-efa4f7cbc6bb.xml.macaon	147	5	de	de	prep	prep	_	4	dep	_	_
e227f8b8-6950-4b0e-820e-efa4f7cbc6bb.xml.macaon	148	6	rassemblement	rassemblement	nc	nc	_	5	obj	_	_
e227f8b8-6950-4b0e-820e-efa4f7cbc6bb.xml.macaon	149	7	de#l'	de#l'	prep	prep	_	6	dep	_	_
e227f8b8-6950-4b0e-820e-efa4f7cbc6bb.xml.macaon	150	8	Ecclésia	Ecclésia	np	np	_	7	obj	_	_
e227f8b8-6950-4b0e-820e-efa4f7cbc6bb.xml.macaon	151	9	(	(	ponctw	ponctw	_	8	ponct	_	_
e227f8b8-6950-4b0e-820e-efa4f7cbc6bb.xml.macaon	152	10	assemblée	assemblée	nc	nc	_	7	obj	_	_
e227f8b8-6950-4b0e-820e-efa4f7cbc6bb.xml.macaon	153	11	du	du	prep	prep	_	10	dep	_	_
e227f8b8-6950-4b0e-820e-efa4f7cbc6bb.xml.macaon	154	12	peuple	peuple	nc	nc	_	11	obj	_	_
e227f8b8-6950-4b0e-820e-efa4f7cbc6bb.xml.macaon	155	13	)	)	ponctw	ponctw	_	10	ponct	_	_
e227f8b8-6950-4b0e-820e-efa4f7cbc6bb.xml.macaon	156	14	.	.	poncts	poncts	_	6	ponct	_	_

e227f8b8-6950-4b0e-820e-efa4f7cbc6bb.xml.macaon	157	1	Elle	elle	cln	cln	_	2	suj	_	_
e227f8b8-6950-4b0e-820e-efa4f7cbc6bb.xml.macaon	158	2	était	être	v	v	_	_	_	_	_
e227f8b8-6950-4b0e-820e-efa4f7cbc6bb.xml.macaon	159	3	aussi	aussi	adv	adv	_	2	mod	_	_
e227f8b8-6950-4b0e-820e-efa4f7cbc6bb.xml.macaon	160	4	le	le	det	det	_	5	det	_	_
e227f8b8-6950-4b0e-820e-efa4f7cbc6bb.xml.macaon	161	5	siège	siège	nc	nc	_	2	ats	_	_
e227f8b8-6950-4b0e-820e-efa4f7cbc6bb.xml.macaon	162	6	de	de	prep	prep	_	5	dep	_	_
e227f8b8-6950-4b0e-820e-efa4f7cbc6bb.xml.macaon	163	7	nombreuses	nombreux	adj	adj	_	8	mod	_	_
e227f8b8-6950-4b0e-820e-efa4f7cbc6bb.xml.macaon	164	8	institutions	institution	nc	nc	_	6	obj	_	_
e227f8b8-6950-4b0e-820e-efa4f7cbc6bb.xml.macaon	165	9	officielles	officiel	adj	adj	_	8	mod	_	_
e227f8b8-6950-4b0e-820e-efa4f7cbc6bb.xml.macaon	166	10	:	:	ponctw	ponctw	_	8	ponct	_	_
e227f8b8-6950-4b0e-820e-efa4f7cbc6bb.xml.macaon	167	11	tribunal	tribunal	nc	nc	_	6	obj	_	_
e227f8b8-6950-4b0e-820e-efa4f7cbc6bb.xml.macaon	168	12	de#l'	de#l'	prep	prep	_	11	dep	_	_
e227f8b8-6950-4b0e-820e-efa4f7cbc6bb.xml.macaon	169	13	Héliée	Héliée	nc	nc	_	12	obj	_	_
e227f8b8-6950-4b0e-820e-efa4f7cbc6bb.xml.macaon	170	14	,	,	ponctw	ponctw	_	11	ponct	_	_
e227f8b8-6950-4b0e-820e-efa4f7cbc6bb.xml.macaon	171	15	Sénat	Sénat	np	np	_	11	mod	_	_
e227f8b8-6950-4b0e-820e-efa4f7cbc6bb.xml.macaon	172	16	(	(	ponctw	ponctw	_	11	ponct	_	_
e227f8b8-6950-4b0e-820e-efa4f7cbc6bb.xml.macaon	173	17	la	le	det	det	_	18	det	_	_
e227f8b8-6950-4b0e-820e-efa4f7cbc6bb.xml.macaon	174	18	Boulè	Boulè	np	np	_	11	mod	_	_
e227f8b8-6950-4b0e-820e-efa4f7cbc6bb.xml.macaon	175	19	)	)	ponctw	ponctw	_	18	ponct	_	_
e227f8b8-6950-4b0e-820e-efa4f7cbc6bb.xml.macaon	176	20	,	,	ponctw	ponctw	_	18	ponct	_	_
e227f8b8-6950-4b0e-820e-efa4f7cbc6bb.xml.macaon	177	21	sanctuaires	sanctuaire	nc	nc	_	18	mod	_	_
e227f8b8-6950-4b0e-820e-efa4f7cbc6bb.xml.macaon	178	22	de	de	prep	prep	_	21	dep	_	_
e227f8b8-6950-4b0e-820e-efa4f7cbc6bb.xml.macaon	179	23	dieux	dieu	nc	nc	_	22	obj	_	_
e227f8b8-6950-4b0e-820e-efa4f7cbc6bb.xml.macaon	180	24	et	et	coo	coo	_	22	coord	_	_
e227f8b8-6950-4b0e-820e-efa4f7cbc6bb.xml.macaon	181	25	de	de	prep	prep	_	24	dep_coord	_	_
e227f8b8-6950-4b0e-820e-efa4f7cbc6bb.xml.macaon	182	26	héros	héros	nc	nc	_	25	obj	_	_
e227f8b8-6950-4b0e-820e-efa4f7cbc6bb.xml.macaon	183	27	.	.	poncts	poncts	_	2	ponct	_	_

e227f8b8-6950-4b0e-820e-efa4f7cbc6bb.xml.macaon	184	1	Agora	Agora	np	np	_	_	_	_	_
e227f8b8-6950-4b0e-820e-efa4f7cbc6bb.xml.macaon	185	2	et	et	coo	coo	_	1	coord	_	_
e227f8b8-6950-4b0e-820e-efa4f7cbc6bb.xml.macaon	186	3	extensions	extension	nc	nc	_	2	dep_coord	_	_

e227f8b8-6950-4b0e-820e-efa4f7cbc6bb.xml.macaon	187	1	L'	L'	det	det	_	2	det	_	_
e227f8b8-6950-4b0e-820e-efa4f7cbc6bb.xml.macaon	188	2	Agora	Agora	np	np	_	3	__JOKER__	_	_
e227f8b8-6950-4b0e-820e-efa4f7cbc6bb.xml.macaon	189	3	s'	s'	clr	clr	_	5	aff	_	_
e227f8b8-6950-4b0e-820e-efa4f7cbc6bb.xml.macaon	190	4	est	être	v	v	_	5	aux_tps	_	_
e227f8b8-6950-4b0e-820e-efa4f7cbc6bb.xml.macaon	191	5	développée	développer	vppart	vppart	_	_	_	_	_
e227f8b8-6950-4b0e-820e-efa4f7cbc6bb.xml.macaon	192	6	tout	tout	adv	adv	_	5	mod	_	_
e227f8b8-6950-4b0e-820e-efa4f7cbc6bb.xml.macaon	193	7	au#long#de	au#long#de	prep	prep	_	5	mod	_	_
e227f8b8-6950-4b0e-820e-efa4f7cbc6bb.xml.macaon	194	8	l'	le	det	det	_	9	det	_	_
e227f8b8-6950-4b0e-820e-efa4f7cbc6bb.xml.macaon	195	9	Antiquité	antiquité	nc	nc	_	7	obj	_	_
e227f8b8-6950-4b0e-820e-efa4f7cbc6bb.xml.macaon	196	10	classique	classique	adj	adj	_	9	mod	_	_
e227f8b8-6950-4b0e-820e-efa4f7cbc6bb.xml.macaon	197	11	à	à	prep	prep	_	13	mod	_	_
e227f8b8-6950-4b0e-820e-efa4f7cbc6bb.xml.macaon	198	12	l'	l'	clo	clo	_	13	__JOKER__	_	_
e227f8b8-6950-4b0e-820e-efa4f7cbc6bb.xml.macaon	199	13	est	être	v	v	_	9	mod_rel	_	_
e227f8b8-6950-4b0e-820e-efa4f7cbc6bb.xml.macaon	200	14	du	du	prep	prep	_	13	mod	_	_
e227f8b8-6950-4b0e-820e-efa4f7cbc6bb.xml.macaon	201	15	temple	temple	nc	nc	_	14	obj	_	_	B:Appointing:FE:Body:G:208
e227f8b8-6950-4b0e-820e-efa4f7cbc6bb.xml.macaon	202	16	d'	de	prep	prep	_	15	dep	_	_	I:Appointing:FE:Body:G:208
e227f8b8-6950-4b0e-820e-efa4f7cbc6bb.xml.macaon	203	17	Héphaïstos	Héphaïstos	nc	nc	_	16	obj	_	_	I:Appointing:FE:Body:G:208
e227f8b8-6950-4b0e-820e-efa4f7cbc6bb.xml.macaon	204	18	ou	ou	coo	coo	_	17	coord	_	_	I:Appointing:FE:Body:G:208
e227f8b8-6950-4b0e-820e-efa4f7cbc6bb.xml.macaon	205	19	Héphaïstéion	Héphaïstéion	nc	nc	_	18	dep_coord	_	_	I:Appointing:FE:Body:G:208
e227f8b8-6950-4b0e-820e-efa4f7cbc6bb.xml.macaon	206	20	(	(	ponctw	ponctw	_	17	ponct	_	_
e227f8b8-6950-4b0e-820e-efa4f7cbc6bb.xml.macaon	207	21	traditionnellement	traditionnellement	adv	adv	_	22	mod	_	_
e227f8b8-6950-4b0e-820e-efa4f7cbc6bb.xml.macaon	208	22	nommé	nommer	vppart	vppart	_	17	mod	_	_	B:Appointing:TARGET:nommer:G:208
e227f8b8-6950-4b0e-820e-efa4f7cbc6bb.xml.macaon	209	23	«	«	ponctw	ponctw	_	22	ponct	_	_
e227f8b8-6950-4b0e-820e-efa4f7cbc6bb.xml.macaon	210	24	Théséion	Théséion	np	np	_	17	mod	_	_	B:Appointing:FE:Function:G:208
e227f8b8-6950-4b0e-820e-efa4f7cbc6bb.xml.macaon	211	25	»	»	ponctw	ponctw	_	24	ponct	_	_
e227f8b8-6950-4b0e-820e-efa4f7cbc6bb.xml.macaon	212	26	)	)	ponctw	ponctw	_	24	ponct	_	_
e227f8b8-6950-4b0e-820e-efa4f7cbc6bb.xml.macaon	213	27	,	,	ponctw	ponctw	_	28	ponct	_	_
e227f8b8-6950-4b0e-820e-efa4f7cbc6bb.xml.macaon	214	28	situé	situer	vppart	vppart	_	24	__JOKER__	_	_
e227f8b8-6950-4b0e-820e-efa4f7cbc6bb.xml.macaon	215	29	sur	sur	prep	prep	_	28	mod	_	_
e227f8b8-6950-4b0e-820e-efa4f7cbc6bb.xml.macaon	216	30	un	un	det	det	_	31	det	_	_
e227f8b8-6950-4b0e-820e-efa4f7cbc6bb.xml.macaon	217	31	monticule	monticule	nc	nc	_	29	obj	_	_
e227f8b8-6950-4b0e-820e-efa4f7cbc6bb.xml.macaon	218	32	appelé	appeler	vppart	vppart	_	31	mod	_	_	B:OTHER:G
e227f8b8-6950-4b0e-820e-efa4f7cbc6bb.xml.macaon	219	33	Colonos	Colonos	etr	etr	_	34	dep	_	_
e227f8b8-6950-4b0e-820e-efa4f7cbc6bb.xml.macaon	220	34	Agoraios	Agoraios	etr	etr	_	5	__JOKER__	_	_
e227f8b8-6950-4b0e-820e-efa4f7cbc6bb.xml.macaon	221	35	.	.	poncts	poncts	_	5	ponct	_	_

e227f8b8-6950-4b0e-820e-efa4f7cbc6bb.xml.macaon	222	1	Il	il	cln	cln	_	2	suj	_	_
e227f8b8-6950-4b0e-820e-efa4f7cbc6bb.xml.macaon	223	2	faut	faillir	v	v	_	_	_	_	_
e227f8b8-6950-4b0e-820e-efa4f7cbc6bb.xml.macaon	224	3	imaginer	imaginer	vinf	vinf	_	2	obj	_	_
e227f8b8-6950-4b0e-820e-efa4f7cbc6bb.xml.macaon	225	4	des	un	det	det	_	5	det	_	_	B:Installing:FE:Component:G:235
e227f8b8-6950-4b0e-820e-efa4f7cbc6bb.xml.macaon	226	5	échoppes	échoppe	nc	nc	_	3	obj	_	_	I:Installing:FE:Component:G:235
e227f8b8-6950-4b0e-820e-efa4f7cbc6bb.xml.macaon	227	6	de	de	prep	prep	_	5	dep	_	_	I:Installing:FE:Component:G:235
e227f8b8-6950-4b0e-820e-efa4f7cbc6bb.xml.macaon	228	7	bois	bois	nc	nc	_	6	obj	_	_	I:Installing:FE:Component:G:235
e227f8b8-6950-4b0e-820e-efa4f7cbc6bb.xml.macaon	229	8	et	et	coo	coo	_	6	coord	_	_	I:Installing:FE:Component:G:235
e227f8b8-6950-4b0e-820e-efa4f7cbc6bb.xml.macaon	230	9	des	des	prep	prep	_	8	dep_coord	_	_	I:Installing:FE:Component:G:235
e227f8b8-6950-4b0e-820e-efa4f7cbc6bb.xml.macaon	231	10	commerces	commerce	nc	nc	_	9	obj	_	_	I:Installing:FE:Component:G:235
e227f8b8-6950-4b0e-820e-efa4f7cbc6bb.xml.macaon	232	11	de	de	prep	prep	_	10	dep	_	_	I:Installing:FE:Component:G:235
e227f8b8-6950-4b0e-820e-efa4f7cbc6bb.xml.macaon	233	12	toutes	tout	det	det	_	13	det	_	_	I:Installing:FE:Component:G:235
e227f8b8-6950-4b0e-820e-efa4f7cbc6bb.xml.macaon	234	13	sortes	sorte	nc	nc	_	11	obj	_	_	I:Installing:FE:Component:G:235
e227f8b8-6950-4b0e-820e-efa4f7cbc6bb.xml.macaon	235	14	installés	installer	vppart	vppart	_	13	mod	_	_	B:Installing:TARGET:installer:G:235
e227f8b8-6950-4b0e-820e-efa4f7cbc6bb.xml.macaon	236	15	un#peu	un#peu	adv	adv	_	16	mod	_	_	B:Installing:FE:Place:G:235
e227f8b8-6950-4b0e-820e-efa4f7cbc6bb.xml.macaon	237	16	partout	partout	adv	adv	_	14	mod	_	_	I:Installing:FE:Place:G:235
e227f8b8-6950-4b0e-820e-efa4f7cbc6bb.xml.macaon	238	17	entre	entre	prep	prep	_	14	mod	_	_	I:Installing:FE:Place:G:235
e227f8b8-6950-4b0e-820e-efa4f7cbc6bb.xml.macaon	239	18	les	le	det	det	_	19	det	_	_	I:Installing:FE:Place:G:235
e227f8b8-6950-4b0e-820e-efa4f7cbc6bb.xml.macaon	240	19	monuments	monument	nc	nc	_	17	obj	_	_	I:Installing:FE:Place:G:235
e227f8b8-6950-4b0e-820e-efa4f7cbc6bb.xml.macaon	241	20	publics	public	adj	adj	_	19	mod	_	_	I:Installing:FE:Place:G:235
e227f8b8-6950-4b0e-820e-efa4f7cbc6bb.xml.macaon	242	21	,	,	ponctw	ponctw	_	14	ponct	_	_
e227f8b8-6950-4b0e-820e-efa4f7cbc6bb.xml.macaon	243	22	avec	avec	prep	prep	_	14	mod	_	_
e227f8b8-6950-4b0e-820e-efa4f7cbc6bb.xml.macaon	244	23	toute	tout	adj	adj	_	25	mod	_	_
e227f8b8-6950-4b0e-820e-efa4f7cbc6bb.xml.macaon	245	24	une	un	det	det	_	25	det	_	_
e227f8b8-6950-4b0e-820e-efa4f7cbc6bb.xml.macaon	246	25	foule	foule	nc	nc	_	22	obj	_	_
e227f8b8-6950-4b0e-820e-efa4f7cbc6bb.xml.macaon	247	26	de	de	prep	prep	_	25	dep	_	_
e227f8b8-6950-4b0e-820e-efa4f7cbc6bb.xml.macaon	248	27	marchands	marchand	nc	nc	_	26	obj	_	_
e227f8b8-6950-4b0e-820e-efa4f7cbc6bb.xml.macaon	249	28	,	,	ponctw	ponctw	_	27	ponct	_	_
e227f8b8-6950-4b0e-820e-efa4f7cbc6bb.xml.macaon	250	29	clients	client	nc	nc	_	27	mod	_	_
e227f8b8-6950-4b0e-820e-efa4f7cbc6bb.xml.macaon	251	30	et	et	coo	coo	_	27	coord	_	_
e227f8b8-6950-4b0e-820e-efa4f7cbc6bb.xml.macaon	252	31	badauds	badaud	nc	nc	_	30	dep_coord	_	_
e227f8b8-6950-4b0e-820e-efa4f7cbc6bb.xml.macaon	253	32	.	.	poncts	poncts	_	2	__JOKER__	_	_

e227f8b8-6950-4b0e-820e-efa4f7cbc6bb.xml.macaon	254	1	L'	L'	det	det	_	2	det	_	_
e227f8b8-6950-4b0e-820e-efa4f7cbc6bb.xml.macaon	255	2	Agora	Agora	np	np	_	5	__JOKER__	_	_
e227f8b8-6950-4b0e-820e-efa4f7cbc6bb.xml.macaon	256	3	s'	s'	clr	clr	_	5	aff	_	_
e227f8b8-6950-4b0e-820e-efa4f7cbc6bb.xml.macaon	257	4	est	être	v	v	_	5	aux_tps	_	_
e227f8b8-6950-4b0e-820e-efa4f7cbc6bb.xml.macaon	258	5	étendue	étendre	vppart	vppart	_	_	_	_	_
e227f8b8-6950-4b0e-820e-efa4f7cbc6bb.xml.macaon	259	6	vers	vers	prep	prep	_	5	mod	_	_
e227f8b8-6950-4b0e-820e-efa4f7cbc6bb.xml.macaon	260	7	l'	l'	nc	nc	_	6	obj	_	_
e227f8b8-6950-4b0e-820e-efa4f7cbc6bb.xml.macaon	261	8	est	être	v	v	_	7	mod_rel	_	_
e227f8b8-6950-4b0e-820e-efa4f7cbc6bb.xml.macaon	262	9	,	,	ponctw	ponctw	_	8	ponct	_	_
e227f8b8-6950-4b0e-820e-efa4f7cbc6bb.xml.macaon	263	10	durant	durant	prep	prep	_	8	mod	_	_
e227f8b8-6950-4b0e-820e-efa4f7cbc6bb.xml.macaon	264	11	la	le	det	det	_	12	det	_	_
e227f8b8-6950-4b0e-820e-efa4f7cbc6bb.xml.macaon	265	12	période	période	nc	nc	_	10	obj	_	_
e227f8b8-6950-4b0e-820e-efa4f7cbc6bb.xml.macaon	266	13	hellénistique	hellénistique	adj	adj	_	12	mod	_	_
e227f8b8-6950-4b0e-820e-efa4f7cbc6bb.xml.macaon	267	14	,	,	ponctw	ponctw	_	12	ponct	_	_
e227f8b8-6950-4b0e-820e-efa4f7cbc6bb.xml.macaon	268	15	avec	avec	prep	prep	_	8	mod	_	_
e227f8b8-6950-4b0e-820e-efa4f7cbc6bb.xml.macaon	269	16	l'	le	det	det	_	18	det	_	_
e227f8b8-6950-4b0e-820e-efa4f7cbc6bb.xml.macaon	270	17	immense	immense	adj	adj	_	18	mod	_	_
e227f8b8-6950-4b0e-820e-efa4f7cbc6bb.xml.macaon	271	18	portique	portique	nc	nc	_	15	obj	_	_
e227f8b8-6950-4b0e-820e-efa4f7cbc6bb.xml.macaon	272	19	ou	ou	coo	coo	_	18	coord	_	_
e227f8b8-6950-4b0e-820e-efa4f7cbc6bb.xml.macaon	273	20	stoa	stoa	etr	etr	_	22	dep	_	_
e227f8b8-6950-4b0e-820e-efa4f7cbc6bb.xml.macaon	274	21	d'	d'	etr	etr	_	22	dep	_	_
e227f8b8-6950-4b0e-820e-efa4f7cbc6bb.xml.macaon	275	22	Attale	Attale	etr	etr	_	18	dep	_	_
e227f8b8-6950-4b0e-820e-efa4f7cbc6bb.xml.macaon	276	23	(	(	ponctw	ponctw	_	18	ponct	_	_
e227f8b8-6950-4b0e-820e-efa4f7cbc6bb.xml.macaon	277	24	Attale	Attale	np	np	_	18	mod	_	_
e227f8b8-6950-4b0e-820e-efa4f7cbc6bb.xml.macaon	278	25	était	être	v	v	_	18	mod_rel	_	_
e227f8b8-6950-4b0e-820e-efa4f7cbc6bb.xml.macaon	279	26	roi	roi	nc	nc	_	25	ats	_	_
e227f8b8-6950-4b0e-820e-efa4f7cbc6bb.xml.macaon	280	27	de	de	prep	prep	_	26	dep	_	_
e227f8b8-6950-4b0e-820e-efa4f7cbc6bb.xml.macaon	281	28	Pergame	Pergame	np	np	_	27	obj	_	_
e227f8b8-6950-4b0e-820e-efa4f7cbc6bb.xml.macaon	282	29	)	)	ponctw	ponctw	_	26	ponct	_	_
e227f8b8-6950-4b0e-820e-efa4f7cbc6bb.xml.macaon	283	30	,	,	ponctw	ponctw	_	26	ponct	_	_
e227f8b8-6950-4b0e-820e-efa4f7cbc6bb.xml.macaon	284	31	reconstitué	reconstituer	vppart	vppart	_	26	mod	_	_
e227f8b8-6950-4b0e-820e-efa4f7cbc6bb.xml.macaon	285	32	dans	dans	prep	prep	_	31	mod	_	_
e227f8b8-6950-4b0e-820e-efa4f7cbc6bb.xml.macaon	286	33	les	le	det	det	_	34	det	_	_
e227f8b8-6950-4b0e-820e-efa4f7cbc6bb.xml.macaon	287	34	années	année	nc	nc	_	32	obj	_	_
e227f8b8-6950-4b0e-820e-efa4f7cbc6bb.xml.macaon	288	35	1950	1950	adj	adj	_	34	mod	_	_
e227f8b8-6950-4b0e-820e-efa4f7cbc6bb.xml.macaon	289	36	,	,	ponctw	ponctw	_	38	ponct	_	_
e227f8b8-6950-4b0e-820e-efa4f7cbc6bb.xml.macaon	290	37	qui	qui	prorel	prorel	_	38	suj	_	_
e227f8b8-6950-4b0e-820e-efa4f7cbc6bb.xml.macaon	291	38	abrite	abriter	v	v	_	34	mod_rel	_	_
e227f8b8-6950-4b0e-820e-efa4f7cbc6bb.xml.macaon	292	39	le	le	det	det	_	40	det	_	_
e227f8b8-6950-4b0e-820e-efa4f7cbc6bb.xml.macaon	293	40	musée	musée	nc	nc	_	38	obj	_	_
e227f8b8-6950-4b0e-820e-efa4f7cbc6bb.xml.macaon	294	41	de#l'	de#l'	prep	prep	_	40	dep	_	_
e227f8b8-6950-4b0e-820e-efa4f7cbc6bb.xml.macaon	295	42	Agora	Agora	np	np	_	41	obj	_	_
e227f8b8-6950-4b0e-820e-efa4f7cbc6bb.xml.macaon	296	43	antique	antique	adj	adj	_	42	mod	_	_
e227f8b8-6950-4b0e-820e-efa4f7cbc6bb.xml.macaon	297	44	d'	de	prep	prep	_	40	dep	_	_
e227f8b8-6950-4b0e-820e-efa4f7cbc6bb.xml.macaon	298	45	Athènes	Athènes	np	np	_	44	obj	_	_
e227f8b8-6950-4b0e-820e-efa4f7cbc6bb.xml.macaon	299	46	.	.	poncts	poncts	_	8	ponct	_	_

e227f8b8-6950-4b0e-820e-efa4f7cbc6bb.xml.macaon	300	1	Puis	puis	coo	coo	_	_	_	_	_
e227f8b8-6950-4b0e-820e-efa4f7cbc6bb.xml.macaon	301	2	une	un	det	det	_	3	det	_	_	B:Creating:FE:Created_entity:G:306
e227f8b8-6950-4b0e-820e-efa4f7cbc6bb.xml.macaon	302	3	agora	agora	nc	nc	_	12	suj	_	_	I:Creating:FE:Created_entity:G:306
e227f8b8-6950-4b0e-820e-efa4f7cbc6bb.xml.macaon	303	4	romaine	romain	adj	adj	_	3	mod	_	_	I:Creating:FE:Created_entity:G:306
e227f8b8-6950-4b0e-820e-efa4f7cbc6bb.xml.macaon	304	5	a	avoir	v	v	_	7	aux_tps	_	_
e227f8b8-6950-4b0e-820e-efa4f7cbc6bb.xml.macaon	305	6	été	être	vppart	vppart	_	7	aux_pass	_	_
e227f8b8-6950-4b0e-820e-efa4f7cbc6bb.xml.macaon	306	7	créée	créer	vppart	vppart	_	3	mod	_	_	B:Creating:TARGET:créer:G:306
e227f8b8-6950-4b0e-820e-efa4f7cbc6bb.xml.macaon	307	8	encore	encore	adv	adv	_	9	mod	_	_
e227f8b8-6950-4b0e-820e-efa4f7cbc6bb.xml.macaon	308	9	plus	plus	adv	adv	_	7	mod	_	_
e227f8b8-6950-4b0e-820e-efa4f7cbc6bb.xml.macaon	309	10	à	à	prep	prep	_	12	mod	_	_	B:Creating:FE:Place:G:306
e227f8b8-6950-4b0e-820e-efa4f7cbc6bb.xml.macaon	310	11	l'	l'	clo	clo	_	12	__JOKER__	_	_	I:Creating:FE:Place:G:306
e227f8b8-6950-4b0e-820e-efa4f7cbc6bb.xml.macaon	311	12	est	être	v	v	_	1	dep_coord	_	_	I:Creating:FE:Place:G:306
e227f8b8-6950-4b0e-820e-efa4f7cbc6bb.xml.macaon	312	13	,	,	ponctw	ponctw	_	12	ponct	_	_
e227f8b8-6950-4b0e-820e-efa4f7cbc6bb.xml.macaon	313	14	dont	dont	prorel	prorel	_	16	__JOKER__	_	_
e227f8b8-6950-4b0e-820e-efa4f7cbc6bb.xml.macaon	314	15	il	il	cln	cln	_	16	suj	_	_
e227f8b8-6950-4b0e-820e-efa4f7cbc6bb.xml.macaon	315	16	reste	rester	v	v	_	12	mod	_	_
e227f8b8-6950-4b0e-820e-efa4f7cbc6bb.xml.macaon	316	17	une	un	det	det	_	18	det	_	_
e227f8b8-6950-4b0e-820e-efa4f7cbc6bb.xml.macaon	317	18	porte	porte	nc	nc	_	16	obj	_	_
e227f8b8-6950-4b0e-820e-efa4f7cbc6bb.xml.macaon	318	19	monumentale	monumental	adj	adj	_	18	mod	_	_
e227f8b8-6950-4b0e-820e-efa4f7cbc6bb.xml.macaon	319	20	et	et	coo	coo	_	18	coord	_	_
e227f8b8-6950-4b0e-820e-efa4f7cbc6bb.xml.macaon	320	21	les	le	det	det	_	22	det	_	_
e227f8b8-6950-4b0e-820e-efa4f7cbc6bb.xml.macaon	321	22	vestiges	vestige	nc	nc	_	20	dep_coord	_	_
e227f8b8-6950-4b0e-820e-efa4f7cbc6bb.xml.macaon	322	23	d'	de	prep	prep	_	22	dep	_	_
e227f8b8-6950-4b0e-820e-efa4f7cbc6bb.xml.macaon	323	24	une	un	det	det	_	25	det	_	_	B:Buildings:FE:Created_entity:G:325
e227f8b8-6950-4b0e-820e-efa4f7cbc6bb.xml.macaon	324	25	bibliothèque	bibliothèque	nc	nc	_	23	obj	_	_	I:Buildings:FE:Created_entity:G:325
e227f8b8-6950-4b0e-820e-efa4f7cbc6bb.xml.macaon	325	26	construite	construire	vppart	vppart	_	25	mod	_	_	B:Buildings:TARGET:construire:G:325
e227f8b8-6950-4b0e-820e-efa4f7cbc6bb.xml.macaon	326	27	par	par	prep	prep	_	26	p_obj	_	_
e227f8b8-6950-4b0e-820e-efa4f7cbc6bb.xml.macaon	327	28	l'	le	det	det	_	29	det	_	_	B:Buildings:FE:Agent:G:325
e227f8b8-6950-4b0e-820e-efa4f7cbc6bb.xml.macaon	328	29	empereur	empereur	nc	nc	_	27	obj	_	_	I:Buildings:FE:Agent:G:325
e227f8b8-6950-4b0e-820e-efa4f7cbc6bb.xml.macaon	329	30	Hadrien	Hadrien	np	np	_	29	mod	_	_	I:Buildings:FE:Agent:G:325
e227f8b8-6950-4b0e-820e-efa4f7cbc6bb.xml.macaon	330	31	.	.	poncts	poncts	_	12	ponct	_	_

e227f8b8-6950-4b0e-820e-efa4f7cbc6bb.xml.macaon	331	1	Au	au	prep	prep	_	4	mod	_	_
e227f8b8-6950-4b0e-820e-efa4f7cbc6bb.xml.macaon	332	2	fond	fond	nc	nc	_	1	obj	_	_
e227f8b8-6950-4b0e-820e-efa4f7cbc6bb.xml.macaon	333	3	se	se	clr	clr	_	4	aff	_	_
e227f8b8-6950-4b0e-820e-efa4f7cbc6bb.xml.macaon	334	4	dresse	dresser	v	v	_	_	_	_	_
e227f8b8-6950-4b0e-820e-efa4f7cbc6bb.xml.macaon	335	5	la	le	det	det	_	8	det	_	_
e227f8b8-6950-4b0e-820e-efa4f7cbc6bb.xml.macaon	336	6	très	très	adv	adv	_	7	mod	_	_
e227f8b8-6950-4b0e-820e-efa4f7cbc6bb.xml.macaon	337	7	élégante	élégant	adj	adj	_	8	mod	_	_
e227f8b8-6950-4b0e-820e-efa4f7cbc6bb.xml.macaon	338	8	tour	tour	nc	nc	_	4	obj	_	_
e227f8b8-6950-4b0e-820e-efa4f7cbc6bb.xml.macaon	339	9	des	des	prep	prep	_	8	dep	_	_
e227f8b8-6950-4b0e-820e-efa4f7cbc6bb.xml.macaon	340	10	Vents	vent	nc	nc	_	9	obj	_	_
e227f8b8-6950-4b0e-820e-efa4f7cbc6bb.xml.macaon	341	11	,	,	ponctw	ponctw	_	8	ponct	_	_
e227f8b8-6950-4b0e-820e-efa4f7cbc6bb.xml.macaon	342	12	qui	qui	prorel	prorel	_	13	suj	_	_
e227f8b8-6950-4b0e-820e-efa4f7cbc6bb.xml.macaon	343	13	était	être	v	v	_	8	mod_rel	_	_
e227f8b8-6950-4b0e-820e-efa4f7cbc6bb.xml.macaon	344	14	une	un	det	det	_	15	det	_	_
e227f8b8-6950-4b0e-820e-efa4f7cbc6bb.xml.macaon	345	15	horloge	horloge	nc	nc	_	13	ats	_	_
e227f8b8-6950-4b0e-820e-efa4f7cbc6bb.xml.macaon	346	16	à	à	prep	prep	_	15	dep	_	_
e227f8b8-6950-4b0e-820e-efa4f7cbc6bb.xml.macaon	347	17	eau	eau	nc	nc	_	16	obj	_	_
e227f8b8-6950-4b0e-820e-efa4f7cbc6bb.xml.macaon	348	18	(	(	ponctw	ponctw	_	17	ponct	_	_
e227f8b8-6950-4b0e-820e-efa4f7cbc6bb.xml.macaon	349	19	clepsydre	clepsydre	nc	nc	_	17	mod	_	_
e227f8b8-6950-4b0e-820e-efa4f7cbc6bb.xml.macaon	350	20	)	)	ponctw	ponctw	_	15	ponct	_	_
e227f8b8-6950-4b0e-820e-efa4f7cbc6bb.xml.macaon	351	21	,	,	ponctw	ponctw	_	15	ponct	_	_
e227f8b8-6950-4b0e-820e-efa4f7cbc6bb.xml.macaon	352	22	ornée	orner	vppart	vppart	_	15	mod	_	_
e227f8b8-6950-4b0e-820e-efa4f7cbc6bb.xml.macaon	353	23	de	de	prep	prep	_	15	dep	_	_
e227f8b8-6950-4b0e-820e-efa4f7cbc6bb.xml.macaon	354	24	figures	figure	nc	nc	_	23	obj	_	_
e227f8b8-6950-4b0e-820e-efa4f7cbc6bb.xml.macaon	355	25	représentant	représenter	vprespart	vprespart	_	24	__JOKER__	_	_
e227f8b8-6950-4b0e-820e-efa4f7cbc6bb.xml.macaon	356	26	huit	huit	det	det	_	27	det	_	_
e227f8b8-6950-4b0e-820e-efa4f7cbc6bb.xml.macaon	357	27	vents	vent	nc	nc	_	25	__JOKER__	_	_
e227f8b8-6950-4b0e-820e-efa4f7cbc6bb.xml.macaon	358	28	en#bas	en#bas	adv	adv	_	27	mod	_	_
e227f8b8-6950-4b0e-820e-efa4f7cbc6bb.xml.macaon	359	29	-	-	ponctw	ponctw	_	27	ponct	_	_
e227f8b8-6950-4b0e-820e-efa4f7cbc6bb.xml.macaon	360	30	reliefs	relief	nc	nc	_	25	obj	_	_
e227f8b8-6950-4b0e-820e-efa4f7cbc6bb.xml.macaon	361	31	.	.	poncts	poncts	_	4	ponct	_	_

e227f8b8-6950-4b0e-820e-efa4f7cbc6bb.xml.macaon	362	1	37	37	det	det	_	2	det	_	_
e227f8b8-6950-4b0e-820e-efa4f7cbc6bb.xml.macaon	363	2	°	degré	nc	nc	_	_	_	_	_
e227f8b8-6950-4b0e-820e-efa4f7cbc6bb.xml.macaon	364	3	58	58	adj	adj	_	2	mod	_	_
e227f8b8-6950-4b0e-820e-efa4f7cbc6bb.xml.macaon	365	4	′	′	prep	prep	_	2	dep	_	_
e227f8b8-6950-4b0e-820e-efa4f7cbc6bb.xml.macaon	366	5	30	30	det	det	_	6	det	_	_
e227f8b8-6950-4b0e-820e-efa4f7cbc6bb.xml.macaon	367	6	″	″	nc	nc	_	4	obj	_	_
e227f8b8-6950-4b0e-820e-efa4f7cbc6bb.xml.macaon	368	7	N	N	prep	prep	_	6	dep	_	_
e227f8b8-6950-4b0e-820e-efa4f7cbc6bb.xml.macaon	369	8	23	23	det	det	_	9	det	_	_
e227f8b8-6950-4b0e-820e-efa4f7cbc6bb.xml.macaon	370	9	°	degré	nc	nc	_	7	obj	_	_
e227f8b8-6950-4b0e-820e-efa4f7cbc6bb.xml.macaon	371	10	43	43	adj	adj	_	9	mod	_	_
e227f8b8-6950-4b0e-820e-efa4f7cbc6bb.xml.macaon	372	11	′	′	prep	prep	_	9	dep	_	_
e227f8b8-6950-4b0e-820e-efa4f7cbc6bb.xml.macaon	373	12	21	21	det	det	_	13	det	_	_
e227f8b8-6950-4b0e-820e-efa4f7cbc6bb.xml.macaon	374	13	″	″	nc	nc	_	11	obj	_	_
e227f8b8-6950-4b0e-820e-efa4f7cbc6bb.xml.macaon	375	14	E	E	adj	adj	_	13	mod	_	_
e227f8b8-6950-4b0e-820e-efa4f7cbc6bb.xml.macaon	376	15	/	/	ponctw	ponctw	_	13	ponct	_	_
e227f8b8-6950-4b0e-820e-efa4f7cbc6bb.xml.macaon	377	16	37.975	37.975	nc	nc	_	13	mod	_	_
e227f8b8-6950-4b0e-820e-efa4f7cbc6bb.xml.macaon	378	17	,	,	ponctw	ponctw	_	16	ponct	_	_
e227f8b8-6950-4b0e-820e-efa4f7cbc6bb.xml.macaon	379	18	23.7225	23.7225	nc	nc	_	16	mod	_	_
