e2c0e81f-ef96-4e66-9445-208601b54515.xml.macaon	0	1	vikidia	vikidia	nc	nc	_	_	_	_	_

e2c0e81f-ef96-4e66-9445-208601b54515.xml.macaon	1	1	e2c0e81f	e2c0e81f	adj	adj	_	3	mod	_	_
e2c0e81f-ef96-4e66-9445-208601b54515.xml.macaon	2	2	-	-	ponctw	ponctw	_	1	ponct	_	_
e2c0e81f-ef96-4e66-9445-208601b54515.xml.macaon	3	3	ef96	ef96	nc	nc	_	_	_	_	_
e2c0e81f-ef96-4e66-9445-208601b54515.xml.macaon	4	4	-	-	ponctw	ponctw	_	3	ponct	_	_
e2c0e81f-ef96-4e66-9445-208601b54515.xml.macaon	5	5	4e66	4e66	nc	nc	_	3	mod	_	_
e2c0e81f-ef96-4e66-9445-208601b54515.xml.macaon	6	6	-	-	ponctw	ponctw	_	5	ponct	_	_
e2c0e81f-ef96-4e66-9445-208601b54515.xml.macaon	7	7	9445	9445	adj	adj	_	5	mod	_	_
e2c0e81f-ef96-4e66-9445-208601b54515.xml.macaon	8	8	-	-	ponctw	ponctw	_	5	ponct	_	_
e2c0e81f-ef96-4e66-9445-208601b54515.xml.macaon	9	9	208601b54515	208601b54515	nc	nc	_	5	mod	_	_

e2c0e81f-ef96-4e66-9445-208601b54515.xml.macaon	10	1	ADDED	ADDED	nc	nc	_	_	_	_	_

e2c0e81f-ef96-4e66-9445-208601b54515.xml.macaon	11	1	2016	2016	adj	adj	_	3	mod	_	_
e2c0e81f-ef96-4e66-9445-208601b54515.xml.macaon	12	2	-	-	ponctw	ponctw	_	1	ponct	_	_
e2c0e81f-ef96-4e66-9445-208601b54515.xml.macaon	13	3	06	06	nc	nc	_	_	_	_	_
e2c0e81f-ef96-4e66-9445-208601b54515.xml.macaon	14	4	-	-	ponctw	ponctw	_	3	ponct	_	_
e2c0e81f-ef96-4e66-9445-208601b54515.xml.macaon	15	5	15T14	15T14	nc	nc	_	3	mod	_	_
e2c0e81f-ef96-4e66-9445-208601b54515.xml.macaon	16	6	:	:	ponctw	ponctw	_	5	ponct	_	_
e2c0e81f-ef96-4e66-9445-208601b54515.xml.macaon	17	7	52	52	det	det	_	9	det	_	_
e2c0e81f-ef96-4e66-9445-208601b54515.xml.macaon	18	8	:	:	ponctw	ponctw	_	9	ponct	_	_
e2c0e81f-ef96-4e66-9445-208601b54515.xml.macaon	19	9	52Z	52Z	nc	nc	_	5	mod	_	_

e2c0e81f-ef96-4e66-9445-208601b54515.xml.macaon	20	1	Dacie	Dacie	np	np	_	_	_	_	_

e2c0e81f-ef96-4e66-9445-208601b54515.xml.macaon	21	1	La	la	det	det	_	2	det	_	_
e2c0e81f-ef96-4e66-9445-208601b54515.xml.macaon	22	2	Dacie	Dacie	np	np	_	3	__JOKER__	_	_
e2c0e81f-ef96-4e66-9445-208601b54515.xml.macaon	23	3	est	être	v	v	_	_	_	_	_
e2c0e81f-ef96-4e66-9445-208601b54515.xml.macaon	24	4	une	un	det	det	_	6	det	_	_
e2c0e81f-ef96-4e66-9445-208601b54515.xml.macaon	25	5	ancienne	ancien	adj	adj	_	6	mod	_	_
e2c0e81f-ef96-4e66-9445-208601b54515.xml.macaon	26	6	région	région	nc	nc	_	3	obj	_	_
e2c0e81f-ef96-4e66-9445-208601b54515.xml.macaon	27	7	d'	de	prep	prep	_	6	dep	_	_
e2c0e81f-ef96-4e66-9445-208601b54515.xml.macaon	28	8	Europe	Europe	np	np	_	7	obj	_	_
e2c0e81f-ef96-4e66-9445-208601b54515.xml.macaon	29	9	du	du	prep	prep	_	6	dep	_	_
e2c0e81f-ef96-4e66-9445-208601b54515.xml.macaon	30	10	sud-est	sud-est	nc	nc	_	9	obj	_	_
e2c0e81f-ef96-4e66-9445-208601b54515.xml.macaon	31	11	,	,	ponctw	ponctw	_	6	ponct	_	_
e2c0e81f-ef96-4e66-9445-208601b54515.xml.macaon	32	12	habitée	habiter	vppart	vppart	_	6	mod	_	_
e2c0e81f-ef96-4e66-9445-208601b54515.xml.macaon	33	13	par	par	prep	prep	_	12	p_obj	_	_
e2c0e81f-ef96-4e66-9445-208601b54515.xml.macaon	34	14	les	le	det	det	_	15	det	_	_
e2c0e81f-ef96-4e66-9445-208601b54515.xml.macaon	35	15	Daces	Daces	nc	nc	_	13	obj	_	_
e2c0e81f-ef96-4e66-9445-208601b54515.xml.macaon	36	16	ou	ou	coo	coo	_	12	coord	_	_
e2c0e81f-ef96-4e66-9445-208601b54515.xml.macaon	37	17	Gètes	Gètes	nc	nc	_	16	dep_coord	_	_
e2c0e81f-ef96-4e66-9445-208601b54515.xml.macaon	38	18	,	,	ponctw	ponctw	_	17	ponct	_	_
e2c0e81f-ef96-4e66-9445-208601b54515.xml.macaon	39	19	un	un	det	det	_	20	det	_	_
e2c0e81f-ef96-4e66-9445-208601b54515.xml.macaon	40	20	peuple	peuple	nc	nc	_	17	mod	_	_
e2c0e81f-ef96-4e66-9445-208601b54515.xml.macaon	41	21	d'origine	d'origine	adj	adj	_	20	mod	_	_
e2c0e81f-ef96-4e66-9445-208601b54515.xml.macaon	42	22	thrace	thrace	nc	nc	_	20	mod	_	_
e2c0e81f-ef96-4e66-9445-208601b54515.xml.macaon	43	23	.	.	poncts	poncts	_	3	ponct	_	_

e2c0e81f-ef96-4e66-9445-208601b54515.xml.macaon	44	1	Antiquité	antiquité	nc	nc	_	_	_	_	_

e2c0e81f-ef96-4e66-9445-208601b54515.xml.macaon	45	1	Dacie	Dacie	np	np	_	_	_	_	_

e2c0e81f-ef96-4e66-9445-208601b54515.xml.macaon	46	1	La	la	det	det	_	2	det	_	_
e2c0e81f-ef96-4e66-9445-208601b54515.xml.macaon	47	2	Dacie	Dacie	np	np	_	3	__JOKER__	_	_
e2c0e81f-ef96-4e66-9445-208601b54515.xml.macaon	48	3	est	être	v	v	_	_	_	_	_
e2c0e81f-ef96-4e66-9445-208601b54515.xml.macaon	49	4	une	un	det	det	_	6	det	_	_
e2c0e81f-ef96-4e66-9445-208601b54515.xml.macaon	50	5	ancienne	ancien	adj	adj	_	6	mod	_	_
e2c0e81f-ef96-4e66-9445-208601b54515.xml.macaon	51	6	région	région	nc	nc	_	3	obj	_	_
e2c0e81f-ef96-4e66-9445-208601b54515.xml.macaon	52	7	d'	de	prep	prep	_	6	dep	_	_
e2c0e81f-ef96-4e66-9445-208601b54515.xml.macaon	53	8	Europe	Europe	np	np	_	7	obj	_	_
e2c0e81f-ef96-4e66-9445-208601b54515.xml.macaon	54	9	du	du	prep	prep	_	6	dep	_	_
e2c0e81f-ef96-4e66-9445-208601b54515.xml.macaon	55	10	sud-est	sud-est	nc	nc	_	9	obj	_	_
e2c0e81f-ef96-4e66-9445-208601b54515.xml.macaon	56	11	,	,	ponctw	ponctw	_	6	ponct	_	_
e2c0e81f-ef96-4e66-9445-208601b54515.xml.macaon	57	12	habitée	habiter	vppart	vppart	_	6	mod	_	_
e2c0e81f-ef96-4e66-9445-208601b54515.xml.macaon	58	13	par	par	prep	prep	_	12	p_obj	_	_
e2c0e81f-ef96-4e66-9445-208601b54515.xml.macaon	59	14	les	le	det	det	_	15	det	_	_
e2c0e81f-ef96-4e66-9445-208601b54515.xml.macaon	60	15	Daces	Daces	nc	nc	_	13	obj	_	_
e2c0e81f-ef96-4e66-9445-208601b54515.xml.macaon	61	16	ou	ou	coo	coo	_	12	coord	_	_
e2c0e81f-ef96-4e66-9445-208601b54515.xml.macaon	62	17	Gètes	Gètes	nc	nc	_	16	dep_coord	_	_
e2c0e81f-ef96-4e66-9445-208601b54515.xml.macaon	63	18	,	,	ponctw	ponctw	_	17	ponct	_	_
e2c0e81f-ef96-4e66-9445-208601b54515.xml.macaon	64	19	un	un	det	det	_	20	det	_	_
e2c0e81f-ef96-4e66-9445-208601b54515.xml.macaon	65	20	peuple	peuple	nc	nc	_	17	mod	_	_
e2c0e81f-ef96-4e66-9445-208601b54515.xml.macaon	66	21	d'origine	d'origine	adj	adj	_	20	mod	_	_
e2c0e81f-ef96-4e66-9445-208601b54515.xml.macaon	67	22	thrace	thrace	nc	nc	_	20	mod	_	_
e2c0e81f-ef96-4e66-9445-208601b54515.xml.macaon	68	23	.	.	poncts	poncts	_	3	ponct	_	_

e2c0e81f-ef96-4e66-9445-208601b54515.xml.macaon	69	1	Histoire	histoire	nc	nc	_	_	_	_	_

e2c0e81f-ef96-4e66-9445-208601b54515.xml.macaon	70	1	La	la	det	det	_	2	det	_	_
e2c0e81f-ef96-4e66-9445-208601b54515.xml.macaon	71	2	Dacie	Dacie	np	np	_	3	suj	_	_
e2c0e81f-ef96-4e66-9445-208601b54515.xml.macaon	72	3	correspondait	correspondre	v	v	_	_	_	_	_
e2c0e81f-ef96-4e66-9445-208601b54515.xml.macaon	73	4	plus#ou#moins	plus#ou#moins	adv	adv	_	3	mod	_	_
e2c0e81f-ef96-4e66-9445-208601b54515.xml.macaon	74	5	à	à	prep	prep	_	3	a_obj	_	_
e2c0e81f-ef96-4e66-9445-208601b54515.xml.macaon	75	6	l'	le	det	det	_	8	det	_	_
e2c0e81f-ef96-4e66-9445-208601b54515.xml.macaon	76	7	actuelle	actuel	adj	adj	_	8	mod	_	_
e2c0e81f-ef96-4e66-9445-208601b54515.xml.macaon	77	8	Roumanie	Roumanie	np	np	_	5	obj	_	_
e2c0e81f-ef96-4e66-9445-208601b54515.xml.macaon	78	9	et	et	coo	coo	_	5	coord	_	_
e2c0e81f-ef96-4e66-9445-208601b54515.xml.macaon	79	10	à	à	prep	prep	_	9	dep_coord	_	_
e2c0e81f-ef96-4e66-9445-208601b54515.xml.macaon	80	11	une	un	det	det	_	12	det	_	_
e2c0e81f-ef96-4e66-9445-208601b54515.xml.macaon	81	12	partie	partie	nc	nc	_	10	obj	_	_
e2c0e81f-ef96-4e66-9445-208601b54515.xml.macaon	82	13	de	de	prep	prep	_	12	dep	_	_
e2c0e81f-ef96-4e66-9445-208601b54515.xml.macaon	83	14	la	le	det	det	_	15	det	_	_
e2c0e81f-ef96-4e66-9445-208601b54515.xml.macaon	84	15	Hongrie	Hongrie	np	np	_	13	obj	_	_
e2c0e81f-ef96-4e66-9445-208601b54515.xml.macaon	85	16	,	,	ponctw	ponctw	_	12	ponct	_	_
e2c0e81f-ef96-4e66-9445-208601b54515.xml.macaon	86	17	s'	s'	prep	prep	_	12	dep	_	_
e2c0e81f-ef96-4e66-9445-208601b54515.xml.macaon	87	18	étendant	étendre	vprespart	vprespart	_	17	__JOKER__	_	_
e2c0e81f-ef96-4e66-9445-208601b54515.xml.macaon	88	19	des	un	det	det	_	20	det	_	_
e2c0e81f-ef96-4e66-9445-208601b54515.xml.macaon	89	20	Carpates	Carpates	nc	nc	_	17	obj	_	_
e2c0e81f-ef96-4e66-9445-208601b54515.xml.macaon	90	21	au	au	prep	prep	_	20	dep	_	_
e2c0e81f-ef96-4e66-9445-208601b54515.xml.macaon	91	22	nord	nord	nc	nc	_	21	obj	_	_
e2c0e81f-ef96-4e66-9445-208601b54515.xml.macaon	92	23	jusqu'	jusque	prep	prep	_	22	dep	_	_
e2c0e81f-ef96-4e66-9445-208601b54515.xml.macaon	93	24	au	au	prep	prep	_	23	obj	_	_
e2c0e81f-ef96-4e66-9445-208601b54515.xml.macaon	94	25	Danube	Danube	np	np	_	24	obj	_	_
e2c0e81f-ef96-4e66-9445-208601b54515.xml.macaon	95	26	au	au	prep	prep	_	23	obj	_	_
e2c0e81f-ef96-4e66-9445-208601b54515.xml.macaon	96	27	sud	sud	np	np	_	26	obj	_	_
e2c0e81f-ef96-4e66-9445-208601b54515.xml.macaon	97	28	et	et	coo	coo	_	21	coord	_	_
e2c0e81f-ef96-4e66-9445-208601b54515.xml.macaon	98	29	du	du	prep	prep	_	28	dep_coord	_	_
e2c0e81f-ef96-4e66-9445-208601b54515.xml.macaon	99	30	Dniestr	Dniestr	np	np	_	29	obj	_	_
e2c0e81f-ef96-4e66-9445-208601b54515.xml.macaon	100	31	à	à	prep	prep	_	33	mod	_	_
e2c0e81f-ef96-4e66-9445-208601b54515.xml.macaon	101	32	l'	l'	clo	clo	_	33	__JOKER__	_	_
e2c0e81f-ef96-4e66-9445-208601b54515.xml.macaon	102	33	est	être	v	v	_	28	dep_coord	_	_
e2c0e81f-ef96-4e66-9445-208601b54515.xml.macaon	103	34	jusqu'à	jusqu'à	prep	prep	_	33	mod	_	_
e2c0e81f-ef96-4e66-9445-208601b54515.xml.macaon	104	35	la	le	det	det	_	36	det	_	_
e2c0e81f-ef96-4e66-9445-208601b54515.xml.macaon	105	36	Tisza	Tisza	np	np	_	34	obj	_	_
e2c0e81f-ef96-4e66-9445-208601b54515.xml.macaon	106	37	à	à	prep	prep	_	34	obj	_	_
e2c0e81f-ef96-4e66-9445-208601b54515.xml.macaon	107	38	l'	le	det	det	_	39	det	_	_
e2c0e81f-ef96-4e66-9445-208601b54515.xml.macaon	108	39	ouest	ouest	nc	nc	_	37	obj	_	_
e2c0e81f-ef96-4e66-9445-208601b54515.xml.macaon	109	40	.	.	poncts	poncts	_	3	ponct	_	_

e2c0e81f-ef96-4e66-9445-208601b54515.xml.macaon	110	1	Un	un	det	det	_	2	det	_	_
e2c0e81f-ef96-4e66-9445-208601b54515.xml.macaon	111	2	royaume	royaume	nc	nc	_	6	suj	_	_
e2c0e81f-ef96-4e66-9445-208601b54515.xml.macaon	112	3	de	de	prep	prep	_	2	dep	_	_
e2c0e81f-ef96-4e66-9445-208601b54515.xml.macaon	113	4	Dacie	Dacie	np	np	_	3	obj	_	_
e2c0e81f-ef96-4e66-9445-208601b54515.xml.macaon	114	5	est	être	v	v	_	6	aux_tps	_	_
e2c0e81f-ef96-4e66-9445-208601b54515.xml.macaon	115	6	attesté	attester	vppart	vppart	_	_	_	_	_
e2c0e81f-ef96-4e66-9445-208601b54515.xml.macaon	116	7	dès	dès	prep	prep	_	6	mod	_	_
e2c0e81f-ef96-4e66-9445-208601b54515.xml.macaon	117	8	le	le	det	det	_	10	det	_	_
e2c0e81f-ef96-4e66-9445-208601b54515.xml.macaon	118	9	IIe	IIe	adj	adj	_	10	mod	_	_
e2c0e81f-ef96-4e66-9445-208601b54515.xml.macaon	119	10	siècle	siècle	nc	nc	_	7	obj	_	_
e2c0e81f-ef96-4e66-9445-208601b54515.xml.macaon	120	11	av.	av.	nc	nc	_	10	mod	_	_

e2c0e81f-ef96-4e66-9445-208601b54515.xml.macaon	121	1	J.-C.	Jésus-Christ	np	np	_	_	_	_	_
e2c0e81f-ef96-4e66-9445-208601b54515.xml.macaon	122	2	Sous	Sous	np	np	_	1	mod	_	_
e2c0e81f-ef96-4e66-9445-208601b54515.xml.macaon	123	3	Octave	Octave	np	np	_	2	mod	_	_
e2c0e81f-ef96-4e66-9445-208601b54515.xml.macaon	124	4	Auguste	Auguste	np	np	_	3	mod	_	_
e2c0e81f-ef96-4e66-9445-208601b54515.xml.macaon	125	5	,	,	ponctw	ponctw	_	4	ponct	_	_
e2c0e81f-ef96-4e66-9445-208601b54515.xml.macaon	126	6	les	le	det	det	_	7	det	_	_	B:Activity_start:FE:Agent:G:133
e2c0e81f-ef96-4e66-9445-208601b54515.xml.macaon	127	7	Daces	Daces	nc	nc	_	1	mod	_	_	I:Activity_start:FE:Agent:G:133
e2c0e81f-ef96-4e66-9445-208601b54515.xml.macaon	128	8	,	,	ponctw	ponctw	_	7	ponct	_	_	I:Activity_start:FE:Agent:G:133
e2c0e81f-ef96-4e66-9445-208601b54515.xml.macaon	129	9	de	de	prep	prep	_	7	dep	_	_	I:Activity_start:FE:Agent:G:133
e2c0e81f-ef96-4e66-9445-208601b54515.xml.macaon	130	10	redoutables	redoutable	adj	adj	_	11	mod	_	_	I:Activity_start:FE:Agent:G:133
e2c0e81f-ef96-4e66-9445-208601b54515.xml.macaon	131	11	guerriers	guerrier	nc	nc	_	9	obj	_	_	I:Activity_start:FE:Agent:G:133
e2c0e81f-ef96-4e66-9445-208601b54515.xml.macaon	132	12	,	,	ponctw	ponctw	_	13	ponct	_	_
e2c0e81f-ef96-4e66-9445-208601b54515.xml.macaon	133	13	commencèrent	commencer	v	v	_	11	mod_rel	_	_	B:Activity_start:TARGET:commencer:G:133
e2c0e81f-ef96-4e66-9445-208601b54515.xml.macaon	134	14	à	à	prep	prep	_	13	obj	_	_	B:Activity_start:FE:Activity:G:133
e2c0e81f-ef96-4e66-9445-208601b54515.xml.macaon	135	15	menacer	menacer	vinf	vinf	_	14	obj	_	_	I:Activity_start:FE:Activity:G:133
e2c0e81f-ef96-4e66-9445-208601b54515.xml.macaon	136	16	les	le	det	det	_	17	det	_	_	I:Activity_start:FE:Activity:G:133
e2c0e81f-ef96-4e66-9445-208601b54515.xml.macaon	137	17	pays	pays	nc	nc	_	15	obj	_	_	I:Activity_start:FE:Activity:G:133
e2c0e81f-ef96-4e66-9445-208601b54515.xml.macaon	138	18	situés	situer	vppart	vppart	_	17	mod	_	_
e2c0e81f-ef96-4e66-9445-208601b54515.xml.macaon	139	19	au	au	prep	prep	_	18	mod	_	_	B:Activity_start:FE:Place:G:133
e2c0e81f-ef96-4e66-9445-208601b54515.xml.macaon	140	20	sud	sud	np	np	_	19	obj	_	_	I:Activity_start:FE:Place:G:133
e2c0e81f-ef96-4e66-9445-208601b54515.xml.macaon	141	21	du	du	prep	prep	_	18	mod	_	_	I:Activity_start:FE:Place:G:133
e2c0e81f-ef96-4e66-9445-208601b54515.xml.macaon	142	22	Danube	Danube	np	np	_	21	obj	_	_	I:Activity_start:FE:Place:G:133
e2c0e81f-ef96-4e66-9445-208601b54515.xml.macaon	143	23	,	,	ponctw	ponctw	_	22	ponct	_	_
e2c0e81f-ef96-4e66-9445-208601b54515.xml.macaon	144	24	que	que	csu	csu	_	18	__JOKER__	_	_
e2c0e81f-ef96-4e66-9445-208601b54515.xml.macaon	145	25	les	le	det	det	_	26	det	_	_
e2c0e81f-ef96-4e66-9445-208601b54515.xml.macaon	146	26	Romains	romain	nc	nc	_	27	suj	_	_
e2c0e81f-ef96-4e66-9445-208601b54515.xml.macaon	147	27	considéraient	considérer	v	v	_	24	obj	_	_
e2c0e81f-ef96-4e66-9445-208601b54515.xml.macaon	148	28	comme	comme	prep	prep	_	27	mod	_	_
e2c0e81f-ef96-4e66-9445-208601b54515.xml.macaon	149	29	une	un	det	det	_	30	det	_	_
e2c0e81f-ef96-4e66-9445-208601b54515.xml.macaon	150	30	frontière	frontière	nc	nc	_	28	obj	_	_
e2c0e81f-ef96-4e66-9445-208601b54515.xml.macaon	151	31	naturelle	naturel	adj	adj	_	30	mod	_	_
e2c0e81f-ef96-4e66-9445-208601b54515.xml.macaon	152	32	.	.	poncts	poncts	_	13	ponct	_	_

e2c0e81f-ef96-4e66-9445-208601b54515.xml.macaon	153	1	Entre	entre	prep	prep	_	8	mod	_	_
e2c0e81f-ef96-4e66-9445-208601b54515.xml.macaon	154	2	85	85	det	det	_	4	det	_	_
e2c0e81f-ef96-4e66-9445-208601b54515.xml.macaon	155	3	et	et	coo	coo	_	2	__JOKER__	_	_
e2c0e81f-ef96-4e66-9445-208601b54515.xml.macaon	156	4	89	89	nc	nc	_	1	obj	_	_
e2c0e81f-ef96-4e66-9445-208601b54515.xml.macaon	157	5	,	,	ponctw	ponctw	_	8	ponct	_	_
e2c0e81f-ef96-4e66-9445-208601b54515.xml.macaon	158	6	les	le	det	det	_	7	det	_	_
e2c0e81f-ef96-4e66-9445-208601b54515.xml.macaon	159	7	Daces	Daces	nc	nc	_	8	suj	_	_
e2c0e81f-ef96-4e66-9445-208601b54515.xml.macaon	160	8	conclurent	conclure	v	v	_	_	_	_	_
e2c0e81f-ef96-4e66-9445-208601b54515.xml.macaon	161	9	une	un	det	det	_	10	det	_	_
e2c0e81f-ef96-4e66-9445-208601b54515.xml.macaon	162	10	paix	paix	nc	nc	_	8	obj	_	_
e2c0e81f-ef96-4e66-9445-208601b54515.xml.macaon	163	11	avec	avec	prep	prep	_	8	mod	_	_
e2c0e81f-ef96-4e66-9445-208601b54515.xml.macaon	164	12	l'	le	det	det	_	13	det	_	_
e2c0e81f-ef96-4e66-9445-208601b54515.xml.macaon	165	13	empereur	empereur	nc	nc	_	11	obj	_	_
e2c0e81f-ef96-4e66-9445-208601b54515.xml.macaon	166	14	Domitien	Domitien	np	np	_	13	mod	_	_
e2c0e81f-ef96-4e66-9445-208601b54515.xml.macaon	167	15	qui	qui	prorel	prorel	_	17	suj	_	_
e2c0e81f-ef96-4e66-9445-208601b54515.xml.macaon	168	16	s'	s'	clo	clo	_	17	__JOKER__	_	_
e2c0e81f-ef96-4e66-9445-208601b54515.xml.macaon	169	17	engagea	engager	v	v	_	14	mod_rel	_	_
e2c0e81f-ef96-4e66-9445-208601b54515.xml.macaon	170	18	à	à	prep	prep	_	17	a_obj	_	_
e2c0e81f-ef96-4e66-9445-208601b54515.xml.macaon	171	19	verser	verser	vinf	vinf	_	18	obj	_	_
e2c0e81f-ef96-4e66-9445-208601b54515.xml.macaon	172	20	un	un	det	det	_	21	det	_	_
e2c0e81f-ef96-4e66-9445-208601b54515.xml.macaon	173	21	tribut	tribut	nc	nc	_	19	obj	_	_
e2c0e81f-ef96-4e66-9445-208601b54515.xml.macaon	174	22	annuel	annuel	adj	adj	_	21	mod	_	_
e2c0e81f-ef96-4e66-9445-208601b54515.xml.macaon	175	23	.	.	poncts	poncts	_	8	ponct	_	_

e2c0e81f-ef96-4e66-9445-208601b54515.xml.macaon	176	1	En	en	prep	prep	_	13	mod	_	_
e2c0e81f-ef96-4e66-9445-208601b54515.xml.macaon	177	2	quelques	quelque	det	det	_	3	det	_	_
e2c0e81f-ef96-4e66-9445-208601b54515.xml.macaon	178	3	campagnes	campagne	nc	nc	_	1	obj	_	_
e2c0e81f-ef96-4e66-9445-208601b54515.xml.macaon	179	4	menées	mener	vppart	vppart	_	3	mod	_	_
e2c0e81f-ef96-4e66-9445-208601b54515.xml.macaon	180	5	entre	entre	prep	prep	_	4	mod	_	_
e2c0e81f-ef96-4e66-9445-208601b54515.xml.macaon	181	6	101	101	nc	nc	_	5	obj	_	_
e2c0e81f-ef96-4e66-9445-208601b54515.xml.macaon	182	7	et	et	coo	coo	_	1	coord	_	_
e2c0e81f-ef96-4e66-9445-208601b54515.xml.macaon	183	8	107	107	adj	adj	_	7	dep_coord	_	_
e2c0e81f-ef96-4e66-9445-208601b54515.xml.macaon	184	9	,	,	ponctw	ponctw	_	13	ponct	_	_
e2c0e81f-ef96-4e66-9445-208601b54515.xml.macaon	185	10	l'	le	det	det	_	11	det	_	_
e2c0e81f-ef96-4e66-9445-208601b54515.xml.macaon	186	11	empereur	empereur	nc	nc	_	13	suj	_	_
e2c0e81f-ef96-4e66-9445-208601b54515.xml.macaon	187	12	Trajan	Trajan	np	np	_	11	mod	_	_
e2c0e81f-ef96-4e66-9445-208601b54515.xml.macaon	188	13	conquit	conquérir	v	v	_	_	_	_	_
e2c0e81f-ef96-4e66-9445-208601b54515.xml.macaon	189	14	la	le	det	det	_	15	det	_	_
e2c0e81f-ef96-4e66-9445-208601b54515.xml.macaon	190	15	Dacie	Dacie	np	np	_	18	__JOKER__	_	_
e2c0e81f-ef96-4e66-9445-208601b54515.xml.macaon	191	16	et	et	coo	coo	_	15	coord	_	_
e2c0e81f-ef96-4e66-9445-208601b54515.xml.macaon	192	17	en	en	clo	clo	_	18	__JOKER__	_	_
e2c0e81f-ef96-4e66-9445-208601b54515.xml.macaon	193	18	fit	faire	v	v	_	13	mod	_	_
e2c0e81f-ef96-4e66-9445-208601b54515.xml.macaon	194	19	une	un	det	det	_	20	det	_	_
e2c0e81f-ef96-4e66-9445-208601b54515.xml.macaon	195	20	province	province	nc	nc	_	18	obj	_	_
e2c0e81f-ef96-4e66-9445-208601b54515.xml.macaon	196	21	romaine	romain	adj	adj	_	20	mod	_	_
e2c0e81f-ef96-4e66-9445-208601b54515.xml.macaon	197	22	.	.	poncts	poncts	_	13	ponct	_	_

e2c0e81f-ef96-4e66-9445-208601b54515.xml.macaon	198	1	Ses	ses	det	det	_	2	det	_	_
e2c0e81f-ef96-4e66-9445-208601b54515.xml.macaon	199	2	victoires	victoire	nc	nc	_	4	suj	_	_	B:Finish_competition:TARGET:victoire:G:199
e2c0e81f-ef96-4e66-9445-208601b54515.xml.macaon	200	3	furent	être	v	v	_	4	aux_tps	_	_
e2c0e81f-ef96-4e66-9445-208601b54515.xml.macaon	201	4	commémorées	commémorer	vppart	vppart	_	_	_	_	_
e2c0e81f-ef96-4e66-9445-208601b54515.xml.macaon	202	5	par	par	prep	prep	_	4	mod	_	_
e2c0e81f-ef96-4e66-9445-208601b54515.xml.macaon	203	6	l'	le	det	det	_	7	det	_	_
e2c0e81f-ef96-4e66-9445-208601b54515.xml.macaon	204	7	édification	édification	nc	nc	_	5	obj	_	_
e2c0e81f-ef96-4e66-9445-208601b54515.xml.macaon	205	8	de	de	prep	prep	_	7	dep	_	_
e2c0e81f-ef96-4e66-9445-208601b54515.xml.macaon	206	9	la	le	det	det	_	11	det	_	_
e2c0e81f-ef96-4e66-9445-208601b54515.xml.macaon	207	10	célèbre	célèbre	adj	adj	_	11	mod	_	_
e2c0e81f-ef96-4e66-9445-208601b54515.xml.macaon	208	11	Colonne	Colonne	np	np	_	8	obj	_	_
e2c0e81f-ef96-4e66-9445-208601b54515.xml.macaon	209	12	Trajane	Trajane	np	np	_	11	mod	_	_
e2c0e81f-ef96-4e66-9445-208601b54515.xml.macaon	210	13	.	.	poncts	poncts	_	4	ponct	_	_

e2c0e81f-ef96-4e66-9445-208601b54515.xml.macaon	211	1	Les	les	det	det	_	2	det	_	_
e2c0e81f-ef96-4e66-9445-208601b54515.xml.macaon	212	2	Goths	Goths	np	np	_	3	suj	_	_
e2c0e81f-ef96-4e66-9445-208601b54515.xml.macaon	213	3	chassèrent	chasser	v	v	_	_	_	_	_	B:OTHER:G
e2c0e81f-ef96-4e66-9445-208601b54515.xml.macaon	214	4	les	le	det	det	_	5	det	_	_
e2c0e81f-ef96-4e66-9445-208601b54515.xml.macaon	215	5	Romains	romain	nc	nc	_	3	obj	_	_
e2c0e81f-ef96-4e66-9445-208601b54515.xml.macaon	216	6	de	de	prep	prep	_	5	dep	_	_
e2c0e81f-ef96-4e66-9445-208601b54515.xml.macaon	217	7	la	le	det	det	_	10	det	_	_
e2c0e81f-ef96-4e66-9445-208601b54515.xml.macaon	218	8	plus	plus	adv	adv	_	9	mod	_	_
e2c0e81f-ef96-4e66-9445-208601b54515.xml.macaon	219	9	grande	grand	adj	adj	_	10	mod	_	_
e2c0e81f-ef96-4e66-9445-208601b54515.xml.macaon	220	10	partie	partie	nc	nc	_	6	obj	_	_
e2c0e81f-ef96-4e66-9445-208601b54515.xml.macaon	221	11	de	de	prep	prep	_	10	dep	_	_
e2c0e81f-ef96-4e66-9445-208601b54515.xml.macaon	222	12	la	le	det	det	_	13	det	_	_
e2c0e81f-ef96-4e66-9445-208601b54515.xml.macaon	223	13	Dacie	Dacie	np	np	_	11	obj	_	_
e2c0e81f-ef96-4e66-9445-208601b54515.xml.macaon	224	14	en	en	prep	prep	_	13	dep	_	_
e2c0e81f-ef96-4e66-9445-208601b54515.xml.macaon	225	15	256	256	nc	nc	_	14	obj	_	_
e2c0e81f-ef96-4e66-9445-208601b54515.xml.macaon	226	16	et	et	coo	coo	_	15	coord	_	_
e2c0e81f-ef96-4e66-9445-208601b54515.xml.macaon	227	17	l'	le	det	det	_	18	det	_	_
e2c0e81f-ef96-4e66-9445-208601b54515.xml.macaon	228	18	empereur	empereur	nc	nc	_	20	suj	_	_
e2c0e81f-ef96-4e66-9445-208601b54515.xml.macaon	229	19	Aurélien	Aurélien	np	np	_	18	mod	_	_
e2c0e81f-ef96-4e66-9445-208601b54515.xml.macaon	230	20	abandonna	abandonner	v	v	_	16	dep_coord	_	_
e2c0e81f-ef96-4e66-9445-208601b54515.xml.macaon	231	21	finalement	finalement	adv	adv	_	20	mod	_	_
e2c0e81f-ef96-4e66-9445-208601b54515.xml.macaon	232	22	la	le	det	det	_	23	det	_	_
e2c0e81f-ef96-4e66-9445-208601b54515.xml.macaon	233	23	province	province	nc	nc	_	20	obj	_	_
e2c0e81f-ef96-4e66-9445-208601b54515.xml.macaon	234	24	,	,	ponctw	ponctw	_	20	ponct	_	_
e2c0e81f-ef96-4e66-9445-208601b54515.xml.macaon	235	25	se	se	clr	clr	_	26	__JOKER__	_	_
e2c0e81f-ef96-4e66-9445-208601b54515.xml.macaon	236	26	retirant	retirer	vprespart	vprespart	_	13	__JOKER__	_	_
e2c0e81f-ef96-4e66-9445-208601b54515.xml.macaon	237	27	au	au	prep	prep	_	26	mod	_	_
e2c0e81f-ef96-4e66-9445-208601b54515.xml.macaon	238	28	sud	sud	np	np	_	27	obj	_	_
e2c0e81f-ef96-4e66-9445-208601b54515.xml.macaon	239	29	du	du	prep	prep	_	26	mod	_	_
e2c0e81f-ef96-4e66-9445-208601b54515.xml.macaon	240	30	Danube	Danube	np	np	_	29	obj	_	_
e2c0e81f-ef96-4e66-9445-208601b54515.xml.macaon	241	31	en	en	prep	prep	_	29	obj	_	_
e2c0e81f-ef96-4e66-9445-208601b54515.xml.macaon	242	32	Moésie	Moésie	np	np	_	31	obj	_	_
e2c0e81f-ef96-4e66-9445-208601b54515.xml.macaon	243	33	.	.	poncts	poncts	_	3	__JOKER__	_	_
