e67703f6-8795-456d-bf53-f029036dcd63.xml.macaon	0	1	vikidia	vikidia	nc	nc	_	_	_	_	_

e67703f6-8795-456d-bf53-f029036dcd63.xml.macaon	1	1	e67703f6	e67703f6	adj	adj	_	3	mod	_	_
e67703f6-8795-456d-bf53-f029036dcd63.xml.macaon	2	2	-	-	ponctw	ponctw	_	1	ponct	_	_
e67703f6-8795-456d-bf53-f029036dcd63.xml.macaon	3	3	8795	8795	nc	nc	_	_	_	_	_
e67703f6-8795-456d-bf53-f029036dcd63.xml.macaon	4	4	-	-	ponctw	ponctw	_	3	ponct	_	_
e67703f6-8795-456d-bf53-f029036dcd63.xml.macaon	5	5	456d	456d	nc	nc	_	3	mod	_	_
e67703f6-8795-456d-bf53-f029036dcd63.xml.macaon	6	6	-	-	ponctw	ponctw	_	5	ponct	_	_
e67703f6-8795-456d-bf53-f029036dcd63.xml.macaon	7	7	bf53	bf53	nc	nc	_	5	mod	_	_
e67703f6-8795-456d-bf53-f029036dcd63.xml.macaon	8	8	-	-	ponctw	ponctw	_	7	ponct	_	_
e67703f6-8795-456d-bf53-f029036dcd63.xml.macaon	9	9	f029036dcd63	f029036dcd63	nc	nc	_	7	mod	_	_

e67703f6-8795-456d-bf53-f029036dcd63.xml.macaon	10	1	ADDED	ADDED	nc	nc	_	_	_	_	_

e67703f6-8795-456d-bf53-f029036dcd63.xml.macaon	11	1	2016	2016	adj	adj	_	3	mod	_	_
e67703f6-8795-456d-bf53-f029036dcd63.xml.macaon	12	2	-	-	ponctw	ponctw	_	1	ponct	_	_
e67703f6-8795-456d-bf53-f029036dcd63.xml.macaon	13	3	06	06	nc	nc	_	_	_	_	_
e67703f6-8795-456d-bf53-f029036dcd63.xml.macaon	14	4	-	-	ponctw	ponctw	_	3	ponct	_	_
e67703f6-8795-456d-bf53-f029036dcd63.xml.macaon	15	5	15T14	15T14	nc	nc	_	3	mod	_	_
e67703f6-8795-456d-bf53-f029036dcd63.xml.macaon	16	6	:	:	ponctw	ponctw	_	5	ponct	_	_
e67703f6-8795-456d-bf53-f029036dcd63.xml.macaon	17	7	52	52	det	det	_	9	det	_	_
e67703f6-8795-456d-bf53-f029036dcd63.xml.macaon	18	8	:	:	ponctw	ponctw	_	9	ponct	_	_
e67703f6-8795-456d-bf53-f029036dcd63.xml.macaon	19	9	30Z	30Z	nc	nc	_	5	mod	_	_

e67703f6-8795-456d-bf53-f029036dcd63.xml.macaon	20	1	Jublains	Jublains	np	np	_	_	_	_	_

e67703f6-8795-456d-bf53-f029036dcd63.xml.macaon	21	1	Jublains	Jublains	np	np	_	2	suj	_	_
e67703f6-8795-456d-bf53-f029036dcd63.xml.macaon	22	2	est	être	v	v	_	_	_	_	_
e67703f6-8795-456d-bf53-f029036dcd63.xml.macaon	23	3	une	un	det	det	_	4	det	_	_
e67703f6-8795-456d-bf53-f029036dcd63.xml.macaon	24	4	commune	commune	nc	nc	_	2	ats	_	_
e67703f6-8795-456d-bf53-f029036dcd63.xml.macaon	25	5	française	français	adj	adj	_	4	mod	_	_
e67703f6-8795-456d-bf53-f029036dcd63.xml.macaon	26	6	de	de	prep	prep	_	4	dep	_	_
e67703f6-8795-456d-bf53-f029036dcd63.xml.macaon	27	7	685	685	det	det	_	8	det	_	_
e67703f6-8795-456d-bf53-f029036dcd63.xml.macaon	28	8	habitants	habitant	nc	nc	_	6	obj	_	_
e67703f6-8795-456d-bf53-f029036dcd63.xml.macaon	29	9	(	(	ponctw	ponctw	_	8	ponct	_	_
e67703f6-8795-456d-bf53-f029036dcd63.xml.macaon	30	10	les	le	det	det	_	11	det	_	_
e67703f6-8795-456d-bf53-f029036dcd63.xml.macaon	31	11	Diablintes	Diablintes	nc	nc	_	6	obj	_	_
e67703f6-8795-456d-bf53-f029036dcd63.xml.macaon	32	12	)	)	ponctw	ponctw	_	11	ponct	_	_
e67703f6-8795-456d-bf53-f029036dcd63.xml.macaon	33	13	,	,	ponctw	ponctw	_	11	ponct	_	_
e67703f6-8795-456d-bf53-f029036dcd63.xml.macaon	34	14	située	situer	vppart	vppart	_	11	mod	_	_
e67703f6-8795-456d-bf53-f029036dcd63.xml.macaon	35	15	dans	dans	prep	prep	_	14	mod	_	_
e67703f6-8795-456d-bf53-f029036dcd63.xml.macaon	36	16	le	le	det	det	_	17	det	_	_
e67703f6-8795-456d-bf53-f029036dcd63.xml.macaon	37	17	département	département	nc	nc	_	15	obj	_	_
e67703f6-8795-456d-bf53-f029036dcd63.xml.macaon	38	18	de	de	prep	prep	_	17	dep	_	_
e67703f6-8795-456d-bf53-f029036dcd63.xml.macaon	39	19	la	le	det	det	_	20	det	_	_
e67703f6-8795-456d-bf53-f029036dcd63.xml.macaon	40	20	Mayenne	Mayenne	np	np	_	18	obj	_	_
e67703f6-8795-456d-bf53-f029036dcd63.xml.macaon	41	21	,	,	ponctw	ponctw	_	20	ponct	_	_
e67703f6-8795-456d-bf53-f029036dcd63.xml.macaon	42	22	région	région	nc	nc	_	18	obj	_	_
e67703f6-8795-456d-bf53-f029036dcd63.xml.macaon	43	23	Pays	Pays	np	np	_	22	mod	_	_
e67703f6-8795-456d-bf53-f029036dcd63.xml.macaon	44	24	de	de	prep	prep	_	22	dep	_	_
e67703f6-8795-456d-bf53-f029036dcd63.xml.macaon	45	25	la	le	det	det	_	26	det	_	_
e67703f6-8795-456d-bf53-f029036dcd63.xml.macaon	46	26	Loire	Loire	np	np	_	24	obj	_	_
e67703f6-8795-456d-bf53-f029036dcd63.xml.macaon	47	27	.	.	poncts	poncts	_	2	ponct	_	_

e67703f6-8795-456d-bf53-f029036dcd63.xml.macaon	48	1	Antiquité	antiquité	nc	nc	_	_	_	_	_

e67703f6-8795-456d-bf53-f029036dcd63.xml.macaon	49	1	Jublains	Jublains	np	np	_	_	_	_	_

e67703f6-8795-456d-bf53-f029036dcd63.xml.macaon	50	1	Jublains	Jublains	np	np	_	2	suj	_	_
e67703f6-8795-456d-bf53-f029036dcd63.xml.macaon	51	2	est	être	v	v	_	_	_	_	_
e67703f6-8795-456d-bf53-f029036dcd63.xml.macaon	52	3	une	un	det	det	_	4	det	_	_
e67703f6-8795-456d-bf53-f029036dcd63.xml.macaon	53	4	commune	commune	nc	nc	_	2	ats	_	_
e67703f6-8795-456d-bf53-f029036dcd63.xml.macaon	54	5	française	français	adj	adj	_	4	mod	_	_
e67703f6-8795-456d-bf53-f029036dcd63.xml.macaon	55	6	de	de	prep	prep	_	4	dep	_	_
e67703f6-8795-456d-bf53-f029036dcd63.xml.macaon	56	7	685	685	det	det	_	8	det	_	_
e67703f6-8795-456d-bf53-f029036dcd63.xml.macaon	57	8	habitants	habitant	nc	nc	_	6	obj	_	_
e67703f6-8795-456d-bf53-f029036dcd63.xml.macaon	58	9	(	(	ponctw	ponctw	_	8	ponct	_	_
e67703f6-8795-456d-bf53-f029036dcd63.xml.macaon	59	10	les	le	det	det	_	11	det	_	_
e67703f6-8795-456d-bf53-f029036dcd63.xml.macaon	60	11	Diablintes	Diablintes	nc	nc	_	6	obj	_	_
e67703f6-8795-456d-bf53-f029036dcd63.xml.macaon	61	12	)	)	ponctw	ponctw	_	11	ponct	_	_
e67703f6-8795-456d-bf53-f029036dcd63.xml.macaon	62	13	,	,	ponctw	ponctw	_	11	ponct	_	_
e67703f6-8795-456d-bf53-f029036dcd63.xml.macaon	63	14	située	situer	vppart	vppart	_	11	mod	_	_
e67703f6-8795-456d-bf53-f029036dcd63.xml.macaon	64	15	dans	dans	prep	prep	_	14	mod	_	_
e67703f6-8795-456d-bf53-f029036dcd63.xml.macaon	65	16	le	le	det	det	_	17	det	_	_
e67703f6-8795-456d-bf53-f029036dcd63.xml.macaon	66	17	département	département	nc	nc	_	15	obj	_	_
e67703f6-8795-456d-bf53-f029036dcd63.xml.macaon	67	18	de	de	prep	prep	_	17	dep	_	_
e67703f6-8795-456d-bf53-f029036dcd63.xml.macaon	68	19	la	le	det	det	_	20	det	_	_
e67703f6-8795-456d-bf53-f029036dcd63.xml.macaon	69	20	Mayenne	Mayenne	np	np	_	18	obj	_	_
e67703f6-8795-456d-bf53-f029036dcd63.xml.macaon	70	21	,	,	ponctw	ponctw	_	20	ponct	_	_
e67703f6-8795-456d-bf53-f029036dcd63.xml.macaon	71	22	région	région	nc	nc	_	18	obj	_	_
e67703f6-8795-456d-bf53-f029036dcd63.xml.macaon	72	23	Pays	Pays	np	np	_	22	mod	_	_
e67703f6-8795-456d-bf53-f029036dcd63.xml.macaon	73	24	de	de	prep	prep	_	22	dep	_	_
e67703f6-8795-456d-bf53-f029036dcd63.xml.macaon	74	25	la	le	det	det	_	26	det	_	_
e67703f6-8795-456d-bf53-f029036dcd63.xml.macaon	75	26	Loire	Loire	np	np	_	24	obj	_	_
e67703f6-8795-456d-bf53-f029036dcd63.xml.macaon	76	27	.	.	poncts	poncts	_	2	ponct	_	_

e67703f6-8795-456d-bf53-f029036dcd63.xml.macaon	77	1	Site	site	nc	nc	_	_	_	_	_
e67703f6-8795-456d-bf53-f029036dcd63.xml.macaon	78	2	archéologique	archéologique	adj	adj	_	1	mod	_	_

e67703f6-8795-456d-bf53-f029036dcd63.xml.macaon	79	1	Jublains	Jublains	np	np	_	_	_	_	_
e67703f6-8795-456d-bf53-f029036dcd63.xml.macaon	80	2	a	avoir	v	v	_	3	aux_tps	_	_
e67703f6-8795-456d-bf53-f029036dcd63.xml.macaon	81	3	été	être	vppart	vppart	_	1	mod	_	_
e67703f6-8795-456d-bf53-f029036dcd63.xml.macaon	82	4	une	un	det	det	_	6	det	_	_
e67703f6-8795-456d-bf53-f029036dcd63.xml.macaon	83	5	importante	important	adj	adj	_	6	mod	_	_
e67703f6-8795-456d-bf53-f029036dcd63.xml.macaon	84	6	cité	cité	nc	nc	_	3	obj	_	_
e67703f6-8795-456d-bf53-f029036dcd63.xml.macaon	85	7	gallo-romaine	gallo-romain	adj	adj	_	6	mod	_	_
e67703f6-8795-456d-bf53-f029036dcd63.xml.macaon	86	8	,	,	ponctw	ponctw	_	6	ponct	_	_
e67703f6-8795-456d-bf53-f029036dcd63.xml.macaon	87	9	capitale	capitale	nc	nc	_	6	mod	_	_
e67703f6-8795-456d-bf53-f029036dcd63.xml.macaon	88	10	du	du	prep	prep	_	3	mod	_	_
e67703f6-8795-456d-bf53-f029036dcd63.xml.macaon	89	11	peuple	peuple	nc	nc	_	10	obj	_	_
e67703f6-8795-456d-bf53-f029036dcd63.xml.macaon	90	12	gaulois	gaulois	adj	adj	_	11	mod	_	_
e67703f6-8795-456d-bf53-f029036dcd63.xml.macaon	91	13	des	des	prep	prep	_	11	dep	_	_
e67703f6-8795-456d-bf53-f029036dcd63.xml.macaon	92	14	Aulerques	Aulerques	nc	nc	_	13	obj	_	_
e67703f6-8795-456d-bf53-f029036dcd63.xml.macaon	93	15	Diablintes	Diablintes	np	np	_	14	mod	_	_
e67703f6-8795-456d-bf53-f029036dcd63.xml.macaon	94	16	.	.	poncts	poncts	_	3	ponct	_	_

e67703f6-8795-456d-bf53-f029036dcd63.xml.macaon	95	1	Elle	elle	cln	cln	_	2	suj	_	_
e67703f6-8795-456d-bf53-f029036dcd63.xml.macaon	96	2	conserve	conserver	v	v	_	_	_	_	_
e67703f6-8795-456d-bf53-f029036dcd63.xml.macaon	97	3	d'	un	det	det	_	5	det	_	_
e67703f6-8795-456d-bf53-f029036dcd63.xml.macaon	98	4	importants	important	adj	adj	_	5	mod	_	_
e67703f6-8795-456d-bf53-f029036dcd63.xml.macaon	99	5	vestiges	vestige	nc	nc	_	2	obj	_	_
e67703f6-8795-456d-bf53-f029036dcd63.xml.macaon	100	6	disséminés	disséminer	adj	adj	_	5	mod	_	_
e67703f6-8795-456d-bf53-f029036dcd63.xml.macaon	101	7	autour	autour	nc	nc	_	2	obj	_	_
e67703f6-8795-456d-bf53-f029036dcd63.xml.macaon	102	8	du	du	prep	prep	_	7	dep	_	_
e67703f6-8795-456d-bf53-f029036dcd63.xml.macaon	103	9	village	village	nc	nc	_	8	obj	_	_
e67703f6-8795-456d-bf53-f029036dcd63.xml.macaon	104	10	actuel	actuel	adj	adj	_	9	mod	_	_
e67703f6-8795-456d-bf53-f029036dcd63.xml.macaon	105	11	:	:	ponctw	ponctw	_	7	ponct	_	_

e67703f6-8795-456d-bf53-f029036dcd63.xml.macaon	106	1	une	un	det	det	_	3	det	_	_
e67703f6-8795-456d-bf53-f029036dcd63.xml.macaon	107	2	grande	grand	adj	adj	_	3	mod	_	_
e67703f6-8795-456d-bf53-f029036dcd63.xml.macaon	108	3	forteresse	forteresse	nc	nc	_	10	__JOKER__	_	_
e67703f6-8795-456d-bf53-f029036dcd63.xml.macaon	109	4	carrée	carré	adj	adj	_	3	mod	_	_
e67703f6-8795-456d-bf53-f029036dcd63.xml.macaon	110	5	de	de	prep	prep	_	3	dep	_	_
e67703f6-8795-456d-bf53-f029036dcd63.xml.macaon	111	6	110	110	nc	nc	_	5	obj	_	_
e67703f6-8795-456d-bf53-f029036dcd63.xml.macaon	112	7	m	m	adj	adj	_	6	mod	_	_
e67703f6-8795-456d-bf53-f029036dcd63.xml.macaon	113	8	de#côté	de#côté	nc	nc	_	5	obj	_	_
e67703f6-8795-456d-bf53-f029036dcd63.xml.macaon	114	9	,	,	ponctw	ponctw	_	3	ponct	_	_
e67703f6-8795-456d-bf53-f029036dcd63.xml.macaon	115	10	où	où	prorel	prorel	_	12	mod	_	_
e67703f6-8795-456d-bf53-f029036dcd63.xml.macaon	116	11	l'on	l'on	cln	cln	_	12	suj	_	_
e67703f6-8795-456d-bf53-f029036dcd63.xml.macaon	117	12	stockait	stocker	v	v	_	_	_	_	_
e67703f6-8795-456d-bf53-f029036dcd63.xml.macaon	118	13	probablement	probablement	adv	adv	_	12	mod	_	_
e67703f6-8795-456d-bf53-f029036dcd63.xml.macaon	119	14	les	le	det	det	_	15	det	_	_
e67703f6-8795-456d-bf53-f029036dcd63.xml.macaon	120	15	biens	bien	nc	nc	_	12	obj	_	_
e67703f6-8795-456d-bf53-f029036dcd63.xml.macaon	121	16	publics	public	adj	adj	_	15	mod	_	_
e67703f6-8795-456d-bf53-f029036dcd63.xml.macaon	122	17	les	le	det	det	_	19	det	_	_
e67703f6-8795-456d-bf53-f029036dcd63.xml.macaon	123	18	plus	plus	adv	adv	_	19	mod	_	_
e67703f6-8795-456d-bf53-f029036dcd63.xml.macaon	124	19	précieux	précieux	adj	adj	_	15	mod	_	_
e67703f6-8795-456d-bf53-f029036dcd63.xml.macaon	125	20	,	,	ponctw	ponctw	_	12	ponct	_	_
e67703f6-8795-456d-bf53-f029036dcd63.xml.macaon	126	21	comme	comme	prep	prep	_	12	mod	_	_
e67703f6-8795-456d-bf53-f029036dcd63.xml.macaon	127	22	l'	le	det	det	_	23	det	_	_
e67703f6-8795-456d-bf53-f029036dcd63.xml.macaon	128	23	or	or	nc	nc	_	21	obj	_	_
e67703f6-8795-456d-bf53-f029036dcd63.xml.macaon	129	24	et	et	coo	coo	_	23	coord	_	_
e67703f6-8795-456d-bf53-f029036dcd63.xml.macaon	130	25	le	le	det	det	_	26	det	_	_
e67703f6-8795-456d-bf53-f029036dcd63.xml.macaon	131	26	grain	grain	nc	nc	_	24	dep_coord	_	_
e67703f6-8795-456d-bf53-f029036dcd63.xml.macaon	132	27	;	;	ponctw	ponctw	_	26	ponct	_	_
e67703f6-8795-456d-bf53-f029036dcd63.xml.macaon	133	28	des	un	det	det	_	29	det	_	_
e67703f6-8795-456d-bf53-f029036dcd63.xml.macaon	134	29	rues	rue	nc	nc	_	26	mod	_	_
e67703f6-8795-456d-bf53-f029036dcd63.xml.macaon	135	30	,	,	ponctw	ponctw	_	29	ponct	_	_
e67703f6-8795-456d-bf53-f029036dcd63.xml.macaon	136	31	des	un	det	det	_	32	det	_	_	B:Scrutiny:FE:Ground:G:142
e67703f6-8795-456d-bf53-f029036dcd63.xml.macaon	137	32	quartiers	quartier	nc	nc	_	29	mod	_	_	I:Scrutiny:FE:Ground:G:142
e67703f6-8795-456d-bf53-f029036dcd63.xml.macaon	138	33	d'	de	prep	prep	_	32	dep	_	_	I:Scrutiny:FE:Ground:G:142
e67703f6-8795-456d-bf53-f029036dcd63.xml.macaon	139	34	habitations	habitation	nc	nc	_	33	obj	_	_	I:Scrutiny:FE:Ground:G:142
e67703f6-8795-456d-bf53-f029036dcd63.xml.macaon	140	35	non	non	advneg	advneg	_	37	mod	_	_
e67703f6-8795-456d-bf53-f029036dcd63.xml.macaon	141	36	encore	encore	adv	adv	_	37	mod	_	_
e67703f6-8795-456d-bf53-f029036dcd63.xml.macaon	142	37	fouillés	fouiller	vppart	vppart	_	34	mod	_	_	B:Scrutiny:TARGET:fouiller:G:142
e67703f6-8795-456d-bf53-f029036dcd63.xml.macaon	143	38	;	;	ponctw	ponctw	_	37	ponct	_	_
e67703f6-8795-456d-bf53-f029036dcd63.xml.macaon	144	39	un	un	det	det	_	40	det	_	_
e67703f6-8795-456d-bf53-f029036dcd63.xml.macaon	145	40	temple	temple	nc	nc	_	33	obj	_	_
e67703f6-8795-456d-bf53-f029036dcd63.xml.macaon	146	41	dédié	dédier	vppart	vppart	_	40	mod	_	_
e67703f6-8795-456d-bf53-f029036dcd63.xml.macaon	147	42	à	à	prep	prep	_	41	a_obj	_	_
e67703f6-8795-456d-bf53-f029036dcd63.xml.macaon	148	43	une	un	det	det	_	44	det	_	_
e67703f6-8795-456d-bf53-f029036dcd63.xml.macaon	149	44	divinité	divinité	nc	nc	_	42	obj	_	_
e67703f6-8795-456d-bf53-f029036dcd63.xml.macaon	150	45	non	non	advneg	advneg	_	46	__JOKER__	_	_
e67703f6-8795-456d-bf53-f029036dcd63.xml.macaon	151	46	identifiée	identifié	adj	adj	_	44	mod	_	_
e67703f6-8795-456d-bf53-f029036dcd63.xml.macaon	152	47	;	;	ponctw	ponctw	_	44	ponct	_	_
e67703f6-8795-456d-bf53-f029036dcd63.xml.macaon	153	48	des	un	det	det	_	49	det	_	_
e67703f6-8795-456d-bf53-f029036dcd63.xml.macaon	154	49	thermes	thermes	nc	nc	_	42	obj	_	_
e67703f6-8795-456d-bf53-f029036dcd63.xml.macaon	155	50	,	,	ponctw	ponctw	_	49	ponct	_	_
e67703f6-8795-456d-bf53-f029036dcd63.xml.macaon	156	51	visibles	visible	adj	adj	_	49	mod	_	_
e67703f6-8795-456d-bf53-f029036dcd63.xml.macaon	157	52	à	à	prep	prep	_	49	dep	_	_
e67703f6-8795-456d-bf53-f029036dcd63.xml.macaon	158	53	l'	le	det	det	_	54	det	_	_
e67703f6-8795-456d-bf53-f029036dcd63.xml.macaon	159	54	intérieur	intérieur	nc	nc	_	52	obj	_	_
e67703f6-8795-456d-bf53-f029036dcd63.xml.macaon	160	55	de#l'	de#l'	prep	prep	_	54	dep	_	_
e67703f6-8795-456d-bf53-f029036dcd63.xml.macaon	161	56	église	église	nc	nc	_	55	obj	_	_
e67703f6-8795-456d-bf53-f029036dcd63.xml.macaon	162	57	;	;	ponctw	ponctw	_	54	ponct	_	_
e67703f6-8795-456d-bf53-f029036dcd63.xml.macaon	163	58	un	un	det	det	_	59	det	_	_	B:Buildings:FE:Created_entity:G:167
e67703f6-8795-456d-bf53-f029036dcd63.xml.macaon	164	59	théâtre	théâtre	nc	nc	_	62	suj	_	_	I:Buildings:FE:Created_entity:G:167
e67703f6-8795-456d-bf53-f029036dcd63.xml.macaon	165	60	romain	romain	adj	adj	_	59	mod	_	_	I:Buildings:FE:Created_entity:G:167
e67703f6-8795-456d-bf53-f029036dcd63.xml.macaon	166	61	,	,	ponctw	ponctw	_	59	ponct	_	_
e67703f6-8795-456d-bf53-f029036dcd63.xml.macaon	167	62	construit	construire	vppart	vppart	_	54	mod	_	_	B:Buildings:TARGET:construire:G:167
e67703f6-8795-456d-bf53-f029036dcd63.xml.macaon	168	63	vers	vers	prep	prep	_	62	mod	_	_	B:Buildings:FE:Time:G:167
e67703f6-8795-456d-bf53-f029036dcd63.xml.macaon	169	64	80	80	nc	nc	_	63	obj	_	_	I:Buildings:FE:Time:G:167
e67703f6-8795-456d-bf53-f029036dcd63.xml.macaon	170	65	.	.	poncts	poncts	_	12	ponct	_	_

e67703f6-8795-456d-bf53-f029036dcd63.xml.macaon	171	1	48	48	det	det	_	2	det	_	_
e67703f6-8795-456d-bf53-f029036dcd63.xml.macaon	172	2	°	degré	nc	nc	_	_	_	_	_
e67703f6-8795-456d-bf53-f029036dcd63.xml.macaon	173	3	15	15	adj	adj	_	2	mod	_	_
e67703f6-8795-456d-bf53-f029036dcd63.xml.macaon	174	4	′	′	prep	prep	_	2	dep	_	_
e67703f6-8795-456d-bf53-f029036dcd63.xml.macaon	175	5	26	26	det	det	_	6	det	_	_
e67703f6-8795-456d-bf53-f029036dcd63.xml.macaon	176	6	″	″	nc	nc	_	4	obj	_	_
e67703f6-8795-456d-bf53-f029036dcd63.xml.macaon	177	7	N	N	prep	prep	_	6	dep	_	_
e67703f6-8795-456d-bf53-f029036dcd63.xml.macaon	178	8	0	0	det	det	_	9	det	_	_
e67703f6-8795-456d-bf53-f029036dcd63.xml.macaon	179	9	°	degré	nc	nc	_	7	obj	_	_
e67703f6-8795-456d-bf53-f029036dcd63.xml.macaon	180	10	29	29	adj	adj	_	9	mod	_	_
e67703f6-8795-456d-bf53-f029036dcd63.xml.macaon	181	11	′	′	prep	prep	_	9	dep	_	_
e67703f6-8795-456d-bf53-f029036dcd63.xml.macaon	182	12	38	38	det	det	_	13	det	_	_
e67703f6-8795-456d-bf53-f029036dcd63.xml.macaon	183	13	″	″	nc	nc	_	11	obj	_	_
e67703f6-8795-456d-bf53-f029036dcd63.xml.macaon	184	14	W	W	adj	adj	_	13	mod	_	_
e67703f6-8795-456d-bf53-f029036dcd63.xml.macaon	185	15	/	/	ponctw	ponctw	_	13	ponct	_	_
e67703f6-8795-456d-bf53-f029036dcd63.xml.macaon	186	16	48.2572	48.2572	nc	nc	_	13	mod	_	_
e67703f6-8795-456d-bf53-f029036dcd63.xml.macaon	187	17	,	,	ponctw	ponctw	_	16	ponct	_	_
e67703f6-8795-456d-bf53-f029036dcd63.xml.macaon	188	18	-	-	ponctw	ponctw	_	16	ponct	_	_
e67703f6-8795-456d-bf53-f029036dcd63.xml.macaon	189	19	0.4938	0.4938	nc	nc	_	16	mod	_	_
