eb2f1ad5-2f58-41d3-a5d9-4453b432cb07.xml.macaon	0	1	vikidia	vikidia	nc	nc	_	_	_	_	_

eb2f1ad5-2f58-41d3-a5d9-4453b432cb07.xml.macaon	1	1	eb2f1ad5	eb2f1ad5	nc	nc	_	_	_	_	_
eb2f1ad5-2f58-41d3-a5d9-4453b432cb07.xml.macaon	2	2	-	-	ponctw	ponctw	_	1	ponct	_	_
eb2f1ad5-2f58-41d3-a5d9-4453b432cb07.xml.macaon	3	3	2f58	2f58	adj	adj	_	1	mod	_	_
eb2f1ad5-2f58-41d3-a5d9-4453b432cb07.xml.macaon	4	4	-	-	ponctw	ponctw	_	1	ponct	_	_
eb2f1ad5-2f58-41d3-a5d9-4453b432cb07.xml.macaon	5	5	41d3	41d3	nc	nc	_	1	mod	_	_
eb2f1ad5-2f58-41d3-a5d9-4453b432cb07.xml.macaon	6	6	-	-	ponctw	ponctw	_	5	ponct	_	_
eb2f1ad5-2f58-41d3-a5d9-4453b432cb07.xml.macaon	7	7	a5d9	a5d9	nc	nc	_	5	mod	_	_
eb2f1ad5-2f58-41d3-a5d9-4453b432cb07.xml.macaon	8	8	-	-	ponctw	ponctw	_	7	ponct	_	_
eb2f1ad5-2f58-41d3-a5d9-4453b432cb07.xml.macaon	9	9	4453b432cb07	4453b432cb07	nc	nc	_	7	mod	_	_

eb2f1ad5-2f58-41d3-a5d9-4453b432cb07.xml.macaon	10	1	ADDED	ADDED	nc	nc	_	_	_	_	_

eb2f1ad5-2f58-41d3-a5d9-4453b432cb07.xml.macaon	11	1	2016	2016	adj	adj	_	3	mod	_	_
eb2f1ad5-2f58-41d3-a5d9-4453b432cb07.xml.macaon	12	2	-	-	ponctw	ponctw	_	1	ponct	_	_
eb2f1ad5-2f58-41d3-a5d9-4453b432cb07.xml.macaon	13	3	06	06	nc	nc	_	_	_	_	_
eb2f1ad5-2f58-41d3-a5d9-4453b432cb07.xml.macaon	14	4	-	-	ponctw	ponctw	_	3	ponct	_	_
eb2f1ad5-2f58-41d3-a5d9-4453b432cb07.xml.macaon	15	5	15T14	15T14	nc	nc	_	3	mod	_	_
eb2f1ad5-2f58-41d3-a5d9-4453b432cb07.xml.macaon	16	6	:	:	ponctw	ponctw	_	5	ponct	_	_
eb2f1ad5-2f58-41d3-a5d9-4453b432cb07.xml.macaon	17	7	52	52	det	det	_	9	det	_	_
eb2f1ad5-2f58-41d3-a5d9-4453b432cb07.xml.macaon	18	8	:	:	ponctw	ponctw	_	9	ponct	_	_
eb2f1ad5-2f58-41d3-a5d9-4453b432cb07.xml.macaon	19	9	59Z	59Z	nc	nc	_	5	mod	_	_

eb2f1ad5-2f58-41d3-a5d9-4453b432cb07.xml.macaon	20	1	Nabuchodonosor	Nabuchodonosor	np	np	_	_	_	_	_
eb2f1ad5-2f58-41d3-a5d9-4453b432cb07.xml.macaon	21	2	Ier	Ier	np	np	_	1	mod	_	_

eb2f1ad5-2f58-41d3-a5d9-4453b432cb07.xml.macaon	22	1	Nabuchodonosor	Nabuchodonosor	np	np	_	_	_	_	_
eb2f1ad5-2f58-41d3-a5d9-4453b432cb07.xml.macaon	23	2	Ier	Ier	np	np	_	1	mod	_	_
eb2f1ad5-2f58-41d3-a5d9-4453b432cb07.xml.macaon	24	3	était	être	v	v	_	2	mod_rel	_	_
eb2f1ad5-2f58-41d3-a5d9-4453b432cb07.xml.macaon	25	4	un	un	det	det	_	5	det	_	_
eb2f1ad5-2f58-41d3-a5d9-4453b432cb07.xml.macaon	26	5	roi	roi	nc	nc	_	3	obj	_	_
eb2f1ad5-2f58-41d3-a5d9-4453b432cb07.xml.macaon	27	6	de	de	prep	prep	_	5	dep	_	_
eb2f1ad5-2f58-41d3-a5d9-4453b432cb07.xml.macaon	28	7	Babylone	Babylone	np	np	_	6	obj	_	_
eb2f1ad5-2f58-41d3-a5d9-4453b432cb07.xml.macaon	29	8	,	,	ponctw	ponctw	_	5	ponct	_	_
eb2f1ad5-2f58-41d3-a5d9-4453b432cb07.xml.macaon	30	9	régnant	régner	vprespart	vprespart	_	2	__JOKER__	_	_
eb2f1ad5-2f58-41d3-a5d9-4453b432cb07.xml.macaon	31	10	à	à	prep	prep	_	9	mod	_	_
eb2f1ad5-2f58-41d3-a5d9-4453b432cb07.xml.macaon	32	11	la	le	det	det	_	12	det	_	_
eb2f1ad5-2f58-41d3-a5d9-4453b432cb07.xml.macaon	33	12	fin	fin	nc	nc	_	10	obj	_	_
eb2f1ad5-2f58-41d3-a5d9-4453b432cb07.xml.macaon	34	13	du	du	prep	prep	_	12	dep	_	_
eb2f1ad5-2f58-41d3-a5d9-4453b432cb07.xml.macaon	35	14	XIIe	XIIe	adj	adj	_	15	mod	_	_
eb2f1ad5-2f58-41d3-a5d9-4453b432cb07.xml.macaon	36	15	siècle	siècle	nc	nc	_	13	obj	_	_
eb2f1ad5-2f58-41d3-a5d9-4453b432cb07.xml.macaon	37	16	av.	av.	nc	nc	_	15	mod	_	_

eb2f1ad5-2f58-41d3-a5d9-4453b432cb07.xml.macaon	38	1	J.-C.	J.-C.	nc	nc	_	_	_	_	_

eb2f1ad5-2f58-41d3-a5d9-4453b432cb07.xml.macaon	39	1	Antiquité	antiquité	nc	nc	_	_	_	_	_

eb2f1ad5-2f58-41d3-a5d9-4453b432cb07.xml.macaon	40	1	Nabuchodonosor	Nabuchodonosor	np	np	_	_	_	_	_
eb2f1ad5-2f58-41d3-a5d9-4453b432cb07.xml.macaon	41	2	Ier	Ier	np	np	_	1	mod	_	_

eb2f1ad5-2f58-41d3-a5d9-4453b432cb07.xml.macaon	42	1	Nabuchodonosor	Nabuchodonosor	np	np	_	_	_	_	_
eb2f1ad5-2f58-41d3-a5d9-4453b432cb07.xml.macaon	43	2	Ier	Ier	np	np	_	1	mod	_	_
eb2f1ad5-2f58-41d3-a5d9-4453b432cb07.xml.macaon	44	3	était	être	v	v	_	2	mod_rel	_	_
eb2f1ad5-2f58-41d3-a5d9-4453b432cb07.xml.macaon	45	4	un	un	det	det	_	5	det	_	_
eb2f1ad5-2f58-41d3-a5d9-4453b432cb07.xml.macaon	46	5	roi	roi	nc	nc	_	3	obj	_	_
eb2f1ad5-2f58-41d3-a5d9-4453b432cb07.xml.macaon	47	6	de	de	prep	prep	_	5	dep	_	_
eb2f1ad5-2f58-41d3-a5d9-4453b432cb07.xml.macaon	48	7	Babylone	Babylone	np	np	_	6	obj	_	_
eb2f1ad5-2f58-41d3-a5d9-4453b432cb07.xml.macaon	49	8	,	,	ponctw	ponctw	_	5	ponct	_	_
eb2f1ad5-2f58-41d3-a5d9-4453b432cb07.xml.macaon	50	9	régnant	régner	vprespart	vprespart	_	2	__JOKER__	_	_
eb2f1ad5-2f58-41d3-a5d9-4453b432cb07.xml.macaon	51	10	à	à	prep	prep	_	9	mod	_	_
eb2f1ad5-2f58-41d3-a5d9-4453b432cb07.xml.macaon	52	11	la	le	det	det	_	12	det	_	_
eb2f1ad5-2f58-41d3-a5d9-4453b432cb07.xml.macaon	53	12	fin	fin	nc	nc	_	10	obj	_	_
eb2f1ad5-2f58-41d3-a5d9-4453b432cb07.xml.macaon	54	13	du	du	prep	prep	_	12	dep	_	_
eb2f1ad5-2f58-41d3-a5d9-4453b432cb07.xml.macaon	55	14	XIIe	XIIe	adj	adj	_	15	mod	_	_
eb2f1ad5-2f58-41d3-a5d9-4453b432cb07.xml.macaon	56	15	siècle	siècle	nc	nc	_	13	obj	_	_
eb2f1ad5-2f58-41d3-a5d9-4453b432cb07.xml.macaon	57	16	av.	av.	nc	nc	_	15	mod	_	_

eb2f1ad5-2f58-41d3-a5d9-4453b432cb07.xml.macaon	58	1	J.-C.	J.-C.	nc	nc	_	_	_	_	_

eb2f1ad5-2f58-41d3-a5d9-4453b432cb07.xml.macaon	59	1	Il	il	cln	cln	_	2	suj	_	_
eb2f1ad5-2f58-41d3-a5d9-4453b432cb07.xml.macaon	60	2	repoussa	repousser	v	v	_	_	_	_	_
eb2f1ad5-2f58-41d3-a5d9-4453b432cb07.xml.macaon	61	3	les	le	det	det	_	4	det	_	_
eb2f1ad5-2f58-41d3-a5d9-4453b432cb07.xml.macaon	62	4	Élamites	Élamites	nc	nc	_	2	obj	_	_
eb2f1ad5-2f58-41d3-a5d9-4453b432cb07.xml.macaon	63	5	,	,	ponctw	ponctw	_	2	ponct	_	_
eb2f1ad5-2f58-41d3-a5d9-4453b432cb07.xml.macaon	64	6	mais	mais	coo	coo	_	2	coord	_	_
eb2f1ad5-2f58-41d3-a5d9-4453b432cb07.xml.macaon	65	7	ne	ne	advneg	advneg	_	8	mod	_	_
eb2f1ad5-2f58-41d3-a5d9-4453b432cb07.xml.macaon	66	8	parvient	parvenir	v	v	_	6	dep_coord	_	_
eb2f1ad5-2f58-41d3-a5d9-4453b432cb07.xml.macaon	67	9	pas	pas	advneg	advneg	_	8	mod	_	_
eb2f1ad5-2f58-41d3-a5d9-4453b432cb07.xml.macaon	68	10	à	à	prep	prep	_	8	a_obj	_	_
eb2f1ad5-2f58-41d3-a5d9-4453b432cb07.xml.macaon	69	11	vaincre	vaincre	vinf	vinf	_	10	obj	_	_
eb2f1ad5-2f58-41d3-a5d9-4453b432cb07.xml.macaon	70	12	les	le	det	det	_	13	det	_	_
eb2f1ad5-2f58-41d3-a5d9-4453b432cb07.xml.macaon	71	13	Assyriens	assyrien	nc	nc	_	11	obj	_	_
eb2f1ad5-2f58-41d3-a5d9-4453b432cb07.xml.macaon	72	14	.	.	poncts	poncts	_	2	ponct	_	_
