ed87b06a-5d99-4754-8134-0507d0741bba.xml.macaon	0	1	vikidia	vikidia	nc	nc	_	_	_	_	_

ed87b06a-5d99-4754-8134-0507d0741bba.xml.macaon	1	1	ed87b06a	ed87b06a	det	det	_	5	det	_	_
ed87b06a-5d99-4754-8134-0507d0741bba.xml.macaon	2	2	-	-	ponctw	ponctw	_	5	ponct	_	_
ed87b06a-5d99-4754-8134-0507d0741bba.xml.macaon	3	3	5d99	5d99	adj	adj	_	5	mod	_	_
ed87b06a-5d99-4754-8134-0507d0741bba.xml.macaon	4	4	-	-	ponctw	ponctw	_	3	ponct	_	_
ed87b06a-5d99-4754-8134-0507d0741bba.xml.macaon	5	5	4754	4754	nc	nc	_	_	_	_	_
ed87b06a-5d99-4754-8134-0507d0741bba.xml.macaon	6	6	-	-	ponctw	ponctw	_	5	ponct	_	_
ed87b06a-5d99-4754-8134-0507d0741bba.xml.macaon	7	7	8134	8134	nc	nc	_	5	mod	_	_
ed87b06a-5d99-4754-8134-0507d0741bba.xml.macaon	8	8	-	-	ponctw	ponctw	_	7	ponct	_	_
ed87b06a-5d99-4754-8134-0507d0741bba.xml.macaon	9	9	0507d0741bba	0507d0741bba	nc	nc	_	7	mod	_	_

ed87b06a-5d99-4754-8134-0507d0741bba.xml.macaon	10	1	ADDED	ADDED	nc	nc	_	_	_	_	_

ed87b06a-5d99-4754-8134-0507d0741bba.xml.macaon	11	1	2016	2016	adj	adj	_	3	mod	_	_
ed87b06a-5d99-4754-8134-0507d0741bba.xml.macaon	12	2	-	-	ponctw	ponctw	_	1	ponct	_	_
ed87b06a-5d99-4754-8134-0507d0741bba.xml.macaon	13	3	06	06	nc	nc	_	_	_	_	_
ed87b06a-5d99-4754-8134-0507d0741bba.xml.macaon	14	4	-	-	ponctw	ponctw	_	3	ponct	_	_
ed87b06a-5d99-4754-8134-0507d0741bba.xml.macaon	15	5	15T14	15T14	nc	nc	_	3	mod	_	_
ed87b06a-5d99-4754-8134-0507d0741bba.xml.macaon	16	6	:	:	ponctw	ponctw	_	5	ponct	_	_
ed87b06a-5d99-4754-8134-0507d0741bba.xml.macaon	17	7	52	52	det	det	_	9	det	_	_
ed87b06a-5d99-4754-8134-0507d0741bba.xml.macaon	18	8	:	:	ponctw	ponctw	_	9	ponct	_	_
ed87b06a-5d99-4754-8134-0507d0741bba.xml.macaon	19	9	30Z	30Z	nc	nc	_	5	mod	_	_

ed87b06a-5d99-4754-8134-0507d0741bba.xml.macaon	20	1	Affranchi	affranchir	vppart	vppart	_	_	_	_	_

ed87b06a-5d99-4754-8134-0507d0741bba.xml.macaon	21	1	Un	un	det	det	_	2	det	_	_
ed87b06a-5d99-4754-8134-0507d0741bba.xml.macaon	22	2	affranchi	affranchi	nc	nc	_	3	suj	_	_
ed87b06a-5d99-4754-8134-0507d0741bba.xml.macaon	23	3	est	être	v	v	_	_	_	_	_
ed87b06a-5d99-4754-8134-0507d0741bba.xml.macaon	24	4	un	un	det	det	_	5	det	_	_
ed87b06a-5d99-4754-8134-0507d0741bba.xml.macaon	25	5	esclave	esclave	nc	nc	_	3	obj	_	_
ed87b06a-5d99-4754-8134-0507d0741bba.xml.macaon	26	6	à	à	prep	prep	_	10	mod	_	_
ed87b06a-5d99-4754-8134-0507d0741bba.xml.macaon	27	7	qui	qui	prorel	prorel	_	10	suj	_	_
ed87b06a-5d99-4754-8134-0507d0741bba.xml.macaon	28	8	on	on	cln	cln	_	10	suj	_	_
ed87b06a-5d99-4754-8134-0507d0741bba.xml.macaon	29	9	a	avoir	v	v	_	10	aux_tps	_	_
ed87b06a-5d99-4754-8134-0507d0741bba.xml.macaon	30	10	rendu	rendre	vppart	vppart	_	5	mod_rel	_	_
ed87b06a-5d99-4754-8134-0507d0741bba.xml.macaon	31	11	sa	son	det	det	_	12	det	_	_
ed87b06a-5d99-4754-8134-0507d0741bba.xml.macaon	32	12	liberté	liberté	nc	nc	_	10	obj	_	_
ed87b06a-5d99-4754-8134-0507d0741bba.xml.macaon	33	13	.	.	poncts	poncts	_	3	ponct	_	_

ed87b06a-5d99-4754-8134-0507d0741bba.xml.macaon	34	1	Antiquité	antiquité	nc	nc	_	_	_	_	_

ed87b06a-5d99-4754-8134-0507d0741bba.xml.macaon	35	1	Affranchi	affranchir	vppart	vppart	_	_	_	_	_

ed87b06a-5d99-4754-8134-0507d0741bba.xml.macaon	36	1	Un	un	det	det	_	2	det	_	_
ed87b06a-5d99-4754-8134-0507d0741bba.xml.macaon	37	2	affranchi	affranchi	nc	nc	_	3	suj	_	_
ed87b06a-5d99-4754-8134-0507d0741bba.xml.macaon	38	3	est	être	v	v	_	_	_	_	_
ed87b06a-5d99-4754-8134-0507d0741bba.xml.macaon	39	4	un	un	det	det	_	5	det	_	_
ed87b06a-5d99-4754-8134-0507d0741bba.xml.macaon	40	5	esclave	esclave	nc	nc	_	3	obj	_	_
ed87b06a-5d99-4754-8134-0507d0741bba.xml.macaon	41	6	à	à	prep	prep	_	10	mod	_	_
ed87b06a-5d99-4754-8134-0507d0741bba.xml.macaon	42	7	qui	qui	prorel	prorel	_	10	suj	_	_
ed87b06a-5d99-4754-8134-0507d0741bba.xml.macaon	43	8	on	on	cln	cln	_	10	suj	_	_
ed87b06a-5d99-4754-8134-0507d0741bba.xml.macaon	44	9	a	avoir	v	v	_	10	aux_tps	_	_
ed87b06a-5d99-4754-8134-0507d0741bba.xml.macaon	45	10	rendu	rendre	vppart	vppart	_	5	mod_rel	_	_
ed87b06a-5d99-4754-8134-0507d0741bba.xml.macaon	46	11	sa	son	det	det	_	12	det	_	_
ed87b06a-5d99-4754-8134-0507d0741bba.xml.macaon	47	12	liberté	liberté	nc	nc	_	10	obj	_	_
ed87b06a-5d99-4754-8134-0507d0741bba.xml.macaon	48	13	.	.	poncts	poncts	_	3	ponct	_	_

ed87b06a-5d99-4754-8134-0507d0741bba.xml.macaon	49	1	Dans	dans	prep	prep	_	3	__JOKER__	_	_
ed87b06a-5d99-4754-8134-0507d0741bba.xml.macaon	50	2	la	le	det	det	_	3	det	_	_
ed87b06a-5d99-4754-8134-0507d0741bba.xml.macaon	51	3	Grèce	Grèce	np	np	_	_	_	_	_
ed87b06a-5d99-4754-8134-0507d0741bba.xml.macaon	52	4	et	et	coo	coo	_	3	coord	_	_
ed87b06a-5d99-4754-8134-0507d0741bba.xml.macaon	53	5	la	le	det	det	_	6	det	_	_
ed87b06a-5d99-4754-8134-0507d0741bba.xml.macaon	54	6	Rome	Rome	np	np	_	4	dep_coord	_	_
ed87b06a-5d99-4754-8134-0507d0741bba.xml.macaon	55	7	antique	antique	adj	adj	_	6	mod	_	_
ed87b06a-5d99-4754-8134-0507d0741bba.xml.macaon	56	8	,	,	ponctw	ponctw	_	12	ponct	_	_
ed87b06a-5d99-4754-8134-0507d0741bba.xml.macaon	57	9	l'	le	det	det	_	10	det	_	_
ed87b06a-5d99-4754-8134-0507d0741bba.xml.macaon	58	10	esclave	esclave	nc	nc	_	12	suj	_	_
ed87b06a-5d99-4754-8134-0507d0741bba.xml.macaon	59	11	affranchi	affranchir	vppart	vppart	_	10	mod	_	_
ed87b06a-5d99-4754-8134-0507d0741bba.xml.macaon	60	12	devait	devoir	v	v	_	4	dep_coord	_	_
ed87b06a-5d99-4754-8134-0507d0741bba.xml.macaon	61	13	souvent	souvent	adv	adv	_	12	mod	_	_
ed87b06a-5d99-4754-8134-0507d0741bba.xml.macaon	62	14	racheter	racheter	vinf	vinf	_	12	obj	_	_
ed87b06a-5d99-4754-8134-0507d0741bba.xml.macaon	63	15	sa	son	det	det	_	16	det	_	_
ed87b06a-5d99-4754-8134-0507d0741bba.xml.macaon	64	16	liberté	liberté	nc	nc	_	14	obj	_	_
ed87b06a-5d99-4754-8134-0507d0741bba.xml.macaon	65	17	,	,	ponctw	ponctw	_	16	ponct	_	_
ed87b06a-5d99-4754-8134-0507d0741bba.xml.macaon	66	18	en	en	prep	prep	_	14	mod	_	_
ed87b06a-5d99-4754-8134-0507d0741bba.xml.macaon	67	19	prélevant	prélever	vprespart	vprespart	_	18	__JOKER__	_	_
ed87b06a-5d99-4754-8134-0507d0741bba.xml.macaon	68	20	sur	sur	prep	prep	_	19	mod	_	_
ed87b06a-5d99-4754-8134-0507d0741bba.xml.macaon	69	21	ses	son	det	det	_	22	det	_	_
ed87b06a-5d99-4754-8134-0507d0741bba.xml.macaon	70	22	économies	économie	nc	nc	_	20	obj	_	_
ed87b06a-5d99-4754-8134-0507d0741bba.xml.macaon	71	23	ou	ou	coo	coo	_	20	coord	_	_
ed87b06a-5d99-4754-8134-0507d0741bba.xml.macaon	72	24	en	en	prep	prep	_	23	dep_coord	_	_
ed87b06a-5d99-4754-8134-0507d0741bba.xml.macaon	73	25	contractant	contracter	vprespart	vprespart	_	24	__JOKER__	_	_
ed87b06a-5d99-4754-8134-0507d0741bba.xml.macaon	74	26	un	un	det	det	_	27	det	_	_
ed87b06a-5d99-4754-8134-0507d0741bba.xml.macaon	75	27	prêt	prêt	nc	nc	_	24	obj	_	_
ed87b06a-5d99-4754-8134-0507d0741bba.xml.macaon	76	28	.	.	poncts	poncts	_	12	ponct	_	_

ed87b06a-5d99-4754-8134-0507d0741bba.xml.macaon	77	1	Il	il	cln	cln	_	2	suj	_	_
ed87b06a-5d99-4754-8134-0507d0741bba.xml.macaon	78	2	pouvait	pouvoir	v	v	_	_	_	_	_
ed87b06a-5d99-4754-8134-0507d0741bba.xml.macaon	79	3	être	être	vinf	vinf	_	4	aux_pass	_	_
ed87b06a-5d99-4754-8134-0507d0741bba.xml.macaon	80	4	affranchi	affranchir	vppart	vppart	_	2	__JOKER__	_	_
ed87b06a-5d99-4754-8134-0507d0741bba.xml.macaon	81	5	par	par	prep	prep	_	4	mod	_	_
ed87b06a-5d99-4754-8134-0507d0741bba.xml.macaon	82	6	son	son	det	det	_	7	det	_	_
ed87b06a-5d99-4754-8134-0507d0741bba.xml.macaon	83	7	maître	maître	nc	nc	_	5	obj	_	_
ed87b06a-5d99-4754-8134-0507d0741bba.xml.macaon	84	8	de	de	prep	prep	_	7	dep	_	_
ed87b06a-5d99-4754-8134-0507d0741bba.xml.macaon	85	9	plusieurs	plusieurs	det	det	_	10	det	_	_
ed87b06a-5d99-4754-8134-0507d0741bba.xml.macaon	86	10	manières	manière	nc	nc	_	8	obj	_	_
ed87b06a-5d99-4754-8134-0507d0741bba.xml.macaon	87	11	:	:	ponctw	ponctw	_	10	ponct	_	_
ed87b06a-5d99-4754-8134-0507d0741bba.xml.macaon	88	12	à	à	prep	prep	_	10	dep	_	_
ed87b06a-5d99-4754-8134-0507d0741bba.xml.macaon	89	13	l'	le	det	det	_	14	det	_	_
ed87b06a-5d99-4754-8134-0507d0741bba.xml.macaon	90	14	oral	oral	nc	nc	_	12	obj	_	_
ed87b06a-5d99-4754-8134-0507d0741bba.xml.macaon	91	15	,	,	ponctw	ponctw	_	14	ponct	_	_
ed87b06a-5d99-4754-8134-0507d0741bba.xml.macaon	92	16	mais	mais	coo	coo	_	14	coord	_	_
ed87b06a-5d99-4754-8134-0507d0741bba.xml.macaon	93	17	cette	ce	det	det	_	18	det	_	_
ed87b06a-5d99-4754-8134-0507d0741bba.xml.macaon	94	18	pratique	pratique	nc	nc	_	16	dep_coord	_	_
ed87b06a-5d99-4754-8134-0507d0741bba.xml.macaon	95	19	a	avoir	v	v	_	21	aux_tps	_	_
ed87b06a-5d99-4754-8134-0507d0741bba.xml.macaon	96	20	été	être	vppart	vppart	_	21	aux_pass	_	_
ed87b06a-5d99-4754-8134-0507d0741bba.xml.macaon	97	21	interdite	interdire	vppart	vppart	_	18	mod	_	_
ed87b06a-5d99-4754-8134-0507d0741bba.xml.macaon	98	22	à	à	prep	prep	_	21	mod	_	_
ed87b06a-5d99-4754-8134-0507d0741bba.xml.macaon	99	23	Athènes	Athènes	np	np	_	22	obj	_	_
ed87b06a-5d99-4754-8134-0507d0741bba.xml.macaon	100	24	au	au	prep	prep	_	21	mod	_	_
ed87b06a-5d99-4754-8134-0507d0741bba.xml.macaon	101	25	milieu	milieu	nc	nc	_	24	obj	_	_
ed87b06a-5d99-4754-8134-0507d0741bba.xml.macaon	102	26	du	du	prep	prep	_	25	dep	_	_
ed87b06a-5d99-4754-8134-0507d0741bba.xml.macaon	103	27	VI	VI	adj	adj	_	28	mod	_	_
ed87b06a-5d99-4754-8134-0507d0741bba.xml.macaon	104	28	siècle	siècle	nc	nc	_	26	obj	_	_
ed87b06a-5d99-4754-8134-0507d0741bba.xml.macaon	105	29	,	,	ponctw	ponctw	_	28	ponct	_	_
ed87b06a-5d99-4754-8134-0507d0741bba.xml.macaon	106	30	par	par	prep	prep	_	28	dep	_	_
ed87b06a-5d99-4754-8134-0507d0741bba.xml.macaon	107	31	le	le	det	det	_	32	det	_	_
ed87b06a-5d99-4754-8134-0507d0741bba.xml.macaon	108	32	testament	testament	nc	nc	_	30	obj	_	_
ed87b06a-5d99-4754-8134-0507d0741bba.xml.macaon	109	33	gravé	graver	vppart	vppart	_	32	mod	_	_
ed87b06a-5d99-4754-8134-0507d0741bba.xml.macaon	110	34	sur	sur	prep	prep	_	33	mod	_	_
ed87b06a-5d99-4754-8134-0507d0741bba.xml.macaon	111	35	une	un	det	det	_	36	det	_	_
ed87b06a-5d99-4754-8134-0507d0741bba.xml.macaon	112	36	pierre	pierre	nc	nc	_	34	obj	_	_
ed87b06a-5d99-4754-8134-0507d0741bba.xml.macaon	113	37	.	.	poncts	poncts	_	2	__JOKER__	_	_

ed87b06a-5d99-4754-8134-0507d0741bba.xml.macaon	114	1	Il	il	cln	cln	_	3	suj	_	_	B:Becoming:FE:Entity:G:116
ed87b06a-5d99-4754-8134-0507d0741bba.xml.macaon	115	2	ne	ne	advneg	advneg	_	3	mod	_	_
ed87b06a-5d99-4754-8134-0507d0741bba.xml.macaon	116	3	devenait	devenir	v	v	_	_	_	_	_	B:Becoming:TARGET:devenir:G:116
ed87b06a-5d99-4754-8134-0507d0741bba.xml.macaon	117	4	pas	pas	advneg	advneg	_	3	mod	_	_
ed87b06a-5d99-4754-8134-0507d0741bba.xml.macaon	118	5	l'	le	det	det	_	6	det	_	_	B:Becoming:FE:Final_category:G:116
ed87b06a-5d99-4754-8134-0507d0741bba.xml.macaon	119	6	égal	égal	adj	adj	_	3	ats	_	_	I:Becoming:FE:Final_category:G:116
ed87b06a-5d99-4754-8134-0507d0741bba.xml.macaon	120	7	de	de	prep	prep	_	6	dep	_	_	I:Becoming:FE:Final_category:G:116
ed87b06a-5d99-4754-8134-0507d0741bba.xml.macaon	121	8	son	son	det	det	_	10	det	_	_	I:Becoming:FE:Final_category:G:116
ed87b06a-5d99-4754-8134-0507d0741bba.xml.macaon	122	9	ancien	ancien	adj	adj	_	10	mod	_	_	I:Becoming:FE:Final_category:G:116
ed87b06a-5d99-4754-8134-0507d0741bba.xml.macaon	123	10	maître	maître	nc	nc	_	7	obj	_	_	I:Becoming:FE:Final_category:G:116
ed87b06a-5d99-4754-8134-0507d0741bba.xml.macaon	124	11	:	:	ponctw	ponctw	_	10	ponct	_	_
ed87b06a-5d99-4754-8134-0507d0741bba.xml.macaon	125	12	en#particulier	en#particulier	adv	adv	_	16	mod	_	_
ed87b06a-5d99-4754-8134-0507d0741bba.xml.macaon	126	13	,	,	ponctw	ponctw	_	16	ponct	_	_
ed87b06a-5d99-4754-8134-0507d0741bba.xml.macaon	127	14	il	il	cln	cln	_	16	suj	_	_
ed87b06a-5d99-4754-8134-0507d0741bba.xml.macaon	128	15	n'	n'	advneg	advneg	_	16	mod	_	_
ed87b06a-5d99-4754-8134-0507d0741bba.xml.macaon	129	16	était	être	v	v	_	6	__JOKER__	_	_
ed87b06a-5d99-4754-8134-0507d0741bba.xml.macaon	130	17	pas	pas	advneg	advneg	_	16	mod	_	_
ed87b06a-5d99-4754-8134-0507d0741bba.xml.macaon	131	18	citoyen	citoyen	adj	adj	_	16	ats	_	_
ed87b06a-5d99-4754-8134-0507d0741bba.xml.macaon	132	19	,	,	ponctw	ponctw	_	16	ponct	_	_
ed87b06a-5d99-4754-8134-0507d0741bba.xml.macaon	133	20	et	et	coo	coo	_	16	coord	_	_
ed87b06a-5d99-4754-8134-0507d0741bba.xml.macaon	134	21	certains	certain	det	det	_	22	det	_	_
ed87b06a-5d99-4754-8134-0507d0741bba.xml.macaon	135	22	droits	droit	nc	nc	_	20	dep_coord	_	_
ed87b06a-5d99-4754-8134-0507d0741bba.xml.macaon	136	23	lui	lui	clo	clo	_	25	a_obj	_	_
ed87b06a-5d99-4754-8134-0507d0741bba.xml.macaon	137	24	étaient	étayer	v	v	_	25	aux_tps	_	_
ed87b06a-5d99-4754-8134-0507d0741bba.xml.macaon	138	25	refusés	refuser	vppart	vppart	_	22	mod	_	_
ed87b06a-5d99-4754-8134-0507d0741bba.xml.macaon	139	26	,	,	ponctw	ponctw	_	25	ponct	_	_
ed87b06a-5d99-4754-8134-0507d0741bba.xml.macaon	140	27	son	son	det	det	_	28	det	_	_	B:Becoming:FE:Entity:G:142
ed87b06a-5d99-4754-8134-0507d0741bba.xml.macaon	141	28	maitre	maitre	nc	nc	_	29	suj	_	_	I:Becoming:FE:Entity:G:142
ed87b06a-5d99-4754-8134-0507d0741bba.xml.macaon	142	29	devenait	devenir	v	v	_	20	dep_coord	_	_	B:Becoming:TARGET:devenir:G:142
ed87b06a-5d99-4754-8134-0507d0741bba.xml.macaon	143	30	le	le	det	det	_	32	det	_	_	B:Becoming:FE:Final_category:G:142
ed87b06a-5d99-4754-8134-0507d0741bba.xml.macaon	144	31	"	"	ponctw	ponctw	_	32	ponct	_	_	I:Becoming:FE:Final_category:G:142
ed87b06a-5d99-4754-8134-0507d0741bba.xml.macaon	145	32	patron	patron	nc	nc	_	29	obj	_	_	I:Becoming:FE:Final_category:G:142
ed87b06a-5d99-4754-8134-0507d0741bba.xml.macaon	146	33	"	"	ponctw	ponctw	_	32	ponct	_	_	I:Becoming:FE:Final_category:G:142
ed87b06a-5d99-4754-8134-0507d0741bba.xml.macaon	147	34	et	et	coo	coo	_	32	coord	_	_
ed87b06a-5d99-4754-8134-0507d0741bba.xml.macaon	148	35	l'	le	det	det	_	36	det	_	_
ed87b06a-5d99-4754-8134-0507d0741bba.xml.macaon	149	36	esclave	esclave	nc	nc	_	37	suj	_	_
ed87b06a-5d99-4754-8134-0507d0741bba.xml.macaon	150	37	travaille	travailler	v	v	_	34	dep_coord	_	_
ed87b06a-5d99-4754-8134-0507d0741bba.xml.macaon	151	38	pour	pour	prep	prep	_	37	mod	_	_
ed87b06a-5d99-4754-8134-0507d0741bba.xml.macaon	152	39	lui	lui	pro	pro	_	38	obj	_	_
ed87b06a-5d99-4754-8134-0507d0741bba.xml.macaon	153	40	.	.	poncts	poncts	_	3	ponct	_	_

ed87b06a-5d99-4754-8134-0507d0741bba.xml.macaon	154	1	L'	L'	det	det	_	2	det	_	_
ed87b06a-5d99-4754-8134-0507d0741bba.xml.macaon	155	2	affranchissement	affranchissement	nc	nc	_	3	suj	_	_
ed87b06a-5d99-4754-8134-0507d0741bba.xml.macaon	156	3	était	être	v	v	_	_	_	_	_
ed87b06a-5d99-4754-8134-0507d0741bba.xml.macaon	157	4	une	un	det	det	_	5	det	_	_
ed87b06a-5d99-4754-8134-0507d0741bba.xml.macaon	158	5	étape	étape	nc	nc	_	3	obj	_	_
ed87b06a-5d99-4754-8134-0507d0741bba.xml.macaon	159	6	entre	entre	prep	prep	_	3	mod	_	_
ed87b06a-5d99-4754-8134-0507d0741bba.xml.macaon	160	7	l'	le	det	det	_	8	det	_	_
ed87b06a-5d99-4754-8134-0507d0741bba.xml.macaon	161	8	esclavage	esclavage	nc	nc	_	6	obj	_	_
ed87b06a-5d99-4754-8134-0507d0741bba.xml.macaon	162	9	et	et	coo	coo	_	8	coord	_	_
ed87b06a-5d99-4754-8134-0507d0741bba.xml.macaon	163	10	la	le	det	det	_	11	det	_	_
ed87b06a-5d99-4754-8134-0507d0741bba.xml.macaon	164	11	liberté	liberté	nc	nc	_	9	dep_coord	_	_
ed87b06a-5d99-4754-8134-0507d0741bba.xml.macaon	165	12	.	.	poncts	poncts	_	3	ponct	_	_
