ef4d31fe-86bc-4422-8092-5547c9fd53e4.xml.macaon	0	1	vikidia	vikidia	nc	nc	_	_	_	_	_

ef4d31fe-86bc-4422-8092-5547c9fd53e4.xml.macaon	1	1	ef4d31fe	ef4d31fe	adj	adj	_	3	mod	_	_
ef4d31fe-86bc-4422-8092-5547c9fd53e4.xml.macaon	2	2	-	-	ponctw	ponctw	_	1	ponct	_	_
ef4d31fe-86bc-4422-8092-5547c9fd53e4.xml.macaon	3	3	86bc	86bc	nc	nc	_	_	_	_	_
ef4d31fe-86bc-4422-8092-5547c9fd53e4.xml.macaon	4	4	-	-	ponctw	ponctw	_	3	ponct	_	_
ef4d31fe-86bc-4422-8092-5547c9fd53e4.xml.macaon	5	5	4422	4422	nc	nc	_	3	mod	_	_
ef4d31fe-86bc-4422-8092-5547c9fd53e4.xml.macaon	6	6	-	-	ponctw	ponctw	_	5	ponct	_	_
ef4d31fe-86bc-4422-8092-5547c9fd53e4.xml.macaon	7	7	8092	8092	nc	nc	_	5	mod	_	_
ef4d31fe-86bc-4422-8092-5547c9fd53e4.xml.macaon	8	8	-	-	ponctw	ponctw	_	7	ponct	_	_
ef4d31fe-86bc-4422-8092-5547c9fd53e4.xml.macaon	9	9	5547c9fd53e4	5547c9fd53e4	nc	nc	_	7	mod	_	_

ef4d31fe-86bc-4422-8092-5547c9fd53e4.xml.macaon	10	1	ADDED	ADDED	nc	nc	_	_	_	_	_

ef4d31fe-86bc-4422-8092-5547c9fd53e4.xml.macaon	11	1	2016	2016	adj	adj	_	3	mod	_	_
ef4d31fe-86bc-4422-8092-5547c9fd53e4.xml.macaon	12	2	-	-	ponctw	ponctw	_	1	ponct	_	_
ef4d31fe-86bc-4422-8092-5547c9fd53e4.xml.macaon	13	3	06	06	nc	nc	_	_	_	_	_
ef4d31fe-86bc-4422-8092-5547c9fd53e4.xml.macaon	14	4	-	-	ponctw	ponctw	_	3	ponct	_	_
ef4d31fe-86bc-4422-8092-5547c9fd53e4.xml.macaon	15	5	15T14	15T14	nc	nc	_	3	mod	_	_
ef4d31fe-86bc-4422-8092-5547c9fd53e4.xml.macaon	16	6	:	:	ponctw	ponctw	_	5	ponct	_	_
ef4d31fe-86bc-4422-8092-5547c9fd53e4.xml.macaon	17	7	53	53	nc	nc	_	5	mod	_	_
ef4d31fe-86bc-4422-8092-5547c9fd53e4.xml.macaon	18	8	:	:	ponctw	ponctw	_	7	ponct	_	_
ef4d31fe-86bc-4422-8092-5547c9fd53e4.xml.macaon	19	9	24Z	24Z	nc	nc	_	7	mod	_	_

ef4d31fe-86bc-4422-8092-5547c9fd53e4.xml.macaon	20	1	Zeugma	Zeugma	np	np	_	_	_	_	_
ef4d31fe-86bc-4422-8092-5547c9fd53e4.xml.macaon	21	2	(	(	ponctw	ponctw	_	1	ponct	_	_
ef4d31fe-86bc-4422-8092-5547c9fd53e4.xml.macaon	22	3	cité	cité	nc	nc	_	1	mod	_	_
ef4d31fe-86bc-4422-8092-5547c9fd53e4.xml.macaon	23	4	antique	antique	adj	adj	_	3	mod	_	_
ef4d31fe-86bc-4422-8092-5547c9fd53e4.xml.macaon	24	5	)	)	ponctw	ponctw	_	3	ponct	_	_

ef4d31fe-86bc-4422-8092-5547c9fd53e4.xml.macaon	25	1	Zeugma	Zeugma	np	np	_	2	suj	_	_
ef4d31fe-86bc-4422-8092-5547c9fd53e4.xml.macaon	26	2	est	être	v	v	_	_	_	_	_
ef4d31fe-86bc-4422-8092-5547c9fd53e4.xml.macaon	27	3	une	un	det	det	_	4	det	_	_
ef4d31fe-86bc-4422-8092-5547c9fd53e4.xml.macaon	28	4	cité	cité	nc	nc	_	2	ats	_	_
ef4d31fe-86bc-4422-8092-5547c9fd53e4.xml.macaon	29	5	antique	antique	adj	adj	_	4	mod	_	_
ef4d31fe-86bc-4422-8092-5547c9fd53e4.xml.macaon	30	6	située	situer	vppart	vppart	_	4	mod	_	_
ef4d31fe-86bc-4422-8092-5547c9fd53e4.xml.macaon	31	7	sur	sur	prep	prep	_	6	mod	_	_
ef4d31fe-86bc-4422-8092-5547c9fd53e4.xml.macaon	32	8	l'	le	det	det	_	9	det	_	_
ef4d31fe-86bc-4422-8092-5547c9fd53e4.xml.macaon	33	9	Euphrate	Euphrate	np	np	_	7	obj	_	_
ef4d31fe-86bc-4422-8092-5547c9fd53e4.xml.macaon	34	10	,	,	ponctw	ponctw	_	9	ponct	_	_
ef4d31fe-86bc-4422-8092-5547c9fd53e4.xml.macaon	35	11	aujourd'hui	aujourd'hui	adv	adv	_	9	__JOKER__	_	_
ef4d31fe-86bc-4422-8092-5547c9fd53e4.xml.macaon	36	12	en	en	prep	prep	_	6	mod	_	_
ef4d31fe-86bc-4422-8092-5547c9fd53e4.xml.macaon	37	13	Turquie	Turquie	np	np	_	12	obj	_	_
ef4d31fe-86bc-4422-8092-5547c9fd53e4.xml.macaon	38	14	,	,	ponctw	ponctw	_	13	ponct	_	_
ef4d31fe-86bc-4422-8092-5547c9fd53e4.xml.macaon	39	15	près#de	près#de	prep	prep	_	6	mod	_	_
ef4d31fe-86bc-4422-8092-5547c9fd53e4.xml.macaon	40	16	la	le	det	det	_	17	det	_	_
ef4d31fe-86bc-4422-8092-5547c9fd53e4.xml.macaon	41	17	frontière	frontière	nc	nc	_	15	obj	_	_
ef4d31fe-86bc-4422-8092-5547c9fd53e4.xml.macaon	42	18	syrienne	syrien	adj	adj	_	17	mod	_	_
ef4d31fe-86bc-4422-8092-5547c9fd53e4.xml.macaon	43	19	,	,	ponctw	ponctw	_	17	ponct	_	_
ef4d31fe-86bc-4422-8092-5547c9fd53e4.xml.macaon	44	20	dans	dans	prep	prep	_	17	dep	_	_
ef4d31fe-86bc-4422-8092-5547c9fd53e4.xml.macaon	45	21	l'	le	det	det	_	23	det	_	_
ef4d31fe-86bc-4422-8092-5547c9fd53e4.xml.macaon	46	22	ancienne	ancien	adj	adj	_	23	mod	_	_
ef4d31fe-86bc-4422-8092-5547c9fd53e4.xml.macaon	47	23	Commagène	Commagène	np	np	_	20	obj	_	_
ef4d31fe-86bc-4422-8092-5547c9fd53e4.xml.macaon	48	24	.	.	poncts	poncts	_	2	ponct	_	_

ef4d31fe-86bc-4422-8092-5547c9fd53e4.xml.macaon	49	1	Antiquité	antiquité	nc	nc	_	_	_	_	_

ef4d31fe-86bc-4422-8092-5547c9fd53e4.xml.macaon	50	1	Zeugma	Zeugma	np	np	_	_	_	_	_
ef4d31fe-86bc-4422-8092-5547c9fd53e4.xml.macaon	51	2	(	(	ponctw	ponctw	_	1	ponct	_	_
ef4d31fe-86bc-4422-8092-5547c9fd53e4.xml.macaon	52	3	cité	cité	nc	nc	_	1	mod	_	_
ef4d31fe-86bc-4422-8092-5547c9fd53e4.xml.macaon	53	4	antique	antique	adj	adj	_	3	mod	_	_
ef4d31fe-86bc-4422-8092-5547c9fd53e4.xml.macaon	54	5	)	)	ponctw	ponctw	_	3	ponct	_	_

ef4d31fe-86bc-4422-8092-5547c9fd53e4.xml.macaon	55	1	Zeugma	Zeugma	np	np	_	2	suj	_	_
ef4d31fe-86bc-4422-8092-5547c9fd53e4.xml.macaon	56	2	est	être	v	v	_	_	_	_	_
ef4d31fe-86bc-4422-8092-5547c9fd53e4.xml.macaon	57	3	une	un	det	det	_	4	det	_	_
ef4d31fe-86bc-4422-8092-5547c9fd53e4.xml.macaon	58	4	cité	cité	nc	nc	_	2	ats	_	_
ef4d31fe-86bc-4422-8092-5547c9fd53e4.xml.macaon	59	5	antique	antique	adj	adj	_	4	mod	_	_
ef4d31fe-86bc-4422-8092-5547c9fd53e4.xml.macaon	60	6	située	situer	vppart	vppart	_	4	mod	_	_
ef4d31fe-86bc-4422-8092-5547c9fd53e4.xml.macaon	61	7	sur	sur	prep	prep	_	6	mod	_	_
ef4d31fe-86bc-4422-8092-5547c9fd53e4.xml.macaon	62	8	l'	le	det	det	_	9	det	_	_
ef4d31fe-86bc-4422-8092-5547c9fd53e4.xml.macaon	63	9	Euphrate	Euphrate	np	np	_	7	obj	_	_
ef4d31fe-86bc-4422-8092-5547c9fd53e4.xml.macaon	64	10	,	,	ponctw	ponctw	_	9	ponct	_	_
ef4d31fe-86bc-4422-8092-5547c9fd53e4.xml.macaon	65	11	aujourd'hui	aujourd'hui	adv	adv	_	9	__JOKER__	_	_
ef4d31fe-86bc-4422-8092-5547c9fd53e4.xml.macaon	66	12	en	en	prep	prep	_	6	mod	_	_
ef4d31fe-86bc-4422-8092-5547c9fd53e4.xml.macaon	67	13	Turquie	Turquie	np	np	_	12	obj	_	_
ef4d31fe-86bc-4422-8092-5547c9fd53e4.xml.macaon	68	14	,	,	ponctw	ponctw	_	13	ponct	_	_
ef4d31fe-86bc-4422-8092-5547c9fd53e4.xml.macaon	69	15	près#de	près#de	prep	prep	_	6	mod	_	_
ef4d31fe-86bc-4422-8092-5547c9fd53e4.xml.macaon	70	16	la	le	det	det	_	17	det	_	_
ef4d31fe-86bc-4422-8092-5547c9fd53e4.xml.macaon	71	17	frontière	frontière	nc	nc	_	15	obj	_	_
ef4d31fe-86bc-4422-8092-5547c9fd53e4.xml.macaon	72	18	syrienne	syrien	adj	adj	_	17	mod	_	_
ef4d31fe-86bc-4422-8092-5547c9fd53e4.xml.macaon	73	19	,	,	ponctw	ponctw	_	17	ponct	_	_
ef4d31fe-86bc-4422-8092-5547c9fd53e4.xml.macaon	74	20	dans	dans	prep	prep	_	17	dep	_	_
ef4d31fe-86bc-4422-8092-5547c9fd53e4.xml.macaon	75	21	l'	le	det	det	_	23	det	_	_
ef4d31fe-86bc-4422-8092-5547c9fd53e4.xml.macaon	76	22	ancienne	ancien	adj	adj	_	23	mod	_	_
ef4d31fe-86bc-4422-8092-5547c9fd53e4.xml.macaon	77	23	Commagène	Commagène	np	np	_	20	obj	_	_
ef4d31fe-86bc-4422-8092-5547c9fd53e4.xml.macaon	78	24	.	.	poncts	poncts	_	2	ponct	_	_

ef4d31fe-86bc-4422-8092-5547c9fd53e4.xml.macaon	79	1	Le	le	det	det	_	2	det	_	_
ef4d31fe-86bc-4422-8092-5547c9fd53e4.xml.macaon	80	2	nom	nom	nc	nc	_	_	_	_	_
ef4d31fe-86bc-4422-8092-5547c9fd53e4.xml.macaon	81	3	de	de	prep	prep	_	2	dep	_	_
ef4d31fe-86bc-4422-8092-5547c9fd53e4.xml.macaon	82	4	la	le	det	det	_	5	det	_	_
ef4d31fe-86bc-4422-8092-5547c9fd53e4.xml.macaon	83	5	cité	cité	nc	nc	_	3	obj	_	_
ef4d31fe-86bc-4422-8092-5547c9fd53e4.xml.macaon	84	6	,	,	ponctw	ponctw	_	5	ponct	_	_
ef4d31fe-86bc-4422-8092-5547c9fd53e4.xml.macaon	85	7	Ζ	Ζ	ponctw	ponctw	_	5	ponct	_	_
ef4d31fe-86bc-4422-8092-5547c9fd53e4.xml.macaon	86	8	ε	ε	ponctw	ponctw	_	5	ponct	_	_
ef4d31fe-86bc-4422-8092-5547c9fd53e4.xml.macaon	87	9	ῦ	ῦ	nc	nc	_	5	mod	_	_
ef4d31fe-86bc-4422-8092-5547c9fd53e4.xml.macaon	88	10	γ	γ	ponctw	ponctw	_	9	ponct	_	_
ef4d31fe-86bc-4422-8092-5547c9fd53e4.xml.macaon	89	11	μ	μ	ponctw	ponctw	_	9	ponct	_	_
ef4d31fe-86bc-4422-8092-5547c9fd53e4.xml.macaon	90	12	α	α	ponctw	ponctw	_	15	ponct	_	_
ef4d31fe-86bc-4422-8092-5547c9fd53e4.xml.macaon	91	13	/	/	prep	prep	_	15	mod	_	_
ef4d31fe-86bc-4422-8092-5547c9fd53e4.xml.macaon	92	14	Zeugma	Zeugma	np	np	_	13	obj	_	_
ef4d31fe-86bc-4422-8092-5547c9fd53e4.xml.macaon	93	15	signifie	signifier	v	v	_	9	mod_rel	_	_
ef4d31fe-86bc-4422-8092-5547c9fd53e4.xml.macaon	94	16	en	en	prep	prep	_	15	mod	_	_
ef4d31fe-86bc-4422-8092-5547c9fd53e4.xml.macaon	95	17	grec	grec	nc	nc	_	16	obj	_	_
ef4d31fe-86bc-4422-8092-5547c9fd53e4.xml.macaon	96	18	«	«	ponctw	ponctw	_	15	ponct	_	_
ef4d31fe-86bc-4422-8092-5547c9fd53e4.xml.macaon	97	19	le	le	det	det	_	20	det	_	_
ef4d31fe-86bc-4422-8092-5547c9fd53e4.xml.macaon	98	20	lien	lien	nc	nc	_	15	obj	_	_
ef4d31fe-86bc-4422-8092-5547c9fd53e4.xml.macaon	99	21	»	»	ponctw	ponctw	_	20	ponct	_	_
ef4d31fe-86bc-4422-8092-5547c9fd53e4.xml.macaon	100	22	.	.	poncts	poncts	_	9	ponct	_	_

ef4d31fe-86bc-4422-8092-5547c9fd53e4.xml.macaon	101	1	Elle	elle	cln	cln	_	2	suj	_	_
ef4d31fe-86bc-4422-8092-5547c9fd53e4.xml.macaon	102	2	est	être	v	v	_	_	_	_	_
ef4d31fe-86bc-4422-8092-5547c9fd53e4.xml.macaon	103	3	en#effet	en#effet	adv	adv	_	4	mod	_	_
ef4d31fe-86bc-4422-8092-5547c9fd53e4.xml.macaon	104	4	issue	issu	adj	adj	_	2	ats	_	_
ef4d31fe-86bc-4422-8092-5547c9fd53e4.xml.macaon	105	5	de	de	prep	prep	_	2	de_obj	_	_
ef4d31fe-86bc-4422-8092-5547c9fd53e4.xml.macaon	106	6	la	le	det	det	_	7	det	_	_
ef4d31fe-86bc-4422-8092-5547c9fd53e4.xml.macaon	107	7	réunion	réunion	nc	nc	_	5	obj	_	_
ef4d31fe-86bc-4422-8092-5547c9fd53e4.xml.macaon	108	8	de	de	prep	prep	_	7	dep	_	_
ef4d31fe-86bc-4422-8092-5547c9fd53e4.xml.macaon	109	9	deux	deux	det	det	_	10	det	_	_
ef4d31fe-86bc-4422-8092-5547c9fd53e4.xml.macaon	110	10	villes	ville	nc	nc	_	8	obj	_	_
ef4d31fe-86bc-4422-8092-5547c9fd53e4.xml.macaon	111	11	situées	situé	adj	adj	_	10	mod	_	_
ef4d31fe-86bc-4422-8092-5547c9fd53e4.xml.macaon	112	12	l'une	l'une	nc	nc	_	8	obj	_	_
ef4d31fe-86bc-4422-8092-5547c9fd53e4.xml.macaon	113	13	en#face#de	en#face#de	prep	prep	_	12	dep	_	_
ef4d31fe-86bc-4422-8092-5547c9fd53e4.xml.macaon	114	14	l'autre	l'autre	nc	nc	_	13	obj	_	_
ef4d31fe-86bc-4422-8092-5547c9fd53e4.xml.macaon	115	15	sur	sur	prep	prep	_	14	dep	_	_
ef4d31fe-86bc-4422-8092-5547c9fd53e4.xml.macaon	116	16	les	le	det	det	_	17	det	_	_
ef4d31fe-86bc-4422-8092-5547c9fd53e4.xml.macaon	117	17	rives	rive	nc	nc	_	15	obj	_	_
ef4d31fe-86bc-4422-8092-5547c9fd53e4.xml.macaon	118	18	de#l'	de#l'	prep	prep	_	17	dep	_	_
ef4d31fe-86bc-4422-8092-5547c9fd53e4.xml.macaon	119	19	Euphrate	Euphrate	np	np	_	18	obj	_	_
ef4d31fe-86bc-4422-8092-5547c9fd53e4.xml.macaon	120	20	:	:	ponctw	ponctw	_	17	ponct	_	_
ef4d31fe-86bc-4422-8092-5547c9fd53e4.xml.macaon	121	21	Apamée	Apamée	vppart	vppart	_	17	mod	_	_
ef4d31fe-86bc-4422-8092-5547c9fd53e4.xml.macaon	122	22	sur	sur	prep	prep	_	21	mod	_	_
ef4d31fe-86bc-4422-8092-5547c9fd53e4.xml.macaon	123	23	la	le	det	det	_	24	det	_	_
ef4d31fe-86bc-4422-8092-5547c9fd53e4.xml.macaon	124	24	rive	rive	nc	nc	_	22	obj	_	_
ef4d31fe-86bc-4422-8092-5547c9fd53e4.xml.macaon	125	25	droite	droit	adj	adj	_	24	mod	_	_
ef4d31fe-86bc-4422-8092-5547c9fd53e4.xml.macaon	126	26	et	et	coo	coo	_	24	coord	_	_
ef4d31fe-86bc-4422-8092-5547c9fd53e4.xml.macaon	127	27	Séleucie	Séleucie	np	np	_	26	dep_coord	_	_
ef4d31fe-86bc-4422-8092-5547c9fd53e4.xml.macaon	128	28	de#l'	de#l'	prep	prep	_	26	dep_coord	_	_
ef4d31fe-86bc-4422-8092-5547c9fd53e4.xml.macaon	129	29	Euphrate	Euphrate	np	np	_	28	obj	_	_
ef4d31fe-86bc-4422-8092-5547c9fd53e4.xml.macaon	130	30	sur	sur	prep	prep	_	26	dep_coord	_	_
ef4d31fe-86bc-4422-8092-5547c9fd53e4.xml.macaon	131	31	la	le	det	det	_	32	det	_	_
ef4d31fe-86bc-4422-8092-5547c9fd53e4.xml.macaon	132	32	rive	rive	nc	nc	_	30	obj	_	_
ef4d31fe-86bc-4422-8092-5547c9fd53e4.xml.macaon	133	33	gauche	gauche	nc	nc	_	32	mod	_	_
ef4d31fe-86bc-4422-8092-5547c9fd53e4.xml.macaon	134	34	.	.	poncts	poncts	_	2	__JOKER__	_	_

ef4d31fe-86bc-4422-8092-5547c9fd53e4.xml.macaon	135	1	Histoire	histoire	nc	nc	_	_	_	_	_

ef4d31fe-86bc-4422-8092-5547c9fd53e4.xml.macaon	136	1	Séleucos	Séleucos	nc	nc	_	_	_	_	_
ef4d31fe-86bc-4422-8092-5547c9fd53e4.xml.macaon	137	2	Ier	Ier	np	np	_	1	mod	_	_
ef4d31fe-86bc-4422-8092-5547c9fd53e4.xml.macaon	138	3	,	,	ponctw	ponctw	_	1	ponct	_	_
ef4d31fe-86bc-4422-8092-5547c9fd53e4.xml.macaon	139	4	fondateur	fondateur	nc	nc	_	1	mod	_	_
ef4d31fe-86bc-4422-8092-5547c9fd53e4.xml.macaon	140	5	de	de	prep	prep	_	4	dep	_	_
ef4d31fe-86bc-4422-8092-5547c9fd53e4.xml.macaon	141	6	Zeugma	Zeugma	np	np	_	5	obj	_	_
ef4d31fe-86bc-4422-8092-5547c9fd53e4.xml.macaon	142	7	.	.	poncts	poncts	_	1	__JOKER__	_	_

ef4d31fe-86bc-4422-8092-5547c9fd53e4.xml.macaon	143	1	Fondation	fondation	nc	nc	_	_	_	_	_

ef4d31fe-86bc-4422-8092-5547c9fd53e4.xml.macaon	144	1	C'	C'	cln	cln	_	2	suj	_	_
ef4d31fe-86bc-4422-8092-5547c9fd53e4.xml.macaon	145	2	est	être	v	v	_	_	_	_	_
ef4d31fe-86bc-4422-8092-5547c9fd53e4.xml.macaon	146	3	vers	vers	prep	prep	_	2	mod	_	_
ef4d31fe-86bc-4422-8092-5547c9fd53e4.xml.macaon	147	4	les	le	det	det	_	5	det	_	_
ef4d31fe-86bc-4422-8092-5547c9fd53e4.xml.macaon	148	5	années	année	nc	nc	_	3	obj	_	_
ef4d31fe-86bc-4422-8092-5547c9fd53e4.xml.macaon	149	6	300	300	adj	adj	_	5	mod	_	_
ef4d31fe-86bc-4422-8092-5547c9fd53e4.xml.macaon	150	7	av.	av.	nc	nc	_	3	obj	_	_

ef4d31fe-86bc-4422-8092-5547c9fd53e4.xml.macaon	151	1	J.-C.	J.-C.	nc	nc	_	6	suj	_	_
ef4d31fe-86bc-4422-8092-5547c9fd53e4.xml.macaon	152	2	que	que	csu	csu	_	1	mod	_	_
ef4d31fe-86bc-4422-8092-5547c9fd53e4.xml.macaon	153	3	la	le	det	det	_	4	det	_	_
ef4d31fe-86bc-4422-8092-5547c9fd53e4.xml.macaon	154	4	ville	ville	nc	nc	_	5	suj	_	_
ef4d31fe-86bc-4422-8092-5547c9fd53e4.xml.macaon	155	5	est	être	v	v	_	2	obj	_	_
ef4d31fe-86bc-4422-8092-5547c9fd53e4.xml.macaon	156	6	apparue	apparaître	vppart	vppart	_	_	_	_	_
ef4d31fe-86bc-4422-8092-5547c9fd53e4.xml.macaon	157	7	.	.	poncts	poncts	_	6	ponct	_	_

ef4d31fe-86bc-4422-8092-5547c9fd53e4.xml.macaon	158	1	Elle	elle	cln	cln	_	2	suj	_	_
ef4d31fe-86bc-4422-8092-5547c9fd53e4.xml.macaon	159	2	est	être	v	v	_	_	_	_	_
ef4d31fe-86bc-4422-8092-5547c9fd53e4.xml.macaon	160	3	fondée	fonder	vppart	vppart	_	2	__JOKER__	_	_
ef4d31fe-86bc-4422-8092-5547c9fd53e4.xml.macaon	161	4	par	par	prep	prep	_	3	p_obj	_	_
ef4d31fe-86bc-4422-8092-5547c9fd53e4.xml.macaon	162	5	Séleucos	Séleucos	np	np	_	4	obj	_	_
ef4d31fe-86bc-4422-8092-5547c9fd53e4.xml.macaon	163	6	Ier	Ier	np	np	_	5	mod	_	_
ef4d31fe-86bc-4422-8092-5547c9fd53e4.xml.macaon	164	7	,	,	ponctw	ponctw	_	6	ponct	_	_
ef4d31fe-86bc-4422-8092-5547c9fd53e4.xml.macaon	165	8	un	un	det	det	_	9	det	_	_
ef4d31fe-86bc-4422-8092-5547c9fd53e4.xml.macaon	166	9	diadoque	diadoque	nc	nc	_	5	mod	_	_
ef4d31fe-86bc-4422-8092-5547c9fd53e4.xml.macaon	167	10	macédonien	macédonien	adj	adj	_	9	mod	_	_
ef4d31fe-86bc-4422-8092-5547c9fd53e4.xml.macaon	168	11	anciennement	anciennement	adv	adv	_	10	mod	_	_
ef4d31fe-86bc-4422-8092-5547c9fd53e4.xml.macaon	169	12	sous	sous	prep	prep	_	3	mod	_	_
ef4d31fe-86bc-4422-8092-5547c9fd53e4.xml.macaon	170	13	les	le	det	det	_	14	det	_	_
ef4d31fe-86bc-4422-8092-5547c9fd53e4.xml.macaon	171	14	ordres	ordre	nc	nc	_	12	obj	_	_
ef4d31fe-86bc-4422-8092-5547c9fd53e4.xml.macaon	172	15	d'	de	prep	prep	_	14	dep	_	_
ef4d31fe-86bc-4422-8092-5547c9fd53e4.xml.macaon	173	16	Alexandre	Alexandre	np	np	_	15	obj	_	_
ef4d31fe-86bc-4422-8092-5547c9fd53e4.xml.macaon	174	17	le	le	det	det	_	18	det	_	_
ef4d31fe-86bc-4422-8092-5547c9fd53e4.xml.macaon	175	18	grand	grand	adj	adj	_	16	mod	_	_
ef4d31fe-86bc-4422-8092-5547c9fd53e4.xml.macaon	176	19	,	,	ponctw	ponctw	_	16	ponct	_	_
ef4d31fe-86bc-4422-8092-5547c9fd53e4.xml.macaon	177	20	réputé	réputer	vppart	vppart	_	14	mod	_	_
ef4d31fe-86bc-4422-8092-5547c9fd53e4.xml.macaon	178	21	pour	pour	prep	prep	_	20	mod	_	_
ef4d31fe-86bc-4422-8092-5547c9fd53e4.xml.macaon	179	22	être	être	vinf	vinf	_	21	obj	_	_
ef4d31fe-86bc-4422-8092-5547c9fd53e4.xml.macaon	180	23	un	un	det	det	_	25	det	_	_
ef4d31fe-86bc-4422-8092-5547c9fd53e4.xml.macaon	181	24	«	«	ponctw	ponctw	_	25	ponct	_	_
ef4d31fe-86bc-4422-8092-5547c9fd53e4.xml.macaon	182	25	Roi	Roi	np	np	_	12	__JOKER__	_	_
ef4d31fe-86bc-4422-8092-5547c9fd53e4.xml.macaon	183	26	fondateur	fondateur	nc	nc	_	25	mod	_	_
ef4d31fe-86bc-4422-8092-5547c9fd53e4.xml.macaon	184	27	»	»	ponctw	ponctw	_	26	ponct	_	_
ef4d31fe-86bc-4422-8092-5547c9fd53e4.xml.macaon	185	28	et	et	coo	coo	_	26	coord	_	_
ef4d31fe-86bc-4422-8092-5547c9fd53e4.xml.macaon	186	29	«	«	ponctw	ponctw	_	25	ponct	_	_
ef4d31fe-86bc-4422-8092-5547c9fd53e4.xml.macaon	187	30	vainqueur	vainqueur	nc	nc	_	38	suj	_	_
ef4d31fe-86bc-4422-8092-5547c9fd53e4.xml.macaon	188	31	»	»	ponctw	ponctw	_	38	ponct	_	_
ef4d31fe-86bc-4422-8092-5547c9fd53e4.xml.macaon	189	32	,	,	ponctw	ponctw	_	38	ponct	_	_
ef4d31fe-86bc-4422-8092-5547c9fd53e4.xml.macaon	190	33	car	car	coo	coo	_	35	__JOKER__	_	_
ef4d31fe-86bc-4422-8092-5547c9fd53e4.xml.macaon	191	34	il	il	cln	cln	_	33	__JOKER__	_	_
ef4d31fe-86bc-4422-8092-5547c9fd53e4.xml.macaon	192	35	n'	n'	advneg	advneg	_	38	mod	_	_
ef4d31fe-86bc-4422-8092-5547c9fd53e4.xml.macaon	193	36	a	avoir	v	v	_	38	aux_tps	_	_
ef4d31fe-86bc-4422-8092-5547c9fd53e4.xml.macaon	194	37	pas	pas	advneg	advneg	_	38	mod	_	_
ef4d31fe-86bc-4422-8092-5547c9fd53e4.xml.macaon	195	38	fondé	fonder	vppart	vppart	_	25	__JOKER__	_	_
ef4d31fe-86bc-4422-8092-5547c9fd53e4.xml.macaon	196	39	que	que	csu	csu	_	38	__JOKER__	_	_
ef4d31fe-86bc-4422-8092-5547c9fd53e4.xml.macaon	197	40	Zeugma	Zeugma	np	np	_	39	__JOKER__	_	_
ef4d31fe-86bc-4422-8092-5547c9fd53e4.xml.macaon	198	41	,	,	ponctw	ponctw	_	38	ponct	_	_
ef4d31fe-86bc-4422-8092-5547c9fd53e4.xml.macaon	199	42	mais#aussi	mais#aussi	coo	coo	_	38	coord	_	_
ef4d31fe-86bc-4422-8092-5547c9fd53e4.xml.macaon	200	43	d'autres	d'autres	det	det	_	44	det	_	_
ef4d31fe-86bc-4422-8092-5547c9fd53e4.xml.macaon	201	44	cités	cité	nc	nc	_	42	dep_coord	_	_
ef4d31fe-86bc-4422-8092-5547c9fd53e4.xml.macaon	202	45	antiques	antique	adj	adj	_	44	mod	_	_
ef4d31fe-86bc-4422-8092-5547c9fd53e4.xml.macaon	203	46	comme	comme	prep	prep	_	38	mod	_	_
ef4d31fe-86bc-4422-8092-5547c9fd53e4.xml.macaon	204	47	la	le	det	det	_	49	det	_	_
ef4d31fe-86bc-4422-8092-5547c9fd53e4.xml.macaon	205	48	célèbre	célèbre	adj	adj	_	49	mod	_	_
ef4d31fe-86bc-4422-8092-5547c9fd53e4.xml.macaon	206	49	Séleucie	Séleucie	nc	nc	_	46	obj	_	_
ef4d31fe-86bc-4422-8092-5547c9fd53e4.xml.macaon	207	50	du	du	prep	prep	_	49	dep	_	_
ef4d31fe-86bc-4422-8092-5547c9fd53e4.xml.macaon	208	51	Tigre	Tigre	nc	nc	_	50	obj	_	_
ef4d31fe-86bc-4422-8092-5547c9fd53e4.xml.macaon	209	52	.	.	poncts	poncts	_	2	ponct	_	_

ef4d31fe-86bc-4422-8092-5547c9fd53e4.xml.macaon	210	1	Cet	cet	det	det	_	2	det	_	_	B:Creating:FE:Creator:G:212
ef4d31fe-86bc-4422-8092-5547c9fd53e4.xml.macaon	211	2	homme	homme	nc	nc	_	3	suj	_	_	I:Creating:FE:Creator:G:212
ef4d31fe-86bc-4422-8092-5547c9fd53e4.xml.macaon	212	3	crée	créer	v	v	_	_	_	_	_	B:Creating:TARGET:créer:G:212
ef4d31fe-86bc-4422-8092-5547c9fd53e4.xml.macaon	213	4	aussi	aussi	adv	adv	_	3	mod	_	_
ef4d31fe-86bc-4422-8092-5547c9fd53e4.xml.macaon	214	5	la	le	det	det	_	6	det	_	_	B:Creating:FE:Created_entity:G:212
ef4d31fe-86bc-4422-8092-5547c9fd53e4.xml.macaon	215	6	dynastie	dynastie	nc	nc	_	3	obj	_	_	I:Creating:FE:Created_entity:G:212
ef4d31fe-86bc-4422-8092-5547c9fd53e4.xml.macaon	216	7	des	des	prep	prep	_	6	dep	_	_	I:Creating:FE:Created_entity:G:212
ef4d31fe-86bc-4422-8092-5547c9fd53e4.xml.macaon	217	8	Séleucides	séleucide	nc	nc	_	7	obj	_	_	I:Creating:FE:Created_entity:G:212
ef4d31fe-86bc-4422-8092-5547c9fd53e4.xml.macaon	218	9	,	,	ponctw	ponctw	_	6	ponct	_	_
ef4d31fe-86bc-4422-8092-5547c9fd53e4.xml.macaon	219	10	qui	qui	prorel	prorel	_	11	suj	_	_
ef4d31fe-86bc-4422-8092-5547c9fd53e4.xml.macaon	220	11	porte	porter	v	v	_	6	mod_rel	_	_
ef4d31fe-86bc-4422-8092-5547c9fd53e4.xml.macaon	221	12	son	son	det	det	_	13	det	_	_
ef4d31fe-86bc-4422-8092-5547c9fd53e4.xml.macaon	222	13	nom	nom	nc	nc	_	11	obj	_	_
ef4d31fe-86bc-4422-8092-5547c9fd53e4.xml.macaon	223	14	.	.	poncts	poncts	_	3	ponct	_	_

ef4d31fe-86bc-4422-8092-5547c9fd53e4.xml.macaon	224	1	Le	le	det	det	_	2	det	_	_
ef4d31fe-86bc-4422-8092-5547c9fd53e4.xml.macaon	225	2	terme	terme	nc	nc	_	6	suj	_	_
ef4d31fe-86bc-4422-8092-5547c9fd53e4.xml.macaon	226	3	«	«	ponctw	ponctw	_	2	ponct	_	_
ef4d31fe-86bc-4422-8092-5547c9fd53e4.xml.macaon	227	4	Zeugma	Zeugma	np	np	_	2	mod	_	_
ef4d31fe-86bc-4422-8092-5547c9fd53e4.xml.macaon	228	5	»	»	ponctw	ponctw	_	2	ponct	_	_
ef4d31fe-86bc-4422-8092-5547c9fd53e4.xml.macaon	229	6	veut	vouloir	v	v	_	_	_	_	_
ef4d31fe-86bc-4422-8092-5547c9fd53e4.xml.macaon	230	7	dire	dire	vinf	vinf	_	6	obj	_	_	B:OTHER:G
ef4d31fe-86bc-4422-8092-5547c9fd53e4.xml.macaon	231	8	«	«	ponctw	ponctw	_	6	ponct	_	_
ef4d31fe-86bc-4422-8092-5547c9fd53e4.xml.macaon	232	9	lien	lien	nc	nc	_	6	obj	_	_
ef4d31fe-86bc-4422-8092-5547c9fd53e4.xml.macaon	233	10	»	»	ponctw	ponctw	_	9	ponct	_	_
ef4d31fe-86bc-4422-8092-5547c9fd53e4.xml.macaon	234	11	,	,	ponctw	ponctw	_	9	ponct	_	_
ef4d31fe-86bc-4422-8092-5547c9fd53e4.xml.macaon	235	12	car	car	coo	coo	_	9	coord	_	_
ef4d31fe-86bc-4422-8092-5547c9fd53e4.xml.macaon	236	13	la	le	det	det	_	14	det	_	_	B:Existence:FE:Entity:G:238
ef4d31fe-86bc-4422-8092-5547c9fd53e4.xml.macaon	237	14	ville	ville	nc	nc	_	15	suj	_	_	I:Existence:FE:Entity:G:238
ef4d31fe-86bc-4422-8092-5547c9fd53e4.xml.macaon	238	15	existait	exister	v	v	_	12	dep_coord	_	_	B:Existence:TARGET:exister:G:238
ef4d31fe-86bc-4422-8092-5547c9fd53e4.xml.macaon	239	16	déjà	déjà	adv	adv	_	15	mod	_	_
ef4d31fe-86bc-4422-8092-5547c9fd53e4.xml.macaon	240	17	lors#de	lors#de	prep	prep	_	15	mod	_	_
ef4d31fe-86bc-4422-8092-5547c9fd53e4.xml.macaon	241	18	sa	son	det	det	_	19	det	_	_
ef4d31fe-86bc-4422-8092-5547c9fd53e4.xml.macaon	242	19	fondation	fondation	nc	nc	_	17	obj	_	_
ef4d31fe-86bc-4422-8092-5547c9fd53e4.xml.macaon	243	20	.	.	poncts	poncts	_	9	ponct	_	_

ef4d31fe-86bc-4422-8092-5547c9fd53e4.xml.macaon	244	1	Séleucos	Séleucos	nc	nc	_	4	suj	_	_
ef4d31fe-86bc-4422-8092-5547c9fd53e4.xml.macaon	245	2	n'	n'	advneg	advneg	_	4	mod	_	_
ef4d31fe-86bc-4422-8092-5547c9fd53e4.xml.macaon	246	3	a	avoir	v	v	_	4	aux_tps	_	_
ef4d31fe-86bc-4422-8092-5547c9fd53e4.xml.macaon	247	4	fait	faire	vppart	vppart	_	_	_	_	_
ef4d31fe-86bc-4422-8092-5547c9fd53e4.xml.macaon	248	5	que	que	csu	csu	_	4	__JOKER__	_	_
ef4d31fe-86bc-4422-8092-5547c9fd53e4.xml.macaon	249	6	relier	relier	vinf	vinf	_	4	obj	_	_
ef4d31fe-86bc-4422-8092-5547c9fd53e4.xml.macaon	250	7	deux	deux	det	det	_	8	det	_	_
ef4d31fe-86bc-4422-8092-5547c9fd53e4.xml.macaon	251	8	cités	cité	nc	nc	_	6	obj	_	_
ef4d31fe-86bc-4422-8092-5547c9fd53e4.xml.macaon	252	9	peu	peu	adv	adv	_	10	mod	_	_
ef4d31fe-86bc-4422-8092-5547c9fd53e4.xml.macaon	253	10	prospères	prospère	adj	adj	_	8	mod	_	_
ef4d31fe-86bc-4422-8092-5547c9fd53e4.xml.macaon	254	11	séparées	séparer	vppart	vppart	_	8	mod	_	_
ef4d31fe-86bc-4422-8092-5547c9fd53e4.xml.macaon	255	12	par	par	prep	prep	_	11	p_obj	_	_
ef4d31fe-86bc-4422-8092-5547c9fd53e4.xml.macaon	256	13	l'	le	det	det	_	14	det	_	_
ef4d31fe-86bc-4422-8092-5547c9fd53e4.xml.macaon	257	14	Euphrate	Euphrate	np	np	_	12	obj	_	_
ef4d31fe-86bc-4422-8092-5547c9fd53e4.xml.macaon	258	15	grâce#à	grâce#à	prep	prep	_	11	mod	_	_
ef4d31fe-86bc-4422-8092-5547c9fd53e4.xml.macaon	259	16	un	un	det	det	_	17	det	_	_
ef4d31fe-86bc-4422-8092-5547c9fd53e4.xml.macaon	260	17	pont	pont	nc	nc	_	15	obj	_	_
ef4d31fe-86bc-4422-8092-5547c9fd53e4.xml.macaon	261	18	,	,	ponctw	ponctw	_	17	ponct	_	_
ef4d31fe-86bc-4422-8092-5547c9fd53e4.xml.macaon	262	19	et	et	coo	coo	_	17	coord	_	_
ef4d31fe-86bc-4422-8092-5547c9fd53e4.xml.macaon	263	20	a	avoir	v	v	_	22	aux_tps	_	_
ef4d31fe-86bc-4422-8092-5547c9fd53e4.xml.macaon	264	21	ainsi	ainsi	adv	adv	_	22	mod	_	_
ef4d31fe-86bc-4422-8092-5547c9fd53e4.xml.macaon	265	22	fondé	fonder	vppart	vppart	_	19	dep_coord	_	_
ef4d31fe-86bc-4422-8092-5547c9fd53e4.xml.macaon	266	23	une	un	det	det	_	24	det	_	_
ef4d31fe-86bc-4422-8092-5547c9fd53e4.xml.macaon	267	24	seule	seul	adj	adj	_	17	mod	_	_
ef4d31fe-86bc-4422-8092-5547c9fd53e4.xml.macaon	268	25	et#même	et#même	coo	coo	_	24	coord	_	_
ef4d31fe-86bc-4422-8092-5547c9fd53e4.xml.macaon	269	26	ville	ville	nc	nc	_	25	dep_coord	_	_
ef4d31fe-86bc-4422-8092-5547c9fd53e4.xml.macaon	270	27	.	.	poncts	poncts	_	4	ponct	_	_

ef4d31fe-86bc-4422-8092-5547c9fd53e4.xml.macaon	271	1	Une	une	det	det	_	2	det	_	_
ef4d31fe-86bc-4422-8092-5547c9fd53e4.xml.macaon	272	2	cité	cité	nc	nc	_	8	suj	_	_
ef4d31fe-86bc-4422-8092-5547c9fd53e4.xml.macaon	273	3	prospère	prospère	adj	adj	_	2	mod	_	_
ef4d31fe-86bc-4422-8092-5547c9fd53e4.xml.macaon	274	4	,	,	ponctw	ponctw	_	2	ponct	_	_
ef4d31fe-86bc-4422-8092-5547c9fd53e4.xml.macaon	275	5	conquise	conquérir	vppart	vppart	_	2	mod	_	_
ef4d31fe-86bc-4422-8092-5547c9fd53e4.xml.macaon	276	6	,	,	ponctw	ponctw	_	5	ponct	_	_
ef4d31fe-86bc-4422-8092-5547c9fd53e4.xml.macaon	277	7	puis	puis	coo	coo	_	2	coord	_	_
ef4d31fe-86bc-4422-8092-5547c9fd53e4.xml.macaon	278	8	délabrée	délabrer	vppart	vppart	_	_	_	_	_

ef4d31fe-86bc-4422-8092-5547c9fd53e4.xml.macaon	279	1	C'	C'	cln	cln	_	2	suj	_	_
ef4d31fe-86bc-4422-8092-5547c9fd53e4.xml.macaon	280	2	est	être	v	v	_	_	_	_	_
ef4d31fe-86bc-4422-8092-5547c9fd53e4.xml.macaon	281	3	en	en	prep	prep	_	2	mod	_	_
ef4d31fe-86bc-4422-8092-5547c9fd53e4.xml.macaon	282	4	64	64	det	det	_	5	det	_	_
ef4d31fe-86bc-4422-8092-5547c9fd53e4.xml.macaon	283	5	av.	av.	nc	nc	_	3	obj	_	_

ef4d31fe-86bc-4422-8092-5547c9fd53e4.xml.macaon	284	1	J.-C.	J.-C.	nc	nc	_	_	_	_	_
ef4d31fe-86bc-4422-8092-5547c9fd53e4.xml.macaon	285	2	que	que	csu	csu	_	1	mod	_	_
ef4d31fe-86bc-4422-8092-5547c9fd53e4.xml.macaon	286	3	la	le	det	det	_	4	det	_	_
ef4d31fe-86bc-4422-8092-5547c9fd53e4.xml.macaon	287	4	ville	ville	nc	nc	_	5	suj	_	_
ef4d31fe-86bc-4422-8092-5547c9fd53e4.xml.macaon	288	5	fut	être	v	v	_	2	obj	_	_
ef4d31fe-86bc-4422-8092-5547c9fd53e4.xml.macaon	289	6	conquise	conquérir	vppart	vppart	_	2	obj	_	_
ef4d31fe-86bc-4422-8092-5547c9fd53e4.xml.macaon	290	7	par	par	prep	prep	_	6	mod	_	_
ef4d31fe-86bc-4422-8092-5547c9fd53e4.xml.macaon	291	8	les	le	det	det	_	9	det	_	_
ef4d31fe-86bc-4422-8092-5547c9fd53e4.xml.macaon	292	9	Romains	romain	nc	nc	_	7	obj	_	_
ef4d31fe-86bc-4422-8092-5547c9fd53e4.xml.macaon	293	10	.	.	poncts	poncts	_	1	ponct	_	_

ef4d31fe-86bc-4422-8092-5547c9fd53e4.xml.macaon	294	1	La	la	det	det	_	2	det	_	_
ef4d31fe-86bc-4422-8092-5547c9fd53e4.xml.macaon	295	2	ville	ville	nc	nc	_	4	suj	_	_
ef4d31fe-86bc-4422-8092-5547c9fd53e4.xml.macaon	296	3	ne	ne	advneg	advneg	_	4	mod	_	_
ef4d31fe-86bc-4422-8092-5547c9fd53e4.xml.macaon	297	4	voit	voir	v	v	_	_	_	_	_
ef4d31fe-86bc-4422-8092-5547c9fd53e4.xml.macaon	298	5	pourtant	pourtant	adv	adv	_	6	mod	_	_
ef4d31fe-86bc-4422-8092-5547c9fd53e4.xml.macaon	299	6	pas#de	pas#de	adj	adj	_	7	dep	_	_
ef4d31fe-86bc-4422-8092-5547c9fd53e4.xml.macaon	300	7	grands	grand	adj	adj	_	8	mod	_	_
ef4d31fe-86bc-4422-8092-5547c9fd53e4.xml.macaon	301	8	changements	changement	nc	nc	_	4	obj	_	_
ef4d31fe-86bc-4422-8092-5547c9fd53e4.xml.macaon	302	9	et	et	coo	coo	_	4	coord	_	_
ef4d31fe-86bc-4422-8092-5547c9fd53e4.xml.macaon	303	10	reste	rester	v	v	_	9	dep_coord	_	_
ef4d31fe-86bc-4422-8092-5547c9fd53e4.xml.macaon	304	11	une	un	det	det	_	12	det	_	_
ef4d31fe-86bc-4422-8092-5547c9fd53e4.xml.macaon	305	12	ville	ville	nc	nc	_	10	obj	_	_
ef4d31fe-86bc-4422-8092-5547c9fd53e4.xml.macaon	306	13	prospère	prospère	adj	adj	_	12	mod	_	_
ef4d31fe-86bc-4422-8092-5547c9fd53e4.xml.macaon	307	14	,	,	ponctw	ponctw	_	10	ponct	_	_
ef4d31fe-86bc-4422-8092-5547c9fd53e4.xml.macaon	308	15	car	car	coo	coo	_	10	coord	_	_
ef4d31fe-86bc-4422-8092-5547c9fd53e4.xml.macaon	309	16	elle	elle	cln	cln	_	18	suj	_	_
ef4d31fe-86bc-4422-8092-5547c9fd53e4.xml.macaon	310	17	est	être	v	v	_	18	aux_tps	_	_
ef4d31fe-86bc-4422-8092-5547c9fd53e4.xml.macaon	311	18	située	situer	vppart	vppart	_	15	dep_coord	_	_
ef4d31fe-86bc-4422-8092-5547c9fd53e4.xml.macaon	312	19	sur	sur	prep	prep	_	18	mod	_	_
ef4d31fe-86bc-4422-8092-5547c9fd53e4.xml.macaon	313	20	les	le	det	det	_	21	det	_	_
ef4d31fe-86bc-4422-8092-5547c9fd53e4.xml.macaon	314	21	rives	rive	nc	nc	_	19	obj	_	_
ef4d31fe-86bc-4422-8092-5547c9fd53e4.xml.macaon	315	22	de#l'	de#l'	prep	prep	_	21	dep	_	_
ef4d31fe-86bc-4422-8092-5547c9fd53e4.xml.macaon	316	23	Euphrate	Euphrate	np	np	_	22	obj	_	_
ef4d31fe-86bc-4422-8092-5547c9fd53e4.xml.macaon	317	24	,	,	ponctw	ponctw	_	21	ponct	_	_
ef4d31fe-86bc-4422-8092-5547c9fd53e4.xml.macaon	318	25	sur	sur	prep	prep	_	18	mod	_	_
ef4d31fe-86bc-4422-8092-5547c9fd53e4.xml.macaon	319	26	la	le	det	det	_	27	det	_	_
ef4d31fe-86bc-4422-8092-5547c9fd53e4.xml.macaon	320	27	route	route	nc	nc	_	25	obj	_	_
ef4d31fe-86bc-4422-8092-5547c9fd53e4.xml.macaon	321	28	de	de	prep	prep	_	27	dep	_	_
ef4d31fe-86bc-4422-8092-5547c9fd53e4.xml.macaon	322	29	la	le	det	det	_	30	det	_	_
ef4d31fe-86bc-4422-8092-5547c9fd53e4.xml.macaon	323	30	soie	soie	nc	nc	_	28	obj	_	_
ef4d31fe-86bc-4422-8092-5547c9fd53e4.xml.macaon	324	31	.	.	poncts	poncts	_	4	ponct	_	_

ef4d31fe-86bc-4422-8092-5547c9fd53e4.xml.macaon	325	1	C'	C'	cln	cln	_	2	suj	_	_
ef4d31fe-86bc-4422-8092-5547c9fd53e4.xml.macaon	326	2	est	être	v	v	_	_	_	_	_
ef4d31fe-86bc-4422-8092-5547c9fd53e4.xml.macaon	327	3	sous	sous	prep	prep	_	2	mod	_	_
ef4d31fe-86bc-4422-8092-5547c9fd53e4.xml.macaon	328	4	l'	le	det	det	_	5	det	_	_
ef4d31fe-86bc-4422-8092-5547c9fd53e4.xml.macaon	329	5	occupation	occupation	nc	nc	_	3	obj	_	_
ef4d31fe-86bc-4422-8092-5547c9fd53e4.xml.macaon	330	6	romaine	romain	adj	adj	_	5	mod	_	_
ef4d31fe-86bc-4422-8092-5547c9fd53e4.xml.macaon	331	7	que	que	csu	csu	_	5	mod	_	_
ef4d31fe-86bc-4422-8092-5547c9fd53e4.xml.macaon	332	8	la	le	det	det	_	9	det	_	_
ef4d31fe-86bc-4422-8092-5547c9fd53e4.xml.macaon	333	9	cité	cité	nc	nc	_	10	suj	_	_
ef4d31fe-86bc-4422-8092-5547c9fd53e4.xml.macaon	334	10	obtient	obtenir	v	v	_	7	obj	_	_
ef4d31fe-86bc-4422-8092-5547c9fd53e4.xml.macaon	335	11	son	son	det	det	_	12	det	_	_
ef4d31fe-86bc-4422-8092-5547c9fd53e4.xml.macaon	336	12	nom	nom	nc	nc	_	10	obj	_	_
ef4d31fe-86bc-4422-8092-5547c9fd53e4.xml.macaon	337	13	de	de	prep	prep	_	12	dep	_	_
ef4d31fe-86bc-4422-8092-5547c9fd53e4.xml.macaon	338	14	«	«	ponctw	ponctw	_	13	ponct	_	_
ef4d31fe-86bc-4422-8092-5547c9fd53e4.xml.macaon	339	15	Zeugma	Zeugma	np	np	_	13	obj	_	_
ef4d31fe-86bc-4422-8092-5547c9fd53e4.xml.macaon	340	16	»	»	ponctw	ponctw	_	12	ponct	_	_
ef4d31fe-86bc-4422-8092-5547c9fd53e4.xml.macaon	341	17	.	.	poncts	poncts	_	2	ponct	_	_

ef4d31fe-86bc-4422-8092-5547c9fd53e4.xml.macaon	342	1	Après	après	prep	prep	_	_	_	_	_
ef4d31fe-86bc-4422-8092-5547c9fd53e4.xml.macaon	343	2	avoir	avoir	vinf	vinf	_	1	obj	_	_
ef4d31fe-86bc-4422-8092-5547c9fd53e4.xml.macaon	344	3	trouvé	trouver	vppart	vppart	_	1	obj	_	_	B:OTHER:G
ef4d31fe-86bc-4422-8092-5547c9fd53e4.xml.macaon	345	4	sa	son	det	det	_	5	det	_	_
ef4d31fe-86bc-4422-8092-5547c9fd53e4.xml.macaon	346	5	place	place	nc	nc	_	3	obj	_	_
ef4d31fe-86bc-4422-8092-5547c9fd53e4.xml.macaon	347	6	dans	dans	prep	prep	_	3	mod	_	_
ef4d31fe-86bc-4422-8092-5547c9fd53e4.xml.macaon	348	7	le	le	det	det	_	8	det	_	_
ef4d31fe-86bc-4422-8092-5547c9fd53e4.xml.macaon	349	8	monde	monde	nc	nc	_	6	obj	_	_
ef4d31fe-86bc-4422-8092-5547c9fd53e4.xml.macaon	350	9	antique	antique	adj	adj	_	8	mod	_	_
ef4d31fe-86bc-4422-8092-5547c9fd53e4.xml.macaon	351	10	durant	durant	prep	prep	_	3	mod	_	_
ef4d31fe-86bc-4422-8092-5547c9fd53e4.xml.macaon	352	11	six	six	det	det	_	12	det	_	_
ef4d31fe-86bc-4422-8092-5547c9fd53e4.xml.macaon	353	12	siècles	siècle	nc	nc	_	10	obj	_	_
ef4d31fe-86bc-4422-8092-5547c9fd53e4.xml.macaon	354	13	,	,	ponctw	ponctw	_	12	ponct	_	_
ef4d31fe-86bc-4422-8092-5547c9fd53e4.xml.macaon	355	14	Zeugma	Zeugma	np	np	_	12	mod	_	_	B:Attack:FE:Victim:G:358
ef4d31fe-86bc-4422-8092-5547c9fd53e4.xml.macaon	356	15	est	être	v	v	_	17	aux_tps	_	_
ef4d31fe-86bc-4422-8092-5547c9fd53e4.xml.macaon	357	16	violemment	violemment	adv	adv	_	17	mod	_	_
ef4d31fe-86bc-4422-8092-5547c9fd53e4.xml.macaon	358	17	attaquée	attaquer	vppart	vppart	_	14	mod	_	_	B:Attack:TARGET:attaquer:G:358
ef4d31fe-86bc-4422-8092-5547c9fd53e4.xml.macaon	359	18	par	par	prep	prep	_	17	p_obj	_	_
ef4d31fe-86bc-4422-8092-5547c9fd53e4.xml.macaon	360	19	les	le	det	det	_	20	det	_	_	B:Attack:FE:Assaillant:G:358
ef4d31fe-86bc-4422-8092-5547c9fd53e4.xml.macaon	361	20	Sassanides	sassanide	nc	nc	_	18	obj	_	_	I:Attack:FE:Assaillant:G:358
ef4d31fe-86bc-4422-8092-5547c9fd53e4.xml.macaon	362	21	menés	mener	vppart	vppart	_	20	mod	_	_
ef4d31fe-86bc-4422-8092-5547c9fd53e4.xml.macaon	363	22	par	par	prep	prep	_	21	p_obj	_	_
ef4d31fe-86bc-4422-8092-5547c9fd53e4.xml.macaon	364	23	Shapur	Shapur	np	np	_	22	obj	_	_	B:Attack:FE:Assaillant:G:358
ef4d31fe-86bc-4422-8092-5547c9fd53e4.xml.macaon	365	24	Ier	Ier	np	np	_	23	mod	_	_	I:Attack:FE:Assaillant:G:358
ef4d31fe-86bc-4422-8092-5547c9fd53e4.xml.macaon	366	25	,	,	ponctw	ponctw	_	20	ponct	_	_
ef4d31fe-86bc-4422-8092-5547c9fd53e4.xml.macaon	367	26	puis	puis	coo	coo	_	20	coord	_	_
ef4d31fe-86bc-4422-8092-5547c9fd53e4.xml.macaon	368	27	est	être	v	v	_	28	aux_tps	_	_
ef4d31fe-86bc-4422-8092-5547c9fd53e4.xml.macaon	369	28	ravagée	ravager	vppart	vppart	_	26	dep_coord	_	_
ef4d31fe-86bc-4422-8092-5547c9fd53e4.xml.macaon	370	29	par	par	prep	prep	_	28	mod	_	_
ef4d31fe-86bc-4422-8092-5547c9fd53e4.xml.macaon	371	30	un	un	det	det	_	31	det	_	_
ef4d31fe-86bc-4422-8092-5547c9fd53e4.xml.macaon	372	31	tremblement	tremblement	nc	nc	_	29	obj	_	_
ef4d31fe-86bc-4422-8092-5547c9fd53e4.xml.macaon	373	32	de	de	prep	prep	_	31	dep	_	_
ef4d31fe-86bc-4422-8092-5547c9fd53e4.xml.macaon	374	33	terre	terre	nc	nc	_	32	obj	_	_
ef4d31fe-86bc-4422-8092-5547c9fd53e4.xml.macaon	375	34	qui	qui	prorel	prorel	_	35	suj	_	_
ef4d31fe-86bc-4422-8092-5547c9fd53e4.xml.macaon	376	35	contribuera	contribuer	v	v	_	33	mod_rel	_	_
ef4d31fe-86bc-4422-8092-5547c9fd53e4.xml.macaon	377	36	aussi	aussi	adv	adv	_	35	mod	_	_
ef4d31fe-86bc-4422-8092-5547c9fd53e4.xml.macaon	378	37	à	à	prep	prep	_	35	a_obj	_	_
ef4d31fe-86bc-4422-8092-5547c9fd53e4.xml.macaon	379	38	la	le	det	det	_	39	det	_	_
ef4d31fe-86bc-4422-8092-5547c9fd53e4.xml.macaon	380	39	chute	chute	nc	nc	_	37	obj	_	_
ef4d31fe-86bc-4422-8092-5547c9fd53e4.xml.macaon	381	40	de	de	prep	prep	_	39	dep	_	_
ef4d31fe-86bc-4422-8092-5547c9fd53e4.xml.macaon	382	41	la	le	det	det	_	42	det	_	_
ef4d31fe-86bc-4422-8092-5547c9fd53e4.xml.macaon	383	42	ville	ville	nc	nc	_	40	obj	_	_
ef4d31fe-86bc-4422-8092-5547c9fd53e4.xml.macaon	384	43	.	.	poncts	poncts	_	28	ponct	_	_

ef4d31fe-86bc-4422-8092-5547c9fd53e4.xml.macaon	385	1	Fouilles	fouilles	adj	adj	_	3	mod	_	_
ef4d31fe-86bc-4422-8092-5547c9fd53e4.xml.macaon	386	2	et	et	coo	coo	_	1	coord	_	_
ef4d31fe-86bc-4422-8092-5547c9fd53e4.xml.macaon	387	3	disparition	disparition	nc	nc	_	_	_	_	_
ef4d31fe-86bc-4422-8092-5547c9fd53e4.xml.macaon	388	4	du	du	prep	prep	_	3	dep	_	_
ef4d31fe-86bc-4422-8092-5547c9fd53e4.xml.macaon	389	5	site	site	nc	nc	_	4	obj	_	_

ef4d31fe-86bc-4422-8092-5547c9fd53e4.xml.macaon	390	1	Des	des	det	det	_	2	det	_	_
ef4d31fe-86bc-4422-8092-5547c9fd53e4.xml.macaon	391	2	fouilles	fouille	nc	nc	_	6	suj	_	_	B:Scrutiny:TARGET:fouille:G:391
ef4d31fe-86bc-4422-8092-5547c9fd53e4.xml.macaon	392	3	d'urgence	d'urgence	nc	nc	_	2	mod	_	_
ef4d31fe-86bc-4422-8092-5547c9fd53e4.xml.macaon	393	4	ont	avoir	v	v	_	6	aux_tps	_	_
ef4d31fe-86bc-4422-8092-5547c9fd53e4.xml.macaon	394	5	été	être	vppart	vppart	_	6	aux_pass	_	_
ef4d31fe-86bc-4422-8092-5547c9fd53e4.xml.macaon	395	6	entreprises	entreprendre	vppart	vppart	_	_	_	_	_
ef4d31fe-86bc-4422-8092-5547c9fd53e4.xml.macaon	396	7	par	par	prep	prep	_	6	p_obj	_	_
ef4d31fe-86bc-4422-8092-5547c9fd53e4.xml.macaon	397	8	des	un	det	det	_	9	det	_	_	B:Scrutiny:FE:Cognizer:G:391
ef4d31fe-86bc-4422-8092-5547c9fd53e4.xml.macaon	398	9	archéologues	archéologue	nc	nc	_	7	obj	_	_	I:Scrutiny:FE:Cognizer:G:391
ef4d31fe-86bc-4422-8092-5547c9fd53e4.xml.macaon	399	10	turcs	turc	adj	adj	_	9	mod	_	_	I:Scrutiny:FE:Cognizer:G:391
ef4d31fe-86bc-4422-8092-5547c9fd53e4.xml.macaon	400	11	et	et	coo	coo	_	10	coord	_	_	I:Scrutiny:FE:Cognizer:G:391
ef4d31fe-86bc-4422-8092-5547c9fd53e4.xml.macaon	401	12	français	français	adj	adj	_	11	dep_coord	_	_	I:Scrutiny:FE:Cognizer:G:391
ef4d31fe-86bc-4422-8092-5547c9fd53e4.xml.macaon	402	13	au	au	prep	prep	_	11	dep_coord	_	_	B:Scrutiny:FE:Time:G:391
ef4d31fe-86bc-4422-8092-5547c9fd53e4.xml.macaon	403	14	cours	cour	nc	nc	_	13	obj	_	_	I:Scrutiny:FE:Time:G:391
ef4d31fe-86bc-4422-8092-5547c9fd53e4.xml.macaon	404	15	des	des	prep	prep	_	14	dep	_	_	I:Scrutiny:FE:Time:G:391
ef4d31fe-86bc-4422-8092-5547c9fd53e4.xml.macaon	405	16	années	année	nc	nc	_	15	obj	_	_	I:Scrutiny:FE:Time:G:391
ef4d31fe-86bc-4422-8092-5547c9fd53e4.xml.macaon	406	17	1990	1990	adj	adj	_	16	mod	_	_	I:Scrutiny:FE:Time:G:391
ef4d31fe-86bc-4422-8092-5547c9fd53e4.xml.macaon	407	18	,	,	ponctw	ponctw	_	14	ponct	_	_
ef4d31fe-86bc-4422-8092-5547c9fd53e4.xml.macaon	408	19	juste	juste	adv	adv	_	14	mod	_	_	B:Scrutiny:FE:Time:G:391
ef4d31fe-86bc-4422-8092-5547c9fd53e4.xml.macaon	409	20	avant	avant	prep	prep	_	14	dep	_	_	I:Scrutiny:FE:Time:G:391
ef4d31fe-86bc-4422-8092-5547c9fd53e4.xml.macaon	410	21	la	le	det	det	_	22	det	_	_	I:Scrutiny:FE:Time:G:391
ef4d31fe-86bc-4422-8092-5547c9fd53e4.xml.macaon	411	22	construction	construction	nc	nc	_	20	obj	_	_	I:Scrutiny:FE:Time:G:391	B:Buildings:TARGET:construction:G:411
ef4d31fe-86bc-4422-8092-5547c9fd53e4.xml.macaon	412	23	d'	de	prep	prep	_	22	dep	_	_	I:Scrutiny:FE:Time:G:391	B:Buildings:FE:Created_entity:G:411
ef4d31fe-86bc-4422-8092-5547c9fd53e4.xml.macaon	413	24	un	un	det	det	_	26	det	_	_	I:Scrutiny:FE:Time:G:391	I:Buildings:FE:Created_entity:G:411
ef4d31fe-86bc-4422-8092-5547c9fd53e4.xml.macaon	414	25	grand	grand	adj	adj	_	26	mod	_	_	I:Scrutiny:FE:Time:G:391	I:Buildings:FE:Created_entity:G:411
ef4d31fe-86bc-4422-8092-5547c9fd53e4.xml.macaon	415	26	barrage	barrage	nc	nc	_	23	obj	_	_	I:Scrutiny:FE:Time:G:391	I:Buildings:FE:Created_entity:G:411
ef4d31fe-86bc-4422-8092-5547c9fd53e4.xml.macaon	416	27	sur	sur	prep	prep	_	26	dep	_	_	I:Scrutiny:FE:Time:G:391	B:Buildings:FE:Place:G:411
ef4d31fe-86bc-4422-8092-5547c9fd53e4.xml.macaon	417	28	l'	le	det	det	_	29	det	_	_	I:Scrutiny:FE:Time:G:391	I:Buildings:FE:Place:G:411
ef4d31fe-86bc-4422-8092-5547c9fd53e4.xml.macaon	418	29	Euphrate	Euphrate	np	np	_	27	obj	_	_	I:Scrutiny:FE:Time:G:391	I:Buildings:FE:Place:G:411
ef4d31fe-86bc-4422-8092-5547c9fd53e4.xml.macaon	419	30	,	,	ponctw	ponctw	_	26	ponct	_	_
ef4d31fe-86bc-4422-8092-5547c9fd53e4.xml.macaon	420	31	dont	dont	prorel	prorel	_	37	suj	_	_
ef4d31fe-86bc-4422-8092-5547c9fd53e4.xml.macaon	421	32	le	le	det	det	_	33	det	_	_
ef4d31fe-86bc-4422-8092-5547c9fd53e4.xml.macaon	422	33	lac	lac	nc	nc	_	37	suj	_	_
ef4d31fe-86bc-4422-8092-5547c9fd53e4.xml.macaon	423	34	de	de	prep	prep	_	33	dep	_	_
ef4d31fe-86bc-4422-8092-5547c9fd53e4.xml.macaon	424	35	retenue	retenue	nc	nc	_	34	obj	_	_
ef4d31fe-86bc-4422-8092-5547c9fd53e4.xml.macaon	425	36	a	avoir	v	v	_	37	aux_tps	_	_
ef4d31fe-86bc-4422-8092-5547c9fd53e4.xml.macaon	426	37	englouti	engloutir	vppart	vppart	_	26	mod_rel	_	_
ef4d31fe-86bc-4422-8092-5547c9fd53e4.xml.macaon	427	38	la	le	det	det	_	39	det	_	_	B:Scrutiny:FE:Phenomenon:G:391
ef4d31fe-86bc-4422-8092-5547c9fd53e4.xml.macaon	428	39	quasi	quasi	nc	nc	_	37	obj	_	_	I:Scrutiny:FE:Phenomenon:G:391
ef4d31fe-86bc-4422-8092-5547c9fd53e4.xml.macaon	429	40	totalité	totalité	nc	nc	_	39	mod	_	_	I:Scrutiny:FE:Phenomenon:G:391
ef4d31fe-86bc-4422-8092-5547c9fd53e4.xml.macaon	430	41	de	de	prep	prep	_	40	dep	_	_	I:Scrutiny:FE:Phenomenon:G:391
ef4d31fe-86bc-4422-8092-5547c9fd53e4.xml.macaon	431	42	la	le	det	det	_	43	det	_	_	I:Scrutiny:FE:Phenomenon:G:391
ef4d31fe-86bc-4422-8092-5547c9fd53e4.xml.macaon	432	43	ville	ville	nc	nc	_	41	obj	_	_	I:Scrutiny:FE:Phenomenon:G:391
ef4d31fe-86bc-4422-8092-5547c9fd53e4.xml.macaon	433	44	antique	antique	adj	adj	_	43	mod	_	_	I:Scrutiny:FE:Phenomenon:G:391
ef4d31fe-86bc-4422-8092-5547c9fd53e4.xml.macaon	434	45	.	.	poncts	poncts	_	6	ponct	_	_

ef4d31fe-86bc-4422-8092-5547c9fd53e4.xml.macaon	435	1	Les	les	det	det	_	2	det	_	_
ef4d31fe-86bc-4422-8092-5547c9fd53e4.xml.macaon	436	2	fouilles	fouille	nc	nc	_	4	suj	_	_	B:Scrutiny:TARGET:fouille:G:436
ef4d31fe-86bc-4422-8092-5547c9fd53e4.xml.macaon	437	3	ont	avoir	v	v	_	4	aux_tps	_	_
ef4d31fe-86bc-4422-8092-5547c9fd53e4.xml.macaon	438	4	mis	mettre	vppart	vppart	_	_	_	_	_
ef4d31fe-86bc-4422-8092-5547c9fd53e4.xml.macaon	439	5	au	au	prep	prep	_	4	mod	_	_
ef4d31fe-86bc-4422-8092-5547c9fd53e4.xml.macaon	440	6	jour	jour	nc	nc	_	5	obj	_	_
ef4d31fe-86bc-4422-8092-5547c9fd53e4.xml.macaon	441	7	des	des	prep	prep	_	4	mod	_	_
ef4d31fe-86bc-4422-8092-5547c9fd53e4.xml.macaon	442	8	temples	temple	nc	nc	_	7	obj	_	_
ef4d31fe-86bc-4422-8092-5547c9fd53e4.xml.macaon	443	9	,	,	ponctw	ponctw	_	8	ponct	_	_
ef4d31fe-86bc-4422-8092-5547c9fd53e4.xml.macaon	444	10	un	un	det	det	_	11	det	_	_
ef4d31fe-86bc-4422-8092-5547c9fd53e4.xml.macaon	445	11	théâtre	théâtre	nc	nc	_	8	mod	_	_
ef4d31fe-86bc-4422-8092-5547c9fd53e4.xml.macaon	446	12	,	,	ponctw	ponctw	_	11	ponct	_	_
ef4d31fe-86bc-4422-8092-5547c9fd53e4.xml.macaon	447	13	une	un	det	det	_	14	det	_	_
ef4d31fe-86bc-4422-8092-5547c9fd53e4.xml.macaon	448	14	nécropole	nécropole	nc	nc	_	11	mod	_	_
ef4d31fe-86bc-4422-8092-5547c9fd53e4.xml.macaon	449	15	et	et	coo	coo	_	7	coord	_	_
ef4d31fe-86bc-4422-8092-5547c9fd53e4.xml.macaon	450	16	de	de	prep	prep	_	15	dep_coord	_	_
ef4d31fe-86bc-4422-8092-5547c9fd53e4.xml.macaon	451	17	grandes	grand	adj	adj	_	18	mod	_	_
ef4d31fe-86bc-4422-8092-5547c9fd53e4.xml.macaon	452	18	demeures	demeure	nc	nc	_	16	obj	_	_
ef4d31fe-86bc-4422-8092-5547c9fd53e4.xml.macaon	453	19	patriciennes	patricien	nc	nc	_	18	mod	_	_
ef4d31fe-86bc-4422-8092-5547c9fd53e4.xml.macaon	454	20	romaines	romain	adj	adj	_	19	mod	_	_
ef4d31fe-86bc-4422-8092-5547c9fd53e4.xml.macaon	455	21	qui	qui	prorel	prorel	_	23	suj	_	_
ef4d31fe-86bc-4422-8092-5547c9fd53e4.xml.macaon	456	22	ont	avoir	v	v	_	23	aux_tps	_	_
ef4d31fe-86bc-4422-8092-5547c9fd53e4.xml.macaon	457	23	livré	livrer	vppart	vppart	_	18	mod_rel	_	_
ef4d31fe-86bc-4422-8092-5547c9fd53e4.xml.macaon	458	24	une	un	det	det	_	25	det	_	_
ef4d31fe-86bc-4422-8092-5547c9fd53e4.xml.macaon	459	25	quantité	quantité	nc	nc	_	23	obj	_	_
ef4d31fe-86bc-4422-8092-5547c9fd53e4.xml.macaon	460	26	de	de	prep	prep	_	25	dep	_	_
ef4d31fe-86bc-4422-8092-5547c9fd53e4.xml.macaon	461	27	mosaïques	mosaïque	nc	nc	_	26	obj	_	_
ef4d31fe-86bc-4422-8092-5547c9fd53e4.xml.macaon	462	28	et	et	coo	coo	_	27	coord	_	_
ef4d31fe-86bc-4422-8092-5547c9fd53e4.xml.macaon	463	29	peintures	peinture	nc	nc	_	26	obj	_	_
ef4d31fe-86bc-4422-8092-5547c9fd53e4.xml.macaon	464	30	murales	mural	adj	adj	_	29	mod	_	_
ef4d31fe-86bc-4422-8092-5547c9fd53e4.xml.macaon	465	31	d'	de	prep	prep	_	29	dep	_	_
ef4d31fe-86bc-4422-8092-5547c9fd53e4.xml.macaon	466	32	une	un	det	det	_	33	det	_	_
ef4d31fe-86bc-4422-8092-5547c9fd53e4.xml.macaon	467	33	qualité	qualité	nc	nc	_	31	obj	_	_
ef4d31fe-86bc-4422-8092-5547c9fd53e4.xml.macaon	468	34	exceptionnelle	exceptionnel	adj	adj	_	33	mod	_	_
ef4d31fe-86bc-4422-8092-5547c9fd53e4.xml.macaon	469	35	.	.	poncts	poncts	_	4	ponct	_	_

ef4d31fe-86bc-4422-8092-5547c9fd53e4.xml.macaon	470	1	37	37	det	det	_	2	det	_	_
ef4d31fe-86bc-4422-8092-5547c9fd53e4.xml.macaon	471	2	°	degré	nc	nc	_	_	_	_	_
ef4d31fe-86bc-4422-8092-5547c9fd53e4.xml.macaon	472	3	03	03	adj	adj	_	2	mod	_	_
ef4d31fe-86bc-4422-8092-5547c9fd53e4.xml.macaon	473	4	′	′	prep	prep	_	2	dep	_	_
ef4d31fe-86bc-4422-8092-5547c9fd53e4.xml.macaon	474	5	30	30	det	det	_	6	det	_	_
ef4d31fe-86bc-4422-8092-5547c9fd53e4.xml.macaon	475	6	″	″	nc	nc	_	4	obj	_	_
ef4d31fe-86bc-4422-8092-5547c9fd53e4.xml.macaon	476	7	N	N	prep	prep	_	6	dep	_	_
ef4d31fe-86bc-4422-8092-5547c9fd53e4.xml.macaon	477	8	37	37	det	det	_	9	det	_	_
ef4d31fe-86bc-4422-8092-5547c9fd53e4.xml.macaon	478	9	°	degré	nc	nc	_	7	obj	_	_
ef4d31fe-86bc-4422-8092-5547c9fd53e4.xml.macaon	479	10	51	51	adj	adj	_	9	mod	_	_
ef4d31fe-86bc-4422-8092-5547c9fd53e4.xml.macaon	480	11	′	′	prep	prep	_	9	dep	_	_
ef4d31fe-86bc-4422-8092-5547c9fd53e4.xml.macaon	481	12	57	57	det	det	_	13	det	_	_
ef4d31fe-86bc-4422-8092-5547c9fd53e4.xml.macaon	482	13	″	″	nc	nc	_	11	obj	_	_
ef4d31fe-86bc-4422-8092-5547c9fd53e4.xml.macaon	483	14	E	E	adj	adj	_	13	mod	_	_
ef4d31fe-86bc-4422-8092-5547c9fd53e4.xml.macaon	484	15	/	/	ponctw	ponctw	_	13	ponct	_	_
ef4d31fe-86bc-4422-8092-5547c9fd53e4.xml.macaon	485	16	37.058333	37.058333	nc	nc	_	13	mod	_	_
ef4d31fe-86bc-4422-8092-5547c9fd53e4.xml.macaon	486	17	,	,	ponctw	ponctw	_	16	ponct	_	_
ef4d31fe-86bc-4422-8092-5547c9fd53e4.xml.macaon	487	18	37.865833	37.865833	nc	nc	_	16	mod	_	_
