f6439296-46e5-4bb6-b9d5-a8db87406d08.xml.macaon	0	1	vikidia	vikidia	nc	nc	_	_	_	_	_

f6439296-46e5-4bb6-b9d5-a8db87406d08.xml.macaon	1	1	f6439296	f6439296	adj	adj	_	3	mod	_	_
f6439296-46e5-4bb6-b9d5-a8db87406d08.xml.macaon	2	2	-	-	ponctw	ponctw	_	1	ponct	_	_
f6439296-46e5-4bb6-b9d5-a8db87406d08.xml.macaon	3	3	46e5	46e5	nc	nc	_	_	_	_	_
f6439296-46e5-4bb6-b9d5-a8db87406d08.xml.macaon	4	4	-	-	ponctw	ponctw	_	3	ponct	_	_
f6439296-46e5-4bb6-b9d5-a8db87406d08.xml.macaon	5	5	4bb6	4bb6	nc	nc	_	3	mod	_	_
f6439296-46e5-4bb6-b9d5-a8db87406d08.xml.macaon	6	6	-	-	ponctw	ponctw	_	5	ponct	_	_
f6439296-46e5-4bb6-b9d5-a8db87406d08.xml.macaon	7	7	b9d5	b9d5	nc	nc	_	5	mod	_	_
f6439296-46e5-4bb6-b9d5-a8db87406d08.xml.macaon	8	8	-	-	ponctw	ponctw	_	7	ponct	_	_
f6439296-46e5-4bb6-b9d5-a8db87406d08.xml.macaon	9	9	a8db87406d08	a8db87406d08	nc	nc	_	7	mod	_	_

f6439296-46e5-4bb6-b9d5-a8db87406d08.xml.macaon	10	1	ADDED	ADDED	nc	nc	_	_	_	_	_

f6439296-46e5-4bb6-b9d5-a8db87406d08.xml.macaon	11	1	2016	2016	adj	adj	_	3	mod	_	_
f6439296-46e5-4bb6-b9d5-a8db87406d08.xml.macaon	12	2	-	-	ponctw	ponctw	_	1	ponct	_	_
f6439296-46e5-4bb6-b9d5-a8db87406d08.xml.macaon	13	3	06	06	nc	nc	_	_	_	_	_
f6439296-46e5-4bb6-b9d5-a8db87406d08.xml.macaon	14	4	-	-	ponctw	ponctw	_	3	ponct	_	_
f6439296-46e5-4bb6-b9d5-a8db87406d08.xml.macaon	15	5	15T14	15T14	nc	nc	_	3	mod	_	_
f6439296-46e5-4bb6-b9d5-a8db87406d08.xml.macaon	16	6	:	:	ponctw	ponctw	_	5	ponct	_	_
f6439296-46e5-4bb6-b9d5-a8db87406d08.xml.macaon	17	7	52	52	det	det	_	9	det	_	_
f6439296-46e5-4bb6-b9d5-a8db87406d08.xml.macaon	18	8	:	:	ponctw	ponctw	_	9	ponct	_	_
f6439296-46e5-4bb6-b9d5-a8db87406d08.xml.macaon	19	9	58Z	58Z	nc	nc	_	5	mod	_	_

f6439296-46e5-4bb6-b9d5-a8db87406d08.xml.macaon	20	1	Lutèce	Lutèce	np	np	_	_	_	_	_

f6439296-46e5-4bb6-b9d5-a8db87406d08.xml.macaon	21	1	Lutèce	Lutèce	np	np	_	_	_	_	_
f6439296-46e5-4bb6-b9d5-a8db87406d08.xml.macaon	22	2	(	(	ponctw	ponctw	_	1	ponct	_	_
f6439296-46e5-4bb6-b9d5-a8db87406d08.xml.macaon	23	3	Lutetia	Lutetia	np	np	_	1	mod	_	_
f6439296-46e5-4bb6-b9d5-a8db87406d08.xml.macaon	24	4	ou	ou	coo	coo	_	3	coord	_	_
f6439296-46e5-4bb6-b9d5-a8db87406d08.xml.macaon	25	5	parfois	parfois	adv	adv	_	4	mod	_	_
f6439296-46e5-4bb6-b9d5-a8db87406d08.xml.macaon	26	6	Lutetia	Lutetia	np	np	_	4	dep_coord	_	_
f6439296-46e5-4bb6-b9d5-a8db87406d08.xml.macaon	27	7	Parisiorum	Parisiorum	np	np	_	6	mod	_	_
f6439296-46e5-4bb6-b9d5-a8db87406d08.xml.macaon	28	8	en	en	prep	prep	_	11	mod	_	_
f6439296-46e5-4bb6-b9d5-a8db87406d08.xml.macaon	29	9	latin	latin	nc	nc	_	8	obj	_	_
f6439296-46e5-4bb6-b9d5-a8db87406d08.xml.macaon	30	10	)	)	ponctw	ponctw	_	11	ponct	_	_
f6439296-46e5-4bb6-b9d5-a8db87406d08.xml.macaon	31	11	est	être	v	v	_	4	dep_coord	_	_
f6439296-46e5-4bb6-b9d5-a8db87406d08.xml.macaon	32	12	une	un	det	det	_	13	det	_	_
f6439296-46e5-4bb6-b9d5-a8db87406d08.xml.macaon	33	13	ville	ville	nc	nc	_	11	ats	_	_
f6439296-46e5-4bb6-b9d5-a8db87406d08.xml.macaon	34	14	gallo-romaine	gallo-romain	adj	adj	_	13	mod	_	_
f6439296-46e5-4bb6-b9d5-a8db87406d08.xml.macaon	35	15	située	situer	vppart	vppart	_	13	mod	_	_
f6439296-46e5-4bb6-b9d5-a8db87406d08.xml.macaon	36	16	à	à	prep	prep	_	15	a_obj	_	_
f6439296-46e5-4bb6-b9d5-a8db87406d08.xml.macaon	37	17	l'	le	det	det	_	18	det	_	_
f6439296-46e5-4bb6-b9d5-a8db87406d08.xml.macaon	38	18	emplacement	emplacement	nc	nc	_	16	obj	_	_
f6439296-46e5-4bb6-b9d5-a8db87406d08.xml.macaon	39	19	actuel	actuel	adj	adj	_	18	mod	_	_
f6439296-46e5-4bb6-b9d5-a8db87406d08.xml.macaon	40	20	de	de	prep	prep	_	18	dep	_	_
f6439296-46e5-4bb6-b9d5-a8db87406d08.xml.macaon	41	21	la	le	det	det	_	22	det	_	_
f6439296-46e5-4bb6-b9d5-a8db87406d08.xml.macaon	42	22	rive	rive	nc	nc	_	20	obj	_	_
f6439296-46e5-4bb6-b9d5-a8db87406d08.xml.macaon	43	23	gauche	gauche	nc	nc	_	22	mod	_	_
f6439296-46e5-4bb6-b9d5-a8db87406d08.xml.macaon	44	24	de	de	prep	prep	_	23	dep	_	_
f6439296-46e5-4bb6-b9d5-a8db87406d08.xml.macaon	45	25	Paris	Paris	np	np	_	24	obj	_	_
f6439296-46e5-4bb6-b9d5-a8db87406d08.xml.macaon	46	26	.	.	poncts	poncts	_	11	ponct	_	_

f6439296-46e5-4bb6-b9d5-a8db87406d08.xml.macaon	47	1	Antiquité	antiquité	nc	nc	_	_	_	_	_

f6439296-46e5-4bb6-b9d5-a8db87406d08.xml.macaon	48	1	Lutèce	Lutèce	np	np	_	_	_	_	_

f6439296-46e5-4bb6-b9d5-a8db87406d08.xml.macaon	49	1	Lutèce	Lutèce	np	np	_	_	_	_	_
f6439296-46e5-4bb6-b9d5-a8db87406d08.xml.macaon	50	2	(	(	ponctw	ponctw	_	1	ponct	_	_
f6439296-46e5-4bb6-b9d5-a8db87406d08.xml.macaon	51	3	Lutetia	Lutetia	np	np	_	1	mod	_	_
f6439296-46e5-4bb6-b9d5-a8db87406d08.xml.macaon	52	4	ou	ou	coo	coo	_	3	coord	_	_
f6439296-46e5-4bb6-b9d5-a8db87406d08.xml.macaon	53	5	parfois	parfois	adv	adv	_	4	mod	_	_
f6439296-46e5-4bb6-b9d5-a8db87406d08.xml.macaon	54	6	Lutetia	Lutetia	np	np	_	4	dep_coord	_	_
f6439296-46e5-4bb6-b9d5-a8db87406d08.xml.macaon	55	7	Parisiorum	Parisiorum	np	np	_	6	mod	_	_
f6439296-46e5-4bb6-b9d5-a8db87406d08.xml.macaon	56	8	en	en	prep	prep	_	11	mod	_	_
f6439296-46e5-4bb6-b9d5-a8db87406d08.xml.macaon	57	9	latin	latin	nc	nc	_	8	obj	_	_
f6439296-46e5-4bb6-b9d5-a8db87406d08.xml.macaon	58	10	)	)	ponctw	ponctw	_	11	ponct	_	_
f6439296-46e5-4bb6-b9d5-a8db87406d08.xml.macaon	59	11	est	être	v	v	_	4	dep_coord	_	_
f6439296-46e5-4bb6-b9d5-a8db87406d08.xml.macaon	60	12	une	un	det	det	_	13	det	_	_
f6439296-46e5-4bb6-b9d5-a8db87406d08.xml.macaon	61	13	ville	ville	nc	nc	_	11	ats	_	_
f6439296-46e5-4bb6-b9d5-a8db87406d08.xml.macaon	62	14	gallo-romaine	gallo-romain	adj	adj	_	13	mod	_	_
f6439296-46e5-4bb6-b9d5-a8db87406d08.xml.macaon	63	15	située	situer	vppart	vppart	_	13	mod	_	_
f6439296-46e5-4bb6-b9d5-a8db87406d08.xml.macaon	64	16	à	à	prep	prep	_	15	a_obj	_	_
f6439296-46e5-4bb6-b9d5-a8db87406d08.xml.macaon	65	17	l'	le	det	det	_	18	det	_	_
f6439296-46e5-4bb6-b9d5-a8db87406d08.xml.macaon	66	18	emplacement	emplacement	nc	nc	_	16	obj	_	_
f6439296-46e5-4bb6-b9d5-a8db87406d08.xml.macaon	67	19	actuel	actuel	adj	adj	_	18	mod	_	_
f6439296-46e5-4bb6-b9d5-a8db87406d08.xml.macaon	68	20	de	de	prep	prep	_	18	dep	_	_
f6439296-46e5-4bb6-b9d5-a8db87406d08.xml.macaon	69	21	la	le	det	det	_	22	det	_	_
f6439296-46e5-4bb6-b9d5-a8db87406d08.xml.macaon	70	22	rive	rive	nc	nc	_	20	obj	_	_
f6439296-46e5-4bb6-b9d5-a8db87406d08.xml.macaon	71	23	gauche	gauche	nc	nc	_	22	mod	_	_
f6439296-46e5-4bb6-b9d5-a8db87406d08.xml.macaon	72	24	de	de	prep	prep	_	23	dep	_	_
f6439296-46e5-4bb6-b9d5-a8db87406d08.xml.macaon	73	25	Paris	Paris	np	np	_	24	obj	_	_
f6439296-46e5-4bb6-b9d5-a8db87406d08.xml.macaon	74	26	.	.	poncts	poncts	_	11	ponct	_	_

f6439296-46e5-4bb6-b9d5-a8db87406d08.xml.macaon	75	1	Histoire	histoire	nc	nc	_	_	_	_	_

f6439296-46e5-4bb6-b9d5-a8db87406d08.xml.macaon	76	1	Avant#que	avant#que	prep	prep	_	5	mod	_	_	B:Existence:FE:Time:G:86
f6439296-46e5-4bb6-b9d5-a8db87406d08.xml.macaon	77	2	Lutèce	Lutèce	np	np	_	1	obj	_	_	I:Existence:FE:Time:G:86
f6439296-46e5-4bb6-b9d5-a8db87406d08.xml.macaon	78	3	ne	ne	advneg	advneg	_	5	mod	_	_	I:Existence:FE:Time:G:86
f6439296-46e5-4bb6-b9d5-a8db87406d08.xml.macaon	79	4	soit	être	v	v	_	5	aux_tps	_	_	I:Existence:FE:Time:G:86
f6439296-46e5-4bb6-b9d5-a8db87406d08.xml.macaon	80	5	fondée	fonder	vppart	vppart	_	_	_	_	_	I:Existence:FE:Time:G:86
f6439296-46e5-4bb6-b9d5-a8db87406d08.xml.macaon	81	6	par	par	prep	prep	_	5	p_obj	_	_	I:Existence:FE:Time:G:86
f6439296-46e5-4bb6-b9d5-a8db87406d08.xml.macaon	82	7	les	le	det	det	_	8	det	_	_	I:Existence:FE:Time:G:86
f6439296-46e5-4bb6-b9d5-a8db87406d08.xml.macaon	83	8	Romains	romain	nc	nc	_	6	obj	_	_	I:Existence:FE:Time:G:86
f6439296-46e5-4bb6-b9d5-a8db87406d08.xml.macaon	84	9	,	,	ponctw	ponctw	_	11	ponct	_	_
f6439296-46e5-4bb6-b9d5-a8db87406d08.xml.macaon	85	10	il	il	cln	cln	_	11	suj	_	_
f6439296-46e5-4bb6-b9d5-a8db87406d08.xml.macaon	86	11	existait	exister	v	v	_	8	mod_rel	_	_	B:Existence:TARGET:exister:G:86
f6439296-46e5-4bb6-b9d5-a8db87406d08.xml.macaon	87	12	un	un	det	det	_	13	det	_	_	B:Existence:FE:Entity:G:86
f6439296-46e5-4bb6-b9d5-a8db87406d08.xml.macaon	88	13	oppidum	oppidum	nc	nc	_	11	obj	_	_	I:Existence:FE:Entity:G:86
f6439296-46e5-4bb6-b9d5-a8db87406d08.xml.macaon	89	14	où	où	prorel	prorel	_	17	suj	_	_
f6439296-46e5-4bb6-b9d5-a8db87406d08.xml.macaon	90	15	s'	s'	cln	cln	_	17	suj	_	_
f6439296-46e5-4bb6-b9d5-a8db87406d08.xml.macaon	91	16	était	être	v	v	_	17	aux_tps	_	_
f6439296-46e5-4bb6-b9d5-a8db87406d08.xml.macaon	92	17	établie	établir	vppart	vppart	_	13	mod_rel	_	_
f6439296-46e5-4bb6-b9d5-a8db87406d08.xml.macaon	93	18	la	le	det	det	_	19	det	_	_
f6439296-46e5-4bb6-b9d5-a8db87406d08.xml.macaon	94	19	tribu	tribu	nc	nc	_	17	obj	_	_
f6439296-46e5-4bb6-b9d5-a8db87406d08.xml.macaon	95	20	gauloise	gaulois	adj	adj	_	19	mod	_	_
f6439296-46e5-4bb6-b9d5-a8db87406d08.xml.macaon	96	21	des	des	prep	prep	_	17	mod	_	_
f6439296-46e5-4bb6-b9d5-a8db87406d08.xml.macaon	97	22	Parisii	Parisii	np	np	_	21	obj	_	_
f6439296-46e5-4bb6-b9d5-a8db87406d08.xml.macaon	98	23	depuis	depuis	prep	prep	_	17	mod	_	_
f6439296-46e5-4bb6-b9d5-a8db87406d08.xml.macaon	99	24	le	le	det	det	_	26	det	_	_
f6439296-46e5-4bb6-b9d5-a8db87406d08.xml.macaon	100	25	IIIe	IIIe	adj	adj	_	26	mod	_	_
f6439296-46e5-4bb6-b9d5-a8db87406d08.xml.macaon	101	26	siècle	siècle	nc	nc	_	23	obj	_	_
f6439296-46e5-4bb6-b9d5-a8db87406d08.xml.macaon	102	27	av.	av.	nc	nc	_	26	mod	_	_

f6439296-46e5-4bb6-b9d5-a8db87406d08.xml.macaon	103	1	J.-C.	Jésus-Christ	np	np	_	_	_	_	_
f6439296-46e5-4bb6-b9d5-a8db87406d08.xml.macaon	104	2	.	.	poncts	poncts	_	1	__JOKER__	_	_

f6439296-46e5-4bb6-b9d5-a8db87406d08.xml.macaon	105	1	Au	au	prep	prep	_	_	_	_	_
f6439296-46e5-4bb6-b9d5-a8db87406d08.xml.macaon	106	2	Ie	Ie	det	det	_	3	det	_	_
f6439296-46e5-4bb6-b9d5-a8db87406d08.xml.macaon	107	3	siècle	siècle	nc	nc	_	1	obj	_	_
f6439296-46e5-4bb6-b9d5-a8db87406d08.xml.macaon	108	4	av.	av.	nc	nc	_	3	mod	_	_

f6439296-46e5-4bb6-b9d5-a8db87406d08.xml.macaon	109	1	J.-C.	Jésus-Christ	np	np	_	5	suj	_	_
f6439296-46e5-4bb6-b9d5-a8db87406d08.xml.macaon	110	2	,	,	ponctw	ponctw	_	5	ponct	_	_
f6439296-46e5-4bb6-b9d5-a8db87406d08.xml.macaon	111	3	la	le	det	det	_	4	det	_	_
f6439296-46e5-4bb6-b9d5-a8db87406d08.xml.macaon	112	4	Gaule	Gaule	np	np	_	5	suj	_	_
f6439296-46e5-4bb6-b9d5-a8db87406d08.xml.macaon	113	5	passe	passer	v	v	_	_	_	_	_
f6439296-46e5-4bb6-b9d5-a8db87406d08.xml.macaon	114	6	sous	sous	prep	prep	_	5	mod	_	_
f6439296-46e5-4bb6-b9d5-a8db87406d08.xml.macaon	115	7	domination	domination	nc	nc	_	6	obj	_	_
f6439296-46e5-4bb6-b9d5-a8db87406d08.xml.macaon	116	8	romaine	romain	adj	adj	_	7	mod	_	_
f6439296-46e5-4bb6-b9d5-a8db87406d08.xml.macaon	117	9	et	et	coo	coo	_	5	coord	_	_
f6439296-46e5-4bb6-b9d5-a8db87406d08.xml.macaon	118	10	au#terme#de	au#terme#de	prep	prep	_	9	dep_coord	_	_
f6439296-46e5-4bb6-b9d5-a8db87406d08.xml.macaon	119	11	la	le	det	det	_	12	det	_	_
f6439296-46e5-4bb6-b9d5-a8db87406d08.xml.macaon	120	12	bataille	bataille	nc	nc	_	10	obj	_	_
f6439296-46e5-4bb6-b9d5-a8db87406d08.xml.macaon	121	13	de	de	prep	prep	_	12	dep	_	_
f6439296-46e5-4bb6-b9d5-a8db87406d08.xml.macaon	122	14	Lutèce	Lutèce	np	np	_	13	obj	_	_
f6439296-46e5-4bb6-b9d5-a8db87406d08.xml.macaon	123	15	(	(	ponctw	ponctw	_	14	ponct	_	_
f6439296-46e5-4bb6-b9d5-a8db87406d08.xml.macaon	124	16	-	-	ponctw	ponctw	_	14	ponct	_	_
f6439296-46e5-4bb6-b9d5-a8db87406d08.xml.macaon	125	17	52	52	nc	nc	_	14	mod	_	_
f6439296-46e5-4bb6-b9d5-a8db87406d08.xml.macaon	126	18	)	)	ponctw	ponctw	_	17	ponct	_	_
f6439296-46e5-4bb6-b9d5-a8db87406d08.xml.macaon	127	19	,	,	ponctw	ponctw	_	24	ponct	_	_
f6439296-46e5-4bb6-b9d5-a8db87406d08.xml.macaon	128	20	l'	le	det	det	_	21	det	_	_
f6439296-46e5-4bb6-b9d5-a8db87406d08.xml.macaon	129	21	oppidum	oppidum	nc	nc	_	24	suj	_	_
f6439296-46e5-4bb6-b9d5-a8db87406d08.xml.macaon	130	22	gaulois	gaulois	adj	adj	_	21	mod	_	_
f6439296-46e5-4bb6-b9d5-a8db87406d08.xml.macaon	131	23	est	être	v	v	_	24	aux_tps	_	_
f6439296-46e5-4bb6-b9d5-a8db87406d08.xml.macaon	132	24	brûlé	brûler	vppart	vppart	_	17	mod_rel	_	_
f6439296-46e5-4bb6-b9d5-a8db87406d08.xml.macaon	133	25	et	et	coo	coo	_	17	coord	_	_
f6439296-46e5-4bb6-b9d5-a8db87406d08.xml.macaon	134	26	abandonné	abandonner	vppart	vppart	_	25	dep_coord	_	_
f6439296-46e5-4bb6-b9d5-a8db87406d08.xml.macaon	135	27	.	.	poncts	poncts	_	5	ponct	_	_

f6439296-46e5-4bb6-b9d5-a8db87406d08.xml.macaon	136	1	Les	les	det	det	_	2	det	_	_
f6439296-46e5-4bb6-b9d5-a8db87406d08.xml.macaon	137	2	Romains	romain	nc	nc	_	3	suj	_	_
f6439296-46e5-4bb6-b9d5-a8db87406d08.xml.macaon	138	3	rebâtissent	rebâtir	v	v	_	_	_	_	_
f6439296-46e5-4bb6-b9d5-a8db87406d08.xml.macaon	139	4	sur	sur	prep	prep	_	3	mod	_	_
f6439296-46e5-4bb6-b9d5-a8db87406d08.xml.macaon	140	5	la	le	det	det	_	6	det	_	_
f6439296-46e5-4bb6-b9d5-a8db87406d08.xml.macaon	141	6	rive	rive	nc	nc	_	4	obj	_	_
f6439296-46e5-4bb6-b9d5-a8db87406d08.xml.macaon	142	7	droite	droit	adj	adj	_	6	mod	_	_
f6439296-46e5-4bb6-b9d5-a8db87406d08.xml.macaon	143	8	une	un	det	det	_	9	det	_	_
f6439296-46e5-4bb6-b9d5-a8db87406d08.xml.macaon	144	9	ville	ville	nc	nc	_	4	obj	_	_
f6439296-46e5-4bb6-b9d5-a8db87406d08.xml.macaon	145	10	,	,	ponctw	ponctw	_	9	ponct	_	_
f6439296-46e5-4bb6-b9d5-a8db87406d08.xml.macaon	146	11	dans	dans	prep	prep	_	3	mod	_	_
f6439296-46e5-4bb6-b9d5-a8db87406d08.xml.macaon	147	12	la	le	det	det	_	13	det	_	_
f6439296-46e5-4bb6-b9d5-a8db87406d08.xml.macaon	148	13	style	style	nc	nc	_	11	obj	_	_
f6439296-46e5-4bb6-b9d5-a8db87406d08.xml.macaon	149	14	gallo-romain	gallo-romain	adj	adj	_	13	mod	_	_
f6439296-46e5-4bb6-b9d5-a8db87406d08.xml.macaon	150	15	,	,	ponctw	ponctw	_	13	ponct	_	_
f6439296-46e5-4bb6-b9d5-a8db87406d08.xml.macaon	151	16	avec	avec	prep	prep	_	13	dep	_	_
f6439296-46e5-4bb6-b9d5-a8db87406d08.xml.macaon	152	17	des	un	det	det	_	18	det	_	_
f6439296-46e5-4bb6-b9d5-a8db87406d08.xml.macaon	153	18	théâtres	théâtre	nc	nc	_	16	obj	_	_
f6439296-46e5-4bb6-b9d5-a8db87406d08.xml.macaon	154	19	,	,	ponctw	ponctw	_	22	ponct	_	_
f6439296-46e5-4bb6-b9d5-a8db87406d08.xml.macaon	155	20	des	un	det	det	_	21	det	_	_
f6439296-46e5-4bb6-b9d5-a8db87406d08.xml.macaon	156	21	rues	rue	nc	nc	_	22	suj	_	_
f6439296-46e5-4bb6-b9d5-a8db87406d08.xml.macaon	157	22	pavées	paver	vppart	vppart	_	18	mod	_	_
f6439296-46e5-4bb6-b9d5-a8db87406d08.xml.macaon	158	23	...	...	poncts	poncts	_	3	ponct	_	_

f6439296-46e5-4bb6-b9d5-a8db87406d08.xml.macaon	159	1	Elle	elle	cln	cln	_	3	suj	_	_
f6439296-46e5-4bb6-b9d5-a8db87406d08.xml.macaon	160	2	se	se	clr	clr	_	3	aff	_	_
f6439296-46e5-4bb6-b9d5-a8db87406d08.xml.macaon	161	3	localise	localiser	v	v	_	_	_	_	_
f6439296-46e5-4bb6-b9d5-a8db87406d08.xml.macaon	162	4	autour	autour	prep	prep	_	3	mod	_	_
f6439296-46e5-4bb6-b9d5-a8db87406d08.xml.macaon	163	5	des	un	det	det	_	6	det	_	_
f6439296-46e5-4bb6-b9d5-a8db87406d08.xml.macaon	164	6	pentes	pente	nc	nc	_	4	obj	_	_
f6439296-46e5-4bb6-b9d5-a8db87406d08.xml.macaon	165	7	de	de	prep	prep	_	6	dep	_	_
f6439296-46e5-4bb6-b9d5-a8db87406d08.xml.macaon	166	8	la	le	det	det	_	9	det	_	_
f6439296-46e5-4bb6-b9d5-a8db87406d08.xml.macaon	167	9	montagne	montagne	nc	nc	_	7	obj	_	_
f6439296-46e5-4bb6-b9d5-a8db87406d08.xml.macaon	168	10	Saint	Saint	np	np	_	9	mod	_	_
f6439296-46e5-4bb6-b9d5-a8db87406d08.xml.macaon	169	11	-	-	ponctw	ponctw	_	9	ponct	_	_
f6439296-46e5-4bb6-b9d5-a8db87406d08.xml.macaon	170	12	Geneviève	Geneviève	np	np	_	9	mod	_	_
f6439296-46e5-4bb6-b9d5-a8db87406d08.xml.macaon	171	13	,	,	ponctw	ponctw	_	9	ponct	_	_
f6439296-46e5-4bb6-b9d5-a8db87406d08.xml.macaon	172	14	et	et	coo	coo	_	9	coord	_	_
f6439296-46e5-4bb6-b9d5-a8db87406d08.xml.macaon	173	15	respecte	respecter	v	v	_	14	dep_coord	_	_
f6439296-46e5-4bb6-b9d5-a8db87406d08.xml.macaon	174	16	le	le	det	det	_	17	det	_	_
f6439296-46e5-4bb6-b9d5-a8db87406d08.xml.macaon	175	17	modèle	modèle	nc	nc	_	15	obj	_	_
f6439296-46e5-4bb6-b9d5-a8db87406d08.xml.macaon	176	18	du	du	prep	prep	_	17	dep	_	_
f6439296-46e5-4bb6-b9d5-a8db87406d08.xml.macaon	177	19	cardo	cardo	nc	nc	_	18	obj	_	_
f6439296-46e5-4bb6-b9d5-a8db87406d08.xml.macaon	178	20	maximus	maximus	adj	adj	_	19	mod	_	_
f6439296-46e5-4bb6-b9d5-a8db87406d08.xml.macaon	179	21	.	.	poncts	poncts	_	3	ponct	_	_

f6439296-46e5-4bb6-b9d5-a8db87406d08.xml.macaon	180	1	L'	L'	det	det	_	2	det	_	_	B:Becoming:FE:Entity:G:185
f6439296-46e5-4bb6-b9d5-a8db87406d08.xml.macaon	181	2	île	île	nc	nc	_	6	suj	_	_	I:Becoming:FE:Entity:G:185
f6439296-46e5-4bb6-b9d5-a8db87406d08.xml.macaon	182	3	de	de	prep	prep	_	2	dep	_	_	I:Becoming:FE:Entity:G:185
f6439296-46e5-4bb6-b9d5-a8db87406d08.xml.macaon	183	4	la	le	det	det	_	5	det	_	_	I:Becoming:FE:Entity:G:185
f6439296-46e5-4bb6-b9d5-a8db87406d08.xml.macaon	184	5	Cité	Cité	np	np	_	3	obj	_	_	I:Becoming:FE:Entity:G:185
f6439296-46e5-4bb6-b9d5-a8db87406d08.xml.macaon	185	6	devient	devenir	v	v	_	_	_	_	_	B:Becoming:TARGET:devenir:G:185
f6439296-46e5-4bb6-b9d5-a8db87406d08.xml.macaon	186	7	le	le	det	det	_	8	det	_	_	B:Becoming:FE:Final_category:G:185
f6439296-46e5-4bb6-b9d5-a8db87406d08.xml.macaon	187	8	centre	centre	nc	nc	_	6	obj	_	_	I:Becoming:FE:Final_category:G:185
f6439296-46e5-4bb6-b9d5-a8db87406d08.xml.macaon	188	9	culturel	culturel	adj	adj	_	8	mod	_	_	I:Becoming:FE:Final_category:G:185
f6439296-46e5-4bb6-b9d5-a8db87406d08.xml.macaon	189	10	et	et	coo	coo	_	9	coord	_	_	I:Becoming:FE:Final_category:G:185
f6439296-46e5-4bb6-b9d5-a8db87406d08.xml.macaon	190	11	religieux	religieux	adj	adj	_	10	dep_coord	_	_	I:Becoming:FE:Final_category:G:185
f6439296-46e5-4bb6-b9d5-a8db87406d08.xml.macaon	191	12	de	de	prep	prep	_	8	dep	_	_	I:Becoming:FE:Final_category:G:185
f6439296-46e5-4bb6-b9d5-a8db87406d08.xml.macaon	192	13	cette	ce	det	det	_	14	det	_	_	I:Becoming:FE:Final_category:G:185
f6439296-46e5-4bb6-b9d5-a8db87406d08.xml.macaon	193	14	cité	cité	nc	nc	_	12	obj	_	_	I:Becoming:FE:Final_category:G:185
f6439296-46e5-4bb6-b9d5-a8db87406d08.xml.macaon	194	15	romaine	romain	adj	adj	_	14	mod	_	_	I:Becoming:FE:Final_category:G:185
f6439296-46e5-4bb6-b9d5-a8db87406d08.xml.macaon	195	16	,	,	ponctw	ponctw	_	14	ponct	_	_
f6439296-46e5-4bb6-b9d5-a8db87406d08.xml.macaon	196	17	avec	avec	prep	prep	_	22	mod	_	_
f6439296-46e5-4bb6-b9d5-a8db87406d08.xml.macaon	197	18	une	un	det	det	_	19	det	_	_
f6439296-46e5-4bb6-b9d5-a8db87406d08.xml.macaon	198	19	église	église	nc	nc	_	17	obj	_	_
f6439296-46e5-4bb6-b9d5-a8db87406d08.xml.macaon	199	20	antique	antique	adj	adj	_	19	mod	_	_
f6439296-46e5-4bb6-b9d5-a8db87406d08.xml.macaon	200	21	(	(	ponctw	ponctw	_	19	ponct	_	_
f6439296-46e5-4bb6-b9d5-a8db87406d08.xml.macaon	201	22	située	situer	vppart	vppart	_	14	mod	_	_
f6439296-46e5-4bb6-b9d5-a8db87406d08.xml.macaon	202	23	sur	sur	prep	prep	_	22	mod	_	_
f6439296-46e5-4bb6-b9d5-a8db87406d08.xml.macaon	203	24	l'	le	det	det	_	25	det	_	_
f6439296-46e5-4bb6-b9d5-a8db87406d08.xml.macaon	204	25	emplacement	emplacement	nc	nc	_	23	obj	_	_
f6439296-46e5-4bb6-b9d5-a8db87406d08.xml.macaon	205	26	de#l'	de#l'	prep	prep	_	22	mod	_	_
f6439296-46e5-4bb6-b9d5-a8db87406d08.xml.macaon	206	27	actuelle	actuel	adj	adj	_	28	mod	_	_
f6439296-46e5-4bb6-b9d5-a8db87406d08.xml.macaon	207	28	cathédrale	cathédrale	nc	nc	_	26	obj	_	_
f6439296-46e5-4bb6-b9d5-a8db87406d08.xml.macaon	208	29	Notre-Dame	Notre-Dame	np	np	_	28	mod	_	_
f6439296-46e5-4bb6-b9d5-a8db87406d08.xml.macaon	209	30	-	-	ponctw	ponctw	_	28	ponct	_	_
f6439296-46e5-4bb6-b9d5-a8db87406d08.xml.macaon	210	31	de	de	prep	prep	_	28	dep	_	_
f6439296-46e5-4bb6-b9d5-a8db87406d08.xml.macaon	211	32	-	-	ponctw	ponctw	_	31	ponct	_	_
f6439296-46e5-4bb6-b9d5-a8db87406d08.xml.macaon	212	33	Paris	Paris	np	np	_	31	obj	_	_
f6439296-46e5-4bb6-b9d5-a8db87406d08.xml.macaon	213	34	)	)	ponctw	ponctw	_	33	ponct	_	_
f6439296-46e5-4bb6-b9d5-a8db87406d08.xml.macaon	214	35	.	.	poncts	poncts	_	6	__JOKER__	_	_
f6439296-46e5-4bb6-b9d5-a8db87406d08.xml.macaon	215	36	Lutèce	Lutèce	np	np	_	35	__JOKER__	_	_	B:Colonization:FE:Homeland:G:240
f6439296-46e5-4bb6-b9d5-a8db87406d08.xml.macaon	216	37	,	,	ponctw	ponctw	_	44	ponct	_	_
f6439296-46e5-4bb6-b9d5-a8db87406d08.xml.macaon	217	38	au#sein#de	au#sein#de	prep	prep	_	44	mod	_	_
f6439296-46e5-4bb6-b9d5-a8db87406d08.xml.macaon	218	39	la	le	det	det	_	40	det	_	_
f6439296-46e5-4bb6-b9d5-a8db87406d08.xml.macaon	219	40	Gaule	Gaule	np	np	_	38	obj	_	_
f6439296-46e5-4bb6-b9d5-a8db87406d08.xml.macaon	220	41	romaine	romain	nc	nc	_	38	obj	_	_
f6439296-46e5-4bb6-b9d5-a8db87406d08.xml.macaon	221	42	,	,	ponctw	ponctw	_	44	ponct	_	_
f6439296-46e5-4bb6-b9d5-a8db87406d08.xml.macaon	222	43	n'	n'	advneg	advneg	_	44	mod	_	_
f6439296-46e5-4bb6-b9d5-a8db87406d08.xml.macaon	223	44	est	être	v	v	_	35	__JOKER__	_	_
f6439296-46e5-4bb6-b9d5-a8db87406d08.xml.macaon	224	45	pas	pas	advneg	advneg	_	44	mod	_	_
f6439296-46e5-4bb6-b9d5-a8db87406d08.xml.macaon	225	46	une	un	det	det	_	47	det	_	_
f6439296-46e5-4bb6-b9d5-a8db87406d08.xml.macaon	226	47	ville	ville	nc	nc	_	44	ats	_	_
f6439296-46e5-4bb6-b9d5-a8db87406d08.xml.macaon	227	48	très	très	adv	adv	_	49	mod	_	_
f6439296-46e5-4bb6-b9d5-a8db87406d08.xml.macaon	228	49	importante	important	adj	adj	_	47	mod	_	_
f6439296-46e5-4bb6-b9d5-a8db87406d08.xml.macaon	229	50	:	:	ponctw	ponctw	_	47	ponct	_	_
f6439296-46e5-4bb6-b9d5-a8db87406d08.xml.macaon	230	51	avec	avec	prep	prep	_	44	mod	_	_
f6439296-46e5-4bb6-b9d5-a8db87406d08.xml.macaon	231	52	ses	son	det	det	_	54	det	_	_
f6439296-46e5-4bb6-b9d5-a8db87406d08.xml.macaon	232	53	6#000	6#000	adj	adj	_	54	mod	_	_	B:Colonization:FE:Colonists:G:240
f6439296-46e5-4bb6-b9d5-a8db87406d08.xml.macaon	233	54	habitants	habitant	nc	nc	_	51	obj	_	_	I:Colonization:FE:Colonists:G:240
f6439296-46e5-4bb6-b9d5-a8db87406d08.xml.macaon	234	55	,	,	ponctw	ponctw	_	57	ponct	_	_
f6439296-46e5-4bb6-b9d5-a8db87406d08.xml.macaon	235	56	elle	elle	cln	cln	_	57	suj	_	_
f6439296-46e5-4bb6-b9d5-a8db87406d08.xml.macaon	236	57	est	être	v	v	_	54	mod_rel	_	_
f6439296-46e5-4bb6-b9d5-a8db87406d08.xml.macaon	237	58	dix	dix	det	det	_	59	det	_	_
f6439296-46e5-4bb6-b9d5-a8db87406d08.xml.macaon	238	59	fois	foi	nc	nc	_	57	ats	_	_
f6439296-46e5-4bb6-b9d5-a8db87406d08.xml.macaon	239	60	moins	moins	adv	adv	_	61	mod	_	_
f6439296-46e5-4bb6-b9d5-a8db87406d08.xml.macaon	240	61	peuplée	peupler	vppart	vppart	_	59	mod	_	_	B:Colonization:TARGET:peupler:G:240
f6439296-46e5-4bb6-b9d5-a8db87406d08.xml.macaon	241	62	que	que	csu	csu	_	59	mod	_	_
f6439296-46e5-4bb6-b9d5-a8db87406d08.xml.macaon	242	63	Lugdunum	Lugdunum	np	np	_	59	mod	_	_
f6439296-46e5-4bb6-b9d5-a8db87406d08.xml.macaon	243	64	(	(	ponctw	ponctw	_	63	ponct	_	_
f6439296-46e5-4bb6-b9d5-a8db87406d08.xml.macaon	244	65	alors	alors	adv	adv	_	67	mod	_	_
f6439296-46e5-4bb6-b9d5-a8db87406d08.xml.macaon	245	66	la	le	det	det	_	67	det	_	_
f6439296-46e5-4bb6-b9d5-a8db87406d08.xml.macaon	246	67	capitale	capitale	nc	nc	_	63	mod	_	_
f6439296-46e5-4bb6-b9d5-a8db87406d08.xml.macaon	247	68	de	de	prep	prep	_	67	dep	_	_
f6439296-46e5-4bb6-b9d5-a8db87406d08.xml.macaon	248	69	la	le	det	det	_	70	det	_	_
f6439296-46e5-4bb6-b9d5-a8db87406d08.xml.macaon	249	70	Gaule	Gaule	np	np	_	68	obj	_	_
f6439296-46e5-4bb6-b9d5-a8db87406d08.xml.macaon	250	71	)	)	ponctw	ponctw	_	67	ponct	_	_
f6439296-46e5-4bb6-b9d5-a8db87406d08.xml.macaon	251	72	.	.	poncts	poncts	_	6	ponct	_	_

f6439296-46e5-4bb6-b9d5-a8db87406d08.xml.macaon	252	1	La	la	det	det	_	2	det	_	_
f6439296-46e5-4bb6-b9d5-a8db87406d08.xml.macaon	253	2	vie	vie	nc	nc	_	4	suj	_	_
f6439296-46e5-4bb6-b9d5-a8db87406d08.xml.macaon	254	3	y	y	clo	clo	_	4	__JOKER__	_	_
f6439296-46e5-4bb6-b9d5-a8db87406d08.xml.macaon	255	4	est	être	v	v	_	_	_	_	_
f6439296-46e5-4bb6-b9d5-a8db87406d08.xml.macaon	256	5	paisible	paisible	adj	adj	_	4	ats	_	_
f6439296-46e5-4bb6-b9d5-a8db87406d08.xml.macaon	257	6	;	;	ponctw	ponctw	_	4	ponct	_	_
f6439296-46e5-4bb6-b9d5-a8db87406d08.xml.macaon	258	7	la	le	det	det	_	8	det	_	_
f6439296-46e5-4bb6-b9d5-a8db87406d08.xml.macaon	259	8	cité	cité	nc	nc	_	10	suj	_	_
f6439296-46e5-4bb6-b9d5-a8db87406d08.xml.macaon	260	9	est	être	v	v	_	10	aux_tps	_	_
f6439296-46e5-4bb6-b9d5-a8db87406d08.xml.macaon	261	10	équipée	équiper	vppart	vppart	_	4	__JOKER__	_	_
f6439296-46e5-4bb6-b9d5-a8db87406d08.xml.macaon	262	11	de	de	prep	prep	_	10	de_obj	_	_
f6439296-46e5-4bb6-b9d5-a8db87406d08.xml.macaon	263	12	ses	son	det	det	_	13	det	_	_
f6439296-46e5-4bb6-b9d5-a8db87406d08.xml.macaon	264	13	propos	propos	nc	nc	_	11	obj	_	_
f6439296-46e5-4bb6-b9d5-a8db87406d08.xml.macaon	265	14	thermes	thermes	nc	nc	_	13	mod	_	_
f6439296-46e5-4bb6-b9d5-a8db87406d08.xml.macaon	266	15	(	(	ponctw	ponctw	_	13	ponct	_	_
f6439296-46e5-4bb6-b9d5-a8db87406d08.xml.macaon	267	16	actuels	actuel	adj	adj	_	17	mod	_	_
f6439296-46e5-4bb6-b9d5-a8db87406d08.xml.macaon	268	17	thermes	thermes	nc	nc	_	11	obj	_	_
f6439296-46e5-4bb6-b9d5-a8db87406d08.xml.macaon	269	18	de	de	prep	prep	_	17	dep	_	_
f6439296-46e5-4bb6-b9d5-a8db87406d08.xml.macaon	270	19	Cluny	Cluny	np	np	_	18	obj	_	_
f6439296-46e5-4bb6-b9d5-a8db87406d08.xml.macaon	271	20	)	)	ponctw	ponctw	_	17	ponct	_	_
f6439296-46e5-4bb6-b9d5-a8db87406d08.xml.macaon	272	21	,	,	ponctw	ponctw	_	17	ponct	_	_
f6439296-46e5-4bb6-b9d5-a8db87406d08.xml.macaon	273	22	d'	de	prep	prep	_	17	dep	_	_
f6439296-46e5-4bb6-b9d5-a8db87406d08.xml.macaon	274	23	un	un	det	det	_	24	det	_	_
f6439296-46e5-4bb6-b9d5-a8db87406d08.xml.macaon	275	24	forum	forum	nc	nc	_	22	obj	_	_
f6439296-46e5-4bb6-b9d5-a8db87406d08.xml.macaon	276	25	et	et	coo	coo	_	24	coord	_	_
f6439296-46e5-4bb6-b9d5-a8db87406d08.xml.macaon	277	26	,	,	ponctw	ponctw	_	24	ponct	_	_
f6439296-46e5-4bb6-b9d5-a8db87406d08.xml.macaon	278	27	à	à	prep	prep	_	24	dep	_	_
f6439296-46e5-4bb6-b9d5-a8db87406d08.xml.macaon	279	28	l'	le	det	det	_	29	det	_	_
f6439296-46e5-4bb6-b9d5-a8db87406d08.xml.macaon	280	29	extérieur	extérieur	nc	nc	_	27	obj	_	_
f6439296-46e5-4bb6-b9d5-a8db87406d08.xml.macaon	281	30	de	de	prep	prep	_	29	dep	_	_
f6439296-46e5-4bb6-b9d5-a8db87406d08.xml.macaon	282	31	la	le	det	det	_	32	det	_	_
f6439296-46e5-4bb6-b9d5-a8db87406d08.xml.macaon	283	32	ville	ville	nc	nc	_	30	obj	_	_
f6439296-46e5-4bb6-b9d5-a8db87406d08.xml.macaon	284	33	,	,	ponctw	ponctw	_	32	ponct	_	_
f6439296-46e5-4bb6-b9d5-a8db87406d08.xml.macaon	285	34	de	de	prep	prep	_	32	dep	_	_
f6439296-46e5-4bb6-b9d5-a8db87406d08.xml.macaon	286	35	ses	son	det	det	_	36	det	_	_
f6439296-46e5-4bb6-b9d5-a8db87406d08.xml.macaon	287	36	propos	propos	nc	nc	_	34	obj	_	_
f6439296-46e5-4bb6-b9d5-a8db87406d08.xml.macaon	288	37	arènes	arène	nc	nc	_	36	mod	_	_
f6439296-46e5-4bb6-b9d5-a8db87406d08.xml.macaon	289	38	:	:	ponctw	ponctw	_	36	ponct	_	_
f6439296-46e5-4bb6-b9d5-a8db87406d08.xml.macaon	290	39	les	le	det	det	_	40	det	_	_
f6439296-46e5-4bb6-b9d5-a8db87406d08.xml.macaon	291	40	arènes	arène	nc	nc	_	45	suj	_	_
f6439296-46e5-4bb6-b9d5-a8db87406d08.xml.macaon	292	41	de	de	prep	prep	_	40	dep	_	_
f6439296-46e5-4bb6-b9d5-a8db87406d08.xml.macaon	293	42	Lutèce	Lutèce	np	np	_	41	obj	_	_
f6439296-46e5-4bb6-b9d5-a8db87406d08.xml.macaon	294	43	,	,	ponctw	ponctw	_	40	ponct	_	_
f6439296-46e5-4bb6-b9d5-a8db87406d08.xml.macaon	295	44	qui	qui	prorel	prorel	_	45	suj	_	_
f6439296-46e5-4bb6-b9d5-a8db87406d08.xml.macaon	296	45	peuvent	pouvoir	v	v	_	36	mod_rel	_	_
f6439296-46e5-4bb6-b9d5-a8db87406d08.xml.macaon	297	46	accueillir	accueillir	vinf	vinf	_	45	obj	_	_
f6439296-46e5-4bb6-b9d5-a8db87406d08.xml.macaon	298	47	18#000	18#000	det	det	_	48	det	_	_
f6439296-46e5-4bb6-b9d5-a8db87406d08.xml.macaon	299	48	spectateurs.La	spectateurs.La	nc	nc	_	46	obj	_	_
f6439296-46e5-4bb6-b9d5-a8db87406d08.xml.macaon	300	49	Seine	Seine	np	np	_	48	mod	_	_
f6439296-46e5-4bb6-b9d5-a8db87406d08.xml.macaon	301	50	fait	faire	v	v	_	45	mod	_	_
f6439296-46e5-4bb6-b9d5-a8db87406d08.xml.macaon	302	51	la	le	det	det	_	52	det	_	_
f6439296-46e5-4bb6-b9d5-a8db87406d08.xml.macaon	303	52	richesse	richesse	nc	nc	_	50	obj	_	_
f6439296-46e5-4bb6-b9d5-a8db87406d08.xml.macaon	304	53	des	des	prep	prep	_	52	dep	_	_
f6439296-46e5-4bb6-b9d5-a8db87406d08.xml.macaon	305	54	Lutétiens	Lutétiens	nc	nc	_	53	obj	_	_
f6439296-46e5-4bb6-b9d5-a8db87406d08.xml.macaon	306	55	:	:	ponctw	ponctw	_	62	ponct	_	_
f6439296-46e5-4bb6-b9d5-a8db87406d08.xml.macaon	307	56	la	le	det	det	_	57	det	_	_
f6439296-46e5-4bb6-b9d5-a8db87406d08.xml.macaon	308	57	vie	vie	nc	nc	_	62	suj	_	_
f6439296-46e5-4bb6-b9d5-a8db87406d08.xml.macaon	309	58	quotidienne	quotidien	adj	adj	_	57	mod	_	_
f6439296-46e5-4bb6-b9d5-a8db87406d08.xml.macaon	310	59	professionnelle	professionnel	adj	adj	_	57	mod	_	_
f6439296-46e5-4bb6-b9d5-a8db87406d08.xml.macaon	311	60	y	y	clo	clo	_	62	a_obj	_	_
f6439296-46e5-4bb6-b9d5-a8db87406d08.xml.macaon	312	61	est	être	v	v	_	62	aux_tps	_	_
f6439296-46e5-4bb6-b9d5-a8db87406d08.xml.macaon	313	62	rythmée	rythmer	vppart	vppart	_	52	mod_rel	_	_
f6439296-46e5-4bb6-b9d5-a8db87406d08.xml.macaon	314	63	par	par	prep	prep	_	62	mod	_	_
f6439296-46e5-4bb6-b9d5-a8db87406d08.xml.macaon	315	64	un	un	det	det	_	65	det	_	_
f6439296-46e5-4bb6-b9d5-a8db87406d08.xml.macaon	316	65	commerce	commerce	nc	nc	_	63	obj	_	_
f6439296-46e5-4bb6-b9d5-a8db87406d08.xml.macaon	317	66	fluvial	fluvial	adj	adj	_	65	mod	_	_
f6439296-46e5-4bb6-b9d5-a8db87406d08.xml.macaon	318	67	,	,	ponctw	ponctw	_	65	ponct	_	_
f6439296-46e5-4bb6-b9d5-a8db87406d08.xml.macaon	319	68	très	très	adv	adv	_	69	mod	_	_
f6439296-46e5-4bb6-b9d5-a8db87406d08.xml.macaon	320	69	important	important	adj	adj	_	65	mod	_	_
f6439296-46e5-4bb6-b9d5-a8db87406d08.xml.macaon	321	70	.	.	poncts	poncts	_	4	ponct	_	_

f6439296-46e5-4bb6-b9d5-a8db87406d08.xml.macaon	322	1	Dès	Dès	prep	prep	_	7	mod	_	_	B:Attack:FE:Time:G:331
f6439296-46e5-4bb6-b9d5-a8db87406d08.xml.macaon	323	2	le	le	det	det	_	4	det	_	_	I:Attack:FE:Time:G:331
f6439296-46e5-4bb6-b9d5-a8db87406d08.xml.macaon	324	3	IIIe	IIIe	adj	adj	_	4	mod	_	_	I:Attack:FE:Time:G:331
f6439296-46e5-4bb6-b9d5-a8db87406d08.xml.macaon	325	4	siècle	siècle	nc	nc	_	1	obj	_	_	I:Attack:FE:Time:G:331
f6439296-46e5-4bb6-b9d5-a8db87406d08.xml.macaon	326	5	,	,	ponctw	ponctw	_	7	ponct	_	_
f6439296-46e5-4bb6-b9d5-a8db87406d08.xml.macaon	327	6	Lutèce	Lutèce	np	np	_	7	suj	_	_	B:Attack:FE:Victim:G:331
f6439296-46e5-4bb6-b9d5-a8db87406d08.xml.macaon	328	7	doit	devoir	v	v	_	_	_	_	_
f6439296-46e5-4bb6-b9d5-a8db87406d08.xml.macaon	329	8	essuyer	essuyer	vinf	vinf	_	7	obj	_	_
f6439296-46e5-4bb6-b9d5-a8db87406d08.xml.macaon	330	9	les	le	det	det	_	10	det	_	_
f6439296-46e5-4bb6-b9d5-a8db87406d08.xml.macaon	331	10	attaques	attaque	nc	nc	_	8	obj	_	_	B:Attack:TARGET:attaque:G:331
f6439296-46e5-4bb6-b9d5-a8db87406d08.xml.macaon	332	11	de	de	prep	prep	_	10	dep	_	_	B:Attack:FE:Assaillant:G:331
f6439296-46e5-4bb6-b9d5-a8db87406d08.xml.macaon	333	12	barbares	barbare	nc	nc	_	11	obj	_	_	I:Attack:FE:Assaillant:G:331
f6439296-46e5-4bb6-b9d5-a8db87406d08.xml.macaon	334	13	qui	qui	prorel	prorel	_	14	suj	_	_
f6439296-46e5-4bb6-b9d5-a8db87406d08.xml.macaon	335	14	envahissent	envahir	v	v	_	12	mod_rel	_	_	B:Attack:FE:Purpose:G:331
f6439296-46e5-4bb6-b9d5-a8db87406d08.xml.macaon	336	15	la	le	det	det	_	16	det	_	_	I:Attack:FE:Purpose:G:331
f6439296-46e5-4bb6-b9d5-a8db87406d08.xml.macaon	337	16	Gaule	Gaule	np	np	_	12	mod	_	_	I:Attack:FE:Purpose:G:331
f6439296-46e5-4bb6-b9d5-a8db87406d08.xml.macaon	338	17	.	.	poncts	poncts	_	7	ponct	_	_

f6439296-46e5-4bb6-b9d5-a8db87406d08.xml.macaon	339	1	La	la	det	det	_	2	det	_	_
f6439296-46e5-4bb6-b9d5-a8db87406d08.xml.macaon	340	2	Lutèce	Lutèce	np	np	_	_	_	_	_
f6439296-46e5-4bb6-b9d5-a8db87406d08.xml.macaon	341	3	sur	sur	prep	prep	_	2	dep	_	_
f6439296-46e5-4bb6-b9d5-a8db87406d08.xml.macaon	342	4	la	le	det	det	_	5	det	_	_
f6439296-46e5-4bb6-b9d5-a8db87406d08.xml.macaon	343	5	rive	rive	nc	nc	_	3	obj	_	_
f6439296-46e5-4bb6-b9d5-a8db87406d08.xml.macaon	344	6	gauche	gauche	nc	nc	_	5	mod	_	_
f6439296-46e5-4bb6-b9d5-a8db87406d08.xml.macaon	345	7	est	être	v	v	_	5	mod_rel	_	_
f6439296-46e5-4bb6-b9d5-a8db87406d08.xml.macaon	346	8	abandonnée	abandonner	vppart	vppart	_	7	ats	_	_
f6439296-46e5-4bb6-b9d5-a8db87406d08.xml.macaon	347	9	et	et	coo	coo	_	7	coord	_	_
f6439296-46e5-4bb6-b9d5-a8db87406d08.xml.macaon	348	10	ruinée	ruiner	vppart	vppart	_	9	dep_coord	_	_
f6439296-46e5-4bb6-b9d5-a8db87406d08.xml.macaon	349	11	car	car	coo	coo	_	7	coord	_	_
f6439296-46e5-4bb6-b9d5-a8db87406d08.xml.macaon	350	12	sa	son	det	det	_	13	det	_	_
f6439296-46e5-4bb6-b9d5-a8db87406d08.xml.macaon	351	13	situation	situation	nc	nc	_	11	dep_coord	_	_
f6439296-46e5-4bb6-b9d5-a8db87406d08.xml.macaon	352	14	géographique	géographique	adj	adj	_	13	mod	_	_
f6439296-46e5-4bb6-b9d5-a8db87406d08.xml.macaon	353	15	présente	présent	nc	nc	_	13	mod	_	_
f6439296-46e5-4bb6-b9d5-a8db87406d08.xml.macaon	354	16	des	des	prep	prep	_	15	dep	_	_
f6439296-46e5-4bb6-b9d5-a8db87406d08.xml.macaon	355	17	difficultés	difficulté	nc	nc	_	16	obj	_	_
f6439296-46e5-4bb6-b9d5-a8db87406d08.xml.macaon	356	18	pour	pour	prep	prep	_	17	dep	_	_
f6439296-46e5-4bb6-b9d5-a8db87406d08.xml.macaon	357	19	sa	son	det	det	_	20	det	_	_
f6439296-46e5-4bb6-b9d5-a8db87406d08.xml.macaon	358	20	défense	défense	nc	nc	_	18	obj	_	_
f6439296-46e5-4bb6-b9d5-a8db87406d08.xml.macaon	359	21	:	:	ponctw	ponctw	_	20	ponct	_	_
f6439296-46e5-4bb6-b9d5-a8db87406d08.xml.macaon	360	22	les	le	det	det	_	24	det	_	_
f6439296-46e5-4bb6-b9d5-a8db87406d08.xml.macaon	361	23	grands	grand	adj	adj	_	24	mod	_	_
f6439296-46e5-4bb6-b9d5-a8db87406d08.xml.macaon	362	24	monuments	monument	nc	nc	_	18	obj	_	_
f6439296-46e5-4bb6-b9d5-a8db87406d08.xml.macaon	363	25	de	de	prep	prep	_	24	dep	_	_
f6439296-46e5-4bb6-b9d5-a8db87406d08.xml.macaon	364	26	pierre	pierre	nc	nc	_	25	obj	_	_
f6439296-46e5-4bb6-b9d5-a8db87406d08.xml.macaon	365	27	(	(	ponctw	ponctw	_	24	ponct	_	_
f6439296-46e5-4bb6-b9d5-a8db87406d08.xml.macaon	366	28	comme	comme	prep	prep	_	33	mod	_	_
f6439296-46e5-4bb6-b9d5-a8db87406d08.xml.macaon	367	29	le	le	det	det	_	30	det	_	_
f6439296-46e5-4bb6-b9d5-a8db87406d08.xml.macaon	368	30	forum	forum	nc	nc	_	28	obj	_	_
f6439296-46e5-4bb6-b9d5-a8db87406d08.xml.macaon	369	31	)	)	ponctw	ponctw	_	33	ponct	_	_
f6439296-46e5-4bb6-b9d5-a8db87406d08.xml.macaon	370	32	sont	être	v	v	_	33	aux_tps	_	_
f6439296-46e5-4bb6-b9d5-a8db87406d08.xml.macaon	371	33	détruits	détruire	vppart	vppart	_	24	mod_rel	_	_
f6439296-46e5-4bb6-b9d5-a8db87406d08.xml.macaon	372	34	,	,	ponctw	ponctw	_	33	ponct	_	_
f6439296-46e5-4bb6-b9d5-a8db87406d08.xml.macaon	373	35	et	et	coo	coo	_	24	coord	_	_
f6439296-46e5-4bb6-b9d5-a8db87406d08.xml.macaon	374	36	leurs	son	det	det	_	37	det	_	_
f6439296-46e5-4bb6-b9d5-a8db87406d08.xml.macaon	375	37	pierres	pierre	nc	nc	_	39	suj	_	_
f6439296-46e5-4bb6-b9d5-a8db87406d08.xml.macaon	376	38	sont	être	v	v	_	39	aux_tps	_	_
f6439296-46e5-4bb6-b9d5-a8db87406d08.xml.macaon	377	39	réutilisées	réutiliser	vppart	vppart	_	7	__JOKER__	_	_
f6439296-46e5-4bb6-b9d5-a8db87406d08.xml.macaon	378	40	pour	pour	prep	prep	_	39	mod	_	_
f6439296-46e5-4bb6-b9d5-a8db87406d08.xml.macaon	379	41	fortifier	fortifier	vinf	vinf	_	40	obj	_	_
f6439296-46e5-4bb6-b9d5-a8db87406d08.xml.macaon	380	42	l'	le	det	det	_	43	det	_	_
f6439296-46e5-4bb6-b9d5-a8db87406d08.xml.macaon	381	43	île	île	nc	nc	_	41	obj	_	_
f6439296-46e5-4bb6-b9d5-a8db87406d08.xml.macaon	382	44	de	de	prep	prep	_	43	dep	_	_
f6439296-46e5-4bb6-b9d5-a8db87406d08.xml.macaon	383	45	la	le	det	det	_	46	det	_	_
f6439296-46e5-4bb6-b9d5-a8db87406d08.xml.macaon	384	46	Cité	Cité	np	np	_	44	obj	_	_
f6439296-46e5-4bb6-b9d5-a8db87406d08.xml.macaon	385	47	,	,	ponctw	ponctw	_	53	ponct	_	_
f6439296-46e5-4bb6-b9d5-a8db87406d08.xml.macaon	386	48	sur	sur	prep	prep	_	53	mod	_	_
f6439296-46e5-4bb6-b9d5-a8db87406d08.xml.macaon	387	49	laquelle	lequel	prorel	prorel	_	48	obj	_	_
f6439296-46e5-4bb6-b9d5-a8db87406d08.xml.macaon	388	50	la	le	det	det	_	51	det	_	_
f6439296-46e5-4bb6-b9d5-a8db87406d08.xml.macaon	389	51	ville	ville	nc	nc	_	48	obj	_	_
f6439296-46e5-4bb6-b9d5-a8db87406d08.xml.macaon	390	52	se	se	clr	clr	_	53	aff	_	_
f6439296-46e5-4bb6-b9d5-a8db87406d08.xml.macaon	391	53	replie	replier	v	v	_	43	mod_rel	_	_
f6439296-46e5-4bb6-b9d5-a8db87406d08.xml.macaon	392	54	.	.	poncts	poncts	_	7	ponct	_	_

f6439296-46e5-4bb6-b9d5-a8db87406d08.xml.macaon	393	1	C'	C'	cln	cln	_	2	suj	_	_
f6439296-46e5-4bb6-b9d5-a8db87406d08.xml.macaon	394	2	est	être	v	v	_	_	_	_	_
f6439296-46e5-4bb6-b9d5-a8db87406d08.xml.macaon	395	3	sur	sur	prep	prep	_	2	mod	_	_
f6439296-46e5-4bb6-b9d5-a8db87406d08.xml.macaon	396	4	cette	ce	det	det	_	5	det	_	_	B:Becoming:FE:Entity:G:398
f6439296-46e5-4bb6-b9d5-a8db87406d08.xml.macaon	397	5	ville	ville	nc	nc	_	3	obj	_	_	I:Becoming:FE:Entity:G:398
f6439296-46e5-4bb6-b9d5-a8db87406d08.xml.macaon	398	6	devenue	devenir	vppart	vppart	_	5	mod	_	_	B:Becoming:TARGET:devenir:G:398
f6439296-46e5-4bb6-b9d5-a8db87406d08.xml.macaon	399	7	bien	bien	adv	adv	_	8	mod	_	_	B:Becoming:FE:Final_quality:G:398
f6439296-46e5-4bb6-b9d5-a8db87406d08.xml.macaon	400	8	plus	plus	adv	adv	_	9	mod	_	_	I:Becoming:FE:Final_quality:G:398
f6439296-46e5-4bb6-b9d5-a8db87406d08.xml.macaon	401	9	petite	petit	adj	adj	_	10	mod	_	_	I:Becoming:FE:Final_quality:G:398
f6439296-46e5-4bb6-b9d5-a8db87406d08.xml.macaon	402	10	qu'	qu'	nc	nc	_	3	obj	_	_	I:Becoming:FE:Final_quality:G:398
f6439296-46e5-4bb6-b9d5-a8db87406d08.xml.macaon	403	11	en	en	prep	prep	_	16	mod	_	_	I:Becoming:FE:Final_quality:G:398
f6439296-46e5-4bb6-b9d5-a8db87406d08.xml.macaon	404	12	360	360	nc	nc	_	11	obj	_	_	I:Becoming:FE:Final_quality:G:398
f6439296-46e5-4bb6-b9d5-a8db87406d08.xml.macaon	405	13	,	,	ponctw	ponctw	_	16	ponct	_	_
f6439296-46e5-4bb6-b9d5-a8db87406d08.xml.macaon	406	14	Julien	Julien	np	np	_	15	suj	_	_
f6439296-46e5-4bb6-b9d5-a8db87406d08.xml.macaon	407	15	est	être	v	v	_	16	aux_tps	_	_
f6439296-46e5-4bb6-b9d5-a8db87406d08.xml.macaon	408	16	proclamé	proclamer	vppart	vppart	_	10	mod_rel	_	_
f6439296-46e5-4bb6-b9d5-a8db87406d08.xml.macaon	409	17	empereur	empereur	nc	nc	_	16	obj	_	_
f6439296-46e5-4bb6-b9d5-a8db87406d08.xml.macaon	410	18	par	par	prep	prep	_	16	mod	_	_
f6439296-46e5-4bb6-b9d5-a8db87406d08.xml.macaon	411	19	ses	son	det	det	_	20	det	_	_
f6439296-46e5-4bb6-b9d5-a8db87406d08.xml.macaon	412	20	soldats	soldat	nc	nc	_	18	obj	_	_
f6439296-46e5-4bb6-b9d5-a8db87406d08.xml.macaon	413	21	.	.	poncts	poncts	_	2	ponct	_	_

f6439296-46e5-4bb6-b9d5-a8db87406d08.xml.macaon	414	1	Désormais	Désormais	adv	adv	_	4	mod	_	_
f6439296-46e5-4bb6-b9d5-a8db87406d08.xml.macaon	415	2	la	le	det	det	_	3	det	_	_
f6439296-46e5-4bb6-b9d5-a8db87406d08.xml.macaon	416	3	ville	ville	nc	nc	_	4	suj	_	_
f6439296-46e5-4bb6-b9d5-a8db87406d08.xml.macaon	417	4	reprend	reprendre	v	v	_	_	_	_	_
f6439296-46e5-4bb6-b9d5-a8db87406d08.xml.macaon	418	5	son	son	det	det	_	6	det	_	_
f6439296-46e5-4bb6-b9d5-a8db87406d08.xml.macaon	419	6	nom	nom	nc	nc	_	4	obj	_	_
f6439296-46e5-4bb6-b9d5-a8db87406d08.xml.macaon	420	7	gaulois	gaulois	adj	adj	_	6	mod	_	_
f6439296-46e5-4bb6-b9d5-a8db87406d08.xml.macaon	421	8	en	en	prep	prep	_	4	mod	_	_
f6439296-46e5-4bb6-b9d5-a8db87406d08.xml.macaon	422	9	le	le	clo	clo	_	10	__JOKER__	_	_
f6439296-46e5-4bb6-b9d5-a8db87406d08.xml.macaon	423	10	modifiant	modifier	vprespart	vprespart	_	4	__JOKER__	_	_
f6439296-46e5-4bb6-b9d5-a8db87406d08.xml.macaon	424	11	:	:	ponctw	ponctw	_	12	ponct	_	_
f6439296-46e5-4bb6-b9d5-a8db87406d08.xml.macaon	425	12	Paris	Paris	np	np	_	10	__JOKER__	_	_
f6439296-46e5-4bb6-b9d5-a8db87406d08.xml.macaon	426	13	.	.	poncts	poncts	_	4	ponct	_	_

f6439296-46e5-4bb6-b9d5-a8db87406d08.xml.macaon	427	1	En	en	prep	prep	_	_	_	_	_
f6439296-46e5-4bb6-b9d5-a8db87406d08.xml.macaon	428	2	508	508	nc	nc	_	1	obj	_	_
f6439296-46e5-4bb6-b9d5-a8db87406d08.xml.macaon	429	3	,	,	ponctw	ponctw	_	2	ponct	_	_
f6439296-46e5-4bb6-b9d5-a8db87406d08.xml.macaon	430	4	Clovis	Clovis	np	np	_	2	mod	_	_
f6439296-46e5-4bb6-b9d5-a8db87406d08.xml.macaon	431	5	entre	entre	prep	prep	_	2	dep	_	_
f6439296-46e5-4bb6-b9d5-a8db87406d08.xml.macaon	432	6	dans	dans	prep	prep	_	5	obj	_	_
f6439296-46e5-4bb6-b9d5-a8db87406d08.xml.macaon	433	7	Paris	Paris	np	np	_	6	obj	_	_
f6439296-46e5-4bb6-b9d5-a8db87406d08.xml.macaon	434	8	avec	avec	prep	prep	_	5	obj	_	_
f6439296-46e5-4bb6-b9d5-a8db87406d08.xml.macaon	435	9	les	le	det	det	_	10	det	_	_
f6439296-46e5-4bb6-b9d5-a8db87406d08.xml.macaon	436	10	Francs	Francs	np	np	_	8	obj	_	_
f6439296-46e5-4bb6-b9d5-a8db87406d08.xml.macaon	437	11	et	et	coo	coo	_	10	coord	_	_
f6439296-46e5-4bb6-b9d5-a8db87406d08.xml.macaon	438	12	en#fait	en#fait	v	v	_	11	dep_coord	_	_
f6439296-46e5-4bb6-b9d5-a8db87406d08.xml.macaon	439	13	sa	son	det	det	_	14	det	_	_
f6439296-46e5-4bb6-b9d5-a8db87406d08.xml.macaon	440	14	capitale	capitale	nc	nc	_	12	obj	_	_
f6439296-46e5-4bb6-b9d5-a8db87406d08.xml.macaon	441	15	.	.	poncts	poncts	_	2	ponct	_	_

f6439296-46e5-4bb6-b9d5-a8db87406d08.xml.macaon	442	1	Lutèce	Lutèce	np	np	_	3	suj	_	_
f6439296-46e5-4bb6-b9d5-a8db87406d08.xml.macaon	443	2	n'	n'	advneg	advneg	_	3	mod	_	_
f6439296-46e5-4bb6-b9d5-a8db87406d08.xml.macaon	444	3	est	être	v	v	_	_	_	_	_
f6439296-46e5-4bb6-b9d5-a8db87406d08.xml.macaon	445	4	désormais	désormais	adv	adv	_	3	mod	_	_
f6439296-46e5-4bb6-b9d5-a8db87406d08.xml.macaon	446	5	plus	plus	adv	adv	_	6	mod	_	_
f6439296-46e5-4bb6-b9d5-a8db87406d08.xml.macaon	447	6	romaine	romain	adj	adj	_	3	ats	_	_
f6439296-46e5-4bb6-b9d5-a8db87406d08.xml.macaon	448	7	.	.	poncts	poncts	_	3	ponct	_	_
