f8690461-1901-45f6-bec2-ad40cf7de6a6.xml.macaon	0	1	vikidia	vikidia	nc	nc	_	_	_	_	_

f8690461-1901-45f6-bec2-ad40cf7de6a6.xml.macaon	1	1	f8690461	f8690461	adj	adj	_	3	mod	_	_
f8690461-1901-45f6-bec2-ad40cf7de6a6.xml.macaon	2	2	-	-	ponctw	ponctw	_	1	ponct	_	_
f8690461-1901-45f6-bec2-ad40cf7de6a6.xml.macaon	3	3	1901	1901	nc	nc	_	_	_	_	_
f8690461-1901-45f6-bec2-ad40cf7de6a6.xml.macaon	4	4	-	-	ponctw	ponctw	_	3	ponct	_	_
f8690461-1901-45f6-bec2-ad40cf7de6a6.xml.macaon	5	5	45f6	45f6	nc	nc	_	3	mod	_	_
f8690461-1901-45f6-bec2-ad40cf7de6a6.xml.macaon	6	6	-	-	ponctw	ponctw	_	5	ponct	_	_
f8690461-1901-45f6-bec2-ad40cf7de6a6.xml.macaon	7	7	bec2	bec2	nc	nc	_	5	mod	_	_
f8690461-1901-45f6-bec2-ad40cf7de6a6.xml.macaon	8	8	-	-	ponctw	ponctw	_	7	ponct	_	_
f8690461-1901-45f6-bec2-ad40cf7de6a6.xml.macaon	9	9	ad40cf7de6a6	ad40cf7de6a6	nc	nc	_	7	mod	_	_

f8690461-1901-45f6-bec2-ad40cf7de6a6.xml.macaon	10	1	ADDED	ADDED	nc	nc	_	_	_	_	_

f8690461-1901-45f6-bec2-ad40cf7de6a6.xml.macaon	11	1	2016	2016	adj	adj	_	3	mod	_	_
f8690461-1901-45f6-bec2-ad40cf7de6a6.xml.macaon	12	2	-	-	ponctw	ponctw	_	1	ponct	_	_
f8690461-1901-45f6-bec2-ad40cf7de6a6.xml.macaon	13	3	06	06	nc	nc	_	_	_	_	_
f8690461-1901-45f6-bec2-ad40cf7de6a6.xml.macaon	14	4	-	-	ponctw	ponctw	_	3	ponct	_	_
f8690461-1901-45f6-bec2-ad40cf7de6a6.xml.macaon	15	5	15T14	15T14	nc	nc	_	3	mod	_	_
f8690461-1901-45f6-bec2-ad40cf7de6a6.xml.macaon	16	6	:	:	ponctw	ponctw	_	5	ponct	_	_
f8690461-1901-45f6-bec2-ad40cf7de6a6.xml.macaon	17	7	53	53	nc	nc	_	5	mod	_	_
f8690461-1901-45f6-bec2-ad40cf7de6a6.xml.macaon	18	8	:	:	ponctw	ponctw	_	7	ponct	_	_
f8690461-1901-45f6-bec2-ad40cf7de6a6.xml.macaon	19	9	15Z	15Z	nc	nc	_	7	mod	_	_

f8690461-1901-45f6-bec2-ad40cf7de6a6.xml.macaon	20	1	Sainte	saint	nc	nc	_	_	_	_	_
f8690461-1901-45f6-bec2-ad40cf7de6a6.xml.macaon	21	2	Foy	Foy	np	np	_	1	mod	_	_

f8690461-1901-45f6-bec2-ad40cf7de6a6.xml.macaon	22	1	Sainte	saint	nc	nc	_	4	suj	_	_
f8690461-1901-45f6-bec2-ad40cf7de6a6.xml.macaon	23	2	Foy	Foy	np	np	_	1	mod	_	_
f8690461-1901-45f6-bec2-ad40cf7de6a6.xml.macaon	24	3	est	être	v	v	_	4	aux_tps	_	_
f8690461-1901-45f6-bec2-ad40cf7de6a6.xml.macaon	25	4	née	naître	vppart	vppart	_	_	_	_	_
f8690461-1901-45f6-bec2-ad40cf7de6a6.xml.macaon	26	5	vers	vers	prep	prep	_	4	mod	_	_
f8690461-1901-45f6-bec2-ad40cf7de6a6.xml.macaon	27	6	l'	le	det	det	_	7	det	_	_
f8690461-1901-45f6-bec2-ad40cf7de6a6.xml.macaon	28	7	an	an	nc	nc	_	5	obj	_	_
f8690461-1901-45f6-bec2-ad40cf7de6a6.xml.macaon	29	8	291	291	adj	adj	_	7	mod	_	_
f8690461-1901-45f6-bec2-ad40cf7de6a6.xml.macaon	30	9	,	,	ponctw	ponctw	_	7	ponct	_	_
f8690461-1901-45f6-bec2-ad40cf7de6a6.xml.macaon	31	10	à	à	prep	prep	_	4	mod	_	_
f8690461-1901-45f6-bec2-ad40cf7de6a6.xml.macaon	32	11	Agen	Agen	np	np	_	10	obj	_	_
f8690461-1901-45f6-bec2-ad40cf7de6a6.xml.macaon	33	12	.	.	poncts	poncts	_	4	ponct	_	_

f8690461-1901-45f6-bec2-ad40cf7de6a6.xml.macaon	34	1	Elle	elle	cln	cln	_	2	suj	_	_
f8690461-1901-45f6-bec2-ad40cf7de6a6.xml.macaon	35	2	appartenait	appartenir	v	v	_	_	_	_	_
f8690461-1901-45f6-bec2-ad40cf7de6a6.xml.macaon	36	3	à	à	prep	prep	_	2	a_obj	_	_
f8690461-1901-45f6-bec2-ad40cf7de6a6.xml.macaon	37	4	une	un	det	det	_	7	det	_	_
f8690461-1901-45f6-bec2-ad40cf7de6a6.xml.macaon	38	5	très	très	adv	adv	_	6	mod	_	_
f8690461-1901-45f6-bec2-ad40cf7de6a6.xml.macaon	39	6	riche	riche	adj	adj	_	7	mod	_	_
f8690461-1901-45f6-bec2-ad40cf7de6a6.xml.macaon	40	7	famille	famille	nc	nc	_	3	obj	_	_
f8690461-1901-45f6-bec2-ad40cf7de6a6.xml.macaon	41	8	gallo-romaine	gallo-romain	adj	adj	_	7	mod	_	_
f8690461-1901-45f6-bec2-ad40cf7de6a6.xml.macaon	42	9	.	.	poncts	poncts	_	2	ponct	_	_

f8690461-1901-45f6-bec2-ad40cf7de6a6.xml.macaon	43	1	Elle	elle	cln	cln	_	3	suj	_	_	B:Death:FE:Protagonist:G:51
f8690461-1901-45f6-bec2-ad40cf7de6a6.xml.macaon	44	2	a	avoir	v	v	_	3	aux_tps	_	_
f8690461-1901-45f6-bec2-ad40cf7de6a6.xml.macaon	45	3	défendu	défendre	vppart	vppart	_	_	_	_	_	B:Death:FE:Explanation:G:51
f8690461-1901-45f6-bec2-ad40cf7de6a6.xml.macaon	46	4	sa	son	det	det	_	5	det	_	_	I:Death:FE:Explanation:G:51
f8690461-1901-45f6-bec2-ad40cf7de6a6.xml.macaon	47	5	foi	foi	nc	nc	_	3	obj	_	_	I:Death:FE:Explanation:G:51
f8690461-1901-45f6-bec2-ad40cf7de6a6.xml.macaon	48	6	chrétienne	chrétien	adj	adj	_	5	mod	_	_	I:Death:FE:Explanation:G:51
f8690461-1901-45f6-bec2-ad40cf7de6a6.xml.macaon	49	7	,	,	ponctw	ponctw	_	3	ponct	_	_
f8690461-1901-45f6-bec2-ad40cf7de6a6.xml.macaon	50	8	jusqu'à	jusqu'à	prep	prep	_	3	mod	_	_
f8690461-1901-45f6-bec2-ad40cf7de6a6.xml.macaon	51	9	mourir	mourir	vinf	vinf	_	8	obj	_	_	B:Death:TARGET:mourir:G:51
f8690461-1901-45f6-bec2-ad40cf7de6a6.xml.macaon	52	10	pour	pour	prep	prep	_	9	mod	_	_
f8690461-1901-45f6-bec2-ad40cf7de6a6.xml.macaon	53	11	elle	lui	pro	pro	_	10	obj	_	_
f8690461-1901-45f6-bec2-ad40cf7de6a6.xml.macaon	54	12	.	.	poncts	poncts	_	3	ponct	_	_

f8690461-1901-45f6-bec2-ad40cf7de6a6.xml.macaon	55	1	A	A	prep	prep	_	9	mod	_	_
f8690461-1901-45f6-bec2-ad40cf7de6a6.xml.macaon	56	2	l'	le	det	det	_	3	det	_	_
f8690461-1901-45f6-bec2-ad40cf7de6a6.xml.macaon	57	3	âge	âge	nc	nc	_	1	obj	_	_
f8690461-1901-45f6-bec2-ad40cf7de6a6.xml.macaon	58	4	de	de	prep	prep	_	3	dep	_	_
f8690461-1901-45f6-bec2-ad40cf7de6a6.xml.macaon	59	5	douze	douze	det	det	_	6	det	_	_
f8690461-1901-45f6-bec2-ad40cf7de6a6.xml.macaon	60	6	ans	an	nc	nc	_	4	obj	_	_
f8690461-1901-45f6-bec2-ad40cf7de6a6.xml.macaon	61	7	,	,	ponctw	ponctw	_	9	ponct	_	_
f8690461-1901-45f6-bec2-ad40cf7de6a6.xml.macaon	62	8	elle	elle	cln	cln	_	9	suj	_	_	B:Death:FE:Protagonist:G:96
f8690461-1901-45f6-bec2-ad40cf7de6a6.xml.macaon	63	9	est	être	v	v	_	_	_	_	_
f8690461-1901-45f6-bec2-ad40cf7de6a6.xml.macaon	64	10	décapitée	décapiter	vppart	vppart	_	9	ats	_	_
f8690461-1901-45f6-bec2-ad40cf7de6a6.xml.macaon	65	11	et	et	coo	coo	_	10	__JOKER__	_	_
f8690461-1901-45f6-bec2-ad40cf7de6a6.xml.macaon	66	12	cuite	cuite	nc	nc	_	10	obj	_	_
f8690461-1901-45f6-bec2-ad40cf7de6a6.xml.macaon	67	13	sur	sur	prep	prep	_	10	mod	_	_
f8690461-1901-45f6-bec2-ad40cf7de6a6.xml.macaon	68	14	un	un	det	det	_	15	det	_	_
f8690461-1901-45f6-bec2-ad40cf7de6a6.xml.macaon	69	15	lit	lit	nc	nc	_	13	obj	_	_
f8690461-1901-45f6-bec2-ad40cf7de6a6.xml.macaon	70	16	d'	de	prep	prep	_	15	dep	_	_
f8690461-1901-45f6-bec2-ad40cf7de6a6.xml.macaon	71	17	airain	airain	nc	nc	_	16	obj	_	_
f8690461-1901-45f6-bec2-ad40cf7de6a6.xml.macaon	72	18	,	,	ponctw	ponctw	_	15	ponct	_	_
f8690461-1901-45f6-bec2-ad40cf7de6a6.xml.macaon	73	19	à	à	prep	prep	_	15	dep	_	_	B:Death:FE:Place:G:96
f8690461-1901-45f6-bec2-ad40cf7de6a6.xml.macaon	74	20	Agen	Agen	np	np	_	19	obj	_	_	I:Death:FE:Place:G:96
f8690461-1901-45f6-bec2-ad40cf7de6a6.xml.macaon	75	21	en	en	prep	prep	_	26	mod	_	_	B:Death:FE:Time:G:96
f8690461-1901-45f6-bec2-ad40cf7de6a6.xml.macaon	76	22	303	303	nc	nc	_	21	obj	_	_	I:Death:FE:Time:G:96
f8690461-1901-45f6-bec2-ad40cf7de6a6.xml.macaon	77	23	,	,	ponctw	ponctw	_	22	ponct	_	_
f8690461-1901-45f6-bec2-ad40cf7de6a6.xml.macaon	78	24	après	après	prep	prep	_	22	dep	_	_	B:Death:FE:Explanation:G:96
f8690461-1901-45f6-bec2-ad40cf7de6a6.xml.macaon	79	25	avoir	avoir	vinf	vinf	_	24	obj	_	_	I:Death:FE:Explanation:G:96
f8690461-1901-45f6-bec2-ad40cf7de6a6.xml.macaon	80	26	comparu	comparaître	vppart	vppart	_	15	mod	_	_	I:Death:FE:Explanation:G:96
f8690461-1901-45f6-bec2-ad40cf7de6a6.xml.macaon	81	27	devant	devant	prep	prep	_	26	mod	_	_	I:Death:FE:Explanation:G:96
f8690461-1901-45f6-bec2-ad40cf7de6a6.xml.macaon	82	28	le	le	det	det	_	29	det	_	_	I:Death:FE:Explanation:G:96
f8690461-1901-45f6-bec2-ad40cf7de6a6.xml.macaon	83	29	tribunal	tribunal	nc	nc	_	27	obj	_	_	I:Death:FE:Explanation:G:96
f8690461-1901-45f6-bec2-ad40cf7de6a6.xml.macaon	84	30	de	de	prep	prep	_	29	dep	_	_	I:Death:FE:Explanation:G:96
f8690461-1901-45f6-bec2-ad40cf7de6a6.xml.macaon	85	31	Dacien.On	Dacien.On	np	np	_	30	obj	_	_	I:Death:FE:Explanation:G:96
f8690461-1901-45f6-bec2-ad40cf7de6a6.xml.macaon	86	32	la	le	det	det	_	33	det	_	_
f8690461-1901-45f6-bec2-ad40cf7de6a6.xml.macaon	87	33	fête	fête	nc	nc	_	30	obj	_	_
f8690461-1901-45f6-bec2-ad40cf7de6a6.xml.macaon	88	34	le	le	det	det	_	36	det	_	_	B:Death:FE:Time:G:96
f8690461-1901-45f6-bec2-ad40cf7de6a6.xml.macaon	89	35	6	6	adj	adj	_	36	mod	_	_	I:Death:FE:Time:G:96
f8690461-1901-45f6-bec2-ad40cf7de6a6.xml.macaon	90	36	décembre	décembre	nc	nc	_	30	obj	_	_	I:Death:FE:Time:G:96
f8690461-1901-45f6-bec2-ad40cf7de6a6.xml.macaon	91	37	(	(	ponctw	ponctw	_	36	ponct	_	_
f8690461-1901-45f6-bec2-ad40cf7de6a6.xml.macaon	92	38	jour	jour	nc	nc	_	36	mod	_	_
f8690461-1901-45f6-bec2-ad40cf7de6a6.xml.macaon	93	39	présumé	présumer	vppart	vppart	_	38	mod	_	_
f8690461-1901-45f6-bec2-ad40cf7de6a6.xml.macaon	94	40	de	de	prep	prep	_	39	de_obj	_	_
f8690461-1901-45f6-bec2-ad40cf7de6a6.xml.macaon	95	41	sa	son	det	det	_	42	det	_	_
f8690461-1901-45f6-bec2-ad40cf7de6a6.xml.macaon	96	42	mort	mort	nc	nc	_	40	obj	_	_	B:Death:TARGET:mort:G:96
f8690461-1901-45f6-bec2-ad40cf7de6a6.xml.macaon	97	43	)	)	ponctw	ponctw	_	42	ponct	_	_
f8690461-1901-45f6-bec2-ad40cf7de6a6.xml.macaon	98	44	.	.	poncts	poncts	_	9	__JOKER__	_	_

f8690461-1901-45f6-bec2-ad40cf7de6a6.xml.macaon	99	1	Antiquité	antiquité	nc	nc	_	_	_	_	_

f8690461-1901-45f6-bec2-ad40cf7de6a6.xml.macaon	100	1	Sainte	saint	nc	nc	_	_	_	_	_
f8690461-1901-45f6-bec2-ad40cf7de6a6.xml.macaon	101	2	Foy	Foy	np	np	_	1	mod	_	_

f8690461-1901-45f6-bec2-ad40cf7de6a6.xml.macaon	102	1	Sainte	saint	nc	nc	_	4	suj	_	_
f8690461-1901-45f6-bec2-ad40cf7de6a6.xml.macaon	103	2	Foy	Foy	np	np	_	1	mod	_	_
f8690461-1901-45f6-bec2-ad40cf7de6a6.xml.macaon	104	3	est	être	v	v	_	4	aux_tps	_	_
f8690461-1901-45f6-bec2-ad40cf7de6a6.xml.macaon	105	4	née	naître	vppart	vppart	_	_	_	_	_
f8690461-1901-45f6-bec2-ad40cf7de6a6.xml.macaon	106	5	vers	vers	prep	prep	_	4	mod	_	_
f8690461-1901-45f6-bec2-ad40cf7de6a6.xml.macaon	107	6	l'	le	det	det	_	7	det	_	_
f8690461-1901-45f6-bec2-ad40cf7de6a6.xml.macaon	108	7	an	an	nc	nc	_	5	obj	_	_
f8690461-1901-45f6-bec2-ad40cf7de6a6.xml.macaon	109	8	291	291	adj	adj	_	7	mod	_	_
f8690461-1901-45f6-bec2-ad40cf7de6a6.xml.macaon	110	9	,	,	ponctw	ponctw	_	7	ponct	_	_
f8690461-1901-45f6-bec2-ad40cf7de6a6.xml.macaon	111	10	à	à	prep	prep	_	4	mod	_	_
f8690461-1901-45f6-bec2-ad40cf7de6a6.xml.macaon	112	11	Agen	Agen	np	np	_	10	obj	_	_
f8690461-1901-45f6-bec2-ad40cf7de6a6.xml.macaon	113	12	.	.	poncts	poncts	_	4	ponct	_	_

f8690461-1901-45f6-bec2-ad40cf7de6a6.xml.macaon	114	1	Elle	elle	cln	cln	_	2	suj	_	_
f8690461-1901-45f6-bec2-ad40cf7de6a6.xml.macaon	115	2	appartenait	appartenir	v	v	_	_	_	_	_
f8690461-1901-45f6-bec2-ad40cf7de6a6.xml.macaon	116	3	à	à	prep	prep	_	2	a_obj	_	_
f8690461-1901-45f6-bec2-ad40cf7de6a6.xml.macaon	117	4	une	un	det	det	_	7	det	_	_
f8690461-1901-45f6-bec2-ad40cf7de6a6.xml.macaon	118	5	très	très	adv	adv	_	6	mod	_	_
f8690461-1901-45f6-bec2-ad40cf7de6a6.xml.macaon	119	6	riche	riche	adj	adj	_	7	mod	_	_
f8690461-1901-45f6-bec2-ad40cf7de6a6.xml.macaon	120	7	famille	famille	nc	nc	_	3	obj	_	_
f8690461-1901-45f6-bec2-ad40cf7de6a6.xml.macaon	121	8	gallo-romaine	gallo-romain	adj	adj	_	7	mod	_	_
f8690461-1901-45f6-bec2-ad40cf7de6a6.xml.macaon	122	9	.	.	poncts	poncts	_	2	ponct	_	_

f8690461-1901-45f6-bec2-ad40cf7de6a6.xml.macaon	123	1	Elle	elle	cln	cln	_	3	suj	_	_
f8690461-1901-45f6-bec2-ad40cf7de6a6.xml.macaon	124	2	a	avoir	v	v	_	3	aux_tps	_	_
f8690461-1901-45f6-bec2-ad40cf7de6a6.xml.macaon	125	3	défendu	défendre	vppart	vppart	_	_	_	_	_	B:Death:FE:Explanation:G:131
f8690461-1901-45f6-bec2-ad40cf7de6a6.xml.macaon	126	4	sa	son	det	det	_	5	det	_	_	I:Death:FE:Explanation:G:131
f8690461-1901-45f6-bec2-ad40cf7de6a6.xml.macaon	127	5	foi	foi	nc	nc	_	3	obj	_	_	I:Death:FE:Explanation:G:131
f8690461-1901-45f6-bec2-ad40cf7de6a6.xml.macaon	128	6	chrétienne	chrétien	adj	adj	_	5	mod	_	_	I:Death:FE:Explanation:G:131
f8690461-1901-45f6-bec2-ad40cf7de6a6.xml.macaon	129	7	,	,	ponctw	ponctw	_	3	ponct	_	_
f8690461-1901-45f6-bec2-ad40cf7de6a6.xml.macaon	130	8	jusqu'à	jusqu'à	prep	prep	_	3	mod	_	_
f8690461-1901-45f6-bec2-ad40cf7de6a6.xml.macaon	131	9	mourir	mourir	vinf	vinf	_	8	obj	_	_	B:Death:TARGET:mourir:G:131
f8690461-1901-45f6-bec2-ad40cf7de6a6.xml.macaon	132	10	pour	pour	prep	prep	_	9	mod	_	_
f8690461-1901-45f6-bec2-ad40cf7de6a6.xml.macaon	133	11	elle	lui	pro	pro	_	10	obj	_	_
f8690461-1901-45f6-bec2-ad40cf7de6a6.xml.macaon	134	12	.	.	poncts	poncts	_	3	ponct	_	_

f8690461-1901-45f6-bec2-ad40cf7de6a6.xml.macaon	135	1	A	A	prep	prep	_	9	mod	_	_
f8690461-1901-45f6-bec2-ad40cf7de6a6.xml.macaon	136	2	l'	le	det	det	_	3	det	_	_
f8690461-1901-45f6-bec2-ad40cf7de6a6.xml.macaon	137	3	âge	âge	nc	nc	_	1	obj	_	_
f8690461-1901-45f6-bec2-ad40cf7de6a6.xml.macaon	138	4	de	de	prep	prep	_	3	dep	_	_
f8690461-1901-45f6-bec2-ad40cf7de6a6.xml.macaon	139	5	douze	douze	det	det	_	6	det	_	_
f8690461-1901-45f6-bec2-ad40cf7de6a6.xml.macaon	140	6	ans	an	nc	nc	_	4	obj	_	_
f8690461-1901-45f6-bec2-ad40cf7de6a6.xml.macaon	141	7	,	,	ponctw	ponctw	_	9	ponct	_	_
f8690461-1901-45f6-bec2-ad40cf7de6a6.xml.macaon	142	8	elle	elle	cln	cln	_	9	suj	_	_	B:Death:FE:Protagonist:G:176
f8690461-1901-45f6-bec2-ad40cf7de6a6.xml.macaon	143	9	est	être	v	v	_	_	_	_	_
f8690461-1901-45f6-bec2-ad40cf7de6a6.xml.macaon	144	10	décapitée	décapiter	vppart	vppart	_	9	ats	_	_
f8690461-1901-45f6-bec2-ad40cf7de6a6.xml.macaon	145	11	et	et	coo	coo	_	10	__JOKER__	_	_
f8690461-1901-45f6-bec2-ad40cf7de6a6.xml.macaon	146	12	cuite	cuite	nc	nc	_	10	obj	_	_
f8690461-1901-45f6-bec2-ad40cf7de6a6.xml.macaon	147	13	sur	sur	prep	prep	_	10	mod	_	_
f8690461-1901-45f6-bec2-ad40cf7de6a6.xml.macaon	148	14	un	un	det	det	_	15	det	_	_
f8690461-1901-45f6-bec2-ad40cf7de6a6.xml.macaon	149	15	lit	lit	nc	nc	_	13	obj	_	_
f8690461-1901-45f6-bec2-ad40cf7de6a6.xml.macaon	150	16	d'	de	prep	prep	_	15	dep	_	_
f8690461-1901-45f6-bec2-ad40cf7de6a6.xml.macaon	151	17	airain	airain	nc	nc	_	16	obj	_	_
f8690461-1901-45f6-bec2-ad40cf7de6a6.xml.macaon	152	18	,	,	ponctw	ponctw	_	15	ponct	_	_
f8690461-1901-45f6-bec2-ad40cf7de6a6.xml.macaon	153	19	à	à	prep	prep	_	15	dep	_	_	B:Death:FE:Place:G:176
f8690461-1901-45f6-bec2-ad40cf7de6a6.xml.macaon	154	20	Agen	Agen	np	np	_	19	obj	_	_	I:Death:FE:Place:G:176
f8690461-1901-45f6-bec2-ad40cf7de6a6.xml.macaon	155	21	en	en	prep	prep	_	26	mod	_	_	B:Death:FE:Time:G:176
f8690461-1901-45f6-bec2-ad40cf7de6a6.xml.macaon	156	22	303	303	nc	nc	_	21	obj	_	_	I:Death:FE:Time:G:176
f8690461-1901-45f6-bec2-ad40cf7de6a6.xml.macaon	157	23	,	,	ponctw	ponctw	_	22	ponct	_	_
f8690461-1901-45f6-bec2-ad40cf7de6a6.xml.macaon	158	24	après	après	prep	prep	_	22	dep	_	_	B:Death:FE:Explanation:G:176
f8690461-1901-45f6-bec2-ad40cf7de6a6.xml.macaon	159	25	avoir	avoir	vinf	vinf	_	24	obj	_	_	I:Death:FE:Explanation:G:176
f8690461-1901-45f6-bec2-ad40cf7de6a6.xml.macaon	160	26	comparu	comparaître	vppart	vppart	_	15	mod	_	_	I:Death:FE:Explanation:G:176
f8690461-1901-45f6-bec2-ad40cf7de6a6.xml.macaon	161	27	devant	devant	prep	prep	_	26	mod	_	_	I:Death:FE:Explanation:G:176
f8690461-1901-45f6-bec2-ad40cf7de6a6.xml.macaon	162	28	le	le	det	det	_	29	det	_	_	I:Death:FE:Explanation:G:176
f8690461-1901-45f6-bec2-ad40cf7de6a6.xml.macaon	163	29	tribunal	tribunal	nc	nc	_	27	obj	_	_	I:Death:FE:Explanation:G:176
f8690461-1901-45f6-bec2-ad40cf7de6a6.xml.macaon	164	30	de	de	prep	prep	_	29	dep	_	_	I:Death:FE:Explanation:G:176
f8690461-1901-45f6-bec2-ad40cf7de6a6.xml.macaon	165	31	Dacien.On	Dacien.On	np	np	_	30	obj	_	_	I:Death:FE:Explanation:G:176
f8690461-1901-45f6-bec2-ad40cf7de6a6.xml.macaon	166	32	la	le	det	det	_	33	det	_	_
f8690461-1901-45f6-bec2-ad40cf7de6a6.xml.macaon	167	33	fête	fête	nc	nc	_	30	obj	_	_
f8690461-1901-45f6-bec2-ad40cf7de6a6.xml.macaon	168	34	le	le	det	det	_	36	det	_	_	B:Death:FE:Time:G:176
f8690461-1901-45f6-bec2-ad40cf7de6a6.xml.macaon	169	35	6	6	adj	adj	_	36	mod	_	_	I:Death:FE:Time:G:176
f8690461-1901-45f6-bec2-ad40cf7de6a6.xml.macaon	170	36	décembre	décembre	nc	nc	_	30	obj	_	_	I:Death:FE:Time:G:176
f8690461-1901-45f6-bec2-ad40cf7de6a6.xml.macaon	171	37	(	(	ponctw	ponctw	_	36	ponct	_	_
f8690461-1901-45f6-bec2-ad40cf7de6a6.xml.macaon	172	38	jour	jour	nc	nc	_	36	mod	_	_
f8690461-1901-45f6-bec2-ad40cf7de6a6.xml.macaon	173	39	présumé	présumer	vppart	vppart	_	38	mod	_	_
f8690461-1901-45f6-bec2-ad40cf7de6a6.xml.macaon	174	40	de	de	prep	prep	_	39	de_obj	_	_
f8690461-1901-45f6-bec2-ad40cf7de6a6.xml.macaon	175	41	sa	son	det	det	_	42	det	_	_
f8690461-1901-45f6-bec2-ad40cf7de6a6.xml.macaon	176	42	mort	mort	nc	nc	_	40	obj	_	_	B:Death:TARGET:mort:G:176
f8690461-1901-45f6-bec2-ad40cf7de6a6.xml.macaon	177	43	)	)	ponctw	ponctw	_	42	ponct	_	_
f8690461-1901-45f6-bec2-ad40cf7de6a6.xml.macaon	178	44	.	.	poncts	poncts	_	9	__JOKER__	_	_
