09dfbacc-a71b-4cb4-ad7a-f6d50633e133.xml.macaon	0	1	vikidia	vikidia	nc	nc	_	_	_	_	_

09dfbacc-a71b-4cb4-ad7a-f6d50633e133.xml.macaon	1	1	09dfbacc	09dfbacc	nc	nc	_	_	_	_	_
09dfbacc-a71b-4cb4-ad7a-f6d50633e133.xml.macaon	2	2	-	-	ponctw	ponctw	_	1	ponct	_	_
09dfbacc-a71b-4cb4-ad7a-f6d50633e133.xml.macaon	3	3	a71b	a71b	nc	nc	_	1	mod	_	_
09dfbacc-a71b-4cb4-ad7a-f6d50633e133.xml.macaon	4	4	-	-	ponctw	ponctw	_	3	ponct	_	_
09dfbacc-a71b-4cb4-ad7a-f6d50633e133.xml.macaon	5	5	4cb4	4cb4	nc	nc	_	3	mod	_	_
09dfbacc-a71b-4cb4-ad7a-f6d50633e133.xml.macaon	6	6	-	-	ponctw	ponctw	_	5	ponct	_	_
09dfbacc-a71b-4cb4-ad7a-f6d50633e133.xml.macaon	7	7	ad7a	ad7a	nc	nc	_	5	mod	_	_
09dfbacc-a71b-4cb4-ad7a-f6d50633e133.xml.macaon	8	8	-	-	ponctw	ponctw	_	7	ponct	_	_
09dfbacc-a71b-4cb4-ad7a-f6d50633e133.xml.macaon	9	9	f6d50633e133	f6d50633e133	nc	nc	_	7	mod	_	_

09dfbacc-a71b-4cb4-ad7a-f6d50633e133.xml.macaon	10	1	ADDED	ADDED	nc	nc	_	_	_	_	_

09dfbacc-a71b-4cb4-ad7a-f6d50633e133.xml.macaon	11	1	2016	2016	adj	adj	_	3	mod	_	_
09dfbacc-a71b-4cb4-ad7a-f6d50633e133.xml.macaon	12	2	-	-	ponctw	ponctw	_	1	ponct	_	_
09dfbacc-a71b-4cb4-ad7a-f6d50633e133.xml.macaon	13	3	06	06	nc	nc	_	_	_	_	_
09dfbacc-a71b-4cb4-ad7a-f6d50633e133.xml.macaon	14	4	-	-	ponctw	ponctw	_	3	ponct	_	_
09dfbacc-a71b-4cb4-ad7a-f6d50633e133.xml.macaon	15	5	15T14	15T14	nc	nc	_	3	mod	_	_
09dfbacc-a71b-4cb4-ad7a-f6d50633e133.xml.macaon	16	6	:	:	ponctw	ponctw	_	5	ponct	_	_
09dfbacc-a71b-4cb4-ad7a-f6d50633e133.xml.macaon	17	7	32	32	nc	nc	_	5	mod	_	_
09dfbacc-a71b-4cb4-ad7a-f6d50633e133.xml.macaon	18	8	:	:	ponctw	ponctw	_	7	ponct	_	_
09dfbacc-a71b-4cb4-ad7a-f6d50633e133.xml.macaon	19	9	33Z	33Z	nc	nc	_	7	mod	_	_

09dfbacc-a71b-4cb4-ad7a-f6d50633e133.xml.macaon	20	1	Société	société	nc	nc	_	_	_	_	_
09dfbacc-a71b-4cb4-ad7a-f6d50633e133.xml.macaon	21	2	préhistorique	préhistorique	adj	adj	_	1	mod	_	_

09dfbacc-a71b-4cb4-ad7a-f6d50633e133.xml.macaon	22	1	Au#cours#de	au#cours#de	prep	prep	_	7	mod	_	_
09dfbacc-a71b-4cb4-ad7a-f6d50633e133.xml.macaon	23	2	la	le	det	det	_	3	det	_	_
09dfbacc-a71b-4cb4-ad7a-f6d50633e133.xml.macaon	24	3	Préhistoire	Préhistoire	np	np	_	1	obj	_	_
09dfbacc-a71b-4cb4-ad7a-f6d50633e133.xml.macaon	25	4	,	,	ponctw	ponctw	_	7	ponct	_	_
09dfbacc-a71b-4cb4-ad7a-f6d50633e133.xml.macaon	26	5	les	le	det	det	_	6	det	_	_
09dfbacc-a71b-4cb4-ad7a-f6d50633e133.xml.macaon	27	6	hommes	homme	nc	nc	_	7	suj	_	_
09dfbacc-a71b-4cb4-ad7a-f6d50633e133.xml.macaon	28	7	étaient	étayer	v	v	_	_	_	_	_
09dfbacc-a71b-4cb4-ad7a-f6d50633e133.xml.macaon	29	8	très	très	adv	adv	_	9	mod	_	_
09dfbacc-a71b-4cb4-ad7a-f6d50633e133.xml.macaon	30	9	peu	peu	adv	adv	_	10	mod	_	_
09dfbacc-a71b-4cb4-ad7a-f6d50633e133.xml.macaon	31	10	nombreux	nombreux	adj	adj	_	7	ats	_	_
09dfbacc-a71b-4cb4-ad7a-f6d50633e133.xml.macaon	32	11	et	et	coo	coo	_	10	coord	_	_
09dfbacc-a71b-4cb4-ad7a-f6d50633e133.xml.macaon	33	12	très	très	adv	adv	_	13	mod	_	_
09dfbacc-a71b-4cb4-ad7a-f6d50633e133.xml.macaon	34	13	dispersés	disperser	vppart	vppart	_	11	dep_coord	_	_
09dfbacc-a71b-4cb4-ad7a-f6d50633e133.xml.macaon	35	14	à	à	prep	prep	_	13	a_obj	_	_
09dfbacc-a71b-4cb4-ad7a-f6d50633e133.xml.macaon	36	15	la	le	det	det	_	16	det	_	_
09dfbacc-a71b-4cb4-ad7a-f6d50633e133.xml.macaon	37	16	surface	surface	nc	nc	_	14	obj	_	_
09dfbacc-a71b-4cb4-ad7a-f6d50633e133.xml.macaon	38	17	de	de	prep	prep	_	16	dep	_	_
09dfbacc-a71b-4cb4-ad7a-f6d50633e133.xml.macaon	39	18	la	le	det	det	_	19	det	_	_
09dfbacc-a71b-4cb4-ad7a-f6d50633e133.xml.macaon	40	19	Terre	Terre	nc	nc	_	17	obj	_	_
09dfbacc-a71b-4cb4-ad7a-f6d50633e133.xml.macaon	41	20	.	.	poncts	poncts	_	7	ponct	_	_

09dfbacc-a71b-4cb4-ad7a-f6d50633e133.xml.macaon	42	1	Les	les	det	det	_	2	det	_	_
09dfbacc-a71b-4cb4-ad7a-f6d50633e133.xml.macaon	43	2	traces	trace	nc	nc	_	7	suj	_	_
09dfbacc-a71b-4cb4-ad7a-f6d50633e133.xml.macaon	44	3	qu'	que	prorel	prorel	_	6	suj	_	_
09dfbacc-a71b-4cb4-ad7a-f6d50633e133.xml.macaon	45	4	ils	ils	cln	cln	_	6	suj	_	_
09dfbacc-a71b-4cb4-ad7a-f6d50633e133.xml.macaon	46	5	ont	avoir	v	v	_	6	aux_tps	_	_
09dfbacc-a71b-4cb4-ad7a-f6d50633e133.xml.macaon	47	6	laissées	laisser	vppart	vppart	_	2	mod_rel	_	_
09dfbacc-a71b-4cb4-ad7a-f6d50633e133.xml.macaon	48	7	sont	être	v	v	_	_	_	_	_
09dfbacc-a71b-4cb4-ad7a-f6d50633e133.xml.macaon	49	8	donc	donc	adv	adv	_	9	mod	_	_
09dfbacc-a71b-4cb4-ad7a-f6d50633e133.xml.macaon	50	9	difficiles	difficile	adj	adj	_	7	ats	_	_
09dfbacc-a71b-4cb4-ad7a-f6d50633e133.xml.macaon	51	10	à	à	prep	prep	_	7	a_obj	_	_
09dfbacc-a71b-4cb4-ad7a-f6d50633e133.xml.macaon	52	11	repérer	repérer	vinf	vinf	_	10	obj	_	_
09dfbacc-a71b-4cb4-ad7a-f6d50633e133.xml.macaon	53	12	d'autant#plus	d'autant#plus	adv	adv	_	11	mod	_	_
09dfbacc-a71b-4cb4-ad7a-f6d50633e133.xml.macaon	54	13	que	que	csu	csu	_	7	mod	_	_
09dfbacc-a71b-4cb4-ad7a-f6d50633e133.xml.macaon	55	14	des	un	det	det	_	15	det	_	_
09dfbacc-a71b-4cb4-ad7a-f6d50633e133.xml.macaon	56	15	dizaines	dizaine	nc	nc	_	13	obj	_	_
09dfbacc-a71b-4cb4-ad7a-f6d50633e133.xml.macaon	57	16	de	de	prep	prep	_	15	dep	_	_
09dfbacc-a71b-4cb4-ad7a-f6d50633e133.xml.macaon	58	17	milliers	millier	nc	nc	_	16	obj	_	_
09dfbacc-a71b-4cb4-ad7a-f6d50633e133.xml.macaon	59	18	d'	de	prep	prep	_	17	dep	_	_
09dfbacc-a71b-4cb4-ad7a-f6d50633e133.xml.macaon	60	19	années	année	nc	nc	_	18	obj	_	_
09dfbacc-a71b-4cb4-ad7a-f6d50633e133.xml.macaon	61	20	ont	avoir	v	v	_	21	aux_tps	_	_
09dfbacc-a71b-4cb4-ad7a-f6d50633e133.xml.macaon	62	21	passé	passer	vppart	vppart	_	17	mod_rel	_	_
09dfbacc-a71b-4cb4-ad7a-f6d50633e133.xml.macaon	63	22	depuis	depuis	prep	prep	_	21	mod	_	_
09dfbacc-a71b-4cb4-ad7a-f6d50633e133.xml.macaon	64	23	l'	le	det	det	_	24	det	_	_
09dfbacc-a71b-4cb4-ad7a-f6d50633e133.xml.macaon	65	24	époque	époque	nc	nc	_	22	obj	_	_
09dfbacc-a71b-4cb4-ad7a-f6d50633e133.xml.macaon	66	25	de	de	prep	prep	_	24	dep	_	_
09dfbacc-a71b-4cb4-ad7a-f6d50633e133.xml.macaon	67	26	leur	son	det	det	_	27	det	_	_
09dfbacc-a71b-4cb4-ad7a-f6d50633e133.xml.macaon	68	27	vie	vie	nc	nc	_	25	obj	_	_
09dfbacc-a71b-4cb4-ad7a-f6d50633e133.xml.macaon	69	28	,	,	ponctw	ponctw	_	27	ponct	_	_
09dfbacc-a71b-4cb4-ad7a-f6d50633e133.xml.macaon	70	29	temps	temps	nc	nc	_	27	mod	_	_
09dfbacc-a71b-4cb4-ad7a-f6d50633e133.xml.macaon	71	30	qui	qui	prorel	prorel	_	31	suj	_	_
09dfbacc-a71b-4cb4-ad7a-f6d50633e133.xml.macaon	72	31	a	avoir	v	v	_	13	obj	_	_
09dfbacc-a71b-4cb4-ad7a-f6d50633e133.xml.macaon	73	32	souvent	souvent	adv	adv	_	31	mod	_	_
09dfbacc-a71b-4cb4-ad7a-f6d50633e133.xml.macaon	74	33	détruit	détruire	v	v	_	13	obj	_	_
09dfbacc-a71b-4cb4-ad7a-f6d50633e133.xml.macaon	75	34	les	le	det	det	_	35	det	_	_
09dfbacc-a71b-4cb4-ad7a-f6d50633e133.xml.macaon	76	35	traces	trace	nc	nc	_	33	obj	_	_
09dfbacc-a71b-4cb4-ad7a-f6d50633e133.xml.macaon	77	36	.	.	poncts	poncts	_	7	__JOKER__	_	_

09dfbacc-a71b-4cb4-ad7a-f6d50633e133.xml.macaon	78	1	Une	une	det	det	_	3	det	_	_
09dfbacc-a71b-4cb4-ad7a-f6d50633e133.xml.macaon	79	2	autre	autre	adj	adj	_	3	mod	_	_
09dfbacc-a71b-4cb4-ad7a-f6d50633e133.xml.macaon	80	3	difficulté	difficulté	nc	nc	_	4	suj	_	_
09dfbacc-a71b-4cb4-ad7a-f6d50633e133.xml.macaon	81	4	est	être	v	v	_	_	_	_	_
09dfbacc-a71b-4cb4-ad7a-f6d50633e133.xml.macaon	82	5	qu'	qu'	csu	csu	_	4	obj	_	_
09dfbacc-a71b-4cb4-ad7a-f6d50633e133.xml.macaon	83	6	ils	ils	cln	cln	_	8	suj	_	_	B:Statement:FE:Speaker:G:85
09dfbacc-a71b-4cb4-ad7a-f6d50633e133.xml.macaon	84	7	n'	n'	advneg	advneg	_	8	mod	_	_
09dfbacc-a71b-4cb4-ad7a-f6d50633e133.xml.macaon	85	8	écrivaient	écrire	v	v	_	5	obj	_	_	B:Statement:TARGET:écrire:G:85
09dfbacc-a71b-4cb4-ad7a-f6d50633e133.xml.macaon	86	9	pas	pas	advneg	advneg	_	16	mod	_	_
09dfbacc-a71b-4cb4-ad7a-f6d50633e133.xml.macaon	87	10	,	,	ponctw	ponctw	_	16	ponct	_	_
09dfbacc-a71b-4cb4-ad7a-f6d50633e133.xml.macaon	88	11	donc	donc	adv	adv	_	16	mod	_	_
09dfbacc-a71b-4cb4-ad7a-f6d50633e133.xml.macaon	89	12	ils	ils	cln	cln	_	13	__JOKER__	_	_
09dfbacc-a71b-4cb4-ad7a-f6d50633e133.xml.macaon	90	13	n'	n'	advneg	advneg	_	16	mod	_	_
09dfbacc-a71b-4cb4-ad7a-f6d50633e133.xml.macaon	91	14	ont	avoir	v	v	_	16	aux_tps	_	_
09dfbacc-a71b-4cb4-ad7a-f6d50633e133.xml.macaon	92	15	pas	pas	advneg	advneg	_	16	mod	_	_
09dfbacc-a71b-4cb4-ad7a-f6d50633e133.xml.macaon	93	16	laissé	laisser	vppart	vppart	_	5	__JOKER__	_	_
09dfbacc-a71b-4cb4-ad7a-f6d50633e133.xml.macaon	94	17	d'	un	det	det	_	18	det	_	_
09dfbacc-a71b-4cb4-ad7a-f6d50633e133.xml.macaon	95	18	explication	explication	nc	nc	_	16	obj	_	_
09dfbacc-a71b-4cb4-ad7a-f6d50633e133.xml.macaon	96	19	ou	ou	coo	coo	_	18	coord	_	_
09dfbacc-a71b-4cb4-ad7a-f6d50633e133.xml.macaon	97	20	de	de	prep	prep	_	19	dep_coord	_	_
09dfbacc-a71b-4cb4-ad7a-f6d50633e133.xml.macaon	98	21	description	description	nc	nc	_	20	obj	_	_
09dfbacc-a71b-4cb4-ad7a-f6d50633e133.xml.macaon	99	22	de	de	prep	prep	_	21	dep	_	_
09dfbacc-a71b-4cb4-ad7a-f6d50633e133.xml.macaon	100	23	leur	son	det	det	_	24	det	_	_
09dfbacc-a71b-4cb4-ad7a-f6d50633e133.xml.macaon	101	24	organisation	organisation	nc	nc	_	22	obj	_	_
09dfbacc-a71b-4cb4-ad7a-f6d50633e133.xml.macaon	102	25	sociale	social	adj	adj	_	24	mod	_	_
09dfbacc-a71b-4cb4-ad7a-f6d50633e133.xml.macaon	103	26	.	.	poncts	poncts	_	4	ponct	_	_

09dfbacc-a71b-4cb4-ad7a-f6d50633e133.xml.macaon	104	1	Les	les	det	det	_	2	det	_	_
09dfbacc-a71b-4cb4-ad7a-f6d50633e133.xml.macaon	105	2	préhistoriens	préhistorien	nc	nc	_	3	suj	_	_
09dfbacc-a71b-4cb4-ad7a-f6d50633e133.xml.macaon	106	3	doivent	devoir	v	v	_	_	_	_	_
09dfbacc-a71b-4cb4-ad7a-f6d50633e133.xml.macaon	107	4	donc	donc	adv	adv	_	3	mod	_	_
09dfbacc-a71b-4cb4-ad7a-f6d50633e133.xml.macaon	108	5	faire	faire	vinf	vinf	_	3	obj	_	_
09dfbacc-a71b-4cb4-ad7a-f6d50633e133.xml.macaon	109	6	des	un	det	det	_	7	det	_	_
09dfbacc-a71b-4cb4-ad7a-f6d50633e133.xml.macaon	110	7	suppositions	supposition	nc	nc	_	5	obj	_	_
09dfbacc-a71b-4cb4-ad7a-f6d50633e133.xml.macaon	111	8	en	en	prep	prep	_	5	mod	_	_
09dfbacc-a71b-4cb4-ad7a-f6d50633e133.xml.macaon	112	9	s'	s'	nc	nc	_	8	obj	_	_
09dfbacc-a71b-4cb4-ad7a-f6d50633e133.xml.macaon	113	10	appuyant	appuyer	vprespart	vprespart	_	9	__JOKER__	_	_
09dfbacc-a71b-4cb4-ad7a-f6d50633e133.xml.macaon	114	11	sur	sur	prep	prep	_	10	mod	_	_
09dfbacc-a71b-4cb4-ad7a-f6d50633e133.xml.macaon	115	12	les	le	det	det	_	13	det	_	_	B:Becoming_aware:FE:Phenomenon:G:117
09dfbacc-a71b-4cb4-ad7a-f6d50633e133.xml.macaon	116	13	traces	trace	nc	nc	_	11	obj	_	_	I:Becoming_aware:FE:Phenomenon:G:117
09dfbacc-a71b-4cb4-ad7a-f6d50633e133.xml.macaon	117	14	découvertes	découvrir	adj	adj	_	13	mod	_	_	B:Becoming_aware:TARGET:découvrir:G:117
09dfbacc-a71b-4cb4-ad7a-f6d50633e133.xml.macaon	118	15	et	et	coo	coo	_	11	coord	_	_
09dfbacc-a71b-4cb4-ad7a-f6d50633e133.xml.macaon	119	16	en	en	prep	prep	_	15	dep_coord	_	_
09dfbacc-a71b-4cb4-ad7a-f6d50633e133.xml.macaon	120	17	observant	observer	vprespart	vprespart	_	16	__JOKER__	_	_
09dfbacc-a71b-4cb4-ad7a-f6d50633e133.xml.macaon	121	18	les	le	det	det	_	19	det	_	_
09dfbacc-a71b-4cb4-ad7a-f6d50633e133.xml.macaon	122	19	formes	forme	nc	nc	_	16	obj	_	_
09dfbacc-a71b-4cb4-ad7a-f6d50633e133.xml.macaon	123	20	d'	de	prep	prep	_	19	dep	_	_
09dfbacc-a71b-4cb4-ad7a-f6d50633e133.xml.macaon	124	21	organisation	organisation	nc	nc	_	20	obj	_	_
09dfbacc-a71b-4cb4-ad7a-f6d50633e133.xml.macaon	125	22	mises	mettre	vppart	vppart	_	19	mod	_	_
09dfbacc-a71b-4cb4-ad7a-f6d50633e133.xml.macaon	126	23	au	au	prep	prep	_	22	mod	_	_
09dfbacc-a71b-4cb4-ad7a-f6d50633e133.xml.macaon	127	24	point	point	nc	nc	_	23	obj	_	_
09dfbacc-a71b-4cb4-ad7a-f6d50633e133.xml.macaon	128	25	par	par	prep	prep	_	22	mod	_	_
09dfbacc-a71b-4cb4-ad7a-f6d50633e133.xml.macaon	129	26	des	un	det	det	_	27	det	_	_
09dfbacc-a71b-4cb4-ad7a-f6d50633e133.xml.macaon	130	27	hommes	homme	nc	nc	_	25	obj	_	_
09dfbacc-a71b-4cb4-ad7a-f6d50633e133.xml.macaon	131	28	actuels	actuel	adj	adj	_	27	mod	_	_
09dfbacc-a71b-4cb4-ad7a-f6d50633e133.xml.macaon	132	29	vivant	vivre	vprespart	vprespart	_	10	__JOKER__	_	_
09dfbacc-a71b-4cb4-ad7a-f6d50633e133.xml.macaon	133	30	dans	dans	prep	prep	_	29	mod	_	_
09dfbacc-a71b-4cb4-ad7a-f6d50633e133.xml.macaon	134	31	des	un	det	det	_	32	det	_	_
09dfbacc-a71b-4cb4-ad7a-f6d50633e133.xml.macaon	135	32	sociétés	société	nc	nc	_	30	obj	_	_
09dfbacc-a71b-4cb4-ad7a-f6d50633e133.xml.macaon	136	33	dites	dire	vppart	vppart	_	32	mod	_	_	B:OTHER:G
09dfbacc-a71b-4cb4-ad7a-f6d50633e133.xml.macaon	137	34	primitives	primitif	adj	adj	_	32	mod	_	_
09dfbacc-a71b-4cb4-ad7a-f6d50633e133.xml.macaon	138	35	.	.	poncts	poncts	_	3	__JOKER__	_	_

09dfbacc-a71b-4cb4-ad7a-f6d50633e133.xml.macaon	139	1	Préhistoire	préhistoire	nc	nc	_	_	_	_	_

09dfbacc-a71b-4cb4-ad7a-f6d50633e133.xml.macaon	140	1	Société	société	nc	nc	_	_	_	_	_
09dfbacc-a71b-4cb4-ad7a-f6d50633e133.xml.macaon	141	2	préhistorique	préhistorique	adj	adj	_	1	mod	_	_

09dfbacc-a71b-4cb4-ad7a-f6d50633e133.xml.macaon	142	1	Au#cours#de	au#cours#de	prep	prep	_	7	mod	_	_
09dfbacc-a71b-4cb4-ad7a-f6d50633e133.xml.macaon	143	2	la	le	det	det	_	3	det	_	_
09dfbacc-a71b-4cb4-ad7a-f6d50633e133.xml.macaon	144	3	Préhistoire	Préhistoire	np	np	_	1	obj	_	_
09dfbacc-a71b-4cb4-ad7a-f6d50633e133.xml.macaon	145	4	,	,	ponctw	ponctw	_	7	ponct	_	_
09dfbacc-a71b-4cb4-ad7a-f6d50633e133.xml.macaon	146	5	les	le	det	det	_	6	det	_	_
09dfbacc-a71b-4cb4-ad7a-f6d50633e133.xml.macaon	147	6	hommes	homme	nc	nc	_	7	suj	_	_
09dfbacc-a71b-4cb4-ad7a-f6d50633e133.xml.macaon	148	7	étaient	étayer	v	v	_	_	_	_	_
09dfbacc-a71b-4cb4-ad7a-f6d50633e133.xml.macaon	149	8	très	très	adv	adv	_	9	mod	_	_
09dfbacc-a71b-4cb4-ad7a-f6d50633e133.xml.macaon	150	9	peu	peu	adv	adv	_	10	mod	_	_
09dfbacc-a71b-4cb4-ad7a-f6d50633e133.xml.macaon	151	10	nombreux	nombreux	adj	adj	_	7	ats	_	_
09dfbacc-a71b-4cb4-ad7a-f6d50633e133.xml.macaon	152	11	et	et	coo	coo	_	10	coord	_	_
09dfbacc-a71b-4cb4-ad7a-f6d50633e133.xml.macaon	153	12	très	très	adv	adv	_	13	mod	_	_
09dfbacc-a71b-4cb4-ad7a-f6d50633e133.xml.macaon	154	13	dispersés	disperser	vppart	vppart	_	11	dep_coord	_	_
09dfbacc-a71b-4cb4-ad7a-f6d50633e133.xml.macaon	155	14	à	à	prep	prep	_	13	a_obj	_	_
09dfbacc-a71b-4cb4-ad7a-f6d50633e133.xml.macaon	156	15	la	le	det	det	_	16	det	_	_
09dfbacc-a71b-4cb4-ad7a-f6d50633e133.xml.macaon	157	16	surface	surface	nc	nc	_	14	obj	_	_
09dfbacc-a71b-4cb4-ad7a-f6d50633e133.xml.macaon	158	17	de	de	prep	prep	_	16	dep	_	_
09dfbacc-a71b-4cb4-ad7a-f6d50633e133.xml.macaon	159	18	la	le	det	det	_	19	det	_	_
09dfbacc-a71b-4cb4-ad7a-f6d50633e133.xml.macaon	160	19	Terre	Terre	nc	nc	_	17	obj	_	_
09dfbacc-a71b-4cb4-ad7a-f6d50633e133.xml.macaon	161	20	.	.	poncts	poncts	_	7	ponct	_	_

09dfbacc-a71b-4cb4-ad7a-f6d50633e133.xml.macaon	162	1	Les	les	det	det	_	2	det	_	_
09dfbacc-a71b-4cb4-ad7a-f6d50633e133.xml.macaon	163	2	traces	trace	nc	nc	_	7	suj	_	_
09dfbacc-a71b-4cb4-ad7a-f6d50633e133.xml.macaon	164	3	qu'	que	prorel	prorel	_	6	suj	_	_
09dfbacc-a71b-4cb4-ad7a-f6d50633e133.xml.macaon	165	4	ils	ils	cln	cln	_	6	suj	_	_
09dfbacc-a71b-4cb4-ad7a-f6d50633e133.xml.macaon	166	5	ont	avoir	v	v	_	6	aux_tps	_	_
09dfbacc-a71b-4cb4-ad7a-f6d50633e133.xml.macaon	167	6	laissées	laisser	vppart	vppart	_	2	mod_rel	_	_
09dfbacc-a71b-4cb4-ad7a-f6d50633e133.xml.macaon	168	7	sont	être	v	v	_	_	_	_	_
09dfbacc-a71b-4cb4-ad7a-f6d50633e133.xml.macaon	169	8	donc	donc	adv	adv	_	9	mod	_	_
09dfbacc-a71b-4cb4-ad7a-f6d50633e133.xml.macaon	170	9	difficiles	difficile	adj	adj	_	7	ats	_	_
09dfbacc-a71b-4cb4-ad7a-f6d50633e133.xml.macaon	171	10	à	à	prep	prep	_	7	a_obj	_	_
09dfbacc-a71b-4cb4-ad7a-f6d50633e133.xml.macaon	172	11	repérer	repérer	vinf	vinf	_	10	obj	_	_
09dfbacc-a71b-4cb4-ad7a-f6d50633e133.xml.macaon	173	12	d'autant#plus	d'autant#plus	adv	adv	_	11	mod	_	_
09dfbacc-a71b-4cb4-ad7a-f6d50633e133.xml.macaon	174	13	que	que	csu	csu	_	7	mod	_	_
09dfbacc-a71b-4cb4-ad7a-f6d50633e133.xml.macaon	175	14	des	un	det	det	_	15	det	_	_
09dfbacc-a71b-4cb4-ad7a-f6d50633e133.xml.macaon	176	15	dizaines	dizaine	nc	nc	_	13	obj	_	_
09dfbacc-a71b-4cb4-ad7a-f6d50633e133.xml.macaon	177	16	de	de	prep	prep	_	15	dep	_	_
09dfbacc-a71b-4cb4-ad7a-f6d50633e133.xml.macaon	178	17	milliers	millier	nc	nc	_	16	obj	_	_
09dfbacc-a71b-4cb4-ad7a-f6d50633e133.xml.macaon	179	18	d'	de	prep	prep	_	17	dep	_	_
09dfbacc-a71b-4cb4-ad7a-f6d50633e133.xml.macaon	180	19	années	année	nc	nc	_	18	obj	_	_
09dfbacc-a71b-4cb4-ad7a-f6d50633e133.xml.macaon	181	20	ont	avoir	v	v	_	21	aux_tps	_	_
09dfbacc-a71b-4cb4-ad7a-f6d50633e133.xml.macaon	182	21	passé	passer	vppart	vppart	_	17	mod_rel	_	_
09dfbacc-a71b-4cb4-ad7a-f6d50633e133.xml.macaon	183	22	depuis	depuis	prep	prep	_	21	mod	_	_
09dfbacc-a71b-4cb4-ad7a-f6d50633e133.xml.macaon	184	23	l'	le	det	det	_	24	det	_	_
09dfbacc-a71b-4cb4-ad7a-f6d50633e133.xml.macaon	185	24	époque	époque	nc	nc	_	22	obj	_	_
09dfbacc-a71b-4cb4-ad7a-f6d50633e133.xml.macaon	186	25	de	de	prep	prep	_	24	dep	_	_
09dfbacc-a71b-4cb4-ad7a-f6d50633e133.xml.macaon	187	26	leur	son	det	det	_	27	det	_	_
09dfbacc-a71b-4cb4-ad7a-f6d50633e133.xml.macaon	188	27	vie	vie	nc	nc	_	25	obj	_	_
09dfbacc-a71b-4cb4-ad7a-f6d50633e133.xml.macaon	189	28	,	,	ponctw	ponctw	_	27	ponct	_	_
09dfbacc-a71b-4cb4-ad7a-f6d50633e133.xml.macaon	190	29	temps	temps	nc	nc	_	27	mod	_	_
09dfbacc-a71b-4cb4-ad7a-f6d50633e133.xml.macaon	191	30	qui	qui	prorel	prorel	_	31	suj	_	_
09dfbacc-a71b-4cb4-ad7a-f6d50633e133.xml.macaon	192	31	a	avoir	v	v	_	13	obj	_	_
09dfbacc-a71b-4cb4-ad7a-f6d50633e133.xml.macaon	193	32	souvent	souvent	adv	adv	_	31	mod	_	_
09dfbacc-a71b-4cb4-ad7a-f6d50633e133.xml.macaon	194	33	détruit	détruire	v	v	_	13	obj	_	_
09dfbacc-a71b-4cb4-ad7a-f6d50633e133.xml.macaon	195	34	les	le	det	det	_	35	det	_	_
09dfbacc-a71b-4cb4-ad7a-f6d50633e133.xml.macaon	196	35	traces	trace	nc	nc	_	33	obj	_	_
09dfbacc-a71b-4cb4-ad7a-f6d50633e133.xml.macaon	197	36	.	.	poncts	poncts	_	7	__JOKER__	_	_

09dfbacc-a71b-4cb4-ad7a-f6d50633e133.xml.macaon	198	1	Une	une	det	det	_	3	det	_	_
09dfbacc-a71b-4cb4-ad7a-f6d50633e133.xml.macaon	199	2	autre	autre	adj	adj	_	3	mod	_	_
09dfbacc-a71b-4cb4-ad7a-f6d50633e133.xml.macaon	200	3	difficulté	difficulté	nc	nc	_	4	suj	_	_
09dfbacc-a71b-4cb4-ad7a-f6d50633e133.xml.macaon	201	4	est	être	v	v	_	_	_	_	_
09dfbacc-a71b-4cb4-ad7a-f6d50633e133.xml.macaon	202	5	qu'	qu'	csu	csu	_	4	obj	_	_
09dfbacc-a71b-4cb4-ad7a-f6d50633e133.xml.macaon	203	6	ils	ils	cln	cln	_	8	suj	_	_	B:Statement:FE:Speaker:G:205
09dfbacc-a71b-4cb4-ad7a-f6d50633e133.xml.macaon	204	7	n'	n'	advneg	advneg	_	8	mod	_	_
09dfbacc-a71b-4cb4-ad7a-f6d50633e133.xml.macaon	205	8	écrivaient	écrire	v	v	_	5	obj	_	_	B:Statement:TARGET:écrire:G:205
09dfbacc-a71b-4cb4-ad7a-f6d50633e133.xml.macaon	206	9	pas	pas	advneg	advneg	_	16	mod	_	_
09dfbacc-a71b-4cb4-ad7a-f6d50633e133.xml.macaon	207	10	,	,	ponctw	ponctw	_	16	ponct	_	_
09dfbacc-a71b-4cb4-ad7a-f6d50633e133.xml.macaon	208	11	donc	donc	adv	adv	_	16	mod	_	_
09dfbacc-a71b-4cb4-ad7a-f6d50633e133.xml.macaon	209	12	ils	ils	cln	cln	_	13	__JOKER__	_	_
09dfbacc-a71b-4cb4-ad7a-f6d50633e133.xml.macaon	210	13	n'	n'	advneg	advneg	_	16	mod	_	_
09dfbacc-a71b-4cb4-ad7a-f6d50633e133.xml.macaon	211	14	ont	avoir	v	v	_	16	aux_tps	_	_
09dfbacc-a71b-4cb4-ad7a-f6d50633e133.xml.macaon	212	15	pas	pas	advneg	advneg	_	16	mod	_	_
09dfbacc-a71b-4cb4-ad7a-f6d50633e133.xml.macaon	213	16	laissé	laisser	vppart	vppart	_	5	__JOKER__	_	_
09dfbacc-a71b-4cb4-ad7a-f6d50633e133.xml.macaon	214	17	d'	un	det	det	_	18	det	_	_
09dfbacc-a71b-4cb4-ad7a-f6d50633e133.xml.macaon	215	18	explication	explication	nc	nc	_	16	obj	_	_
09dfbacc-a71b-4cb4-ad7a-f6d50633e133.xml.macaon	216	19	ou	ou	coo	coo	_	18	coord	_	_
09dfbacc-a71b-4cb4-ad7a-f6d50633e133.xml.macaon	217	20	de	de	prep	prep	_	19	dep_coord	_	_
09dfbacc-a71b-4cb4-ad7a-f6d50633e133.xml.macaon	218	21	description	description	nc	nc	_	20	obj	_	_
09dfbacc-a71b-4cb4-ad7a-f6d50633e133.xml.macaon	219	22	de	de	prep	prep	_	21	dep	_	_
09dfbacc-a71b-4cb4-ad7a-f6d50633e133.xml.macaon	220	23	leur	son	det	det	_	24	det	_	_
09dfbacc-a71b-4cb4-ad7a-f6d50633e133.xml.macaon	221	24	organisation	organisation	nc	nc	_	22	obj	_	_
09dfbacc-a71b-4cb4-ad7a-f6d50633e133.xml.macaon	222	25	sociale	social	adj	adj	_	24	mod	_	_
09dfbacc-a71b-4cb4-ad7a-f6d50633e133.xml.macaon	223	26	.	.	poncts	poncts	_	4	ponct	_	_

09dfbacc-a71b-4cb4-ad7a-f6d50633e133.xml.macaon	224	1	Les	les	det	det	_	2	det	_	_
09dfbacc-a71b-4cb4-ad7a-f6d50633e133.xml.macaon	225	2	préhistoriens	préhistorien	nc	nc	_	3	suj	_	_
09dfbacc-a71b-4cb4-ad7a-f6d50633e133.xml.macaon	226	3	doivent	devoir	v	v	_	_	_	_	_
09dfbacc-a71b-4cb4-ad7a-f6d50633e133.xml.macaon	227	4	donc	donc	adv	adv	_	3	mod	_	_
09dfbacc-a71b-4cb4-ad7a-f6d50633e133.xml.macaon	228	5	faire	faire	vinf	vinf	_	3	obj	_	_
09dfbacc-a71b-4cb4-ad7a-f6d50633e133.xml.macaon	229	6	des	un	det	det	_	7	det	_	_
09dfbacc-a71b-4cb4-ad7a-f6d50633e133.xml.macaon	230	7	suppositions	supposition	nc	nc	_	5	obj	_	_
09dfbacc-a71b-4cb4-ad7a-f6d50633e133.xml.macaon	231	8	en	en	prep	prep	_	5	mod	_	_
09dfbacc-a71b-4cb4-ad7a-f6d50633e133.xml.macaon	232	9	s'	s'	nc	nc	_	8	obj	_	_
09dfbacc-a71b-4cb4-ad7a-f6d50633e133.xml.macaon	233	10	appuyant	appuyer	vprespart	vprespart	_	9	__JOKER__	_	_
09dfbacc-a71b-4cb4-ad7a-f6d50633e133.xml.macaon	234	11	sur	sur	prep	prep	_	10	mod	_	_
09dfbacc-a71b-4cb4-ad7a-f6d50633e133.xml.macaon	235	12	les	le	det	det	_	13	det	_	_	B:Becoming_aware:FE:Phenomenon:G:237
09dfbacc-a71b-4cb4-ad7a-f6d50633e133.xml.macaon	236	13	traces	trace	nc	nc	_	11	obj	_	_	I:Becoming_aware:FE:Phenomenon:G:237
09dfbacc-a71b-4cb4-ad7a-f6d50633e133.xml.macaon	237	14	découvertes	découvrir	adj	adj	_	13	mod	_	_	B:Becoming_aware:TARGET:découvrir:G:237
09dfbacc-a71b-4cb4-ad7a-f6d50633e133.xml.macaon	238	15	et	et	coo	coo	_	11	coord	_	_
09dfbacc-a71b-4cb4-ad7a-f6d50633e133.xml.macaon	239	16	en	en	prep	prep	_	15	dep_coord	_	_
09dfbacc-a71b-4cb4-ad7a-f6d50633e133.xml.macaon	240	17	observant	observer	vprespart	vprespart	_	16	__JOKER__	_	_
09dfbacc-a71b-4cb4-ad7a-f6d50633e133.xml.macaon	241	18	les	le	det	det	_	19	det	_	_
09dfbacc-a71b-4cb4-ad7a-f6d50633e133.xml.macaon	242	19	formes	forme	nc	nc	_	16	obj	_	_
09dfbacc-a71b-4cb4-ad7a-f6d50633e133.xml.macaon	243	20	d'	de	prep	prep	_	19	dep	_	_
09dfbacc-a71b-4cb4-ad7a-f6d50633e133.xml.macaon	244	21	organisation	organisation	nc	nc	_	20	obj	_	_
09dfbacc-a71b-4cb4-ad7a-f6d50633e133.xml.macaon	245	22	mises	mettre	vppart	vppart	_	19	mod	_	_
09dfbacc-a71b-4cb4-ad7a-f6d50633e133.xml.macaon	246	23	au	au	prep	prep	_	22	mod	_	_
09dfbacc-a71b-4cb4-ad7a-f6d50633e133.xml.macaon	247	24	point	point	nc	nc	_	23	obj	_	_
09dfbacc-a71b-4cb4-ad7a-f6d50633e133.xml.macaon	248	25	par	par	prep	prep	_	22	mod	_	_
09dfbacc-a71b-4cb4-ad7a-f6d50633e133.xml.macaon	249	26	des	un	det	det	_	27	det	_	_
09dfbacc-a71b-4cb4-ad7a-f6d50633e133.xml.macaon	250	27	hommes	homme	nc	nc	_	25	obj	_	_
09dfbacc-a71b-4cb4-ad7a-f6d50633e133.xml.macaon	251	28	actuels	actuel	adj	adj	_	27	mod	_	_
09dfbacc-a71b-4cb4-ad7a-f6d50633e133.xml.macaon	252	29	vivant	vivre	vprespart	vprespart	_	10	__JOKER__	_	_
09dfbacc-a71b-4cb4-ad7a-f6d50633e133.xml.macaon	253	30	dans	dans	prep	prep	_	29	mod	_	_
09dfbacc-a71b-4cb4-ad7a-f6d50633e133.xml.macaon	254	31	des	un	det	det	_	32	det	_	_
09dfbacc-a71b-4cb4-ad7a-f6d50633e133.xml.macaon	255	32	sociétés	société	nc	nc	_	30	obj	_	_
09dfbacc-a71b-4cb4-ad7a-f6d50633e133.xml.macaon	256	33	dites	dire	vppart	vppart	_	32	mod	_	_	B:OTHER:G
09dfbacc-a71b-4cb4-ad7a-f6d50633e133.xml.macaon	257	34	primitives	primitif	adj	adj	_	32	mod	_	_
09dfbacc-a71b-4cb4-ad7a-f6d50633e133.xml.macaon	258	35	.	.	poncts	poncts	_	3	__JOKER__	_	_

09dfbacc-a71b-4cb4-ad7a-f6d50633e133.xml.macaon	259	1	Paléolithique	Paléolithique	np	np	_	_	_	_	_
09dfbacc-a71b-4cb4-ad7a-f6d50633e133.xml.macaon	260	2	:	:	ponctw	ponctw	_	1	ponct	_	_
09dfbacc-a71b-4cb4-ad7a-f6d50633e133.xml.macaon	261	3	une	un	det	det	_	4	det	_	_
09dfbacc-a71b-4cb4-ad7a-f6d50633e133.xml.macaon	262	4	société	société	nc	nc	_	1	mod	_	_
09dfbacc-a71b-4cb4-ad7a-f6d50633e133.xml.macaon	263	5	simple	simple	adj	adj	_	4	mod	_	_

09dfbacc-a71b-4cb4-ad7a-f6d50633e133.xml.macaon	264	1	Au	au	prep	prep	_	5	mod	_	_
09dfbacc-a71b-4cb4-ad7a-f6d50633e133.xml.macaon	265	2	Paléolithique	Paléolithique	np	np	_	1	obj	_	_
09dfbacc-a71b-4cb4-ad7a-f6d50633e133.xml.macaon	266	3	,	,	ponctw	ponctw	_	5	ponct	_	_
09dfbacc-a71b-4cb4-ad7a-f6d50633e133.xml.macaon	267	4	on	on	cln	cln	_	5	suj	_	_
09dfbacc-a71b-4cb4-ad7a-f6d50633e133.xml.macaon	268	5	peut	pouvoir	v	v	_	_	_	_	_
09dfbacc-a71b-4cb4-ad7a-f6d50633e133.xml.macaon	269	6	penser	penser	vinf	vinf	_	5	obj	_	_
09dfbacc-a71b-4cb4-ad7a-f6d50633e133.xml.macaon	270	7	que	que	csu	csu	_	6	obj	_	_
09dfbacc-a71b-4cb4-ad7a-f6d50633e133.xml.macaon	271	8	les	le	det	det	_	9	det	_	_
09dfbacc-a71b-4cb4-ad7a-f6d50633e133.xml.macaon	272	9	hommes	homme	nc	nc	_	10	suj	_	_
09dfbacc-a71b-4cb4-ad7a-f6d50633e133.xml.macaon	273	10	vivaient	vivre	v	v	_	7	obj	_	_
09dfbacc-a71b-4cb4-ad7a-f6d50633e133.xml.macaon	274	11	dans	dans	prep	prep	_	10	mod	_	_
09dfbacc-a71b-4cb4-ad7a-f6d50633e133.xml.macaon	275	12	des	un	det	det	_	13	det	_	_
09dfbacc-a71b-4cb4-ad7a-f6d50633e133.xml.macaon	276	13	groupes	groupe	nc	nc	_	11	obj	_	_
09dfbacc-a71b-4cb4-ad7a-f6d50633e133.xml.macaon	277	14	très	très	adv	adv	_	15	mod	_	_
09dfbacc-a71b-4cb4-ad7a-f6d50633e133.xml.macaon	278	15	réduits	réduire	adj	adj	_	13	mod	_	_
09dfbacc-a71b-4cb4-ad7a-f6d50633e133.xml.macaon	279	16	qui	qui	prorel	prorel	_	17	suj	_	_
09dfbacc-a71b-4cb4-ad7a-f6d50633e133.xml.macaon	280	17	devaient	devoir	v	v	_	7	obj	_	_
09dfbacc-a71b-4cb4-ad7a-f6d50633e133.xml.macaon	281	18	être	être	vinf	vinf	_	17	obj	_	_
09dfbacc-a71b-4cb4-ad7a-f6d50633e133.xml.macaon	282	19	le	le	det	det	_	20	det	_	_
09dfbacc-a71b-4cb4-ad7a-f6d50633e133.xml.macaon	283	20	regroupement	regroupement	nc	nc	_	18	obj	_	_
09dfbacc-a71b-4cb4-ad7a-f6d50633e133.xml.macaon	284	21	de	de	prep	prep	_	20	dep	_	_
09dfbacc-a71b-4cb4-ad7a-f6d50633e133.xml.macaon	285	22	quelques	quelque	det	det	_	23	det	_	_
09dfbacc-a71b-4cb4-ad7a-f6d50633e133.xml.macaon	286	23	familles	famille	nc	nc	_	21	obj	_	_
09dfbacc-a71b-4cb4-ad7a-f6d50633e133.xml.macaon	287	24	souvent	souvent	adv	adv	_	25	mod	_	_
09dfbacc-a71b-4cb4-ad7a-f6d50633e133.xml.macaon	288	25	apparentées	apparenter	vppart	vppart	_	23	mod	_	_
09dfbacc-a71b-4cb4-ad7a-f6d50633e133.xml.macaon	289	26	entre	entre	prep	prep	_	25	mod	_	_
09dfbacc-a71b-4cb4-ad7a-f6d50633e133.xml.macaon	290	27	elles	lui	pro	pro	_	26	obj	_	_
09dfbacc-a71b-4cb4-ad7a-f6d50633e133.xml.macaon	291	28	.	.	poncts	poncts	_	5	ponct	_	_

09dfbacc-a71b-4cb4-ad7a-f6d50633e133.xml.macaon	292	1	Ces	ces	det	det	_	2	det	_	_	B:Motion:FE:Theme:G:296
09dfbacc-a71b-4cb4-ad7a-f6d50633e133.xml.macaon	293	2	groupes	groupe	nc	nc	_	5	suj	_	_	I:Motion:FE:Theme:G:296
09dfbacc-a71b-4cb4-ad7a-f6d50633e133.xml.macaon	294	3	nomades	nomade	adj	adj	_	2	mod	_	_	I:Motion:FE:Theme:G:296
09dfbacc-a71b-4cb4-ad7a-f6d50633e133.xml.macaon	295	4	se	se	clr	clr	_	5	aff	_	_
09dfbacc-a71b-4cb4-ad7a-f6d50633e133.xml.macaon	296	5	déplaçaient	déplacer	v	v	_	_	_	_	_	B:Motion:TARGET:déplacer:G:296
09dfbacc-a71b-4cb4-ad7a-f6d50633e133.xml.macaon	297	6	sur	sur	prep	prep	_	5	mod	_	_	B:Motion:FE:Place:G:296
09dfbacc-a71b-4cb4-ad7a-f6d50633e133.xml.macaon	298	7	un	un	det	det	_	9	det	_	_	I:Motion:FE:Place:G:296
09dfbacc-a71b-4cb4-ad7a-f6d50633e133.xml.macaon	299	8	grand	grand	adj	adj	_	9	mod	_	_	I:Motion:FE:Place:G:296
09dfbacc-a71b-4cb4-ad7a-f6d50633e133.xml.macaon	300	9	territoire	territoire	nc	nc	_	6	obj	_	_	I:Motion:FE:Place:G:296
09dfbacc-a71b-4cb4-ad7a-f6d50633e133.xml.macaon	301	10	qui	qui	prorel	prorel	_	11	suj	_	_
09dfbacc-a71b-4cb4-ad7a-f6d50633e133.xml.macaon	302	11	devait	devoir	v	v	_	9	mod_rel	_	_
09dfbacc-a71b-4cb4-ad7a-f6d50633e133.xml.macaon	303	12	lui	lui	clo	clo	_	13	__JOKER__	_	_
09dfbacc-a71b-4cb4-ad7a-f6d50633e133.xml.macaon	304	13	fournir	fournir	vinf	vinf	_	11	obj	_	_
09dfbacc-a71b-4cb4-ad7a-f6d50633e133.xml.macaon	305	14	la	le	det	det	_	15	det	_	_
09dfbacc-a71b-4cb4-ad7a-f6d50633e133.xml.macaon	306	15	nourriture	nourriture	nc	nc	_	13	obj	_	_
09dfbacc-a71b-4cb4-ad7a-f6d50633e133.xml.macaon	307	16	nécessaire	nécessaire	adj	adj	_	15	mod	_	_
09dfbacc-a71b-4cb4-ad7a-f6d50633e133.xml.macaon	308	17	au#cours#de	au#cours#de	prep	prep	_	13	mod	_	_
09dfbacc-a71b-4cb4-ad7a-f6d50633e133.xml.macaon	309	18	l'	le	det	det	_	19	det	_	_
09dfbacc-a71b-4cb4-ad7a-f6d50633e133.xml.macaon	310	19	année	année	nc	nc	_	17	obj	_	_
09dfbacc-a71b-4cb4-ad7a-f6d50633e133.xml.macaon	311	20	.	.	poncts	poncts	_	5	ponct	_	_

09dfbacc-a71b-4cb4-ad7a-f6d50633e133.xml.macaon	312	1	La	la	det	det	_	2	det	_	_
09dfbacc-a71b-4cb4-ad7a-f6d50633e133.xml.macaon	313	2	chasse	chasse	nc	nc	_	_	_	_	_	B:Hunting:TARGET:chasse:G:313
09dfbacc-a71b-4cb4-ad7a-f6d50633e133.xml.macaon	314	3	des	des	prep	prep	_	2	dep	_	_	B:Hunting:FE:Food:G:313
09dfbacc-a71b-4cb4-ad7a-f6d50633e133.xml.macaon	315	4	animaux	animal	nc	nc	_	3	obj	_	_	I:Hunting:FE:Food:G:313
09dfbacc-a71b-4cb4-ad7a-f6d50633e133.xml.macaon	316	5	sauvages	sauvage	adj	adj	_	4	mod	_	_	I:Hunting:FE:Food:G:313
09dfbacc-a71b-4cb4-ad7a-f6d50633e133.xml.macaon	317	6	et	et	coo	coo	_	4	coord	_	_
09dfbacc-a71b-4cb4-ad7a-f6d50633e133.xml.macaon	318	7	la	le	det	det	_	8	det	_	_
09dfbacc-a71b-4cb4-ad7a-f6d50633e133.xml.macaon	319	8	cueillette	cueillette	nc	nc	_	6	dep_coord	_	_
09dfbacc-a71b-4cb4-ad7a-f6d50633e133.xml.macaon	320	9	des	des	prep	prep	_	8	dep	_	_
09dfbacc-a71b-4cb4-ad7a-f6d50633e133.xml.macaon	321	10	plantes	plante	nc	nc	_	9	obj	_	_
09dfbacc-a71b-4cb4-ad7a-f6d50633e133.xml.macaon	322	11	ainsi#que	ainsi#que	v	v	_	6	dep_coord	_	_
09dfbacc-a71b-4cb4-ad7a-f6d50633e133.xml.macaon	323	12	la	le	det	det	_	13	det	_	_
09dfbacc-a71b-4cb4-ad7a-f6d50633e133.xml.macaon	324	13	fabrication	fabrication	nc	nc	_	11	obj	_	_	B:Creating:TARGET:fabrication:G:324
09dfbacc-a71b-4cb4-ad7a-f6d50633e133.xml.macaon	325	14	des	des	prep	prep	_	13	dep	_	_	B:Creating:FE:Created_entity:G:324
09dfbacc-a71b-4cb4-ad7a-f6d50633e133.xml.macaon	326	15	outils	outil	nc	nc	_	14	obj	_	_	I:Creating:FE:Created_entity:G:324
09dfbacc-a71b-4cb4-ad7a-f6d50633e133.xml.macaon	327	16	nécessaires	nécessaire	adj	adj	_	15	mod	_	_
09dfbacc-a71b-4cb4-ad7a-f6d50633e133.xml.macaon	328	17	étaient	étayer	v	v	_	11	mod	_	_
09dfbacc-a71b-4cb4-ad7a-f6d50633e133.xml.macaon	329	18	les	le	det	det	_	19	det	_	_
09dfbacc-a71b-4cb4-ad7a-f6d50633e133.xml.macaon	330	19	activités	activité	nc	nc	_	17	obj	_	_
09dfbacc-a71b-4cb4-ad7a-f6d50633e133.xml.macaon	331	20	essentielles	essentiel	adj	adj	_	19	mod	_	_
09dfbacc-a71b-4cb4-ad7a-f6d50633e133.xml.macaon	332	21	.	.	poncts	poncts	_	11	ponct	_	_

09dfbacc-a71b-4cb4-ad7a-f6d50633e133.xml.macaon	333	1	Il	il	cln	cln	_	3	suj	_	_
09dfbacc-a71b-4cb4-ad7a-f6d50633e133.xml.macaon	334	2	ne	ne	advneg	advneg	_	3	mod	_	_
09dfbacc-a71b-4cb4-ad7a-f6d50633e133.xml.macaon	335	3	devait	devoir	v	v	_	_	_	_	_
09dfbacc-a71b-4cb4-ad7a-f6d50633e133.xml.macaon	336	4	pas	pas	advneg	advneg	_	3	mod	_	_
09dfbacc-a71b-4cb4-ad7a-f6d50633e133.xml.macaon	337	5	y	y	clo	clo	_	6	__JOKER__	_	_
09dfbacc-a71b-4cb4-ad7a-f6d50633e133.xml.macaon	338	6	avoir	avoir	vinf	vinf	_	3	obj	_	_
09dfbacc-a71b-4cb4-ad7a-f6d50633e133.xml.macaon	339	7	de	un	det	det	_	8	det	_	_
09dfbacc-a71b-4cb4-ad7a-f6d50633e133.xml.macaon	340	8	spécialisation	spécialisation	nc	nc	_	6	obj	_	_
09dfbacc-a71b-4cb4-ad7a-f6d50633e133.xml.macaon	341	9	,	,	ponctw	ponctw	_	8	ponct	_	_
09dfbacc-a71b-4cb4-ad7a-f6d50633e133.xml.macaon	342	10	sauf	sauf	prep	prep	_	6	mod	_	_
09dfbacc-a71b-4cb4-ad7a-f6d50633e133.xml.macaon	343	11	celle	celui	pro	pro	_	10	obj	_	_
09dfbacc-a71b-4cb4-ad7a-f6d50633e133.xml.macaon	344	12	relevant	relever	vprespart	vprespart	_	11	__JOKER__	_	_
09dfbacc-a71b-4cb4-ad7a-f6d50633e133.xml.macaon	345	13	de	de	prep	prep	_	11	dep	_	_
09dfbacc-a71b-4cb4-ad7a-f6d50633e133.xml.macaon	346	14	la	le	det	det	_	15	det	_	_
09dfbacc-a71b-4cb4-ad7a-f6d50633e133.xml.macaon	347	15	différence	différence	nc	nc	_	13	obj	_	_
09dfbacc-a71b-4cb4-ad7a-f6d50633e133.xml.macaon	348	16	des	des	prep	prep	_	15	dep	_	_
09dfbacc-a71b-4cb4-ad7a-f6d50633e133.xml.macaon	349	17	sexes	sexe	nc	nc	_	16	obj	_	_
09dfbacc-a71b-4cb4-ad7a-f6d50633e133.xml.macaon	350	18	.	.	poncts	poncts	_	3	ponct	_	_

09dfbacc-a71b-4cb4-ad7a-f6d50633e133.xml.macaon	351	1	Il	il	cln	cln	_	2	suj	_	_
09dfbacc-a71b-4cb4-ad7a-f6d50633e133.xml.macaon	352	2	est	être	v	v	_	_	_	_	_
09dfbacc-a71b-4cb4-ad7a-f6d50633e133.xml.macaon	353	3	vraisemblable	vraisemblable	adj	adj	_	2	ats	_	_
09dfbacc-a71b-4cb4-ad7a-f6d50633e133.xml.macaon	354	4	que	que	csu	csu	_	2	obj	_	_
09dfbacc-a71b-4cb4-ad7a-f6d50633e133.xml.macaon	355	5	les	le	det	det	_	6	det	_	_
09dfbacc-a71b-4cb4-ad7a-f6d50633e133.xml.macaon	356	6	individus	individu	nc	nc	_	4	obj	_	_
09dfbacc-a71b-4cb4-ad7a-f6d50633e133.xml.macaon	357	7	mâles	mâle	adj	adj	_	6	mod	_	_
09dfbacc-a71b-4cb4-ad7a-f6d50633e133.xml.macaon	358	8	disposant	disposer	vprespart	vprespart	_	4	__JOKER__	_	_
09dfbacc-a71b-4cb4-ad7a-f6d50633e133.xml.macaon	359	9	d'	de	prep	prep	_	8	de_obj	_	_
09dfbacc-a71b-4cb4-ad7a-f6d50633e133.xml.macaon	360	10	une	un	det	det	_	13	det	_	_
09dfbacc-a71b-4cb4-ad7a-f6d50633e133.xml.macaon	361	11	plus	plus	adv	adv	_	12	mod	_	_
09dfbacc-a71b-4cb4-ad7a-f6d50633e133.xml.macaon	362	12	grande	grand	adj	adj	_	13	mod	_	_
09dfbacc-a71b-4cb4-ad7a-f6d50633e133.xml.macaon	363	13	vigueur	vigueur	nc	nc	_	9	obj	_	_
09dfbacc-a71b-4cb4-ad7a-f6d50633e133.xml.macaon	364	14	musculaire	musculaire	adj	adj	_	13	mod	_	_
09dfbacc-a71b-4cb4-ad7a-f6d50633e133.xml.macaon	365	15	étaient	étayer	v	v	_	4	obj	_	_
09dfbacc-a71b-4cb4-ad7a-f6d50633e133.xml.macaon	366	16	les	le	det	det	_	17	det	_	_
09dfbacc-a71b-4cb4-ad7a-f6d50633e133.xml.macaon	367	17	chasseurs	chasseur	nc	nc	_	15	obj	_	_
09dfbacc-a71b-4cb4-ad7a-f6d50633e133.xml.macaon	368	18	mais#aussi	mais#aussi	coo	coo	_	17	coord	_	_
09dfbacc-a71b-4cb4-ad7a-f6d50633e133.xml.macaon	369	19	les	le	det	det	_	20	det	_	_
09dfbacc-a71b-4cb4-ad7a-f6d50633e133.xml.macaon	370	20	protecteurs	protecteur	nc	nc	_	18	dep_coord	_	_
09dfbacc-a71b-4cb4-ad7a-f6d50633e133.xml.macaon	371	21	du	du	prep	prep	_	20	dep	_	_
09dfbacc-a71b-4cb4-ad7a-f6d50633e133.xml.macaon	372	22	groupe	groupe	nc	nc	_	21	obj	_	_
09dfbacc-a71b-4cb4-ad7a-f6d50633e133.xml.macaon	373	23	.	.	poncts	poncts	_	2	ponct	_	_

09dfbacc-a71b-4cb4-ad7a-f6d50633e133.xml.macaon	374	1	Parmi	parmi	prep	prep	_	3	mod	_	_
09dfbacc-a71b-4cb4-ad7a-f6d50633e133.xml.macaon	375	2	eux	lui	pro	pro	_	1	obj	_	_
09dfbacc-a71b-4cb4-ad7a-f6d50633e133.xml.macaon	376	3	devait	devoir	v	v	_	_	_	_	_
09dfbacc-a71b-4cb4-ad7a-f6d50633e133.xml.macaon	377	4	se	se	clr	clr	_	5	aff	_	_
09dfbacc-a71b-4cb4-ad7a-f6d50633e133.xml.macaon	378	5	détacher	détacher	vinf	vinf	_	3	obj	_	_
09dfbacc-a71b-4cb4-ad7a-f6d50633e133.xml.macaon	379	6	un	un	det	det	_	7	det	_	_
09dfbacc-a71b-4cb4-ad7a-f6d50633e133.xml.macaon	380	7	individu	individu	nc	nc	_	5	obj	_	_
09dfbacc-a71b-4cb4-ad7a-f6d50633e133.xml.macaon	381	8	particulièrement	particulièrement	adv	adv	_	9	mod	_	_
09dfbacc-a71b-4cb4-ad7a-f6d50633e133.xml.macaon	382	9	fort	fort	adj	adj	_	7	mod	_	_
09dfbacc-a71b-4cb4-ad7a-f6d50633e133.xml.macaon	383	10	ou	ou	coo	coo	_	9	coord	_	_
09dfbacc-a71b-4cb4-ad7a-f6d50633e133.xml.macaon	384	11	ingénieux	ingénieux	adj	adj	_	10	dep_coord	_	_
09dfbacc-a71b-4cb4-ad7a-f6d50633e133.xml.macaon	385	12	qui	qui	prorel	prorel	_	13	suj	_	_
09dfbacc-a71b-4cb4-ad7a-f6d50633e133.xml.macaon	386	13	faisait	faire	v	v	_	10	dep_coord	_	_
09dfbacc-a71b-4cb4-ad7a-f6d50633e133.xml.macaon	387	14	figure	figure	nc	nc	_	13	obj	_	_
09dfbacc-a71b-4cb4-ad7a-f6d50633e133.xml.macaon	388	15	de	de	prep	prep	_	14	dep	_	_
09dfbacc-a71b-4cb4-ad7a-f6d50633e133.xml.macaon	389	16	chef	chef	nc	nc	_	15	obj	_	_
09dfbacc-a71b-4cb4-ad7a-f6d50633e133.xml.macaon	390	17	(	(	ponctw	ponctw	_	20	ponct	_	_
09dfbacc-a71b-4cb4-ad7a-f6d50633e133.xml.macaon	391	18	il	il	cln	cln	_	20	suj	_	_
09dfbacc-a71b-4cb4-ad7a-f6d50633e133.xml.macaon	392	19	le	le	clo	clo	_	20	__JOKER__	_	_
09dfbacc-a71b-4cb4-ad7a-f6d50633e133.xml.macaon	393	20	restait	rester	v	v	_	10	dep_coord	_	_
09dfbacc-a71b-4cb4-ad7a-f6d50633e133.xml.macaon	394	21	tant#qu'	tant#que	csu	csu	_	20	obj	_	_
09dfbacc-a71b-4cb4-ad7a-f6d50633e133.xml.macaon	395	22	il	il	cln	cln	_	23	suj	_	_
09dfbacc-a71b-4cb4-ad7a-f6d50633e133.xml.macaon	396	23	pouvait	pouvoir	v	v	_	21	obj	_	_
09dfbacc-a71b-4cb4-ad7a-f6d50633e133.xml.macaon	397	24	remplir	remplir	vinf	vinf	_	23	obj	_	_
09dfbacc-a71b-4cb4-ad7a-f6d50633e133.xml.macaon	398	25	son	son	det	det	_	26	det	_	_
09dfbacc-a71b-4cb4-ad7a-f6d50633e133.xml.macaon	399	26	rôle	rôle	nc	nc	_	24	obj	_	_
09dfbacc-a71b-4cb4-ad7a-f6d50633e133.xml.macaon	400	27	)	)	ponctw	ponctw	_	26	ponct	_	_
09dfbacc-a71b-4cb4-ad7a-f6d50633e133.xml.macaon	401	28	.	.	poncts	poncts	_	3	ponct	_	_

09dfbacc-a71b-4cb4-ad7a-f6d50633e133.xml.macaon	402	1	L'	L'	det	det	_	2	det	_	_
09dfbacc-a71b-4cb4-ad7a-f6d50633e133.xml.macaon	403	2	espérance	espérance	nc	nc	_	5	suj	_	_
09dfbacc-a71b-4cb4-ad7a-f6d50633e133.xml.macaon	404	3	de	de	prep	prep	_	2	dep	_	_
09dfbacc-a71b-4cb4-ad7a-f6d50633e133.xml.macaon	405	4	vie	vie	nc	nc	_	3	obj	_	_
09dfbacc-a71b-4cb4-ad7a-f6d50633e133.xml.macaon	406	5	était	être	v	v	_	_	_	_	_
09dfbacc-a71b-4cb4-ad7a-f6d50633e133.xml.macaon	407	6	alors	alors	adv	adv	_	5	mod	_	_
09dfbacc-a71b-4cb4-ad7a-f6d50633e133.xml.macaon	408	7	probablement	probablement	adv	adv	_	8	mod	_	_
09dfbacc-a71b-4cb4-ad7a-f6d50633e133.xml.macaon	409	8	faible	faible	adj	adj	_	5	ats	_	_
09dfbacc-a71b-4cb4-ad7a-f6d50633e133.xml.macaon	410	9	.	.	poncts	poncts	_	5	ponct	_	_

09dfbacc-a71b-4cb4-ad7a-f6d50633e133.xml.macaon	411	1	Néolithique	néolithique	adj	adj	_	4	mod	_	_
09dfbacc-a71b-4cb4-ad7a-f6d50633e133.xml.macaon	412	2	:	:	ponctw	ponctw	_	1	ponct	_	_
09dfbacc-a71b-4cb4-ad7a-f6d50633e133.xml.macaon	413	3	une	un	det	det	_	4	det	_	_
09dfbacc-a71b-4cb4-ad7a-f6d50633e133.xml.macaon	414	4	société	société	nc	nc	_	6	suj	_	_
09dfbacc-a71b-4cb4-ad7a-f6d50633e133.xml.macaon	415	5	plus	plus	adv	adv	_	6	mod	_	_
09dfbacc-a71b-4cb4-ad7a-f6d50633e133.xml.macaon	416	6	diversifiée	diversifier	vppart	vppart	_	_	_	_	_

09dfbacc-a71b-4cb4-ad7a-f6d50633e133.xml.macaon	417	1	Au	au	prep	prep	_	6	mod	_	_
09dfbacc-a71b-4cb4-ad7a-f6d50633e133.xml.macaon	418	2	Néolithique	néolithique	adj	adj	_	1	obj	_	_
09dfbacc-a71b-4cb4-ad7a-f6d50633e133.xml.macaon	419	3	,	,	ponctw	ponctw	_	6	ponct	_	_
09dfbacc-a71b-4cb4-ad7a-f6d50633e133.xml.macaon	420	4	la	le	det	det	_	5	det	_	_
09dfbacc-a71b-4cb4-ad7a-f6d50633e133.xml.macaon	421	5	spécialisation	spécialisation	nc	nc	_	6	suj	_	_
09dfbacc-a71b-4cb4-ad7a-f6d50633e133.xml.macaon	422	6	apparaît	apparaître	v	v	_	_	_	_	_
09dfbacc-a71b-4cb4-ad7a-f6d50633e133.xml.macaon	423	7	.	.	poncts	poncts	_	6	ponct	_	_

09dfbacc-a71b-4cb4-ad7a-f6d50633e133.xml.macaon	424	1	La	la	det	det	_	2	det	_	_
09dfbacc-a71b-4cb4-ad7a-f6d50633e133.xml.macaon	425	2	production	production	nc	nc	_	5	suj	_	_
09dfbacc-a71b-4cb4-ad7a-f6d50633e133.xml.macaon	426	3	de	de	prep	prep	_	2	dep	_	_
09dfbacc-a71b-4cb4-ad7a-f6d50633e133.xml.macaon	427	4	nourriture	nourriture	nc	nc	_	3	obj	_	_
09dfbacc-a71b-4cb4-ad7a-f6d50633e133.xml.macaon	428	5	est	être	v	v	_	_	_	_	_
09dfbacc-a71b-4cb4-ad7a-f6d50633e133.xml.macaon	429	6	toujours	toujours	adv	adv	_	5	mod	_	_
09dfbacc-a71b-4cb4-ad7a-f6d50633e133.xml.macaon	430	7	l'	le	det	det	_	8	det	_	_
09dfbacc-a71b-4cb4-ad7a-f6d50633e133.xml.macaon	431	8	activité	activité	nc	nc	_	5	ats	_	_
09dfbacc-a71b-4cb4-ad7a-f6d50633e133.xml.macaon	432	9	essentielle	essentiel	adj	adj	_	8	mod	_	_
09dfbacc-a71b-4cb4-ad7a-f6d50633e133.xml.macaon	433	10	et	et	coo	coo	_	8	coord	_	_
09dfbacc-a71b-4cb4-ad7a-f6d50633e133.xml.macaon	434	11	celle	celui	pro	pro	_	10	dep_coord	_	_
09dfbacc-a71b-4cb4-ad7a-f6d50633e133.xml.macaon	435	12	qui	qui	prorel	prorel	_	13	suj	_	_
09dfbacc-a71b-4cb4-ad7a-f6d50633e133.xml.macaon	436	13	occupe	occuper	v	v	_	11	mod_rel	_	_
09dfbacc-a71b-4cb4-ad7a-f6d50633e133.xml.macaon	437	14	le#plus	le#plus	adv	adv	_	15	mod	_	_
09dfbacc-a71b-4cb4-ad7a-f6d50633e133.xml.macaon	438	15	grand	grand	adj	adj	_	16	mod	_	_
09dfbacc-a71b-4cb4-ad7a-f6d50633e133.xml.macaon	439	16	nombre	nombre	nc	nc	_	13	obj	_	_
09dfbacc-a71b-4cb4-ad7a-f6d50633e133.xml.macaon	440	17	d'	de	prep	prep	_	16	dep	_	_
09dfbacc-a71b-4cb4-ad7a-f6d50633e133.xml.macaon	441	18	individus	individu	nc	nc	_	17	obj	_	_
09dfbacc-a71b-4cb4-ad7a-f6d50633e133.xml.macaon	442	19	.	.	poncts	poncts	_	5	ponct	_	_

09dfbacc-a71b-4cb4-ad7a-f6d50633e133.xml.macaon	443	1	Mais	mais	coo	coo	_	_	_	_	_
09dfbacc-a71b-4cb4-ad7a-f6d50633e133.xml.macaon	444	2	l'	le	det	det	_	3	det	_	_
09dfbacc-a71b-4cb4-ad7a-f6d50633e133.xml.macaon	445	3	enfouissement	enfouissement	nc	nc	_	1	dep_coord	_	_
09dfbacc-a71b-4cb4-ad7a-f6d50633e133.xml.macaon	446	4	des	des	prep	prep	_	3	dep	_	_
09dfbacc-a71b-4cb4-ad7a-f6d50633e133.xml.macaon	447	5	semences	semence	nc	nc	_	4	obj	_	_
09dfbacc-a71b-4cb4-ad7a-f6d50633e133.xml.macaon	448	6	,	,	ponctw	ponctw	_	5	ponct	_	_
09dfbacc-a71b-4cb4-ad7a-f6d50633e133.xml.macaon	449	7	la	le	det	det	_	8	det	_	_
09dfbacc-a71b-4cb4-ad7a-f6d50633e133.xml.macaon	450	8	surveillance	surveillance	nc	nc	_	5	mod	_	_
09dfbacc-a71b-4cb4-ad7a-f6d50633e133.xml.macaon	451	9	des	des	prep	prep	_	8	dep	_	_
09dfbacc-a71b-4cb4-ad7a-f6d50633e133.xml.macaon	452	10	plantes	plante	nc	nc	_	9	obj	_	_
09dfbacc-a71b-4cb4-ad7a-f6d50633e133.xml.macaon	453	11	en	en	prep	prep	_	10	dep	_	_
09dfbacc-a71b-4cb4-ad7a-f6d50633e133.xml.macaon	454	12	croissance	croissance	nc	nc	_	11	obj	_	_
09dfbacc-a71b-4cb4-ad7a-f6d50633e133.xml.macaon	455	13	,	,	ponctw	ponctw	_	22	ponct	_	_
09dfbacc-a71b-4cb4-ad7a-f6d50633e133.xml.macaon	456	14	l'	le	det	det	_	15	det	_	_
09dfbacc-a71b-4cb4-ad7a-f6d50633e133.xml.macaon	457	15	irrigation	irrigation	nc	nc	_	22	suj	_	_
09dfbacc-a71b-4cb4-ad7a-f6d50633e133.xml.macaon	458	16	dans	dans	prep	prep	_	15	dep	_	_
09dfbacc-a71b-4cb4-ad7a-f6d50633e133.xml.macaon	459	17	certaines	certain	det	det	_	18	det	_	_
09dfbacc-a71b-4cb4-ad7a-f6d50633e133.xml.macaon	460	18	régions	région	nc	nc	_	16	obj	_	_
09dfbacc-a71b-4cb4-ad7a-f6d50633e133.xml.macaon	461	19	,	,	ponctw	ponctw	_	22	ponct	_	_
09dfbacc-a71b-4cb4-ad7a-f6d50633e133.xml.macaon	462	20	la	le	det	det	_	21	det	_	_
09dfbacc-a71b-4cb4-ad7a-f6d50633e133.xml.macaon	463	21	récolte	récolte	nc	nc	_	22	suj	_	_
09dfbacc-a71b-4cb4-ad7a-f6d50633e133.xml.macaon	464	22	demandent	demander	v	v	_	10	mod_rel	_	_	B:OTHER:G
09dfbacc-a71b-4cb4-ad7a-f6d50633e133.xml.macaon	465	23	du	du	prep	prep	_	22	obj	_	_
09dfbacc-a71b-4cb4-ad7a-f6d50633e133.xml.macaon	466	24	temps	temps	nc	nc	_	23	obj	_	_
09dfbacc-a71b-4cb4-ad7a-f6d50633e133.xml.macaon	467	25	.	.	poncts	poncts	_	1	__JOKER__	_	_

09dfbacc-a71b-4cb4-ad7a-f6d50633e133.xml.macaon	468	1	Le	le	det	det	_	2	det	_	_
09dfbacc-a71b-4cb4-ad7a-f6d50633e133.xml.macaon	469	2	paysan	paysan	nc	nc	_	4	suj	_	_
09dfbacc-a71b-4cb4-ad7a-f6d50633e133.xml.macaon	470	3	ne	ne	advneg	advneg	_	4	mod	_	_
09dfbacc-a71b-4cb4-ad7a-f6d50633e133.xml.macaon	471	4	peut	pouvoir	v	v	_	_	_	_	_
09dfbacc-a71b-4cb4-ad7a-f6d50633e133.xml.macaon	472	5	s'	s'	advneg	advneg	_	4	mod	_	_
09dfbacc-a71b-4cb4-ad7a-f6d50633e133.xml.macaon	473	6	entraîner	entraîner	vinf	vinf	_	4	obj	_	_
09dfbacc-a71b-4cb4-ad7a-f6d50633e133.xml.macaon	474	7	aux	aux	prep	prep	_	6	mod	_	_
09dfbacc-a71b-4cb4-ad7a-f6d50633e133.xml.macaon	475	8	exercices	exercice	nc	nc	_	7	obj	_	_
09dfbacc-a71b-4cb4-ad7a-f6d50633e133.xml.macaon	476	9	physiques	physique	adj	adj	_	8	mod	_	_
09dfbacc-a71b-4cb4-ad7a-f6d50633e133.xml.macaon	477	10	qui	qui	prorel	prorel	_	11	suj	_	_
09dfbacc-a71b-4cb4-ad7a-f6d50633e133.xml.macaon	478	11	feraient	faire	v	v	_	8	mod_rel	_	_
09dfbacc-a71b-4cb4-ad7a-f6d50633e133.xml.macaon	479	12	de	de	prep	prep	_	11	de_obj	_	_
09dfbacc-a71b-4cb4-ad7a-f6d50633e133.xml.macaon	480	13	lui	lui	pro	pro	_	12	obj	_	_
09dfbacc-a71b-4cb4-ad7a-f6d50633e133.xml.macaon	481	14	un	un	det	det	_	15	det	_	_
09dfbacc-a71b-4cb4-ad7a-f6d50633e133.xml.macaon	482	15	guerrier	guerrier	nc	nc	_	12	obj	_	_
09dfbacc-a71b-4cb4-ad7a-f6d50633e133.xml.macaon	483	16	.	.	poncts	poncts	_	4	ponct	_	_

09dfbacc-a71b-4cb4-ad7a-f6d50633e133.xml.macaon	484	1	Pourtant	pourtant	adv	adv	_	3	mod	_	_
09dfbacc-a71b-4cb4-ad7a-f6d50633e133.xml.macaon	485	2	il	il	cln	cln	_	3	suj	_	_
09dfbacc-a71b-4cb4-ad7a-f6d50633e133.xml.macaon	486	3	faut	faillir	v	v	_	_	_	_	_
09dfbacc-a71b-4cb4-ad7a-f6d50633e133.xml.macaon	487	4	défendre	défendre	vinf	vinf	_	3	obj	_	_
09dfbacc-a71b-4cb4-ad7a-f6d50633e133.xml.macaon	488	5	les	le	det	det	_	6	det	_	_
09dfbacc-a71b-4cb4-ad7a-f6d50633e133.xml.macaon	489	6	champs	champ	nc	nc	_	4	obj	_	_
09dfbacc-a71b-4cb4-ad7a-f6d50633e133.xml.macaon	490	7	ensemencés	ensemencer	vppart	vppart	_	6	mod	_	_
09dfbacc-a71b-4cb4-ad7a-f6d50633e133.xml.macaon	491	8	et	et	coo	coo	_	6	coord	_	_
09dfbacc-a71b-4cb4-ad7a-f6d50633e133.xml.macaon	492	9	les	le	det	det	_	10	det	_	_
09dfbacc-a71b-4cb4-ad7a-f6d50633e133.xml.macaon	493	10	troupeaux	troupeau	nc	nc	_	4	obj	_	_
09dfbacc-a71b-4cb4-ad7a-f6d50633e133.xml.macaon	494	11	d'	de	prep	prep	_	10	dep	_	_
09dfbacc-a71b-4cb4-ad7a-f6d50633e133.xml.macaon	495	12	animaux	animal	nc	nc	_	11	obj	_	_
09dfbacc-a71b-4cb4-ad7a-f6d50633e133.xml.macaon	496	13	domestiqués	domestiquer	vppart	vppart	_	10	mod	_	_
09dfbacc-a71b-4cb4-ad7a-f6d50633e133.xml.macaon	497	14	,	,	ponctw	ponctw	_	13	ponct	_	_
09dfbacc-a71b-4cb4-ad7a-f6d50633e133.xml.macaon	498	15	sans#compter	sans#compter	vinf	vinf	_	13	obj	_	_
09dfbacc-a71b-4cb4-ad7a-f6d50633e133.xml.macaon	499	16	les	le	det	det	_	17	det	_	_
09dfbacc-a71b-4cb4-ad7a-f6d50633e133.xml.macaon	500	17	stocks	stock	nc	nc	_	15	obj	_	_
09dfbacc-a71b-4cb4-ad7a-f6d50633e133.xml.macaon	501	18	de	de	prep	prep	_	17	dep	_	_
09dfbacc-a71b-4cb4-ad7a-f6d50633e133.xml.macaon	502	19	nourriture	nourriture	nc	nc	_	18	obj	_	_
09dfbacc-a71b-4cb4-ad7a-f6d50633e133.xml.macaon	503	20	accumulés	accumuler	vppart	vppart	_	17	mod	_	_
09dfbacc-a71b-4cb4-ad7a-f6d50633e133.xml.macaon	504	21	pour	pour	prep	prep	_	20	mod	_	_
09dfbacc-a71b-4cb4-ad7a-f6d50633e133.xml.macaon	505	22	le	le	det	det	_	23	det	_	_
09dfbacc-a71b-4cb4-ad7a-f6d50633e133.xml.macaon	506	23	reste	reste	nc	nc	_	21	obj	_	_
09dfbacc-a71b-4cb4-ad7a-f6d50633e133.xml.macaon	507	24	de#l'	de#l'	prep	prep	_	20	mod	_	_
09dfbacc-a71b-4cb4-ad7a-f6d50633e133.xml.macaon	508	25	année	année	nc	nc	_	24	obj	_	_
09dfbacc-a71b-4cb4-ad7a-f6d50633e133.xml.macaon	509	26	.	.	poncts	poncts	_	3	ponct	_	_

09dfbacc-a71b-4cb4-ad7a-f6d50633e133.xml.macaon	510	1	On	on	cln	cln	_	2	suj	_	_
09dfbacc-a71b-4cb4-ad7a-f6d50633e133.xml.macaon	511	2	peut	pouvoir	v	v	_	_	_	_	_
09dfbacc-a71b-4cb4-ad7a-f6d50633e133.xml.macaon	512	3	imaginer	imaginer	vinf	vinf	_	2	obj	_	_
09dfbacc-a71b-4cb4-ad7a-f6d50633e133.xml.macaon	513	4	qu'	qu'	csu	csu	_	3	obj	_	_
09dfbacc-a71b-4cb4-ad7a-f6d50633e133.xml.macaon	514	5	une	un	det	det	_	6	det	_	_
09dfbacc-a71b-4cb4-ad7a-f6d50633e133.xml.macaon	515	6	partie	partie	nc	nc	_	3	obj	_	_
09dfbacc-a71b-4cb4-ad7a-f6d50633e133.xml.macaon	516	7	des	des	prep	prep	_	3	mod	_	_
09dfbacc-a71b-4cb4-ad7a-f6d50633e133.xml.macaon	517	8	individus	individu	nc	nc	_	7	obj	_	_
09dfbacc-a71b-4cb4-ad7a-f6d50633e133.xml.macaon	518	9	est	être	v	v	_	10	aux_tps	_	_
09dfbacc-a71b-4cb4-ad7a-f6d50633e133.xml.macaon	519	10	chargée	charger	vppart	vppart	_	7	obj	_	_
09dfbacc-a71b-4cb4-ad7a-f6d50633e133.xml.macaon	520	11	de	de	prep	prep	_	10	de_obj	_	_
09dfbacc-a71b-4cb4-ad7a-f6d50633e133.xml.macaon	521	12	cette	ce	det	det	_	13	det	_	_
09dfbacc-a71b-4cb4-ad7a-f6d50633e133.xml.macaon	522	13	protection	protection	nc	nc	_	11	obj	_	_
09dfbacc-a71b-4cb4-ad7a-f6d50633e133.xml.macaon	523	14	.	.	poncts	poncts	_	2	ponct	_	_

09dfbacc-a71b-4cb4-ad7a-f6d50633e133.xml.macaon	524	1	En	en	prep	prep	_	23	__JOKER__	_	_
09dfbacc-a71b-4cb4-ad7a-f6d50633e133.xml.macaon	525	2	échange	échange	nc	nc	_	1	obj	_	_
09dfbacc-a71b-4cb4-ad7a-f6d50633e133.xml.macaon	526	3	de	de	prep	prep	_	2	dep	_	_
09dfbacc-a71b-4cb4-ad7a-f6d50633e133.xml.macaon	527	4	leur	son	det	det	_	5	det	_	_
09dfbacc-a71b-4cb4-ad7a-f6d50633e133.xml.macaon	528	5	travail	travail	nc	nc	_	3	obj	_	_
09dfbacc-a71b-4cb4-ad7a-f6d50633e133.xml.macaon	529	6	guerrier	guerrier	adj	adj	_	5	mod	_	_
09dfbacc-a71b-4cb4-ad7a-f6d50633e133.xml.macaon	530	7	et	et	coo	coo	_	1	coord	_	_
09dfbacc-a71b-4cb4-ad7a-f6d50633e133.xml.macaon	531	8	pour	pour	prep	prep	_	7	dep_coord	_	_
09dfbacc-a71b-4cb4-ad7a-f6d50633e133.xml.macaon	532	9	leur	leur	clo	clo	_	10	__JOKER__	_	_
09dfbacc-a71b-4cb4-ad7a-f6d50633e133.xml.macaon	533	10	permettre	permettre	vinf	vinf	_	8	obj	_	_
09dfbacc-a71b-4cb4-ad7a-f6d50633e133.xml.macaon	534	11	d'	de	prep	prep	_	10	obj	_	_
09dfbacc-a71b-4cb4-ad7a-f6d50633e133.xml.macaon	535	12	avoir	avoir	vinf	vinf	_	11	obj	_	_
09dfbacc-a71b-4cb4-ad7a-f6d50633e133.xml.macaon	536	13	du	du	det	det	_	14	det	_	_
09dfbacc-a71b-4cb4-ad7a-f6d50633e133.xml.macaon	537	14	temps	temps	nc	nc	_	12	obj	_	_
09dfbacc-a71b-4cb4-ad7a-f6d50633e133.xml.macaon	538	15	pour	pour	prep	prep	_	12	mod	_	_
09dfbacc-a71b-4cb4-ad7a-f6d50633e133.xml.macaon	539	16	s'	s'	clr	clr	_	17	aff	_	_
09dfbacc-a71b-4cb4-ad7a-f6d50633e133.xml.macaon	540	17	entraîner	entraîner	vinf	vinf	_	15	obj	_	_
09dfbacc-a71b-4cb4-ad7a-f6d50633e133.xml.macaon	541	18	,	,	ponctw	ponctw	_	15	ponct	_	_
09dfbacc-a71b-4cb4-ad7a-f6d50633e133.xml.macaon	542	19	les	le	det	det	_	20	det	_	_
09dfbacc-a71b-4cb4-ad7a-f6d50633e133.xml.macaon	543	20	producteurs	producteur	nc	nc	_	12	obj	_	_
09dfbacc-a71b-4cb4-ad7a-f6d50633e133.xml.macaon	544	21	de	de	prep	prep	_	20	dep	_	_
09dfbacc-a71b-4cb4-ad7a-f6d50633e133.xml.macaon	545	22	nourriture	nourriture	nc	nc	_	21	obj	_	_
09dfbacc-a71b-4cb4-ad7a-f6d50633e133.xml.macaon	546	23	les	les	clo	clo	_	24	__JOKER__	_	_
09dfbacc-a71b-4cb4-ad7a-f6d50633e133.xml.macaon	547	24	nourrissent	nourrir	v	v	_	_	_	_	_
09dfbacc-a71b-4cb4-ad7a-f6d50633e133.xml.macaon	548	25	.	.	poncts	poncts	_	24	ponct	_	_

09dfbacc-a71b-4cb4-ad7a-f6d50633e133.xml.macaon	549	1	Il	il	cln	cln	_	2	suj	_	_
09dfbacc-a71b-4cb4-ad7a-f6d50633e133.xml.macaon	550	2	est	être	v	v	_	_	_	_	_
09dfbacc-a71b-4cb4-ad7a-f6d50633e133.xml.macaon	551	3	fort	fort	adv	adv	_	4	mod	_	_
09dfbacc-a71b-4cb4-ad7a-f6d50633e133.xml.macaon	552	4	probable	probable	adj	adj	_	2	ats	_	_
09dfbacc-a71b-4cb4-ad7a-f6d50633e133.xml.macaon	553	5	que	que	csu	csu	_	2	obj	_	_
09dfbacc-a71b-4cb4-ad7a-f6d50633e133.xml.macaon	554	6	ces	ce	det	det	_	7	det	_	_	B:Request:FE:Speaker:G:570
09dfbacc-a71b-4cb4-ad7a-f6d50633e133.xml.macaon	555	7	guerriers	guerrier	nc	nc	_	10	suj	_	_	I:Request:FE:Speaker:G:570
09dfbacc-a71b-4cb4-ad7a-f6d50633e133.xml.macaon	556	8	professionnels	professionnel	adj	adj	_	7	mod	_	_	I:Request:FE:Speaker:G:570
09dfbacc-a71b-4cb4-ad7a-f6d50633e133.xml.macaon	557	9	ont	avoir	v	v	_	10	aux_tps	_	_
09dfbacc-a71b-4cb4-ad7a-f6d50633e133.xml.macaon	558	10	abusé	abuser	vppart	vppart	_	5	obj	_	_
09dfbacc-a71b-4cb4-ad7a-f6d50633e133.xml.macaon	559	11	de	de	prep	prep	_	10	de_obj	_	_
09dfbacc-a71b-4cb4-ad7a-f6d50633e133.xml.macaon	560	12	leur	son	det	det	_	13	det	_	_
09dfbacc-a71b-4cb4-ad7a-f6d50633e133.xml.macaon	561	13	force	force	nc	nc	_	11	obj	_	_
09dfbacc-a71b-4cb4-ad7a-f6d50633e133.xml.macaon	562	14	pour	pour	prep	prep	_	10	mod	_	_
09dfbacc-a71b-4cb4-ad7a-f6d50633e133.xml.macaon	563	15	soumettre	soumettre	vinf	vinf	_	14	obj	_	_
09dfbacc-a71b-4cb4-ad7a-f6d50633e133.xml.macaon	564	16	à	à	prep	prep	_	15	a_obj	_	_
09dfbacc-a71b-4cb4-ad7a-f6d50633e133.xml.macaon	565	17	leurs	son	det	det	_	18	det	_	_
09dfbacc-a71b-4cb4-ad7a-f6d50633e133.xml.macaon	566	18	volontés	volonté	nc	nc	_	16	obj	_	_
09dfbacc-a71b-4cb4-ad7a-f6d50633e133.xml.macaon	567	19	les	le	det	det	_	20	det	_	_	B:Request:FE:Addressee:G:570
09dfbacc-a71b-4cb4-ad7a-f6d50633e133.xml.macaon	568	20	producteurs	producteur	nc	nc	_	15	obj	_	_	I:Request:FE:Addressee:G:570
09dfbacc-a71b-4cb4-ad7a-f6d50633e133.xml.macaon	569	21	et	et	coo	coo	_	20	coord	_	_
09dfbacc-a71b-4cb4-ad7a-f6d50633e133.xml.macaon	570	22	exiger	exiger	vinf	vinf	_	21	__JOKER__	_	_	B:Request:TARGET:exiger:G:570
09dfbacc-a71b-4cb4-ad7a-f6d50633e133.xml.macaon	571	23	plus#d'	plus#d'	prep	prep	_	22	mod	_	_	B:Request:FE:Message:G:570
09dfbacc-a71b-4cb4-ad7a-f6d50633e133.xml.macaon	572	24	eux	lui	pro	pro	_	23	obj	_	_	I:Request:FE:Message:G:570
09dfbacc-a71b-4cb4-ad7a-f6d50633e133.xml.macaon	573	25	.	.	poncts	poncts	_	2	ponct	_	_

09dfbacc-a71b-4cb4-ad7a-f6d50633e133.xml.macaon	574	1	Un	un	det	det	_	3	det	_	_
09dfbacc-a71b-4cb4-ad7a-f6d50633e133.xml.macaon	575	2	autre	autre	adj	adj	_	3	mod	_	_
09dfbacc-a71b-4cb4-ad7a-f6d50633e133.xml.macaon	576	3	groupe	groupe	nc	nc	_	6	suj	_	_
09dfbacc-a71b-4cb4-ad7a-f6d50633e133.xml.macaon	577	4	d'	de	prep	prep	_	3	dep	_	_
09dfbacc-a71b-4cb4-ad7a-f6d50633e133.xml.macaon	578	5	hommes	homme	nc	nc	_	4	obj	_	_
09dfbacc-a71b-4cb4-ad7a-f6d50633e133.xml.macaon	579	6	peut	pouvoir	v	v	_	_	_	_	_
09dfbacc-a71b-4cb4-ad7a-f6d50633e133.xml.macaon	580	7	aussi	aussi	adv	adv	_	6	mod	_	_
09dfbacc-a71b-4cb4-ad7a-f6d50633e133.xml.macaon	581	8	se	se	clr	clr	_	9	aff	_	_
09dfbacc-a71b-4cb4-ad7a-f6d50633e133.xml.macaon	582	9	détacher	détacher	vinf	vinf	_	6	obj	_	_
09dfbacc-a71b-4cb4-ad7a-f6d50633e133.xml.macaon	583	10	du#reste	du#reste	adv	adv	_	9	mod	_	_
09dfbacc-a71b-4cb4-ad7a-f6d50633e133.xml.macaon	584	11	de	de	prep	prep	_	9	p_obj	_	_
09dfbacc-a71b-4cb4-ad7a-f6d50633e133.xml.macaon	585	12	la	le	det	det	_	13	det	_	_
09dfbacc-a71b-4cb4-ad7a-f6d50633e133.xml.macaon	586	13	population	population	nc	nc	_	11	obj	_	_
09dfbacc-a71b-4cb4-ad7a-f6d50633e133.xml.macaon	587	14	.	.	poncts	poncts	_	6	ponct	_	_

09dfbacc-a71b-4cb4-ad7a-f6d50633e133.xml.macaon	588	1	Ils	ils	cln	cln	_	3	suj	_	_
09dfbacc-a71b-4cb4-ad7a-f6d50633e133.xml.macaon	589	2	sont	être	v	v	_	3	aux_tps	_	_
09dfbacc-a71b-4cb4-ad7a-f6d50633e133.xml.macaon	590	3	chargés	charger	vppart	vppart	_	_	_	_	_
09dfbacc-a71b-4cb4-ad7a-f6d50633e133.xml.macaon	591	4	d'	de	prep	prep	_	3	de_obj	_	_
09dfbacc-a71b-4cb4-ad7a-f6d50633e133.xml.macaon	592	5	interpréter	interpréter	vinf	vinf	_	4	obj	_	_
09dfbacc-a71b-4cb4-ad7a-f6d50633e133.xml.macaon	593	6	les	le	det	det	_	7	det	_	_
09dfbacc-a71b-4cb4-ad7a-f6d50633e133.xml.macaon	594	7	signes	signe	nc	nc	_	5	obj	_	_
09dfbacc-a71b-4cb4-ad7a-f6d50633e133.xml.macaon	595	8	exceptionnels	exceptionnel	adj	adj	_	7	mod	_	_
09dfbacc-a71b-4cb4-ad7a-f6d50633e133.xml.macaon	596	9	qui	qui	prorel	prorel	_	11	suj	_	_
09dfbacc-a71b-4cb4-ad7a-f6d50633e133.xml.macaon	597	10	se	se	clr	clr	_	11	aff	_	_
09dfbacc-a71b-4cb4-ad7a-f6d50633e133.xml.macaon	598	11	manifestent	manifester	v	v	_	7	mod_rel	_	_
09dfbacc-a71b-4cb4-ad7a-f6d50633e133.xml.macaon	599	12	dans	dans	prep	prep	_	11	mod	_	_
09dfbacc-a71b-4cb4-ad7a-f6d50633e133.xml.macaon	600	13	la	le	det	det	_	14	det	_	_
09dfbacc-a71b-4cb4-ad7a-f6d50633e133.xml.macaon	601	14	nature	nature	nc	nc	_	12	obj	_	_
09dfbacc-a71b-4cb4-ad7a-f6d50633e133.xml.macaon	602	15	.	.	poncts	poncts	_	3	ponct	_	_

09dfbacc-a71b-4cb4-ad7a-f6d50633e133.xml.macaon	603	1	Leurs	son	det	det	_	2	det	_	_
09dfbacc-a71b-4cb4-ad7a-f6d50633e133.xml.macaon	604	2	actions	action	nc	nc	_	_	_	_	_
09dfbacc-a71b-4cb4-ad7a-f6d50633e133.xml.macaon	605	3	(	(	ponctw	ponctw	_	2	ponct	_	_
09dfbacc-a71b-4cb4-ad7a-f6d50633e133.xml.macaon	606	4	études	étude	nc	nc	_	2	mod	_	_	B:OTHER:G
09dfbacc-a71b-4cb4-ad7a-f6d50633e133.xml.macaon	607	5	,	,	ponctw	ponctw	_	4	ponct	_	_
09dfbacc-a71b-4cb4-ad7a-f6d50633e133.xml.macaon	608	6	offrandes	offrande	nc	nc	_	4	mod	_	_
09dfbacc-a71b-4cb4-ad7a-f6d50633e133.xml.macaon	609	7	,	,	ponctw	ponctw	_	6	ponct	_	_
09dfbacc-a71b-4cb4-ad7a-f6d50633e133.xml.macaon	610	8	prières	prière	nc	nc	_	6	mod	_	_
09dfbacc-a71b-4cb4-ad7a-f6d50633e133.xml.macaon	611	9	)	)	ponctw	ponctw	_	10	ponct	_	_
09dfbacc-a71b-4cb4-ad7a-f6d50633e133.xml.macaon	612	10	ont	avoir	v	v	_	8	mod_rel	_	_
09dfbacc-a71b-4cb4-ad7a-f6d50633e133.xml.macaon	613	11	pour	pour	prep	prep	_	10	mod	_	_
09dfbacc-a71b-4cb4-ad7a-f6d50633e133.xml.macaon	614	12	but	but	nc	nc	_	11	obj	_	_
09dfbacc-a71b-4cb4-ad7a-f6d50633e133.xml.macaon	615	13	de	de	prep	prep	_	12	dep	_	_
09dfbacc-a71b-4cb4-ad7a-f6d50633e133.xml.macaon	616	14	garantir	garantir	vinf	vinf	_	13	obj	_	_
09dfbacc-a71b-4cb4-ad7a-f6d50633e133.xml.macaon	617	15	la	le	det	det	_	17	det	_	_
09dfbacc-a71b-4cb4-ad7a-f6d50633e133.xml.macaon	618	16	bonne	bon	adj	adj	_	17	mod	_	_
09dfbacc-a71b-4cb4-ad7a-f6d50633e133.xml.macaon	619	17	venue	venue	nc	nc	_	13	obj	_	_
09dfbacc-a71b-4cb4-ad7a-f6d50633e133.xml.macaon	620	18	des	des	prep	prep	_	17	dep	_	_
09dfbacc-a71b-4cb4-ad7a-f6d50633e133.xml.macaon	621	19	récoltes	récolte	nc	nc	_	18	obj	_	_
09dfbacc-a71b-4cb4-ad7a-f6d50633e133.xml.macaon	622	20	et	et	coo	coo	_	19	coord	_	_
09dfbacc-a71b-4cb4-ad7a-f6d50633e133.xml.macaon	623	21	la	le	det	det	_	23	det	_	_
09dfbacc-a71b-4cb4-ad7a-f6d50633e133.xml.macaon	624	22	bonne	bon	adj	adj	_	23	mod	_	_
09dfbacc-a71b-4cb4-ad7a-f6d50633e133.xml.macaon	625	23	santé	santé	nc	nc	_	20	dep_coord	_	_
09dfbacc-a71b-4cb4-ad7a-f6d50633e133.xml.macaon	626	24	du	du	prep	prep	_	23	dep	_	_
09dfbacc-a71b-4cb4-ad7a-f6d50633e133.xml.macaon	627	25	bétail	bétail	nc	nc	_	24	obj	_	_
09dfbacc-a71b-4cb4-ad7a-f6d50633e133.xml.macaon	628	26	.	.	poncts	poncts	_	10	ponct	_	_

09dfbacc-a71b-4cb4-ad7a-f6d50633e133.xml.macaon	629	1	On	on	cln	cln	_	2	suj	_	_
09dfbacc-a71b-4cb4-ad7a-f6d50633e133.xml.macaon	630	2	peut	pouvoir	v	v	_	_	_	_	_
09dfbacc-a71b-4cb4-ad7a-f6d50633e133.xml.macaon	631	3	les	les	clo	clo	_	4	__JOKER__	_	_
09dfbacc-a71b-4cb4-ad7a-f6d50633e133.xml.macaon	632	4	assimiler	assimiler	vinf	vinf	_	2	obj	_	_
09dfbacc-a71b-4cb4-ad7a-f6d50633e133.xml.macaon	633	5	aux	aux	prep	prep	_	4	mod	_	_
09dfbacc-a71b-4cb4-ad7a-f6d50633e133.xml.macaon	634	6	prêtres	prêtre	nc	nc	_	5	obj	_	_
09dfbacc-a71b-4cb4-ad7a-f6d50633e133.xml.macaon	635	7	.	.	poncts	poncts	_	2	ponct	_	_

09dfbacc-a71b-4cb4-ad7a-f6d50633e133.xml.macaon	636	1	Eux	lui	pro	pro	_	3	suj	_	_
09dfbacc-a71b-4cb4-ad7a-f6d50633e133.xml.macaon	637	2	aussi	aussi	adv	adv	_	1	mod	_	_
09dfbacc-a71b-4cb4-ad7a-f6d50633e133.xml.macaon	638	3	dépendent	dépendre	v	v	_	_	_	_	_
09dfbacc-a71b-4cb4-ad7a-f6d50633e133.xml.macaon	639	4	pour	pour	prep	prep	_	3	mod	_	_
09dfbacc-a71b-4cb4-ad7a-f6d50633e133.xml.macaon	640	5	leur	son	det	det	_	6	det	_	_
09dfbacc-a71b-4cb4-ad7a-f6d50633e133.xml.macaon	641	6	nourriture	nourriture	nc	nc	_	4	obj	_	_
09dfbacc-a71b-4cb4-ad7a-f6d50633e133.xml.macaon	642	7	des	des	prep	prep	_	6	dep	_	_
09dfbacc-a71b-4cb4-ad7a-f6d50633e133.xml.macaon	643	8	producteurs	producteur	nc	nc	_	7	obj	_	_
09dfbacc-a71b-4cb4-ad7a-f6d50633e133.xml.macaon	644	9	.	.	poncts	poncts	_	3	ponct	_	_

09dfbacc-a71b-4cb4-ad7a-f6d50633e133.xml.macaon	645	1	Dans	dans	prep	prep	_	6	mod	_	_
09dfbacc-a71b-4cb4-ad7a-f6d50633e133.xml.macaon	646	2	certains	certain	det	det	_	3	det	_	_
09dfbacc-a71b-4cb4-ad7a-f6d50633e133.xml.macaon	647	3	cas	cas	nc	nc	_	1	obj	_	_
09dfbacc-a71b-4cb4-ad7a-f6d50633e133.xml.macaon	648	4	ce	ce	det	det	_	5	det	_	_
09dfbacc-a71b-4cb4-ad7a-f6d50633e133.xml.macaon	649	5	groupe	groupe	nc	nc	_	6	suj	_	_
09dfbacc-a71b-4cb4-ad7a-f6d50633e133.xml.macaon	650	6	peut	pouvoir	v	v	_	_	_	_	_
09dfbacc-a71b-4cb4-ad7a-f6d50633e133.xml.macaon	651	7	prendre	prendre	vinf	vinf	_	6	obj	_	_
09dfbacc-a71b-4cb4-ad7a-f6d50633e133.xml.macaon	652	8	la	le	det	det	_	10	det	_	_
09dfbacc-a71b-4cb4-ad7a-f6d50633e133.xml.macaon	653	9	première	premier	adj	adj	_	10	mod	_	_
09dfbacc-a71b-4cb4-ad7a-f6d50633e133.xml.macaon	654	10	place	place	nc	nc	_	7	obj	_	_
09dfbacc-a71b-4cb4-ad7a-f6d50633e133.xml.macaon	655	11	.	.	poncts	poncts	_	6	ponct	_	_

09dfbacc-a71b-4cb4-ad7a-f6d50633e133.xml.macaon	656	1	Articles	articles	nc	nc	_	_	_	_	_
09dfbacc-a71b-4cb4-ad7a-f6d50633e133.xml.macaon	657	2	connexes	connexe	adj	adj	_	1	mod	_	_

09dfbacc-a71b-4cb4-ad7a-f6d50633e133.xml.macaon	658	1	Art	Art	np	np	_	_	_	_	_
09dfbacc-a71b-4cb4-ad7a-f6d50633e133.xml.macaon	659	2	préhistorique	préhistorique	adj	adj	_	3	mod	_	_
09dfbacc-a71b-4cb4-ad7a-f6d50633e133.xml.macaon	660	3	Culture	culture	nc	nc	_	1	mod	_	_
09dfbacc-a71b-4cb4-ad7a-f6d50633e133.xml.macaon	661	4	archéologique	archéologique	adj	adj	_	3	mod	_	_
09dfbacc-a71b-4cb4-ad7a-f6d50633e133.xml.macaon	662	5	Maison	Maison	nc	nc	_	3	mod	_	_
09dfbacc-a71b-4cb4-ad7a-f6d50633e133.xml.macaon	663	6	préhistorique	préhistorique	adj	adj	_	5	mod	_	_
