0fa62eb7-7c51-4412-89a8-657431511e13.xml.macaon	0	1	vikidia	vikidia	nc	nc	_	_	_	_	_

0fa62eb7-7c51-4412-89a8-657431511e13.xml.macaon	1	1	0fa62eb7	0fa62eb7	adj	adj	_	3	dep	_	_
0fa62eb7-7c51-4412-89a8-657431511e13.xml.macaon	2	2	-	-	ponctw	ponctw	_	1	ponct	_	_
0fa62eb7-7c51-4412-89a8-657431511e13.xml.macaon	3	3	7c51	7c51	adj	adj	_	5	mod	_	_
0fa62eb7-7c51-4412-89a8-657431511e13.xml.macaon	4	4	-	-	ponctw	ponctw	_	3	ponct	_	_
0fa62eb7-7c51-4412-89a8-657431511e13.xml.macaon	5	5	4412	4412	nc	nc	_	_	_	_	_
0fa62eb7-7c51-4412-89a8-657431511e13.xml.macaon	6	6	-	-	ponctw	ponctw	_	5	ponct	_	_
0fa62eb7-7c51-4412-89a8-657431511e13.xml.macaon	7	7	89a8	89a8	adj	adj	_	5	mod	_	_
0fa62eb7-7c51-4412-89a8-657431511e13.xml.macaon	8	8	-	-	ponctw	ponctw	_	5	ponct	_	_
0fa62eb7-7c51-4412-89a8-657431511e13.xml.macaon	9	9	657431511e13	657431511e13	nc	nc	_	5	mod	_	_

0fa62eb7-7c51-4412-89a8-657431511e13.xml.macaon	10	1	ADDED	ADDED	nc	nc	_	_	_	_	_

0fa62eb7-7c51-4412-89a8-657431511e13.xml.macaon	11	1	2016	2016	adj	adj	_	3	mod	_	_
0fa62eb7-7c51-4412-89a8-657431511e13.xml.macaon	12	2	-	-	ponctw	ponctw	_	1	ponct	_	_
0fa62eb7-7c51-4412-89a8-657431511e13.xml.macaon	13	3	06	06	nc	nc	_	_	_	_	_
0fa62eb7-7c51-4412-89a8-657431511e13.xml.macaon	14	4	-	-	ponctw	ponctw	_	3	ponct	_	_
0fa62eb7-7c51-4412-89a8-657431511e13.xml.macaon	15	5	15T14	15T14	nc	nc	_	3	mod	_	_
0fa62eb7-7c51-4412-89a8-657431511e13.xml.macaon	16	6	:	:	ponctw	ponctw	_	5	ponct	_	_
0fa62eb7-7c51-4412-89a8-657431511e13.xml.macaon	17	7	32	32	nc	nc	_	5	mod	_	_
0fa62eb7-7c51-4412-89a8-657431511e13.xml.macaon	18	8	:	:	ponctw	ponctw	_	7	ponct	_	_
0fa62eb7-7c51-4412-89a8-657431511e13.xml.macaon	19	9	28Z	28Z	nc	nc	_	7	mod	_	_

0fa62eb7-7c51-4412-89a8-657431511e13.xml.macaon	20	1	Homo#habilis	homo#habilis	adv	adv	_	_	_	_	_

0fa62eb7-7c51-4412-89a8-657431511e13.xml.macaon	21	1	Homo#habilis	Homo#habilis	np	np	_	2	suj	_	_
0fa62eb7-7c51-4412-89a8-657431511e13.xml.macaon	22	2	est	être	v	v	_	_	_	_	_
0fa62eb7-7c51-4412-89a8-657431511e13.xml.macaon	23	3	un	un	det	det	_	4	det	_	_
0fa62eb7-7c51-4412-89a8-657431511e13.xml.macaon	24	4	homme	homme	nc	nc	_	2	ats	_	_
0fa62eb7-7c51-4412-89a8-657431511e13.xml.macaon	25	5	préhistorique	préhistorique	adj	adj	_	4	mod	_	_
0fa62eb7-7c51-4412-89a8-657431511e13.xml.macaon	26	6	qui	qui	prorel	prorel	_	8	suj	_	_
0fa62eb7-7c51-4412-89a8-657431511e13.xml.macaon	27	7	a	avoir	v	v	_	8	aux_tps	_	_
0fa62eb7-7c51-4412-89a8-657431511e13.xml.macaon	28	8	disparu	disparaître	vppart	vppart	_	4	mod_rel	_	_
0fa62eb7-7c51-4412-89a8-657431511e13.xml.macaon	29	9	,	,	ponctw	ponctw	_	8	ponct	_	_
0fa62eb7-7c51-4412-89a8-657431511e13.xml.macaon	30	10	et	et	coo	coo	_	4	coord	_	_
0fa62eb7-7c51-4412-89a8-657431511e13.xml.macaon	31	11	qui	qui	prorel	prorel	_	12	suj	_	_
0fa62eb7-7c51-4412-89a8-657431511e13.xml.macaon	32	12	vivait	vivre	v	v	_	10	dep_coord	_	_
0fa62eb7-7c51-4412-89a8-657431511e13.xml.macaon	33	13	en	en	prep	prep	_	12	mod	_	_
0fa62eb7-7c51-4412-89a8-657431511e13.xml.macaon	34	14	Afrique	Afrique	np	np	_	13	obj	_	_
0fa62eb7-7c51-4412-89a8-657431511e13.xml.macaon	35	15	,	,	ponctw	ponctw	_	16	ponct	_	_
0fa62eb7-7c51-4412-89a8-657431511e13.xml.macaon	36	16	il#y#a	il#y#a	v	v	_	10	dep_coord	_	_
0fa62eb7-7c51-4412-89a8-657431511e13.xml.macaon	37	17	entre	entre	prep	prep	_	16	mod	_	_
0fa62eb7-7c51-4412-89a8-657431511e13.xml.macaon	38	18	2.5	2.5	nc	nc	_	17	obj	_	_
0fa62eb7-7c51-4412-89a8-657431511e13.xml.macaon	39	19	et	et	coo	coo	_	18	coord	_	_
0fa62eb7-7c51-4412-89a8-657431511e13.xml.macaon	40	20	1.8	1.8	det	det	_	21	det	_	_
0fa62eb7-7c51-4412-89a8-657431511e13.xml.macaon	41	21	millions	million	nc	nc	_	19	dep_coord	_	_
0fa62eb7-7c51-4412-89a8-657431511e13.xml.macaon	42	22	d'	de	prep	prep	_	21	dep	_	_
0fa62eb7-7c51-4412-89a8-657431511e13.xml.macaon	43	23	années	année	nc	nc	_	22	obj	_	_
0fa62eb7-7c51-4412-89a8-657431511e13.xml.macaon	44	24	.	.	poncts	poncts	_	2	ponct	_	_

0fa62eb7-7c51-4412-89a8-657431511e13.xml.macaon	45	1	Son	son	det	det	_	2	det	_	_
0fa62eb7-7c51-4412-89a8-657431511e13.xml.macaon	46	2	nom	nom	nc	nc	_	3	suj	_	_
0fa62eb7-7c51-4412-89a8-657431511e13.xml.macaon	47	3	veut	vouloir	v	v	_	_	_	_	_
0fa62eb7-7c51-4412-89a8-657431511e13.xml.macaon	48	4	dire	dire	vinf	vinf	_	3	obj	_	_	B:OTHER:G
0fa62eb7-7c51-4412-89a8-657431511e13.xml.macaon	49	5	«	«	ponctw	ponctw	_	3	ponct	_	_
0fa62eb7-7c51-4412-89a8-657431511e13.xml.macaon	50	6	Homme	Homme	np	np	_	3	__JOKER__	_	_
0fa62eb7-7c51-4412-89a8-657431511e13.xml.macaon	51	7	habile	habile	adj	adj	_	6	mod	_	_
0fa62eb7-7c51-4412-89a8-657431511e13.xml.macaon	52	8	»	»	ponctw	ponctw	_	6	ponct	_	_
0fa62eb7-7c51-4412-89a8-657431511e13.xml.macaon	53	9	,	,	ponctw	ponctw	_	6	ponct	_	_
0fa62eb7-7c51-4412-89a8-657431511e13.xml.macaon	54	10	car	car	coo	coo	_	6	coord	_	_
0fa62eb7-7c51-4412-89a8-657431511e13.xml.macaon	55	11	il	il	cln	cln	_	12	suj	_	_	B:Buildings:FE:Agent#Components:G:59	B:Using:FE:Agent:G:62
0fa62eb7-7c51-4412-89a8-657431511e13.xml.macaon	56	12	était	être	v	v	_	10	dep_coord	_	_
0fa62eb7-7c51-4412-89a8-657431511e13.xml.macaon	57	13	capable	capable	adj	adj	_	12	ats	_	_
0fa62eb7-7c51-4412-89a8-657431511e13.xml.macaon	58	14	de	de	prep	prep	_	12	obj	_	_
0fa62eb7-7c51-4412-89a8-657431511e13.xml.macaon	59	15	fabriquer	fabriquer	vinf	vinf	_	14	obj	_	_	B:Buildings:TARGET:fabriquer:G:59
0fa62eb7-7c51-4412-89a8-657431511e13.xml.macaon	60	16	et	et	coo	coo	_	14	coord	_	_
0fa62eb7-7c51-4412-89a8-657431511e13.xml.macaon	61	17	d'	de	prep	prep	_	16	dep_coord	_	_
0fa62eb7-7c51-4412-89a8-657431511e13.xml.macaon	62	18	utiliser	utiliser	vinf	vinf	_	17	obj	_	_	B:Using:TARGET:utiliser:G:62
0fa62eb7-7c51-4412-89a8-657431511e13.xml.macaon	63	19	des	un	det	det	_	20	det	_	_	B:Buildings:FE:Created_entity:G:59	B:Using:FE:Instrument:G:62
0fa62eb7-7c51-4412-89a8-657431511e13.xml.macaon	64	20	outils	outil	nc	nc	_	18	obj	_	_	I:Buildings:FE:Created_entity:G:59	I:Using:FE:Instrument:G:62
0fa62eb7-7c51-4412-89a8-657431511e13.xml.macaon	65	21	.	.	poncts	poncts	_	12	ponct	_	_

0fa62eb7-7c51-4412-89a8-657431511e13.xml.macaon	66	1	Préhistoire	préhistoire	nc	nc	_	_	_	_	_

0fa62eb7-7c51-4412-89a8-657431511e13.xml.macaon	67	1	Homo#habilis	homo#habilis	adv	adv	_	_	_	_	_

0fa62eb7-7c51-4412-89a8-657431511e13.xml.macaon	68	1	Homo#habilis	Homo#habilis	np	np	_	2	suj	_	_
0fa62eb7-7c51-4412-89a8-657431511e13.xml.macaon	69	2	est	être	v	v	_	_	_	_	_
0fa62eb7-7c51-4412-89a8-657431511e13.xml.macaon	70	3	un	un	det	det	_	4	det	_	_
0fa62eb7-7c51-4412-89a8-657431511e13.xml.macaon	71	4	homme	homme	nc	nc	_	2	ats	_	_
0fa62eb7-7c51-4412-89a8-657431511e13.xml.macaon	72	5	préhistorique	préhistorique	adj	adj	_	4	mod	_	_
0fa62eb7-7c51-4412-89a8-657431511e13.xml.macaon	73	6	qui	qui	prorel	prorel	_	8	suj	_	_
0fa62eb7-7c51-4412-89a8-657431511e13.xml.macaon	74	7	a	avoir	v	v	_	8	aux_tps	_	_
0fa62eb7-7c51-4412-89a8-657431511e13.xml.macaon	75	8	disparu	disparaître	vppart	vppart	_	4	mod_rel	_	_
0fa62eb7-7c51-4412-89a8-657431511e13.xml.macaon	76	9	,	,	ponctw	ponctw	_	8	ponct	_	_
0fa62eb7-7c51-4412-89a8-657431511e13.xml.macaon	77	10	et	et	coo	coo	_	4	coord	_	_
0fa62eb7-7c51-4412-89a8-657431511e13.xml.macaon	78	11	qui	qui	prorel	prorel	_	12	suj	_	_
0fa62eb7-7c51-4412-89a8-657431511e13.xml.macaon	79	12	vivait	vivre	v	v	_	10	dep_coord	_	_
0fa62eb7-7c51-4412-89a8-657431511e13.xml.macaon	80	13	en	en	prep	prep	_	12	mod	_	_
0fa62eb7-7c51-4412-89a8-657431511e13.xml.macaon	81	14	Afrique	Afrique	np	np	_	13	obj	_	_
0fa62eb7-7c51-4412-89a8-657431511e13.xml.macaon	82	15	,	,	ponctw	ponctw	_	16	ponct	_	_
0fa62eb7-7c51-4412-89a8-657431511e13.xml.macaon	83	16	il#y#a	il#y#a	v	v	_	10	dep_coord	_	_
0fa62eb7-7c51-4412-89a8-657431511e13.xml.macaon	84	17	entre	entre	prep	prep	_	16	mod	_	_
0fa62eb7-7c51-4412-89a8-657431511e13.xml.macaon	85	18	2.5	2.5	nc	nc	_	17	obj	_	_
0fa62eb7-7c51-4412-89a8-657431511e13.xml.macaon	86	19	et	et	coo	coo	_	18	coord	_	_
0fa62eb7-7c51-4412-89a8-657431511e13.xml.macaon	87	20	1.8	1.8	det	det	_	21	det	_	_
0fa62eb7-7c51-4412-89a8-657431511e13.xml.macaon	88	21	millions	million	nc	nc	_	19	dep_coord	_	_
0fa62eb7-7c51-4412-89a8-657431511e13.xml.macaon	89	22	d'	de	prep	prep	_	21	dep	_	_
0fa62eb7-7c51-4412-89a8-657431511e13.xml.macaon	90	23	années	année	nc	nc	_	22	obj	_	_
0fa62eb7-7c51-4412-89a8-657431511e13.xml.macaon	91	24	.	.	poncts	poncts	_	2	ponct	_	_

0fa62eb7-7c51-4412-89a8-657431511e13.xml.macaon	92	1	Son	son	det	det	_	2	det	_	_
0fa62eb7-7c51-4412-89a8-657431511e13.xml.macaon	93	2	nom	nom	nc	nc	_	3	suj	_	_
0fa62eb7-7c51-4412-89a8-657431511e13.xml.macaon	94	3	veut	vouloir	v	v	_	_	_	_	_
0fa62eb7-7c51-4412-89a8-657431511e13.xml.macaon	95	4	dire	dire	vinf	vinf	_	3	obj	_	_	B:OTHER:G
0fa62eb7-7c51-4412-89a8-657431511e13.xml.macaon	96	5	«	«	ponctw	ponctw	_	3	ponct	_	_
0fa62eb7-7c51-4412-89a8-657431511e13.xml.macaon	97	6	Homme	Homme	np	np	_	3	__JOKER__	_	_
0fa62eb7-7c51-4412-89a8-657431511e13.xml.macaon	98	7	habile	habile	adj	adj	_	6	mod	_	_
0fa62eb7-7c51-4412-89a8-657431511e13.xml.macaon	99	8	»	»	ponctw	ponctw	_	6	ponct	_	_
0fa62eb7-7c51-4412-89a8-657431511e13.xml.macaon	100	9	,	,	ponctw	ponctw	_	6	ponct	_	_
0fa62eb7-7c51-4412-89a8-657431511e13.xml.macaon	101	10	car	car	coo	coo	_	6	coord	_	_
0fa62eb7-7c51-4412-89a8-657431511e13.xml.macaon	102	11	il	il	cln	cln	_	12	suj	_	_	B:Using:FE:Agent:G:109
0fa62eb7-7c51-4412-89a8-657431511e13.xml.macaon	103	12	était	être	v	v	_	10	dep_coord	_	_
0fa62eb7-7c51-4412-89a8-657431511e13.xml.macaon	104	13	capable	capable	adj	adj	_	12	ats	_	_
0fa62eb7-7c51-4412-89a8-657431511e13.xml.macaon	105	14	de	de	prep	prep	_	12	obj	_	_
0fa62eb7-7c51-4412-89a8-657431511e13.xml.macaon	106	15	fabriquer	fabriquer	vinf	vinf	_	14	obj	_	_
0fa62eb7-7c51-4412-89a8-657431511e13.xml.macaon	107	16	et	et	coo	coo	_	14	coord	_	_
0fa62eb7-7c51-4412-89a8-657431511e13.xml.macaon	108	17	d'	de	prep	prep	_	16	dep_coord	_	_
0fa62eb7-7c51-4412-89a8-657431511e13.xml.macaon	109	18	utiliser	utiliser	vinf	vinf	_	17	obj	_	_	B:Using:TARGET:utiliser:G:109
0fa62eb7-7c51-4412-89a8-657431511e13.xml.macaon	110	19	des	un	det	det	_	20	det	_	_	B:Using:FE:Instrument:G:109
0fa62eb7-7c51-4412-89a8-657431511e13.xml.macaon	111	20	outils	outil	nc	nc	_	18	obj	_	_	I:Using:FE:Instrument:G:109
0fa62eb7-7c51-4412-89a8-657431511e13.xml.macaon	112	21	.	.	poncts	poncts	_	12	ponct	_	_

0fa62eb7-7c51-4412-89a8-657431511e13.xml.macaon	113	1	Description	description	nc	nc	_	_	_	_	_

0fa62eb7-7c51-4412-89a8-657431511e13.xml.macaon	114	1	Homo#habilis	Homo#habilis	np	np	_	2	suj	_	_	B:Dimension:FE:Object:G:115
0fa62eb7-7c51-4412-89a8-657431511e13.xml.macaon	115	2	mesurait	mesurer	v	v	_	_	_	_	_	B:Dimension:TARGET:mesurer:G:115
0fa62eb7-7c51-4412-89a8-657431511e13.xml.macaon	116	3	entre	entre	prep	prep	_	2	mod	_	_	B:Dimension:FE:Measurement:G:115
0fa62eb7-7c51-4412-89a8-657431511e13.xml.macaon	117	4	1.20	1.20	nc	nc	_	3	obj	_	_	I:Dimension:FE:Measurement:G:115
0fa62eb7-7c51-4412-89a8-657431511e13.xml.macaon	118	5	et	et	coo	coo	_	4	coord	_	_	I:Dimension:FE:Measurement:G:115
0fa62eb7-7c51-4412-89a8-657431511e13.xml.macaon	119	6	1,50	1,50	adj	adj	_	7	mod	_	_	I:Dimension:FE:Measurement:G:115
0fa62eb7-7c51-4412-89a8-657431511e13.xml.macaon	120	7	m	m	nc	nc	_	3	obj	_	_	I:Dimension:FE:Measurement:G:115
0fa62eb7-7c51-4412-89a8-657431511e13.xml.macaon	121	8	,	,	ponctw	ponctw	_	2	ponct	_	_
0fa62eb7-7c51-4412-89a8-657431511e13.xml.macaon	122	9	et	et	coo	coo	_	2	coord	_	_
0fa62eb7-7c51-4412-89a8-657431511e13.xml.macaon	123	10	pesait	peser	v	v	_	9	dep_coord	_	_	B:Dimension:TARGET:peser:G:123
0fa62eb7-7c51-4412-89a8-657431511e13.xml.macaon	124	11	de	de	prep	prep	_	10	de_obj	_	_	B:Dimension:FE:Measurement:G:123
0fa62eb7-7c51-4412-89a8-657431511e13.xml.macaon	125	12	30	30	nc	nc	_	11	obj	_	_	I:Dimension:FE:Measurement:G:123
0fa62eb7-7c51-4412-89a8-657431511e13.xml.macaon	126	13	à	à	prep	prep	_	10	a_obj	_	_	I:Dimension:FE:Measurement:G:123
0fa62eb7-7c51-4412-89a8-657431511e13.xml.macaon	127	14	40	40	det	det	_	15	det	_	_	I:Dimension:FE:Measurement:G:123
0fa62eb7-7c51-4412-89a8-657431511e13.xml.macaon	128	15	kg	kg	nc	nc	_	13	obj	_	_	I:Dimension:FE:Measurement:G:123
0fa62eb7-7c51-4412-89a8-657431511e13.xml.macaon	129	16	,	,	ponctw	ponctw	_	15	ponct	_	_
0fa62eb7-7c51-4412-89a8-657431511e13.xml.macaon	130	17	soit	soit	coo	coo	_	13	coord	_	_
0fa62eb7-7c51-4412-89a8-657431511e13.xml.macaon	131	18	un#peu	un#peu	adv	adv	_	19	mod	_	_
0fa62eb7-7c51-4412-89a8-657431511e13.xml.macaon	132	19	plus	plus	adv	adv	_	20	mod	_	_
0fa62eb7-7c51-4412-89a8-657431511e13.xml.macaon	133	20	petit	petit	adj	adj	_	17	dep_coord	_	_
0fa62eb7-7c51-4412-89a8-657431511e13.xml.macaon	134	21	que	que	csu	csu	_	20	dep	_	_
0fa62eb7-7c51-4412-89a8-657431511e13.xml.macaon	135	22	le	le	det	det	_	23	det	_	_
0fa62eb7-7c51-4412-89a8-657431511e13.xml.macaon	136	23	chimpanzé	chimpanzé	nc	nc	_	21	obj	_	_
0fa62eb7-7c51-4412-89a8-657431511e13.xml.macaon	137	24	.	.	poncts	poncts	_	2	ponct	_	_

0fa62eb7-7c51-4412-89a8-657431511e13.xml.macaon	138	1	Il	il	cln	cln	_	2	suj	_	_
0fa62eb7-7c51-4412-89a8-657431511e13.xml.macaon	139	2	avait	avoir	v	v	_	_	_	_	_
0fa62eb7-7c51-4412-89a8-657431511e13.xml.macaon	140	3	néanmoins	néanmoins	adv	adv	_	2	mod	_	_
0fa62eb7-7c51-4412-89a8-657431511e13.xml.macaon	141	4	un	un	det	det	_	5	det	_	_
0fa62eb7-7c51-4412-89a8-657431511e13.xml.macaon	142	5	cerveau	cerveau	nc	nc	_	2	obj	_	_
0fa62eb7-7c51-4412-89a8-657431511e13.xml.macaon	143	6	plus	plus	adv	adv	_	7	mod	_	_
0fa62eb7-7c51-4412-89a8-657431511e13.xml.macaon	144	7	grand	grand	adj	adj	_	5	mod	_	_
0fa62eb7-7c51-4412-89a8-657431511e13.xml.macaon	145	8	que	que	csu	csu	_	5	mod	_	_
0fa62eb7-7c51-4412-89a8-657431511e13.xml.macaon	146	9	ce	ce	det	det	_	10	det	_	_
0fa62eb7-7c51-4412-89a8-657431511e13.xml.macaon	147	10	dernier	dernier	adj	adj	_	5	mod	_	_
0fa62eb7-7c51-4412-89a8-657431511e13.xml.macaon	148	11	.	.	poncts	poncts	_	2	ponct	_	_

0fa62eb7-7c51-4412-89a8-657431511e13.xml.macaon	149	1	Il	il	cln	cln	_	2	suj	_	_
0fa62eb7-7c51-4412-89a8-657431511e13.xml.macaon	150	2	était	être	v	v	_	_	_	_	_
0fa62eb7-7c51-4412-89a8-657431511e13.xml.macaon	151	3	également	également	adv	adv	_	4	mod	_	_
0fa62eb7-7c51-4412-89a8-657431511e13.xml.macaon	152	4	capable	capable	adj	adj	_	2	ats	_	_
0fa62eb7-7c51-4412-89a8-657431511e13.xml.macaon	153	5	de	de	prep	prep	_	2	de_obj	_	_
0fa62eb7-7c51-4412-89a8-657431511e13.xml.macaon	154	6	marcher	marcher	vinf	vinf	_	5	obj	_	_
0fa62eb7-7c51-4412-89a8-657431511e13.xml.macaon	155	7	parfaitement	parfaitement	adv	adv	_	8	mod	_	_
0fa62eb7-7c51-4412-89a8-657431511e13.xml.macaon	156	8	debout	debout	adv	adv	_	6	mod	_	_
0fa62eb7-7c51-4412-89a8-657431511e13.xml.macaon	157	9	,	,	ponctw	ponctw	_	6	ponct	_	_
0fa62eb7-7c51-4412-89a8-657431511e13.xml.macaon	158	10	ce	ce	pro	pro	_	6	__JOKER__	_	_
0fa62eb7-7c51-4412-89a8-657431511e13.xml.macaon	159	11	qui	qui	prorel	prorel	_	13	suj	_	_
0fa62eb7-7c51-4412-89a8-657431511e13.xml.macaon	160	12	n'	n'	advneg	advneg	_	13	mod	_	_
0fa62eb7-7c51-4412-89a8-657431511e13.xml.macaon	161	13	est	être	v	v	_	10	mod_rel	_	_
0fa62eb7-7c51-4412-89a8-657431511e13.xml.macaon	162	14	pas	pas	advneg	advneg	_	13	mod	_	_
0fa62eb7-7c51-4412-89a8-657431511e13.xml.macaon	163	15	le	le	det	det	_	16	det	_	_
0fa62eb7-7c51-4412-89a8-657431511e13.xml.macaon	164	16	cas	cas	nc	nc	_	13	ats	_	_
0fa62eb7-7c51-4412-89a8-657431511e13.xml.macaon	165	17	du	du	prep	prep	_	16	dep	_	_
0fa62eb7-7c51-4412-89a8-657431511e13.xml.macaon	166	18	chimpanzé	chimpanzé	nc	nc	_	17	obj	_	_
0fa62eb7-7c51-4412-89a8-657431511e13.xml.macaon	167	19	.	.	poncts	poncts	_	2	ponct	_	_

0fa62eb7-7c51-4412-89a8-657431511e13.xml.macaon	168	1	Mode	mode	nc	nc	_	_	_	_	_
0fa62eb7-7c51-4412-89a8-657431511e13.xml.macaon	169	2	de	de	prep	prep	_	1	dep	_	_
0fa62eb7-7c51-4412-89a8-657431511e13.xml.macaon	170	3	vie	vie	nc	nc	_	2	obj	_	_

0fa62eb7-7c51-4412-89a8-657431511e13.xml.macaon	171	1	Un	un	det	det	_	2	det	_	_
0fa62eb7-7c51-4412-89a8-657431511e13.xml.macaon	172	2	Galet	galet	nc	nc	_	_	_	_	_
0fa62eb7-7c51-4412-89a8-657431511e13.xml.macaon	173	3	aménagé	aménager	vppart	vppart	_	2	mod	_	_
0fa62eb7-7c51-4412-89a8-657431511e13.xml.macaon	174	4	de	de	prep	prep	_	2	dep	_	_
0fa62eb7-7c51-4412-89a8-657431511e13.xml.macaon	175	5	type	type	nc	nc	_	4	obj	_	_
0fa62eb7-7c51-4412-89a8-657431511e13.xml.macaon	176	6	Oldowaïen	Oldowaïen	np	np	_	5	mod	_	_
0fa62eb7-7c51-4412-89a8-657431511e13.xml.macaon	177	7	:	:	ponctw	ponctw	_	5	ponct	_	_
0fa62eb7-7c51-4412-89a8-657431511e13.xml.macaon	178	8	le	le	det	det	_	9	det	_	_	B:Buildings:FE:Created_entity:G:183
0fa62eb7-7c51-4412-89a8-657431511e13.xml.macaon	179	9	genre	genre	nc	nc	_	5	mod	_	_	I:Buildings:FE:Created_entity:G:183
0fa62eb7-7c51-4412-89a8-657431511e13.xml.macaon	180	10	d'	de	prep	prep	_	9	dep	_	_	I:Buildings:FE:Created_entity:G:183
0fa62eb7-7c51-4412-89a8-657431511e13.xml.macaon	181	11	outil	outil	nc	nc	_	10	obj	_	_	I:Buildings:FE:Created_entity:G:183
0fa62eb7-7c51-4412-89a8-657431511e13.xml.macaon	182	12	que	que	prorel	prorel	_	13	suj	_	_
0fa62eb7-7c51-4412-89a8-657431511e13.xml.macaon	183	13	fabriquait	fabriquer	v	v	_	11	mod_rel	_	_	B:Buildings:TARGET:fabriquer:G:183
0fa62eb7-7c51-4412-89a8-657431511e13.xml.macaon	184	14	et	et	coo	coo	_	13	coord	_	_
0fa62eb7-7c51-4412-89a8-657431511e13.xml.macaon	185	15	dont	dont	prorel	prorel	_	17	suj	_	_
0fa62eb7-7c51-4412-89a8-657431511e13.xml.macaon	186	16	se	se	clr	clr	_	17	aff	_	_
0fa62eb7-7c51-4412-89a8-657431511e13.xml.macaon	187	17	servait	servir	v	v	_	14	dep_coord	_	_
0fa62eb7-7c51-4412-89a8-657431511e13.xml.macaon	188	18	Homo#habilis	Homo#habilis	np	np	_	11	mod	_	_	B:Buildings:FE:Agent#Components:G:183

0fa62eb7-7c51-4412-89a8-657431511e13.xml.macaon	189	1	Les	les	det	det	_	2	det	_	_
0fa62eb7-7c51-4412-89a8-657431511e13.xml.macaon	190	2	dents	dent	nc	nc	_	5	suj	_	_
0fa62eb7-7c51-4412-89a8-657431511e13.xml.macaon	191	3	de#l'	de#l'	prep	prep	_	2	dep	_	_
0fa62eb7-7c51-4412-89a8-657431511e13.xml.macaon	192	4	Homo#habilis	Homo#habilis	np	np	_	3	obj	_	_
0fa62eb7-7c51-4412-89a8-657431511e13.xml.macaon	193	5	montrent	montrer	v	v	_	_	_	_	_
0fa62eb7-7c51-4412-89a8-657431511e13.xml.macaon	194	6	qu'	qu'	csu	csu	_	5	obj	_	_
0fa62eb7-7c51-4412-89a8-657431511e13.xml.macaon	195	7	il	il	cln	cln	_	8	suj	_	_
0fa62eb7-7c51-4412-89a8-657431511e13.xml.macaon	196	8	était	être	v	v	_	6	obj	_	_
0fa62eb7-7c51-4412-89a8-657431511e13.xml.macaon	197	9	omnivore	omnivore	adj	adj	_	8	ats	_	_
0fa62eb7-7c51-4412-89a8-657431511e13.xml.macaon	198	10	.	.	poncts	poncts	_	5	ponct	_	_

0fa62eb7-7c51-4412-89a8-657431511e13.xml.macaon	199	1	Ce	ce	det	det	_	2	det	_	_
0fa62eb7-7c51-4412-89a8-657431511e13.xml.macaon	200	2	n'	n'	nc	nc	_	3	suj	_	_
0fa62eb7-7c51-4412-89a8-657431511e13.xml.macaon	201	3	était	être	v	v	_	_	_	_	_
0fa62eb7-7c51-4412-89a8-657431511e13.xml.macaon	202	4	pas	pas	advneg	advneg	_	3	mod	_	_
0fa62eb7-7c51-4412-89a8-657431511e13.xml.macaon	203	5	un	un	det	det	_	6	det	_	_
0fa62eb7-7c51-4412-89a8-657431511e13.xml.macaon	204	6	chasseur	chasseur	nc	nc	_	3	ats	_	_
0fa62eb7-7c51-4412-89a8-657431511e13.xml.macaon	205	7	,	,	ponctw	ponctw	_	6	ponct	_	_
0fa62eb7-7c51-4412-89a8-657431511e13.xml.macaon	206	8	mais	mais	coo	coo	_	6	coord	_	_
0fa62eb7-7c51-4412-89a8-657431511e13.xml.macaon	207	9	plutôt	plutôt	adv	adv	_	8	mod	_	_
0fa62eb7-7c51-4412-89a8-657431511e13.xml.macaon	208	10	un	un	det	det	_	11	det	_	_
0fa62eb7-7c51-4412-89a8-657431511e13.xml.macaon	209	11	charognard	charognard	nc	nc	_	8	dep_coord	_	_
0fa62eb7-7c51-4412-89a8-657431511e13.xml.macaon	210	12	:	:	ponctw	ponctw	_	15	ponct	_	_
0fa62eb7-7c51-4412-89a8-657431511e13.xml.macaon	211	13	il	il	cln	cln	_	15	suj	_	_
0fa62eb7-7c51-4412-89a8-657431511e13.xml.macaon	212	14	se	se	clr	clr	_	15	aff	_	_
0fa62eb7-7c51-4412-89a8-657431511e13.xml.macaon	213	15	nourrissait	nourrir	v	v	_	8	dep_coord	_	_
0fa62eb7-7c51-4412-89a8-657431511e13.xml.macaon	214	16	de	de	prep	prep	_	15	de_obj	_	_
0fa62eb7-7c51-4412-89a8-657431511e13.xml.macaon	215	17	fruits	fruit	nc	nc	_	16	obj	_	_
0fa62eb7-7c51-4412-89a8-657431511e13.xml.macaon	216	18	,	,	ponctw	ponctw	_	15	ponct	_	_
0fa62eb7-7c51-4412-89a8-657431511e13.xml.macaon	217	19	de	de	prep	prep	_	6	dep	_	_
0fa62eb7-7c51-4412-89a8-657431511e13.xml.macaon	218	20	racines	racine	nc	nc	_	19	obj	_	_
0fa62eb7-7c51-4412-89a8-657431511e13.xml.macaon	219	21	,	,	ponctw	ponctw	_	20	ponct	_	_
0fa62eb7-7c51-4412-89a8-657431511e13.xml.macaon	220	22	de	de	prep	prep	_	20	dep	_	_
0fa62eb7-7c51-4412-89a8-657431511e13.xml.macaon	221	23	petits	petit	adj	adj	_	24	mod	_	_
0fa62eb7-7c51-4412-89a8-657431511e13.xml.macaon	222	24	animaux	animal	nc	nc	_	22	obj	_	_
0fa62eb7-7c51-4412-89a8-657431511e13.xml.macaon	223	25	,	,	ponctw	ponctw	_	24	ponct	_	_
0fa62eb7-7c51-4412-89a8-657431511e13.xml.macaon	224	26	et	et	coo	coo	_	24	coord	_	_
0fa62eb7-7c51-4412-89a8-657431511e13.xml.macaon	225	27	de	de	prep	prep	_	26	dep_coord	_	_
0fa62eb7-7c51-4412-89a8-657431511e13.xml.macaon	226	28	charognes	charogne	nc	nc	_	27	obj	_	_
0fa62eb7-7c51-4412-89a8-657431511e13.xml.macaon	227	29	.	.	poncts	poncts	_	3	ponct	_	_

0fa62eb7-7c51-4412-89a8-657431511e13.xml.macaon	228	1	Il	il	cln	cln	_	2	suj	_	_	B:Buildings:FE:Agent#Components:G:229	B:Using:FE:Agent:G:231
0fa62eb7-7c51-4412-89a8-657431511e13.xml.macaon	229	2	fabriquait	fabriquer	v	v	_	_	_	_	_	B:Buildings:TARGET:fabriquer:G:229
0fa62eb7-7c51-4412-89a8-657431511e13.xml.macaon	230	3	et	et	coo	coo	_	2	coord	_	_
0fa62eb7-7c51-4412-89a8-657431511e13.xml.macaon	231	4	utilisait	utiliser	v	v	_	3	dep_coord	_	_	B:Using:TARGET:utiliser:G:231
0fa62eb7-7c51-4412-89a8-657431511e13.xml.macaon	232	5	des	un	det	det	_	6	det	_	_	B:Using:FE:Instrument:G:231
0fa62eb7-7c51-4412-89a8-657431511e13.xml.macaon	233	6	outils	outil	nc	nc	_	4	obj	_	_	B:Buildings:FE:Created_entity:G:229	I:Using:FE:Instrument:G:231
0fa62eb7-7c51-4412-89a8-657431511e13.xml.macaon	234	7	simples	simple	adj	adj	_	6	mod	_	_	I:Buildings:FE:Created_entity:G:229	I:Using:FE:Instrument:G:231
0fa62eb7-7c51-4412-89a8-657431511e13.xml.macaon	235	8	,	,	ponctw	ponctw	_	4	ponct	_	_	I:Buildings:FE:Created_entity:G:229
0fa62eb7-7c51-4412-89a8-657431511e13.xml.macaon	236	9	en	en	prep	prep	_	4	mod	_	_	I:Buildings:FE:Created_entity:G:229
0fa62eb7-7c51-4412-89a8-657431511e13.xml.macaon	237	10	pierre	pierre	nc	nc	_	9	obj	_	_	I:Buildings:FE:Created_entity:G:229
0fa62eb7-7c51-4412-89a8-657431511e13.xml.macaon	238	11	taillée	tailler	adj	adj	_	10	mod	_	_	I:Buildings:FE:Created_entity:G:229
0fa62eb7-7c51-4412-89a8-657431511e13.xml.macaon	239	12	:	:	ponctw	ponctw	_	15	ponct	_	_
0fa62eb7-7c51-4412-89a8-657431511e13.xml.macaon	240	13	il	il	cln	cln	_	15	suj	_	_
0fa62eb7-7c51-4412-89a8-657431511e13.xml.macaon	241	14	s'	s'	clr	clr	_	15	aff	_	_
0fa62eb7-7c51-4412-89a8-657431511e13.xml.macaon	242	15	agit	agir	v	v	_	18	aux_tps	_	_	B:OTHER:G
0fa62eb7-7c51-4412-89a8-657431511e13.xml.macaon	243	16	de	de	prep	prep	_	15	de_obj	_	_
0fa62eb7-7c51-4412-89a8-657431511e13.xml.macaon	244	17	galets	galet	nc	nc	_	16	obj	_	_	B:Using:FE:Instrument:G:231
0fa62eb7-7c51-4412-89a8-657431511e13.xml.macaon	245	18	aménagés	aménager	vppart	vppart	_	10	mod	_	_	I:Using:FE:Instrument:G:231
0fa62eb7-7c51-4412-89a8-657431511e13.xml.macaon	246	19	,	,	ponctw	ponctw	_	18	ponct	_	_	I:Using:FE:Instrument:G:231
0fa62eb7-7c51-4412-89a8-657431511e13.xml.macaon	247	20	ou	ou	coo	coo	_	18	__JOKER__	_	_	I:Using:FE:Instrument:G:231
0fa62eb7-7c51-4412-89a8-657431511e13.xml.macaon	248	21	choppers	chopper	nc	nc	_	20	dep_coord	_	_	I:Using:FE:Instrument:G:231
0fa62eb7-7c51-4412-89a8-657431511e13.xml.macaon	249	22	,	,	ponctw	ponctw	_	18	ponct	_	_	I:Using:FE:Instrument:G:231
0fa62eb7-7c51-4412-89a8-657431511e13.xml.macaon	250	23	et	et	coo	coo	_	18	coord	_	_	I:Using:FE:Instrument:G:231
0fa62eb7-7c51-4412-89a8-657431511e13.xml.macaon	251	24	d'	un	det	det	_	25	det	_	_	I:Using:FE:Instrument:G:231
0fa62eb7-7c51-4412-89a8-657431511e13.xml.macaon	252	25	éclats	éclat	nc	nc	_	23	dep_coord	_	_	I:Using:FE:Instrument:G:231
0fa62eb7-7c51-4412-89a8-657431511e13.xml.macaon	253	26	tranchants	tranchant	adj	adj	_	25	mod	_	_	I:Using:FE:Instrument:G:231
0fa62eb7-7c51-4412-89a8-657431511e13.xml.macaon	254	27	,	,	ponctw	ponctw	_	30	ponct	_	_
0fa62eb7-7c51-4412-89a8-657431511e13.xml.macaon	255	28	qui	qui	prorel	prorel	_	30	suj	_	_
0fa62eb7-7c51-4412-89a8-657431511e13.xml.macaon	256	29	lui	lui	clo	clo	_	30	__JOKER__	_	_
0fa62eb7-7c51-4412-89a8-657431511e13.xml.macaon	257	30	servaient	servir	v	v	_	23	dep_coord	_	_
0fa62eb7-7c51-4412-89a8-657431511e13.xml.macaon	258	31	à	à	prep	prep	_	30	a_obj	_	_
0fa62eb7-7c51-4412-89a8-657431511e13.xml.macaon	259	32	découper	découper	vinf	vinf	_	31	obj	_	_
0fa62eb7-7c51-4412-89a8-657431511e13.xml.macaon	260	33	des	un	det	det	_	34	det	_	_
0fa62eb7-7c51-4412-89a8-657431511e13.xml.macaon	261	34	morceaux	morceau	nc	nc	_	32	obj	_	_
0fa62eb7-7c51-4412-89a8-657431511e13.xml.macaon	262	35	de	de	prep	prep	_	34	dep	_	_
0fa62eb7-7c51-4412-89a8-657431511e13.xml.macaon	263	36	viande	viande	nc	nc	_	35	obj	_	_
0fa62eb7-7c51-4412-89a8-657431511e13.xml.macaon	264	37	,	,	ponctw	ponctw	_	34	ponct	_	_
0fa62eb7-7c51-4412-89a8-657431511e13.xml.macaon	265	38	et	et	coo	coo	_	31	coord	_	_
0fa62eb7-7c51-4412-89a8-657431511e13.xml.macaon	266	39	à	à	prep	prep	_	38	dep_coord	_	_
0fa62eb7-7c51-4412-89a8-657431511e13.xml.macaon	267	40	briser	briser	vinf	vinf	_	39	obj	_	_
0fa62eb7-7c51-4412-89a8-657431511e13.xml.macaon	268	41	les	le	det	det	_	42	det	_	_
0fa62eb7-7c51-4412-89a8-657431511e13.xml.macaon	269	42	os	os	nc	nc	_	40	obj	_	_
0fa62eb7-7c51-4412-89a8-657431511e13.xml.macaon	270	43	.	.	poncts	poncts	_	2	ponct	_	_

0fa62eb7-7c51-4412-89a8-657431511e13.xml.macaon	271	1	Homo#habilis	Homo#habilis	np	np	_	_	_	_	_
0fa62eb7-7c51-4412-89a8-657431511e13.xml.macaon	272	2	a	avoir	v	v	_	3	aux_tps	_	_
0fa62eb7-7c51-4412-89a8-657431511e13.xml.macaon	273	3	côtoyé	côtoyer	vppart	vppart	_	1	mod	_	_
0fa62eb7-7c51-4412-89a8-657431511e13.xml.macaon	274	4	plusieurs	plusieurs	det	det	_	6	det	_	_
0fa62eb7-7c51-4412-89a8-657431511e13.xml.macaon	275	5	autres	autre	adj	adj	_	6	mod	_	_
0fa62eb7-7c51-4412-89a8-657431511e13.xml.macaon	276	6	espèces	espèce	nc	nc	_	1	mod	_	_
0fa62eb7-7c51-4412-89a8-657431511e13.xml.macaon	277	7	d'	de	prep	prep	_	6	dep	_	_
0fa62eb7-7c51-4412-89a8-657431511e13.xml.macaon	278	8	hommes	homme	nc	nc	_	7	obj	_	_
0fa62eb7-7c51-4412-89a8-657431511e13.xml.macaon	279	9	préhistoriques	préhistorique	adj	adj	_	8	mod	_	_
0fa62eb7-7c51-4412-89a8-657431511e13.xml.macaon	280	10	,	,	ponctw	ponctw	_	8	ponct	_	_
0fa62eb7-7c51-4412-89a8-657431511e13.xml.macaon	281	11	comme	comme	prep	prep	_	8	dep	_	_
0fa62eb7-7c51-4412-89a8-657431511e13.xml.macaon	282	12	les	le	det	det	_	13	det	_	_
0fa62eb7-7c51-4412-89a8-657431511e13.xml.macaon	283	13	Australopithèques	australopithèque	nc	nc	_	11	obj	_	_
0fa62eb7-7c51-4412-89a8-657431511e13.xml.macaon	284	14	,	,	ponctw	ponctw	_	13	ponct	_	_
0fa62eb7-7c51-4412-89a8-657431511e13.xml.macaon	285	15	Homo#rudolfensis	Homo#rudolfensis	np	np	_	13	mod	_	_
0fa62eb7-7c51-4412-89a8-657431511e13.xml.macaon	286	16	ou	ou	coo	coo	_	15	coord	_	_
0fa62eb7-7c51-4412-89a8-657431511e13.xml.macaon	287	17	Homo#ergaster	Homo#ergaster	np	np	_	16	dep_coord	_	_
