1ea60bc2-cae1-4c2d-b741-8790ef47ab1e.xml.macaon	0	1	vikidia	vikidia	nc	nc	_	_	_	_	_

1ea60bc2-cae1-4c2d-b741-8790ef47ab1e.xml.macaon	1	1	1ea60bc2	1ea60bc2	adj	adj	_	3	mod	_	_
1ea60bc2-cae1-4c2d-b741-8790ef47ab1e.xml.macaon	2	2	-	-	ponctw	ponctw	_	1	ponct	_	_
1ea60bc2-cae1-4c2d-b741-8790ef47ab1e.xml.macaon	3	3	cae1	cae1	nc	nc	_	_	_	_	_
1ea60bc2-cae1-4c2d-b741-8790ef47ab1e.xml.macaon	4	4	-	-	ponctw	ponctw	_	3	ponct	_	_
1ea60bc2-cae1-4c2d-b741-8790ef47ab1e.xml.macaon	5	5	4c2d	4c2d	nc	nc	_	3	mod	_	_
1ea60bc2-cae1-4c2d-b741-8790ef47ab1e.xml.macaon	6	6	-	-	ponctw	ponctw	_	5	ponct	_	_
1ea60bc2-cae1-4c2d-b741-8790ef47ab1e.xml.macaon	7	7	b741	b741	nc	nc	_	5	mod	_	_
1ea60bc2-cae1-4c2d-b741-8790ef47ab1e.xml.macaon	8	8	-	-	ponctw	ponctw	_	7	ponct	_	_
1ea60bc2-cae1-4c2d-b741-8790ef47ab1e.xml.macaon	9	9	8790ef47ab1e	8790ef47ab1e	nc	nc	_	7	mod	_	_

1ea60bc2-cae1-4c2d-b741-8790ef47ab1e.xml.macaon	10	1	ADDED	ADDED	nc	nc	_	_	_	_	_

1ea60bc2-cae1-4c2d-b741-8790ef47ab1e.xml.macaon	11	1	2016	2016	adj	adj	_	3	mod	_	_
1ea60bc2-cae1-4c2d-b741-8790ef47ab1e.xml.macaon	12	2	-	-	ponctw	ponctw	_	1	ponct	_	_
1ea60bc2-cae1-4c2d-b741-8790ef47ab1e.xml.macaon	13	3	06	06	nc	nc	_	_	_	_	_
1ea60bc2-cae1-4c2d-b741-8790ef47ab1e.xml.macaon	14	4	-	-	ponctw	ponctw	_	3	ponct	_	_
1ea60bc2-cae1-4c2d-b741-8790ef47ab1e.xml.macaon	15	5	15T14	15T14	nc	nc	_	3	mod	_	_
1ea60bc2-cae1-4c2d-b741-8790ef47ab1e.xml.macaon	16	6	:	:	ponctw	ponctw	_	5	ponct	_	_
1ea60bc2-cae1-4c2d-b741-8790ef47ab1e.xml.macaon	17	7	32	32	nc	nc	_	5	mod	_	_
1ea60bc2-cae1-4c2d-b741-8790ef47ab1e.xml.macaon	18	8	:	:	ponctw	ponctw	_	7	ponct	_	_
1ea60bc2-cae1-4c2d-b741-8790ef47ab1e.xml.macaon	19	9	43Z	43Z	nc	nc	_	7	mod	_	_

1ea60bc2-cae1-4c2d-b741-8790ef47ab1e.xml.macaon	20	1	Henri	Henri	np	np	_	_	_	_	_
1ea60bc2-cae1-4c2d-b741-8790ef47ab1e.xml.macaon	21	2	Breuil	Breuil	np	np	_	1	mod	_	_

1ea60bc2-cae1-4c2d-b741-8790ef47ab1e.xml.macaon	22	1	L'	L'	det	det	_	2	det	_	_	B:Becoming_aware:FE:Cognizer:G:77
1ea60bc2-cae1-4c2d-b741-8790ef47ab1e.xml.macaon	23	2	abbé	abbé	nc	nc	_	6	suj	_	_	I:Becoming_aware:FE:Cognizer:G:77
1ea60bc2-cae1-4c2d-b741-8790ef47ab1e.xml.macaon	24	3	Henri	Henri	np	np	_	2	mod	_	_	I:Becoming_aware:FE:Cognizer:G:77
1ea60bc2-cae1-4c2d-b741-8790ef47ab1e.xml.macaon	25	4	Breuil	Breuil	np	np	_	3	mod	_	_	I:Becoming_aware:FE:Cognizer:G:77
1ea60bc2-cae1-4c2d-b741-8790ef47ab1e.xml.macaon	26	5	(	(	ponctw	ponctw	_	2	ponct	_	_
1ea60bc2-cae1-4c2d-b741-8790ef47ab1e.xml.macaon	27	6	né	naître	vppart	vppart	_	_	_	_	_
1ea60bc2-cae1-4c2d-b741-8790ef47ab1e.xml.macaon	28	7	le	le	det	det	_	9	det	_	_
1ea60bc2-cae1-4c2d-b741-8790ef47ab1e.xml.macaon	29	8	28	28	adj	adj	_	9	mod	_	_
1ea60bc2-cae1-4c2d-b741-8790ef47ab1e.xml.macaon	30	9	février	février	nc	nc	_	6	obj	_	_
1ea60bc2-cae1-4c2d-b741-8790ef47ab1e.xml.macaon	31	10	1877	1877	adj	adj	_	9	mod	_	_
1ea60bc2-cae1-4c2d-b741-8790ef47ab1e.xml.macaon	32	11	à	à	prep	prep	_	6	a_obj	_	_
1ea60bc2-cae1-4c2d-b741-8790ef47ab1e.xml.macaon	33	12	Mortain	Mortain	np	np	_	11	obj	_	_
1ea60bc2-cae1-4c2d-b741-8790ef47ab1e.xml.macaon	34	13	dans	dans	prep	prep	_	6	mod	_	_
1ea60bc2-cae1-4c2d-b741-8790ef47ab1e.xml.macaon	35	14	la	le	det	det	_	15	det	_	_
1ea60bc2-cae1-4c2d-b741-8790ef47ab1e.xml.macaon	36	15	Manche	Manche	np	np	_	13	obj	_	_
1ea60bc2-cae1-4c2d-b741-8790ef47ab1e.xml.macaon	37	16	et	et	coo	coo	_	15	coord	_	_
1ea60bc2-cae1-4c2d-b741-8790ef47ab1e.xml.macaon	38	17	mort	mort	adj	adj	_	15	mod	_	_	B:Death:TARGET:mort:G:38
1ea60bc2-cae1-4c2d-b741-8790ef47ab1e.xml.macaon	39	18	le	le	det	det	_	20	det	_	_	B:Death:FE:Time:G:38
1ea60bc2-cae1-4c2d-b741-8790ef47ab1e.xml.macaon	40	19	14	14	adj	adj	_	20	mod	_	_	I:Death:FE:Time:G:38
1ea60bc2-cae1-4c2d-b741-8790ef47ab1e.xml.macaon	41	20	août	août	nc	nc	_	13	obj	_	_	I:Death:FE:Time:G:38
1ea60bc2-cae1-4c2d-b741-8790ef47ab1e.xml.macaon	42	21	1961	1961	adj	adj	_	20	mod	_	_	I:Death:FE:Time:G:38
1ea60bc2-cae1-4c2d-b741-8790ef47ab1e.xml.macaon	43	22	à	à	prep	prep	_	20	dep	_	_	B:Death:FE:Place:G:38
1ea60bc2-cae1-4c2d-b741-8790ef47ab1e.xml.macaon	44	23	l'	le	det	det	_	24	det	_	_	I:Death:FE:Place:G:38
1ea60bc2-cae1-4c2d-b741-8790ef47ab1e.xml.macaon	45	24	Isle	Isle	np	np	_	22	obj	_	_	I:Death:FE:Place:G:38
1ea60bc2-cae1-4c2d-b741-8790ef47ab1e.xml.macaon	46	25	-	-	ponctw	ponctw	_	24	ponct	_	_	I:Death:FE:Place:G:38
1ea60bc2-cae1-4c2d-b741-8790ef47ab1e.xml.macaon	47	26	Adam	Adam	np	np	_	24	mod	_	_	I:Death:FE:Place:G:38
1ea60bc2-cae1-4c2d-b741-8790ef47ab1e.xml.macaon	48	27	dans	dans	prep	prep	_	26	dep	_	_	I:Death:FE:Place:G:38
1ea60bc2-cae1-4c2d-b741-8790ef47ab1e.xml.macaon	49	28	le	le	det	det	_	29	det	_	_	I:Death:FE:Place:G:38
1ea60bc2-cae1-4c2d-b741-8790ef47ab1e.xml.macaon	50	29	Val-d'Oise	Val-d'Oise	np	np	_	27	obj	_	_	I:Death:FE:Place:G:38
1ea60bc2-cae1-4c2d-b741-8790ef47ab1e.xml.macaon	51	30	à	à	prep	prep	_	27	obj	_	_
1ea60bc2-cae1-4c2d-b741-8790ef47ab1e.xml.macaon	52	31	l'	le	det	det	_	32	det	_	_
1ea60bc2-cae1-4c2d-b741-8790ef47ab1e.xml.macaon	53	32	époque	époque	nc	nc	_	30	obj	_	_
1ea60bc2-cae1-4c2d-b741-8790ef47ab1e.xml.macaon	54	33	Seine	Seine	np	np	_	32	mod	_	_
1ea60bc2-cae1-4c2d-b741-8790ef47ab1e.xml.macaon	55	34	-	-	ponctw	ponctw	_	32	ponct	_	_
1ea60bc2-cae1-4c2d-b741-8790ef47ab1e.xml.macaon	56	35	et	et	coo	coo	_	32	coord	_	_
1ea60bc2-cae1-4c2d-b741-8790ef47ab1e.xml.macaon	57	36	-	-	ponctw	ponctw	_	37	ponct	_	_
1ea60bc2-cae1-4c2d-b741-8790ef47ab1e.xml.macaon	58	37	Oise	Oise	np	np	_	35	dep_coord	_	_
1ea60bc2-cae1-4c2d-b741-8790ef47ab1e.xml.macaon	59	38	)	)	ponctw	ponctw	_	37	ponct	_	_
1ea60bc2-cae1-4c2d-b741-8790ef47ab1e.xml.macaon	60	39	est	être	v	v	_	35	dep_coord	_	_
1ea60bc2-cae1-4c2d-b741-8790ef47ab1e.xml.macaon	61	40	un	un	det	det	_	41	det	_	_
1ea60bc2-cae1-4c2d-b741-8790ef47ab1e.xml.macaon	62	41	abbé	abbé	nc	nc	_	39	ats	_	_
1ea60bc2-cae1-4c2d-b741-8790ef47ab1e.xml.macaon	63	42	et	et	coo	coo	_	41	coord	_	_
1ea60bc2-cae1-4c2d-b741-8790ef47ab1e.xml.macaon	64	43	un	un	det	det	_	44	det	_	_
1ea60bc2-cae1-4c2d-b741-8790ef47ab1e.xml.macaon	65	44	préhistorien	préhistorien	nc	nc	_	42	dep_coord	_	_
1ea60bc2-cae1-4c2d-b741-8790ef47ab1e.xml.macaon	66	45	français	français	adj	adj	_	44	mod	_	_
1ea60bc2-cae1-4c2d-b741-8790ef47ab1e.xml.macaon	67	46	surnommé	surnommer	vppart	vppart	_	44	mod	_	_
1ea60bc2-cae1-4c2d-b741-8790ef47ab1e.xml.macaon	68	47	le	le	det	det	_	49	det	_	_
1ea60bc2-cae1-4c2d-b741-8790ef47ab1e.xml.macaon	69	48	"	"	ponctw	ponctw	_	49	ponct	_	_
1ea60bc2-cae1-4c2d-b741-8790ef47ab1e.xml.macaon	70	49	Pape	pape	nc	nc	_	44	mod	_	_
1ea60bc2-cae1-4c2d-b741-8790ef47ab1e.xml.macaon	71	50	de	de	prep	prep	_	49	dep	_	_
1ea60bc2-cae1-4c2d-b741-8790ef47ab1e.xml.macaon	72	51	la	le	det	det	_	52	det	_	_
1ea60bc2-cae1-4c2d-b741-8790ef47ab1e.xml.macaon	73	52	préhistoire	préhistoire	nc	nc	_	50	obj	_	_
1ea60bc2-cae1-4c2d-b741-8790ef47ab1e.xml.macaon	74	53	"	"	ponctw	ponctw	_	52	ponct	_	_
1ea60bc2-cae1-4c2d-b741-8790ef47ab1e.xml.macaon	75	54	à#cause#de	à#cause#de	prep	prep	_	52	dep	_	_
1ea60bc2-cae1-4c2d-b741-8790ef47ab1e.xml.macaon	76	55	ses	son	det	det	_	56	det	_	_
1ea60bc2-cae1-4c2d-b741-8790ef47ab1e.xml.macaon	77	56	découvertes	découverte	nc	nc	_	54	obj	_	_	B:Becoming_aware:TARGET:découverte:G:77
1ea60bc2-cae1-4c2d-b741-8790ef47ab1e.xml.macaon	78	57	sur	sur	prep	prep	_	56	dep	_	_	B:Becoming_aware:FE:Topic:G:77
1ea60bc2-cae1-4c2d-b741-8790ef47ab1e.xml.macaon	79	58	la	le	det	det	_	59	det	_	_	I:Becoming_aware:FE:Topic:G:77
1ea60bc2-cae1-4c2d-b741-8790ef47ab1e.xml.macaon	80	59	préhistoire	préhistoire	nc	nc	_	57	obj	_	_	I:Becoming_aware:FE:Topic:G:77
1ea60bc2-cae1-4c2d-b741-8790ef47ab1e.xml.macaon	81	60	.	.	poncts	poncts	_	39	ponct	_	_

1ea60bc2-cae1-4c2d-b741-8790ef47ab1e.xml.macaon	82	1	Préhistoire	préhistoire	nc	nc	_	_	_	_	_

1ea60bc2-cae1-4c2d-b741-8790ef47ab1e.xml.macaon	83	1	Henri	Henri	np	np	_	_	_	_	_
1ea60bc2-cae1-4c2d-b741-8790ef47ab1e.xml.macaon	84	2	Breuil	Breuil	np	np	_	1	mod	_	_

1ea60bc2-cae1-4c2d-b741-8790ef47ab1e.xml.macaon	85	1	L'	L'	det	det	_	2	det	_	_	B:Becoming_aware:FE:Cognizer:G:140
1ea60bc2-cae1-4c2d-b741-8790ef47ab1e.xml.macaon	86	2	abbé	abbé	nc	nc	_	6	suj	_	_	I:Becoming_aware:FE:Cognizer:G:140
1ea60bc2-cae1-4c2d-b741-8790ef47ab1e.xml.macaon	87	3	Henri	Henri	np	np	_	2	mod	_	_	I:Becoming_aware:FE:Cognizer:G:140
1ea60bc2-cae1-4c2d-b741-8790ef47ab1e.xml.macaon	88	4	Breuil	Breuil	np	np	_	3	mod	_	_	I:Becoming_aware:FE:Cognizer:G:140
1ea60bc2-cae1-4c2d-b741-8790ef47ab1e.xml.macaon	89	5	(	(	ponctw	ponctw	_	2	ponct	_	_
1ea60bc2-cae1-4c2d-b741-8790ef47ab1e.xml.macaon	90	6	né	naître	vppart	vppart	_	_	_	_	_
1ea60bc2-cae1-4c2d-b741-8790ef47ab1e.xml.macaon	91	7	le	le	det	det	_	9	det	_	_
1ea60bc2-cae1-4c2d-b741-8790ef47ab1e.xml.macaon	92	8	28	28	adj	adj	_	9	mod	_	_
1ea60bc2-cae1-4c2d-b741-8790ef47ab1e.xml.macaon	93	9	février	février	nc	nc	_	6	obj	_	_
1ea60bc2-cae1-4c2d-b741-8790ef47ab1e.xml.macaon	94	10	1877	1877	adj	adj	_	9	mod	_	_
1ea60bc2-cae1-4c2d-b741-8790ef47ab1e.xml.macaon	95	11	à	à	prep	prep	_	6	a_obj	_	_
1ea60bc2-cae1-4c2d-b741-8790ef47ab1e.xml.macaon	96	12	Mortain	Mortain	np	np	_	11	obj	_	_
1ea60bc2-cae1-4c2d-b741-8790ef47ab1e.xml.macaon	97	13	dans	dans	prep	prep	_	6	mod	_	_
1ea60bc2-cae1-4c2d-b741-8790ef47ab1e.xml.macaon	98	14	la	le	det	det	_	15	det	_	_
1ea60bc2-cae1-4c2d-b741-8790ef47ab1e.xml.macaon	99	15	Manche	Manche	np	np	_	13	obj	_	_
1ea60bc2-cae1-4c2d-b741-8790ef47ab1e.xml.macaon	100	16	et	et	coo	coo	_	15	coord	_	_
1ea60bc2-cae1-4c2d-b741-8790ef47ab1e.xml.macaon	101	17	mort	mort	adj	adj	_	15	mod	_	_	B:Death:TARGET:mort:G:101
1ea60bc2-cae1-4c2d-b741-8790ef47ab1e.xml.macaon	102	18	le	le	det	det	_	20	det	_	_	B:Death:FE:Time:G:101
1ea60bc2-cae1-4c2d-b741-8790ef47ab1e.xml.macaon	103	19	14	14	adj	adj	_	20	mod	_	_	I:Death:FE:Time:G:101
1ea60bc2-cae1-4c2d-b741-8790ef47ab1e.xml.macaon	104	20	août	août	nc	nc	_	13	obj	_	_	I:Death:FE:Time:G:101
1ea60bc2-cae1-4c2d-b741-8790ef47ab1e.xml.macaon	105	21	1961	1961	adj	adj	_	20	mod	_	_	I:Death:FE:Time:G:101
1ea60bc2-cae1-4c2d-b741-8790ef47ab1e.xml.macaon	106	22	à	à	prep	prep	_	20	dep	_	_	B:Death:FE:Place:G:101
1ea60bc2-cae1-4c2d-b741-8790ef47ab1e.xml.macaon	107	23	l'	le	det	det	_	24	det	_	_	I:Death:FE:Place:G:101
1ea60bc2-cae1-4c2d-b741-8790ef47ab1e.xml.macaon	108	24	Isle	Isle	np	np	_	22	obj	_	_	I:Death:FE:Place:G:101
1ea60bc2-cae1-4c2d-b741-8790ef47ab1e.xml.macaon	109	25	-	-	ponctw	ponctw	_	24	ponct	_	_	I:Death:FE:Place:G:101
1ea60bc2-cae1-4c2d-b741-8790ef47ab1e.xml.macaon	110	26	Adam	Adam	np	np	_	24	mod	_	_	I:Death:FE:Place:G:101
1ea60bc2-cae1-4c2d-b741-8790ef47ab1e.xml.macaon	111	27	dans	dans	prep	prep	_	26	dep	_	_	I:Death:FE:Place:G:101
1ea60bc2-cae1-4c2d-b741-8790ef47ab1e.xml.macaon	112	28	le	le	det	det	_	29	det	_	_	I:Death:FE:Place:G:101
1ea60bc2-cae1-4c2d-b741-8790ef47ab1e.xml.macaon	113	29	Val-d'Oise	Val-d'Oise	np	np	_	27	obj	_	_	I:Death:FE:Place:G:101
1ea60bc2-cae1-4c2d-b741-8790ef47ab1e.xml.macaon	114	30	à	à	prep	prep	_	27	obj	_	_
1ea60bc2-cae1-4c2d-b741-8790ef47ab1e.xml.macaon	115	31	l'	le	det	det	_	32	det	_	_
1ea60bc2-cae1-4c2d-b741-8790ef47ab1e.xml.macaon	116	32	époque	époque	nc	nc	_	30	obj	_	_
1ea60bc2-cae1-4c2d-b741-8790ef47ab1e.xml.macaon	117	33	Seine	Seine	np	np	_	32	mod	_	_
1ea60bc2-cae1-4c2d-b741-8790ef47ab1e.xml.macaon	118	34	-	-	ponctw	ponctw	_	32	ponct	_	_
1ea60bc2-cae1-4c2d-b741-8790ef47ab1e.xml.macaon	119	35	et	et	coo	coo	_	32	coord	_	_
1ea60bc2-cae1-4c2d-b741-8790ef47ab1e.xml.macaon	120	36	-	-	ponctw	ponctw	_	37	ponct	_	_
1ea60bc2-cae1-4c2d-b741-8790ef47ab1e.xml.macaon	121	37	Oise	Oise	np	np	_	35	dep_coord	_	_
1ea60bc2-cae1-4c2d-b741-8790ef47ab1e.xml.macaon	122	38	)	)	ponctw	ponctw	_	37	ponct	_	_
1ea60bc2-cae1-4c2d-b741-8790ef47ab1e.xml.macaon	123	39	est	être	v	v	_	35	dep_coord	_	_
1ea60bc2-cae1-4c2d-b741-8790ef47ab1e.xml.macaon	124	40	un	un	det	det	_	41	det	_	_
1ea60bc2-cae1-4c2d-b741-8790ef47ab1e.xml.macaon	125	41	abbé	abbé	nc	nc	_	39	ats	_	_
1ea60bc2-cae1-4c2d-b741-8790ef47ab1e.xml.macaon	126	42	et	et	coo	coo	_	41	coord	_	_
1ea60bc2-cae1-4c2d-b741-8790ef47ab1e.xml.macaon	127	43	un	un	det	det	_	44	det	_	_
1ea60bc2-cae1-4c2d-b741-8790ef47ab1e.xml.macaon	128	44	préhistorien	préhistorien	nc	nc	_	42	dep_coord	_	_
1ea60bc2-cae1-4c2d-b741-8790ef47ab1e.xml.macaon	129	45	français	français	adj	adj	_	44	mod	_	_
1ea60bc2-cae1-4c2d-b741-8790ef47ab1e.xml.macaon	130	46	surnommé	surnommer	vppart	vppart	_	44	mod	_	_
1ea60bc2-cae1-4c2d-b741-8790ef47ab1e.xml.macaon	131	47	le	le	det	det	_	49	det	_	_
1ea60bc2-cae1-4c2d-b741-8790ef47ab1e.xml.macaon	132	48	"	"	ponctw	ponctw	_	49	ponct	_	_
1ea60bc2-cae1-4c2d-b741-8790ef47ab1e.xml.macaon	133	49	Pape	pape	nc	nc	_	44	mod	_	_
1ea60bc2-cae1-4c2d-b741-8790ef47ab1e.xml.macaon	134	50	de	de	prep	prep	_	49	dep	_	_
1ea60bc2-cae1-4c2d-b741-8790ef47ab1e.xml.macaon	135	51	la	le	det	det	_	52	det	_	_
1ea60bc2-cae1-4c2d-b741-8790ef47ab1e.xml.macaon	136	52	préhistoire	préhistoire	nc	nc	_	50	obj	_	_
1ea60bc2-cae1-4c2d-b741-8790ef47ab1e.xml.macaon	137	53	"	"	ponctw	ponctw	_	52	ponct	_	_
1ea60bc2-cae1-4c2d-b741-8790ef47ab1e.xml.macaon	138	54	à#cause#de	à#cause#de	prep	prep	_	52	dep	_	_
1ea60bc2-cae1-4c2d-b741-8790ef47ab1e.xml.macaon	139	55	ses	son	det	det	_	56	det	_	_
1ea60bc2-cae1-4c2d-b741-8790ef47ab1e.xml.macaon	140	56	découvertes	découverte	nc	nc	_	54	obj	_	_	B:Becoming_aware:TARGET:découverte:G:140
1ea60bc2-cae1-4c2d-b741-8790ef47ab1e.xml.macaon	141	57	sur	sur	prep	prep	_	56	dep	_	_	B:Becoming_aware:FE:Topic:G:140
1ea60bc2-cae1-4c2d-b741-8790ef47ab1e.xml.macaon	142	58	la	le	det	det	_	59	det	_	_	I:Becoming_aware:FE:Topic:G:140
1ea60bc2-cae1-4c2d-b741-8790ef47ab1e.xml.macaon	143	59	préhistoire	préhistoire	nc	nc	_	57	obj	_	_	I:Becoming_aware:FE:Topic:G:140
1ea60bc2-cae1-4c2d-b741-8790ef47ab1e.xml.macaon	144	60	.	.	poncts	poncts	_	39	ponct	_	_

1ea60bc2-cae1-4c2d-b741-8790ef47ab1e.xml.macaon	145	1	Biographie	biographie	nc	nc	_	_	_	_	_

1ea60bc2-cae1-4c2d-b741-8790ef47ab1e.xml.macaon	146	1	Il	il	cln	cln	_	2	suj	_	_	B:Scrutiny:FE:Cognizer:G:151
1ea60bc2-cae1-4c2d-b741-8790ef47ab1e.xml.macaon	147	2	participe	participer	v	v	_	_	_	_	_	B:Participation:TARGET:participer:G:147
1ea60bc2-cae1-4c2d-b741-8790ef47ab1e.xml.macaon	148	3	en	en	prep	prep	_	2	mod	_	_	B:Scrutiny:FE:Time:G:151
1ea60bc2-cae1-4c2d-b741-8790ef47ab1e.xml.macaon	149	4	1886	1886	nc	nc	_	3	obj	_	_	I:Scrutiny:FE:Time:G:151
1ea60bc2-cae1-4c2d-b741-8790ef47ab1e.xml.macaon	150	5	aux	aux	prep	prep	_	4	dep	_	_
1ea60bc2-cae1-4c2d-b741-8790ef47ab1e.xml.macaon	151	6	fouilles	fouille	nc	nc	_	5	obj	_	_	B:Scrutiny:TARGET:fouille:G:151
1ea60bc2-cae1-4c2d-b741-8790ef47ab1e.xml.macaon	152	7	du	du	prep	prep	_	6	dep	_	_	B:Scrutiny:FE:Ground:G:151
1ea60bc2-cae1-4c2d-b741-8790ef47ab1e.xml.macaon	153	8	gisement	gisement	nc	nc	_	7	obj	_	_	I:Scrutiny:FE:Ground:G:151
1ea60bc2-cae1-4c2d-b741-8790ef47ab1e.xml.macaon	154	9	de	de	prep	prep	_	8	dep	_	_	I:Scrutiny:FE:Ground:G:151
1ea60bc2-cae1-4c2d-b741-8790ef47ab1e.xml.macaon	155	10	Campigny	Campigny	np	np	_	9	obj	_	_	I:Scrutiny:FE:Ground:G:151
1ea60bc2-cae1-4c2d-b741-8790ef47ab1e.xml.macaon	156	11	et	et	coo	coo	_	10	coord	_	_
1ea60bc2-cae1-4c2d-b741-8790ef47ab1e.xml.macaon	157	12	rencontre	rencontrer	v	v	_	11	dep_coord	_	_
1ea60bc2-cae1-4c2d-b741-8790ef47ab1e.xml.macaon	158	13	l'	le	det	det	_	14	det	_	_
1ea60bc2-cae1-4c2d-b741-8790ef47ab1e.xml.macaon	159	14	année	année	nc	nc	_	20	suj	_	_
1ea60bc2-cae1-4c2d-b741-8790ef47ab1e.xml.macaon	160	15	suivante	suivant	adj	adj	_	14	mod	_	_
1ea60bc2-cae1-4c2d-b741-8790ef47ab1e.xml.macaon	161	16	Édouard	Édouard	np	np	_	14	mod	_	_
1ea60bc2-cae1-4c2d-b741-8790ef47ab1e.xml.macaon	162	17	Piette	Piette	np	np	_	16	mod	_	_
1ea60bc2-cae1-4c2d-b741-8790ef47ab1e.xml.macaon	163	18	qui	qui	prorel	prorel	_	20	suj	_	_
1ea60bc2-cae1-4c2d-b741-8790ef47ab1e.xml.macaon	164	19	lui	lui	clo	clo	_	20	__JOKER__	_	_	B:Becoming_aware:FE:Cognizer:G:166
1ea60bc2-cae1-4c2d-b741-8790ef47ab1e.xml.macaon	165	20	fait	faire	v	v	_	11	dep_coord	_	_
1ea60bc2-cae1-4c2d-b741-8790ef47ab1e.xml.macaon	166	21	découvrir	découvrir	vinf	vinf	_	20	obj	_	_	B:Becoming_aware:TARGET:découvrir:G:166
1ea60bc2-cae1-4c2d-b741-8790ef47ab1e.xml.macaon	167	22	le	le	det	det	_	23	det	_	_	B:Becoming_aware:FE:Phenomenon:G:166
1ea60bc2-cae1-4c2d-b741-8790ef47ab1e.xml.macaon	168	23	mobilier	mobilier	nc	nc	_	21	obj	_	_	I:Becoming_aware:FE:Phenomenon:G:166
1ea60bc2-cae1-4c2d-b741-8790ef47ab1e.xml.macaon	169	24	au	au	prep	prep	_	21	mod	_	_	I:Becoming_aware:FE:Phenomenon:G:166
1ea60bc2-cae1-4c2d-b741-8790ef47ab1e.xml.macaon	170	25	paléolithique	paléolithique	nc	nc	_	24	obj	_	_	I:Becoming_aware:FE:Phenomenon:G:166
1ea60bc2-cae1-4c2d-b741-8790ef47ab1e.xml.macaon	171	26	notamment	notamment	adv	adv	_	25	mod	_	_
1ea60bc2-cae1-4c2d-b741-8790ef47ab1e.xml.macaon	172	27	celui	celui	pro	pro	_	24	obj	_	_
1ea60bc2-cae1-4c2d-b741-8790ef47ab1e.xml.macaon	173	28	de	de	prep	prep	_	27	dep	_	_
1ea60bc2-cae1-4c2d-b741-8790ef47ab1e.xml.macaon	174	29	Brassempouy	Brassempouy	np	np	_	28	obj	_	_
1ea60bc2-cae1-4c2d-b741-8790ef47ab1e.xml.macaon	175	30	.	.	poncts	poncts	_	2	__JOKER__	_	_

1ea60bc2-cae1-4c2d-b741-8790ef47ab1e.xml.macaon	176	1	Il	il	cln	cln	_	2	suj	_	_	B:Becoming:FE:Entity:G:177
1ea60bc2-cae1-4c2d-b741-8790ef47ab1e.xml.macaon	177	2	devient	devenir	v	v	_	_	_	_	_	B:Becoming:TARGET:devenir:G:177
1ea60bc2-cae1-4c2d-b741-8790ef47ab1e.xml.macaon	178	3	prêtre	prêtre	nc	nc	_	2	obj	_	_	B:Becoming:FE:Final_category:G:177
1ea60bc2-cae1-4c2d-b741-8790ef47ab1e.xml.macaon	179	4	en	en	prep	prep	_	2	mod	_	_
1ea60bc2-cae1-4c2d-b741-8790ef47ab1e.xml.macaon	180	5	1900	1900	nc	nc	_	4	obj	_	_	B:Becoming:FE:Time:G:177
1ea60bc2-cae1-4c2d-b741-8790ef47ab1e.xml.macaon	181	6	et	et	coo	coo	_	5	coord	_	_
1ea60bc2-cae1-4c2d-b741-8790ef47ab1e.xml.macaon	182	7	l'	le	det	det	_	8	det	_	_	B:Becoming_aware:FE:Time:G:189
1ea60bc2-cae1-4c2d-b741-8790ef47ab1e.xml.macaon	183	8	année	année	nc	nc	_	6	dep_coord	_	_	I:Becoming_aware:FE:Time:G:189
1ea60bc2-cae1-4c2d-b741-8790ef47ab1e.xml.macaon	184	9	suivante	suivant	adj	adj	_	8	mod	_	_	I:Becoming_aware:FE:Time:G:189
1ea60bc2-cae1-4c2d-b741-8790ef47ab1e.xml.macaon	185	10	il	il	cln	cln	_	11	suj	_	_	B:Becoming_aware:FE:Cognizer:G:189
1ea60bc2-cae1-4c2d-b741-8790ef47ab1e.xml.macaon	186	11	participe	participer	v	v	_	6	dep_coord	_	_	B:Participation:TARGET:participer:G:186
1ea60bc2-cae1-4c2d-b741-8790ef47ab1e.xml.macaon	187	12	à	à	prep	prep	_	11	a_obj	_	_
1ea60bc2-cae1-4c2d-b741-8790ef47ab1e.xml.macaon	188	13	la	le	det	det	_	14	det	_	_
1ea60bc2-cae1-4c2d-b741-8790ef47ab1e.xml.macaon	189	14	découverte	découverte	nc	nc	_	12	obj	_	_	B:Becoming_aware:TARGET:découverte:G:189
1ea60bc2-cae1-4c2d-b741-8790ef47ab1e.xml.macaon	190	15	des	des	prep	prep	_	14	dep	_	_	B:Becoming_aware:FE:Phenomenon:G:189
1ea60bc2-cae1-4c2d-b741-8790ef47ab1e.xml.macaon	191	16	grottes	grotte	nc	nc	_	15	obj	_	_	I:Becoming_aware:FE:Phenomenon:G:189
1ea60bc2-cae1-4c2d-b741-8790ef47ab1e.xml.macaon	192	17	de	de	prep	prep	_	16	dep	_	_	I:Becoming_aware:FE:Phenomenon:G:189
1ea60bc2-cae1-4c2d-b741-8790ef47ab1e.xml.macaon	193	18	Fond	Fond	np	np	_	17	obj	_	_	I:Becoming_aware:FE:Phenomenon:G:189
1ea60bc2-cae1-4c2d-b741-8790ef47ab1e.xml.macaon	194	19	-	-	ponctw	ponctw	_	16	ponct	_	_	I:Becoming_aware:FE:Phenomenon:G:189
1ea60bc2-cae1-4c2d-b741-8790ef47ab1e.xml.macaon	195	20	de	de	prep	prep	_	16	dep	_	_	I:Becoming_aware:FE:Phenomenon:G:189
1ea60bc2-cae1-4c2d-b741-8790ef47ab1e.xml.macaon	196	21	-	-	ponctw	ponctw	_	20	ponct	_	_	I:Becoming_aware:FE:Phenomenon:G:189
1ea60bc2-cae1-4c2d-b741-8790ef47ab1e.xml.macaon	197	22	Gaume	Gaume	np	np	_	20	obj	_	_	I:Becoming_aware:FE:Phenomenon:G:189
1ea60bc2-cae1-4c2d-b741-8790ef47ab1e.xml.macaon	198	23	,	,	ponctw	ponctw	_	22	ponct	_	_	I:Becoming_aware:FE:Phenomenon:G:189
1ea60bc2-cae1-4c2d-b741-8790ef47ab1e.xml.macaon	199	24	des	des	prep	prep	_	16	dep	_	_	I:Becoming_aware:FE:Phenomenon:G:189
1ea60bc2-cae1-4c2d-b741-8790ef47ab1e.xml.macaon	200	25	Combarelles	Combarelles	np	np	_	24	obj	_	_	I:Becoming_aware:FE:Phenomenon:G:189
1ea60bc2-cae1-4c2d-b741-8790ef47ab1e.xml.macaon	201	26	et	et	coo	coo	_	25	coord	_	_	I:Becoming_aware:FE:Phenomenon:G:189
1ea60bc2-cae1-4c2d-b741-8790ef47ab1e.xml.macaon	202	27	celles	celui	pro	pro	_	26	dep_coord	_	_	I:Becoming_aware:FE:Phenomenon:G:189
1ea60bc2-cae1-4c2d-b741-8790ef47ab1e.xml.macaon	203	28	d'	de	prep	prep	_	27	dep	_	_	I:Becoming_aware:FE:Phenomenon:G:189
1ea60bc2-cae1-4c2d-b741-8790ef47ab1e.xml.macaon	204	29	Alatamira	Alatamira	np	np	_	28	obj	_	_	I:Becoming_aware:FE:Phenomenon:G:189
1ea60bc2-cae1-4c2d-b741-8790ef47ab1e.xml.macaon	205	30	(	(	ponctw	ponctw	_	29	ponct	_	_	I:Becoming_aware:FE:Phenomenon:G:189
1ea60bc2-cae1-4c2d-b741-8790ef47ab1e.xml.macaon	206	31	Espagne	Espagne	np	np	_	28	obj	_	_	I:Becoming_aware:FE:Phenomenon:G:189
1ea60bc2-cae1-4c2d-b741-8790ef47ab1e.xml.macaon	207	32	)	)	ponctw	ponctw	_	26	ponct	_	_	I:Becoming_aware:FE:Phenomenon:G:189
1ea60bc2-cae1-4c2d-b741-8790ef47ab1e.xml.macaon	208	33	en	en	prep	prep	_	26	dep_coord	_	_	B:Becoming_aware:FE:Time:G:189
1ea60bc2-cae1-4c2d-b741-8790ef47ab1e.xml.macaon	209	34	1902	1902	nc	nc	_	33	obj	_	_	I:Becoming_aware:FE:Time:G:189
1ea60bc2-cae1-4c2d-b741-8790ef47ab1e.xml.macaon	210	35	.	.	poncts	poncts	_	2	__JOKER__	_	_

1ea60bc2-cae1-4c2d-b741-8790ef47ab1e.xml.macaon	211	1	Il	il	cln	cln	_	2	suj	_	_
1ea60bc2-cae1-4c2d-b741-8790ef47ab1e.xml.macaon	212	2	est	être	v	v	_	_	_	_	_
1ea60bc2-cae1-4c2d-b741-8790ef47ab1e.xml.macaon	213	3	également	également	adv	adv	_	2	mod	_	_
1ea60bc2-cae1-4c2d-b741-8790ef47ab1e.xml.macaon	214	4	le	le	det	det	_	6	det	_	_
1ea60bc2-cae1-4c2d-b741-8790ef47ab1e.xml.macaon	215	5	premier	premier	adj	adj	_	6	mod	_	_
1ea60bc2-cae1-4c2d-b741-8790ef47ab1e.xml.macaon	216	6	préhistorien	préhistorien	nc	nc	_	2	obj	_	_
1ea60bc2-cae1-4c2d-b741-8790ef47ab1e.xml.macaon	217	7	à	à	prep	prep	_	6	dep	_	_
1ea60bc2-cae1-4c2d-b741-8790ef47ab1e.xml.macaon	218	8	rentrer	rentrer	vinf	vinf	_	7	obj	_	_
1ea60bc2-cae1-4c2d-b741-8790ef47ab1e.xml.macaon	219	9	dans	dans	prep	prep	_	8	mod	_	_
1ea60bc2-cae1-4c2d-b741-8790ef47ab1e.xml.macaon	220	10	la	le	det	det	_	11	det	_	_
1ea60bc2-cae1-4c2d-b741-8790ef47ab1e.xml.macaon	221	11	grotte	grotte	nc	nc	_	9	obj	_	_
1ea60bc2-cae1-4c2d-b741-8790ef47ab1e.xml.macaon	222	12	de	de	prep	prep	_	11	dep	_	_
1ea60bc2-cae1-4c2d-b741-8790ef47ab1e.xml.macaon	223	13	Lascaux	Lascaux	np	np	_	12	obj	_	_
1ea60bc2-cae1-4c2d-b741-8790ef47ab1e.xml.macaon	224	14	en	en	prep	prep	_	8	mod	_	_
1ea60bc2-cae1-4c2d-b741-8790ef47ab1e.xml.macaon	225	15	1940	1940	nc	nc	_	14	obj	_	_
1ea60bc2-cae1-4c2d-b741-8790ef47ab1e.xml.macaon	226	16	.	.	poncts	poncts	_	2	ponct	_	_

1ea60bc2-cae1-4c2d-b741-8790ef47ab1e.xml.macaon	227	1	Son	son	det	det	_	2	det	_	_
1ea60bc2-cae1-4c2d-b741-8790ef47ab1e.xml.macaon	228	2	livre	livre	nc	nc	_	12	suj	_	_
1ea60bc2-cae1-4c2d-b741-8790ef47ab1e.xml.macaon	229	3	Quatre	Quatre	etr	etr	_	4	dep	_	_
1ea60bc2-cae1-4c2d-b741-8790ef47ab1e.xml.macaon	230	4	Cents	Cents	etr	etr	_	7	dep	_	_
1ea60bc2-cae1-4c2d-b741-8790ef47ab1e.xml.macaon	231	5	Siècles	Siècles	etr	etr	_	7	dep	_	_
1ea60bc2-cae1-4c2d-b741-8790ef47ab1e.xml.macaon	232	6	d'	un	det	det	_	7	det	_	_
1ea60bc2-cae1-4c2d-b741-8790ef47ab1e.xml.macaon	233	7	art	art	nc	nc	_	2	mod	_	_
1ea60bc2-cae1-4c2d-b741-8790ef47ab1e.xml.macaon	234	8	pariétal	pariétal	adj	adj	_	7	mod	_	_
1ea60bc2-cae1-4c2d-b741-8790ef47ab1e.xml.macaon	235	9	sorti	sortir	vppart	vppart	_	7	mod	_	_
1ea60bc2-cae1-4c2d-b741-8790ef47ab1e.xml.macaon	236	10	en	en	prep	prep	_	9	mod	_	_
1ea60bc2-cae1-4c2d-b741-8790ef47ab1e.xml.macaon	237	11	1952	1952	nc	nc	_	10	obj	_	_
1ea60bc2-cae1-4c2d-b741-8790ef47ab1e.xml.macaon	238	12	reste	rester	v	v	_	_	_	_	_
1ea60bc2-cae1-4c2d-b741-8790ef47ab1e.xml.macaon	239	13	une	un	det	det	_	14	det	_	_
1ea60bc2-cae1-4c2d-b741-8790ef47ab1e.xml.macaon	240	14	contribution	contribution	nc	nc	_	12	obj	_	_
1ea60bc2-cae1-4c2d-b741-8790ef47ab1e.xml.macaon	241	15	majeure	majeur	adj	adj	_	14	mod	_	_
1ea60bc2-cae1-4c2d-b741-8790ef47ab1e.xml.macaon	242	16	pour	pour	prep	prep	_	12	mod	_	_
1ea60bc2-cae1-4c2d-b741-8790ef47ab1e.xml.macaon	243	17	comprendre	comprendre	vinf	vinf	_	16	obj	_	_	B:Awareness:TARGET:comprendre:G:243
1ea60bc2-cae1-4c2d-b741-8790ef47ab1e.xml.macaon	244	18	la	le	det	det	_	19	det	_	_	B:Awareness:FE:Content:G:243
1ea60bc2-cae1-4c2d-b741-8790ef47ab1e.xml.macaon	245	19	préhistoire	préhistoire	nc	nc	_	17	obj	_	_	I:Awareness:FE:Content:G:243
1ea60bc2-cae1-4c2d-b741-8790ef47ab1e.xml.macaon	246	20	.	.	poncts	poncts	_	12	ponct	_	_

1ea60bc2-cae1-4c2d-b741-8790ef47ab1e.xml.macaon	247	1	Sources	source	nc	nc	_	_	_	_	_

1ea60bc2-cae1-4c2d-b741-8790ef47ab1e.xml.macaon	248	1	Michel	Michel	np	np	_	_	_	_	_
1ea60bc2-cae1-4c2d-b741-8790ef47ab1e.xml.macaon	249	2	Brézillon	Brézillon	np	np	_	1	mod	_	_
1ea60bc2-cae1-4c2d-b741-8790ef47ab1e.xml.macaon	250	3	,	,	ponctw	ponctw	_	2	ponct	_	_
1ea60bc2-cae1-4c2d-b741-8790ef47ab1e.xml.macaon	251	4	Dictionnaire	dictionnaire	nc	nc	_	2	mod	_	_
1ea60bc2-cae1-4c2d-b741-8790ef47ab1e.xml.macaon	252	5	de	de	prep	prep	_	4	dep	_	_
1ea60bc2-cae1-4c2d-b741-8790ef47ab1e.xml.macaon	253	6	la	le	det	det	_	7	det	_	_
1ea60bc2-cae1-4c2d-b741-8790ef47ab1e.xml.macaon	254	7	préhistoire	préhistoire	nc	nc	_	5	obj	_	_
1ea60bc2-cae1-4c2d-b741-8790ef47ab1e.xml.macaon	255	8	Nicolas	Nicolas	np	np	_	7	mod	_	_
1ea60bc2-cae1-4c2d-b741-8790ef47ab1e.xml.macaon	256	9	Skrotzky	Skrotzky	np	np	_	8	mod	_	_
1ea60bc2-cae1-4c2d-b741-8790ef47ab1e.xml.macaon	257	10	,	,	ponctw	ponctw	_	7	ponct	_	_
1ea60bc2-cae1-4c2d-b741-8790ef47ab1e.xml.macaon	258	11	L'	L'	det	det	_	12	det	_	_
1ea60bc2-cae1-4c2d-b741-8790ef47ab1e.xml.macaon	259	12	abbé	abbé	nc	nc	_	5	obj	_	_
1ea60bc2-cae1-4c2d-b741-8790ef47ab1e.xml.macaon	260	13	Breuil	Breuil	np	np	_	12	mod	_	_
1ea60bc2-cae1-4c2d-b741-8790ef47ab1e.xml.macaon	261	14	et	et	coo	coo	_	13	coord	_	_
1ea60bc2-cae1-4c2d-b741-8790ef47ab1e.xml.macaon	262	15	la	le	det	det	_	16	det	_	_
1ea60bc2-cae1-4c2d-b741-8790ef47ab1e.xml.macaon	263	16	préhistoire	préhistoire	nc	nc	_	14	dep_coord	_	_
