26e3ff95-4dd1-4b13-a0a9-30b1902068f3.xml.macaon	0	1	vikidia	vikidia	nc	nc	_	_	_	_	_

26e3ff95-4dd1-4b13-a0a9-30b1902068f3.xml.macaon	1	1	26e3ff95	26e3ff95	adj	adj	_	3	mod	_	_
26e3ff95-4dd1-4b13-a0a9-30b1902068f3.xml.macaon	2	2	-	-	ponctw	ponctw	_	1	ponct	_	_
26e3ff95-4dd1-4b13-a0a9-30b1902068f3.xml.macaon	3	3	4dd1	4dd1	nc	nc	_	_	_	_	_
26e3ff95-4dd1-4b13-a0a9-30b1902068f3.xml.macaon	4	4	-	-	ponctw	ponctw	_	3	ponct	_	_
26e3ff95-4dd1-4b13-a0a9-30b1902068f3.xml.macaon	5	5	4b13	4b13	nc	nc	_	3	mod	_	_
26e3ff95-4dd1-4b13-a0a9-30b1902068f3.xml.macaon	6	6	-	-	ponctw	ponctw	_	5	ponct	_	_
26e3ff95-4dd1-4b13-a0a9-30b1902068f3.xml.macaon	7	7	a0a9	a0a9	nc	nc	_	5	mod	_	_
26e3ff95-4dd1-4b13-a0a9-30b1902068f3.xml.macaon	8	8	-	-	ponctw	ponctw	_	7	ponct	_	_
26e3ff95-4dd1-4b13-a0a9-30b1902068f3.xml.macaon	9	9	30b1902068f3	30b1902068f3	nc	nc	_	7	mod	_	_

26e3ff95-4dd1-4b13-a0a9-30b1902068f3.xml.macaon	10	1	ADDED	ADDED	nc	nc	_	_	_	_	_

26e3ff95-4dd1-4b13-a0a9-30b1902068f3.xml.macaon	11	1	2016	2016	adj	adj	_	3	mod	_	_
26e3ff95-4dd1-4b13-a0a9-30b1902068f3.xml.macaon	12	2	-	-	ponctw	ponctw	_	1	ponct	_	_
26e3ff95-4dd1-4b13-a0a9-30b1902068f3.xml.macaon	13	3	06	06	nc	nc	_	_	_	_	_
26e3ff95-4dd1-4b13-a0a9-30b1902068f3.xml.macaon	14	4	-	-	ponctw	ponctw	_	3	ponct	_	_
26e3ff95-4dd1-4b13-a0a9-30b1902068f3.xml.macaon	15	5	15T14	15T14	nc	nc	_	3	mod	_	_
26e3ff95-4dd1-4b13-a0a9-30b1902068f3.xml.macaon	16	6	:	:	ponctw	ponctw	_	5	ponct	_	_
26e3ff95-4dd1-4b13-a0a9-30b1902068f3.xml.macaon	17	7	32	32	nc	nc	_	5	mod	_	_
26e3ff95-4dd1-4b13-a0a9-30b1902068f3.xml.macaon	18	8	:	:	ponctw	ponctw	_	7	ponct	_	_
26e3ff95-4dd1-4b13-a0a9-30b1902068f3.xml.macaon	19	9	42Z	42Z	nc	nc	_	7	mod	_	_

26e3ff95-4dd1-4b13-a0a9-30b1902068f3.xml.macaon	20	1	Maiden	Maiden	np	np	_	_	_	_	_
26e3ff95-4dd1-4b13-a0a9-30b1902068f3.xml.macaon	21	2	Castle	Castle	np	np	_	1	mod	_	_

26e3ff95-4dd1-4b13-a0a9-30b1902068f3.xml.macaon	22	1	Maiden	Maiden	np	np	_	3	suj	_	_
26e3ff95-4dd1-4b13-a0a9-30b1902068f3.xml.macaon	23	2	Castle	Castle	np	np	_	1	mod	_	_
26e3ff95-4dd1-4b13-a0a9-30b1902068f3.xml.macaon	24	3	est	être	v	v	_	_	_	_	_
26e3ff95-4dd1-4b13-a0a9-30b1902068f3.xml.macaon	25	4	la	le	det	det	_	7	det	_	_
26e3ff95-4dd1-4b13-a0a9-30b1902068f3.xml.macaon	26	5	plus	plus	adv	adv	_	6	mod	_	_
26e3ff95-4dd1-4b13-a0a9-30b1902068f3.xml.macaon	27	6	grande	grand	adj	adj	_	7	mod	_	_
26e3ff95-4dd1-4b13-a0a9-30b1902068f3.xml.macaon	28	7	colline	colline	nc	nc	_	3	obj	_	_
26e3ff95-4dd1-4b13-a0a9-30b1902068f3.xml.macaon	29	8	fortifiée	fortifier	vppart	vppart	_	7	mod	_	_
26e3ff95-4dd1-4b13-a0a9-30b1902068f3.xml.macaon	30	9	de#l'	de#l'	prep	prep	_	8	mod	_	_
26e3ff95-4dd1-4b13-a0a9-30b1902068f3.xml.macaon	31	10	âge	âge	nc	nc	_	9	obj	_	_
26e3ff95-4dd1-4b13-a0a9-30b1902068f3.xml.macaon	32	11	du	du	prep	prep	_	8	mod	_	_
26e3ff95-4dd1-4b13-a0a9-30b1902068f3.xml.macaon	33	12	fer	fer	nc	nc	_	11	obj	_	_
26e3ff95-4dd1-4b13-a0a9-30b1902068f3.xml.macaon	34	13	de	de	prep	prep	_	12	dep	_	_
26e3ff95-4dd1-4b13-a0a9-30b1902068f3.xml.macaon	35	14	toute	tout	det	det	_	15	det	_	_
26e3ff95-4dd1-4b13-a0a9-30b1902068f3.xml.macaon	36	15	l'	l'	nc	nc	_	13	obj	_	_
26e3ff95-4dd1-4b13-a0a9-30b1902068f3.xml.macaon	37	16	Europe	Europe	np	np	_	13	obj	_	_
26e3ff95-4dd1-4b13-a0a9-30b1902068f3.xml.macaon	38	17	.	.	poncts	poncts	_	3	ponct	_	_

26e3ff95-4dd1-4b13-a0a9-30b1902068f3.xml.macaon	39	1	Elle	elle	cln	cln	_	2	suj	_	_
26e3ff95-4dd1-4b13-a0a9-30b1902068f3.xml.macaon	40	2	est	être	v	v	_	_	_	_	_
26e3ff95-4dd1-4b13-a0a9-30b1902068f3.xml.macaon	41	3	située	situer	vppart	vppart	_	2	__JOKER__	_	_
26e3ff95-4dd1-4b13-a0a9-30b1902068f3.xml.macaon	42	4	dans	dans	prep	prep	_	3	mod	_	_
26e3ff95-4dd1-4b13-a0a9-30b1902068f3.xml.macaon	43	5	le	le	det	det	_	6	det	_	_
26e3ff95-4dd1-4b13-a0a9-30b1902068f3.xml.macaon	44	6	Sud	Sud	np	np	_	4	obj	_	_
26e3ff95-4dd1-4b13-a0a9-30b1902068f3.xml.macaon	45	7	de#l'	de#l'	prep	prep	_	3	mod	_	_
26e3ff95-4dd1-4b13-a0a9-30b1902068f3.xml.macaon	46	8	Angleterre	Angleterre	np	np	_	7	obj	_	_
26e3ff95-4dd1-4b13-a0a9-30b1902068f3.xml.macaon	47	9	,	,	ponctw	ponctw	_	8	ponct	_	_
26e3ff95-4dd1-4b13-a0a9-30b1902068f3.xml.macaon	48	10	près#de	près#de	prep	prep	_	3	mod	_	_
26e3ff95-4dd1-4b13-a0a9-30b1902068f3.xml.macaon	49	11	la	le	det	det	_	12	det	_	_
26e3ff95-4dd1-4b13-a0a9-30b1902068f3.xml.macaon	50	12	ville	ville	nc	nc	_	10	obj	_	_
26e3ff95-4dd1-4b13-a0a9-30b1902068f3.xml.macaon	51	13	de	de	prep	prep	_	12	dep	_	_
26e3ff95-4dd1-4b13-a0a9-30b1902068f3.xml.macaon	52	14	Dorchester	Dorchester	np	np	_	13	obj	_	_
26e3ff95-4dd1-4b13-a0a9-30b1902068f3.xml.macaon	53	15	,	,	ponctw	ponctw	_	12	ponct	_	_
26e3ff95-4dd1-4b13-a0a9-30b1902068f3.xml.macaon	54	16	dans	dans	prep	prep	_	12	dep	_	_
26e3ff95-4dd1-4b13-a0a9-30b1902068f3.xml.macaon	55	17	le	le	det	det	_	18	det	_	_
26e3ff95-4dd1-4b13-a0a9-30b1902068f3.xml.macaon	56	18	comté	comté	nc	nc	_	16	obj	_	_
26e3ff95-4dd1-4b13-a0a9-30b1902068f3.xml.macaon	57	19	de	de	prep	prep	_	18	dep	_	_
26e3ff95-4dd1-4b13-a0a9-30b1902068f3.xml.macaon	58	20	Dorset	Dorset	np	np	_	19	obj	_	_
26e3ff95-4dd1-4b13-a0a9-30b1902068f3.xml.macaon	59	21	.	.	poncts	poncts	_	2	ponct	_	_

26e3ff95-4dd1-4b13-a0a9-30b1902068f3.xml.macaon	60	1	Préhistoire	préhistoire	nc	nc	_	_	_	_	_

26e3ff95-4dd1-4b13-a0a9-30b1902068f3.xml.macaon	61	1	Maiden	Maiden	np	np	_	_	_	_	_
26e3ff95-4dd1-4b13-a0a9-30b1902068f3.xml.macaon	62	2	Castle	Castle	np	np	_	1	mod	_	_

26e3ff95-4dd1-4b13-a0a9-30b1902068f3.xml.macaon	63	1	Maiden	Maiden	np	np	_	3	suj	_	_
26e3ff95-4dd1-4b13-a0a9-30b1902068f3.xml.macaon	64	2	Castle	Castle	np	np	_	1	mod	_	_
26e3ff95-4dd1-4b13-a0a9-30b1902068f3.xml.macaon	65	3	est	être	v	v	_	_	_	_	_
26e3ff95-4dd1-4b13-a0a9-30b1902068f3.xml.macaon	66	4	la	le	det	det	_	7	det	_	_
26e3ff95-4dd1-4b13-a0a9-30b1902068f3.xml.macaon	67	5	plus	plus	adv	adv	_	6	mod	_	_
26e3ff95-4dd1-4b13-a0a9-30b1902068f3.xml.macaon	68	6	grande	grand	adj	adj	_	7	mod	_	_
26e3ff95-4dd1-4b13-a0a9-30b1902068f3.xml.macaon	69	7	colline	colline	nc	nc	_	3	obj	_	_
26e3ff95-4dd1-4b13-a0a9-30b1902068f3.xml.macaon	70	8	fortifiée	fortifier	vppart	vppart	_	7	mod	_	_
26e3ff95-4dd1-4b13-a0a9-30b1902068f3.xml.macaon	71	9	de#l'	de#l'	prep	prep	_	8	mod	_	_
26e3ff95-4dd1-4b13-a0a9-30b1902068f3.xml.macaon	72	10	âge	âge	nc	nc	_	9	obj	_	_
26e3ff95-4dd1-4b13-a0a9-30b1902068f3.xml.macaon	73	11	du	du	prep	prep	_	8	mod	_	_
26e3ff95-4dd1-4b13-a0a9-30b1902068f3.xml.macaon	74	12	fer	fer	nc	nc	_	11	obj	_	_
26e3ff95-4dd1-4b13-a0a9-30b1902068f3.xml.macaon	75	13	de	de	prep	prep	_	12	dep	_	_
26e3ff95-4dd1-4b13-a0a9-30b1902068f3.xml.macaon	76	14	toute	tout	det	det	_	15	det	_	_
26e3ff95-4dd1-4b13-a0a9-30b1902068f3.xml.macaon	77	15	l'	l'	nc	nc	_	13	obj	_	_
26e3ff95-4dd1-4b13-a0a9-30b1902068f3.xml.macaon	78	16	Europe	Europe	np	np	_	13	obj	_	_
26e3ff95-4dd1-4b13-a0a9-30b1902068f3.xml.macaon	79	17	.	.	poncts	poncts	_	3	ponct	_	_

26e3ff95-4dd1-4b13-a0a9-30b1902068f3.xml.macaon	80	1	Elle	elle	cln	cln	_	2	suj	_	_
26e3ff95-4dd1-4b13-a0a9-30b1902068f3.xml.macaon	81	2	est	être	v	v	_	_	_	_	_
26e3ff95-4dd1-4b13-a0a9-30b1902068f3.xml.macaon	82	3	située	situer	vppart	vppart	_	2	__JOKER__	_	_
26e3ff95-4dd1-4b13-a0a9-30b1902068f3.xml.macaon	83	4	dans	dans	prep	prep	_	3	mod	_	_
26e3ff95-4dd1-4b13-a0a9-30b1902068f3.xml.macaon	84	5	le	le	det	det	_	6	det	_	_
26e3ff95-4dd1-4b13-a0a9-30b1902068f3.xml.macaon	85	6	Sud	Sud	np	np	_	4	obj	_	_
26e3ff95-4dd1-4b13-a0a9-30b1902068f3.xml.macaon	86	7	de#l'	de#l'	prep	prep	_	3	mod	_	_
26e3ff95-4dd1-4b13-a0a9-30b1902068f3.xml.macaon	87	8	Angleterre	Angleterre	np	np	_	7	obj	_	_
26e3ff95-4dd1-4b13-a0a9-30b1902068f3.xml.macaon	88	9	,	,	ponctw	ponctw	_	8	ponct	_	_
26e3ff95-4dd1-4b13-a0a9-30b1902068f3.xml.macaon	89	10	près#de	près#de	prep	prep	_	3	mod	_	_
26e3ff95-4dd1-4b13-a0a9-30b1902068f3.xml.macaon	90	11	la	le	det	det	_	12	det	_	_
26e3ff95-4dd1-4b13-a0a9-30b1902068f3.xml.macaon	91	12	ville	ville	nc	nc	_	10	obj	_	_
26e3ff95-4dd1-4b13-a0a9-30b1902068f3.xml.macaon	92	13	de	de	prep	prep	_	12	dep	_	_
26e3ff95-4dd1-4b13-a0a9-30b1902068f3.xml.macaon	93	14	Dorchester	Dorchester	np	np	_	13	obj	_	_
26e3ff95-4dd1-4b13-a0a9-30b1902068f3.xml.macaon	94	15	,	,	ponctw	ponctw	_	12	ponct	_	_
26e3ff95-4dd1-4b13-a0a9-30b1902068f3.xml.macaon	95	16	dans	dans	prep	prep	_	12	dep	_	_
26e3ff95-4dd1-4b13-a0a9-30b1902068f3.xml.macaon	96	17	le	le	det	det	_	18	det	_	_
26e3ff95-4dd1-4b13-a0a9-30b1902068f3.xml.macaon	97	18	comté	comté	nc	nc	_	16	obj	_	_
26e3ff95-4dd1-4b13-a0a9-30b1902068f3.xml.macaon	98	19	de	de	prep	prep	_	18	dep	_	_
26e3ff95-4dd1-4b13-a0a9-30b1902068f3.xml.macaon	99	20	Dorset	Dorset	np	np	_	19	obj	_	_
26e3ff95-4dd1-4b13-a0a9-30b1902068f3.xml.macaon	100	21	.	.	poncts	poncts	_	2	ponct	_	_

26e3ff95-4dd1-4b13-a0a9-30b1902068f3.xml.macaon	101	1	Ce#que	ce#que	csu	csu	_	_	_	_	_
26e3ff95-4dd1-4b13-a0a9-30b1902068f3.xml.macaon	102	2	les	le	det	det	_	3	det	_	_
26e3ff95-4dd1-4b13-a0a9-30b1902068f3.xml.macaon	103	3	archéologues	archéologue	nc	nc	_	5	suj	_	_
26e3ff95-4dd1-4b13-a0a9-30b1902068f3.xml.macaon	104	4	britanniques	britannique	adj	adj	_	3	mod	_	_
26e3ff95-4dd1-4b13-a0a9-30b1902068f3.xml.macaon	105	5	appellent	appeler	v	v	_	1	obj	_	_	B:OTHER:G
26e3ff95-4dd1-4b13-a0a9-30b1902068f3.xml.macaon	106	6	une	un	det	det	_	8	det	_	_
26e3ff95-4dd1-4b13-a0a9-30b1902068f3.xml.macaon	107	7	«	«	ponctw	ponctw	_	8	ponct	_	_
26e3ff95-4dd1-4b13-a0a9-30b1902068f3.xml.macaon	108	8	colline	colline	nc	nc	_	5	obj	_	_
26e3ff95-4dd1-4b13-a0a9-30b1902068f3.xml.macaon	109	9	fortifiée	fortifier	adj	adj	_	8	mod	_	_
26e3ff95-4dd1-4b13-a0a9-30b1902068f3.xml.macaon	110	10	»	»	ponctw	ponctw	_	8	ponct	_	_
26e3ff95-4dd1-4b13-a0a9-30b1902068f3.xml.macaon	111	11	(	(	ponctw	ponctw	_	8	ponct	_	_
26e3ff95-4dd1-4b13-a0a9-30b1902068f3.xml.macaon	112	12	en	en	prep	prep	_	5	mod	_	_
26e3ff95-4dd1-4b13-a0a9-30b1902068f3.xml.macaon	113	13	anglais	anglais	nc	nc	_	12	obj	_	_
26e3ff95-4dd1-4b13-a0a9-30b1902068f3.xml.macaon	114	14	:	:	ponctw	ponctw	_	13	ponct	_	_
26e3ff95-4dd1-4b13-a0a9-30b1902068f3.xml.macaon	115	15	hill	hill	nc	nc	_	13	mod	_	_
26e3ff95-4dd1-4b13-a0a9-30b1902068f3.xml.macaon	116	16	fort	fort	adj	adj	_	15	mod	_	_
26e3ff95-4dd1-4b13-a0a9-30b1902068f3.xml.macaon	117	17	)	)	ponctw	ponctw	_	18	ponct	_	_
26e3ff95-4dd1-4b13-a0a9-30b1902068f3.xml.macaon	118	18	correspond	correspondre	v	v	_	1	obj	_	_
26e3ff95-4dd1-4b13-a0a9-30b1902068f3.xml.macaon	119	19	en#gros	en#gros	adv	adv	_	18	mod	_	_
26e3ff95-4dd1-4b13-a0a9-30b1902068f3.xml.macaon	120	20	à	à	prep	prep	_	18	a_obj	_	_
26e3ff95-4dd1-4b13-a0a9-30b1902068f3.xml.macaon	121	21	ce#que	ce#que	det	det	_	22	det	_	_
26e3ff95-4dd1-4b13-a0a9-30b1902068f3.xml.macaon	122	22	l'on	l'on	nc	nc	_	20	obj	_	_
26e3ff95-4dd1-4b13-a0a9-30b1902068f3.xml.macaon	123	23	appelle	appeler	v	v	_	1	obj	_	_	B:OTHER:G
26e3ff95-4dd1-4b13-a0a9-30b1902068f3.xml.macaon	124	24	un	un	det	det	_	25	det	_	_
26e3ff95-4dd1-4b13-a0a9-30b1902068f3.xml.macaon	125	25	oppidum	oppidum	nc	nc	_	23	obj	_	_
26e3ff95-4dd1-4b13-a0a9-30b1902068f3.xml.macaon	126	26	dans	dans	prep	prep	_	23	mod	_	_
26e3ff95-4dd1-4b13-a0a9-30b1902068f3.xml.macaon	127	27	le	le	det	det	_	28	det	_	_
26e3ff95-4dd1-4b13-a0a9-30b1902068f3.xml.macaon	128	28	Nord	Nord	np	np	_	26	obj	_	_
26e3ff95-4dd1-4b13-a0a9-30b1902068f3.xml.macaon	129	29	et	et	coo	coo	_	28	coord	_	_
26e3ff95-4dd1-4b13-a0a9-30b1902068f3.xml.macaon	130	30	l'	le	det	det	_	31	det	_	_
26e3ff95-4dd1-4b13-a0a9-30b1902068f3.xml.macaon	131	31	Ouest	Ouest	nc	nc	_	26	obj	_	_
26e3ff95-4dd1-4b13-a0a9-30b1902068f3.xml.macaon	132	32	de#l'	de#l'	prep	prep	_	31	dep	_	_
26e3ff95-4dd1-4b13-a0a9-30b1902068f3.xml.macaon	133	33	Europe	Europe	np	np	_	32	obj	_	_
26e3ff95-4dd1-4b13-a0a9-30b1902068f3.xml.macaon	134	34	(	(	ponctw	ponctw	_	31	ponct	_	_
26e3ff95-4dd1-4b13-a0a9-30b1902068f3.xml.macaon	135	35	France	France	np	np	_	31	mod	_	_
26e3ff95-4dd1-4b13-a0a9-30b1902068f3.xml.macaon	136	36	,	,	ponctw	ponctw	_	31	ponct	_	_
26e3ff95-4dd1-4b13-a0a9-30b1902068f3.xml.macaon	137	37	Allemagne	Allemagne	np	np	_	31	mod	_	_
26e3ff95-4dd1-4b13-a0a9-30b1902068f3.xml.macaon	138	38	...	...	ponctw	ponctw	_	37	ponct	_	_
26e3ff95-4dd1-4b13-a0a9-30b1902068f3.xml.macaon	139	39	)	)	ponctw	ponctw	_	37	ponct	_	_
26e3ff95-4dd1-4b13-a0a9-30b1902068f3.xml.macaon	140	40	et	et	coo	coo	_	31	coord	_	_
26e3ff95-4dd1-4b13-a0a9-30b1902068f3.xml.macaon	141	41	un	un	det	det	_	42	det	_	_
26e3ff95-4dd1-4b13-a0a9-30b1902068f3.xml.macaon	142	42	castro	castro	nc	nc	_	40	dep_coord	_	_
26e3ff95-4dd1-4b13-a0a9-30b1902068f3.xml.macaon	143	43	dans	dans	prep	prep	_	31	dep	_	_
26e3ff95-4dd1-4b13-a0a9-30b1902068f3.xml.macaon	144	44	la	le	det	det	_	45	det	_	_
26e3ff95-4dd1-4b13-a0a9-30b1902068f3.xml.macaon	145	45	péninsule	péninsule	nc	nc	_	43	obj	_	_
26e3ff95-4dd1-4b13-a0a9-30b1902068f3.xml.macaon	146	46	Ibérique	Ibérique	np	np	_	45	mod	_	_
26e3ff95-4dd1-4b13-a0a9-30b1902068f3.xml.macaon	147	47	(	(	ponctw	ponctw	_	45	ponct	_	_
26e3ff95-4dd1-4b13-a0a9-30b1902068f3.xml.macaon	148	48	Espagne	Espagne	np	np	_	45	mod	_	_
26e3ff95-4dd1-4b13-a0a9-30b1902068f3.xml.macaon	149	49	,	,	ponctw	ponctw	_	45	ponct	_	_
26e3ff95-4dd1-4b13-a0a9-30b1902068f3.xml.macaon	150	50	Portugal	Portugal	np	np	_	45	mod	_	_
26e3ff95-4dd1-4b13-a0a9-30b1902068f3.xml.macaon	151	51	)	)	ponctw	ponctw	_	50	ponct	_	_
26e3ff95-4dd1-4b13-a0a9-30b1902068f3.xml.macaon	152	52	.	.	poncts	poncts	_	1	ponct	_	_

26e3ff95-4dd1-4b13-a0a9-30b1902068f3.xml.macaon	153	1	Le	le	det	det	_	2	det	_	_	B:Scrutiny:FE:Ground:G:160
26e3ff95-4dd1-4b13-a0a9-30b1902068f3.xml.macaon	154	2	site	site	nc	nc	_	8	suj	_	_	I:Scrutiny:FE:Ground:G:160
26e3ff95-4dd1-4b13-a0a9-30b1902068f3.xml.macaon	155	3	de	de	prep	prep	_	2	dep	_	_	I:Scrutiny:FE:Ground:G:160
26e3ff95-4dd1-4b13-a0a9-30b1902068f3.xml.macaon	156	4	Maiden	Maiden	np	np	_	3	obj	_	_	I:Scrutiny:FE:Ground:G:160
26e3ff95-4dd1-4b13-a0a9-30b1902068f3.xml.macaon	157	5	Castle	Castle	np	np	_	4	mod	_	_	I:Scrutiny:FE:Ground:G:160
26e3ff95-4dd1-4b13-a0a9-30b1902068f3.xml.macaon	158	6	a	avoir	v	v	_	8	aux_tps	_	_
26e3ff95-4dd1-4b13-a0a9-30b1902068f3.xml.macaon	159	7	été	être	vppart	vppart	_	8	aux_pass	_	_
26e3ff95-4dd1-4b13-a0a9-30b1902068f3.xml.macaon	160	8	fouillé	fouiller	vppart	vppart	_	_	_	_	_	B:Scrutiny:TARGET:fouiller:G:160
26e3ff95-4dd1-4b13-a0a9-30b1902068f3.xml.macaon	161	9	au	au	prep	prep	_	8	mod	_	_	B:Scrutiny:FE:Time:G:160
26e3ff95-4dd1-4b13-a0a9-30b1902068f3.xml.macaon	162	10	cours	cour	nc	nc	_	9	obj	_	_	I:Scrutiny:FE:Time:G:160
26e3ff95-4dd1-4b13-a0a9-30b1902068f3.xml.macaon	163	11	des	des	prep	prep	_	8	mod	_	_	I:Scrutiny:FE:Time:G:160
26e3ff95-4dd1-4b13-a0a9-30b1902068f3.xml.macaon	164	12	années	année	nc	nc	_	11	obj	_	_	I:Scrutiny:FE:Time:G:160
26e3ff95-4dd1-4b13-a0a9-30b1902068f3.xml.macaon	165	13	1930	1930	adj	adj	_	12	mod	_	_	I:Scrutiny:FE:Time:G:160
26e3ff95-4dd1-4b13-a0a9-30b1902068f3.xml.macaon	166	14	par	par	prep	prep	_	12	dep	_	_
26e3ff95-4dd1-4b13-a0a9-30b1902068f3.xml.macaon	167	15	l'	le	det	det	_	16	det	_	_	B:Scrutiny:FE:Cognizer:G:160
26e3ff95-4dd1-4b13-a0a9-30b1902068f3.xml.macaon	168	16	archéologue	archéologue	nc	nc	_	14	obj	_	_	I:Scrutiny:FE:Cognizer:G:160
26e3ff95-4dd1-4b13-a0a9-30b1902068f3.xml.macaon	169	17	britannique	britannique	adj	adj	_	16	mod	_	_	I:Scrutiny:FE:Cognizer:G:160
26e3ff95-4dd1-4b13-a0a9-30b1902068f3.xml.macaon	170	18	Mortimer	Mortimer	np	np	_	16	mod	_	_	I:Scrutiny:FE:Cognizer:G:160
26e3ff95-4dd1-4b13-a0a9-30b1902068f3.xml.macaon	171	19	Wheeler	Wheeler	np	np	_	18	mod	_	_	I:Scrutiny:FE:Cognizer:G:160
26e3ff95-4dd1-4b13-a0a9-30b1902068f3.xml.macaon	172	20	(	(	ponctw	ponctw	_	19	ponct	_	_
26e3ff95-4dd1-4b13-a0a9-30b1902068f3.xml.macaon	173	21	wp	wp	nc	nc	_	19	mod	_	_
26e3ff95-4dd1-4b13-a0a9-30b1902068f3.xml.macaon	174	22	)	)	ponctw	ponctw	_	21	ponct	_	_
26e3ff95-4dd1-4b13-a0a9-30b1902068f3.xml.macaon	175	23	.	.	poncts	poncts	_	8	ponct	_	_

26e3ff95-4dd1-4b13-a0a9-30b1902068f3.xml.macaon	176	1	Historique	Historique	np	np	_	_	_	_	_
26e3ff95-4dd1-4b13-a0a9-30b1902068f3.xml.macaon	177	2	du	du	prep	prep	_	1	dep	_	_
26e3ff95-4dd1-4b13-a0a9-30b1902068f3.xml.macaon	178	3	site	site	nc	nc	_	2	obj	_	_

26e3ff95-4dd1-4b13-a0a9-30b1902068f3.xml.macaon	179	1	Maiden	Maiden	np	np	_	_	_	_	_	B:Awareness:FE:Cognizer:G:182
26e3ff95-4dd1-4b13-a0a9-30b1902068f3.xml.macaon	180	2	Castle	Castle	np	np	_	1	mod	_	_	I:Awareness:FE:Cognizer:G:182
26e3ff95-4dd1-4b13-a0a9-30b1902068f3.xml.macaon	181	3	a	avoir	v	v	_	4	aux_tps	_	_
26e3ff95-4dd1-4b13-a0a9-30b1902068f3.xml.macaon	182	4	connu	connaître	vppart	vppart	_	2	mod	_	_	B:Awareness:TARGET:connaître:G:182
26e3ff95-4dd1-4b13-a0a9-30b1902068f3.xml.macaon	183	5	trois	trois	det	det	_	7	det	_	_	B:Awareness:FE:Content:G:182
26e3ff95-4dd1-4b13-a0a9-30b1902068f3.xml.macaon	184	6	grandes	grand	adj	adj	_	7	mod	_	_	I:Awareness:FE:Content:G:182
26e3ff95-4dd1-4b13-a0a9-30b1902068f3.xml.macaon	185	7	périodes	période	nc	nc	_	1	mod	_	_	I:Awareness:FE:Content:G:182
26e3ff95-4dd1-4b13-a0a9-30b1902068f3.xml.macaon	186	8	:	:	ponctw	ponctw	_	7	ponct	_	_

26e3ff95-4dd1-4b13-a0a9-30b1902068f3.xml.macaon	187	1	Un	un	det	det	_	3	det	_	_
26e3ff95-4dd1-4b13-a0a9-30b1902068f3.xml.macaon	188	2	premier	premier	adj	adj	_	3	mod	_	_
26e3ff95-4dd1-4b13-a0a9-30b1902068f3.xml.macaon	189	3	enclos	enclos	nc	nc	_	_	_	_	_
26e3ff95-4dd1-4b13-a0a9-30b1902068f3.xml.macaon	190	4	néolithique	néolithique	adj	adj	_	3	mod	_	_

26e3ff95-4dd1-4b13-a0a9-30b1902068f3.xml.macaon	191	1	Les	les	det	det	_	2	det	_	_
26e3ff95-4dd1-4b13-a0a9-30b1902068f3.xml.macaon	192	2	traces	trace	nc	nc	_	7	suj	_	_
26e3ff95-4dd1-4b13-a0a9-30b1902068f3.xml.macaon	193	3	archéologiques	archéologique	adj	adj	_	2	mod	_	_
26e3ff95-4dd1-4b13-a0a9-30b1902068f3.xml.macaon	194	4	des	des	prep	prep	_	2	dep	_	_
26e3ff95-4dd1-4b13-a0a9-30b1902068f3.xml.macaon	195	5	premiers	premier	adj	adj	_	6	mod	_	_
26e3ff95-4dd1-4b13-a0a9-30b1902068f3.xml.macaon	196	6	temps	temps	nc	nc	_	4	obj	_	_
26e3ff95-4dd1-4b13-a0a9-30b1902068f3.xml.macaon	197	7	révèlent	révéler	v	v	_	_	_	_	_
26e3ff95-4dd1-4b13-a0a9-30b1902068f3.xml.macaon	198	8	un	un	det	det	_	9	det	_	_
26e3ff95-4dd1-4b13-a0a9-30b1902068f3.xml.macaon	199	9	enclos	enclos	nc	nc	_	7	obj	_	_
26e3ff95-4dd1-4b13-a0a9-30b1902068f3.xml.macaon	200	10	néolithique	néolithique	adj	adj	_	9	mod	_	_
26e3ff95-4dd1-4b13-a0a9-30b1902068f3.xml.macaon	201	11	pourvu#d'	pourvu#de	prep	prep	_	7	mod	_	_
26e3ff95-4dd1-4b13-a0a9-30b1902068f3.xml.macaon	202	12	une	un	det	det	_	13	det	_	_
26e3ff95-4dd1-4b13-a0a9-30b1902068f3.xml.macaon	203	13	chaussée	chaussée	nc	nc	_	11	obj	_	_
26e3ff95-4dd1-4b13-a0a9-30b1902068f3.xml.macaon	204	14	d'	de	prep	prep	_	13	dep	_	_
26e3ff95-4dd1-4b13-a0a9-30b1902068f3.xml.macaon	205	15	accès	accès	nc	nc	_	14	obj	_	_
26e3ff95-4dd1-4b13-a0a9-30b1902068f3.xml.macaon	206	16	,	,	ponctw	ponctw	_	13	ponct	_	_
26e3ff95-4dd1-4b13-a0a9-30b1902068f3.xml.macaon	207	17	ainsi#qu'	ainsi#que	coo	coo	_	13	coord	_	_
26e3ff95-4dd1-4b13-a0a9-30b1902068f3.xml.macaon	208	18	un	un	det	det	_	19	det	_	_
26e3ff95-4dd1-4b13-a0a9-30b1902068f3.xml.macaon	209	19	tumulus	tumulus	nc	nc	_	17	dep_coord	_	_
26e3ff95-4dd1-4b13-a0a9-30b1902068f3.xml.macaon	210	20	,	,	ponctw	ponctw	_	19	ponct	_	_
26e3ff95-4dd1-4b13-a0a9-30b1902068f3.xml.macaon	211	21	comme	comme	csu	csu	_	19	mod	_	_
26e3ff95-4dd1-4b13-a0a9-30b1902068f3.xml.macaon	212	22	il	il	cln	cln	_	25	suj	_	_
26e3ff95-4dd1-4b13-a0a9-30b1902068f3.xml.macaon	213	23	y	y	clo	clo	_	24	__JOKER__	_	_
26e3ff95-4dd1-4b13-a0a9-30b1902068f3.xml.macaon	214	24	en	en	clo	clo	_	25	__JOKER__	_	_
26e3ff95-4dd1-4b13-a0a9-30b1902068f3.xml.macaon	215	25	a	avoir	v	v	_	21	obj	_	_
26e3ff95-4dd1-4b13-a0a9-30b1902068f3.xml.macaon	216	26	beaucoup	beaucoup	adv	adv	_	25	mod	_	_
26e3ff95-4dd1-4b13-a0a9-30b1902068f3.xml.macaon	217	27	dans	dans	prep	prep	_	25	mod	_	_
26e3ff95-4dd1-4b13-a0a9-30b1902068f3.xml.macaon	218	28	la	le	det	det	_	29	det	_	_
26e3ff95-4dd1-4b13-a0a9-30b1902068f3.xml.macaon	219	29	région	région	nc	nc	_	27	obj	_	_
26e3ff95-4dd1-4b13-a0a9-30b1902068f3.xml.macaon	220	30	.	.	poncts	poncts	_	7	ponct	_	_

26e3ff95-4dd1-4b13-a0a9-30b1902068f3.xml.macaon	221	1	Vers	Vers	np	np	_	_	_	_	_
26e3ff95-4dd1-4b13-a0a9-30b1902068f3.xml.macaon	222	2	1800	1800	nc	nc	_	1	mod	_	_
26e3ff95-4dd1-4b13-a0a9-30b1902068f3.xml.macaon	223	3	avant	avant	prep	prep	_	2	dep	_	_
26e3ff95-4dd1-4b13-a0a9-30b1902068f3.xml.macaon	224	4	J.-C.	Jésus-Christ	np	np	_	3	obj	_	_
26e3ff95-4dd1-4b13-a0a9-30b1902068f3.xml.macaon	225	5	,	,	ponctw	ponctw	_	2	ponct	_	_
26e3ff95-4dd1-4b13-a0a9-30b1902068f3.xml.macaon	226	6	durant	durant	prep	prep	_	2	dep	_	_
26e3ff95-4dd1-4b13-a0a9-30b1902068f3.xml.macaon	227	7	l'	le	det	det	_	8	det	_	_
26e3ff95-4dd1-4b13-a0a9-30b1902068f3.xml.macaon	228	8	âge	âge	nc	nc	_	6	obj	_	_
26e3ff95-4dd1-4b13-a0a9-30b1902068f3.xml.macaon	229	9	du	du	prep	prep	_	8	dep	_	_
26e3ff95-4dd1-4b13-a0a9-30b1902068f3.xml.macaon	230	10	bronze	bronze	nc	nc	_	9	obj	_	_
26e3ff95-4dd1-4b13-a0a9-30b1902068f3.xml.macaon	231	11	,	,	ponctw	ponctw	_	16	ponct	_	_
26e3ff95-4dd1-4b13-a0a9-30b1902068f3.xml.macaon	232	12	le	le	det	det	_	13	det	_	_
26e3ff95-4dd1-4b13-a0a9-30b1902068f3.xml.macaon	233	13	site	site	nc	nc	_	16	suj	_	_
26e3ff95-4dd1-4b13-a0a9-30b1902068f3.xml.macaon	234	14	a	avoir	v	v	_	16	aux_tps	_	_
26e3ff95-4dd1-4b13-a0a9-30b1902068f3.xml.macaon	235	15	été	être	vppart	vppart	_	16	aux_pass	_	_
26e3ff95-4dd1-4b13-a0a9-30b1902068f3.xml.macaon	236	16	mis	mettre	vppart	vppart	_	8	mod	_	_
26e3ff95-4dd1-4b13-a0a9-30b1902068f3.xml.macaon	237	17	en	en	prep	prep	_	16	mod	_	_
26e3ff95-4dd1-4b13-a0a9-30b1902068f3.xml.macaon	238	18	culture	culture	nc	nc	_	17	obj	_	_
26e3ff95-4dd1-4b13-a0a9-30b1902068f3.xml.macaon	239	19	,	,	ponctw	ponctw	_	18	ponct	_	_
26e3ff95-4dd1-4b13-a0a9-30b1902068f3.xml.macaon	240	20	puis	puis	coo	coo	_	16	coord	_	_
26e3ff95-4dd1-4b13-a0a9-30b1902068f3.xml.macaon	241	21	abandonné	abandonner	vppart	vppart	_	20	dep_coord	_	_
26e3ff95-4dd1-4b13-a0a9-30b1902068f3.xml.macaon	242	22	.	.	poncts	poncts	_	8	ponct	_	_

26e3ff95-4dd1-4b13-a0a9-30b1902068f3.xml.macaon	243	1	La	la	det	det	_	2	det	_	_
26e3ff95-4dd1-4b13-a0a9-30b1902068f3.xml.macaon	244	2	forteresse	forteresse	nc	nc	_	_	_	_	_
26e3ff95-4dd1-4b13-a0a9-30b1902068f3.xml.macaon	245	3	de#l'	de#l'	prep	prep	_	2	dep	_	_
26e3ff95-4dd1-4b13-a0a9-30b1902068f3.xml.macaon	246	4	âge	âge	nc	nc	_	3	obj	_	_
26e3ff95-4dd1-4b13-a0a9-30b1902068f3.xml.macaon	247	5	du	du	prep	prep	_	4	dep	_	_
26e3ff95-4dd1-4b13-a0a9-30b1902068f3.xml.macaon	248	6	fer	fer	nc	nc	_	5	obj	_	_

26e3ff95-4dd1-4b13-a0a9-30b1902068f3.xml.macaon	249	1	Fortifications	fortification	nc	nc	_	_	_	_	_
26e3ff95-4dd1-4b13-a0a9-30b1902068f3.xml.macaon	250	2	de	de	prep	prep	_	1	dep	_	_
26e3ff95-4dd1-4b13-a0a9-30b1902068f3.xml.macaon	251	3	Maiden	Maiden	np	np	_	2	obj	_	_
26e3ff95-4dd1-4b13-a0a9-30b1902068f3.xml.macaon	252	4	Castle	Castle	np	np	_	3	mod	_	_

26e3ff95-4dd1-4b13-a0a9-30b1902068f3.xml.macaon	253	1	La	la	det	det	_	2	det	_	_	B:Buildings:FE:Created_entity:G:261
26e3ff95-4dd1-4b13-a0a9-30b1902068f3.xml.macaon	254	2	forteresse	forteresse	nc	nc	_	9	suj	_	_	I:Buildings:FE:Created_entity:G:261
26e3ff95-4dd1-4b13-a0a9-30b1902068f3.xml.macaon	255	3	que	que	prorel	prorel	_	8	suj	_	_
26e3ff95-4dd1-4b13-a0a9-30b1902068f3.xml.macaon	256	4	nous	nous	cln	cln	_	5	suj	_	_
26e3ff95-4dd1-4b13-a0a9-30b1902068f3.xml.macaon	257	5	voyons	voir	v	v	_	8	aux_tps	_	_
26e3ff95-4dd1-4b13-a0a9-30b1902068f3.xml.macaon	258	6	aujourd'hui	aujourd'hui	adv	adv	_	8	mod	_	_
26e3ff95-4dd1-4b13-a0a9-30b1902068f3.xml.macaon	259	7	a	avoir	v	v	_	8	aux_tps	_	_
26e3ff95-4dd1-4b13-a0a9-30b1902068f3.xml.macaon	260	8	été	être	vppart	vppart	_	2	mod_rel	_	_
26e3ff95-4dd1-4b13-a0a9-30b1902068f3.xml.macaon	261	9	construite	construire	vppart	vppart	_	_	_	_	_	B:Buildings:TARGET:construire:G:261
26e3ff95-4dd1-4b13-a0a9-30b1902068f3.xml.macaon	262	10	vers	vers	prep	prep	_	9	mod	_	_	B:Buildings:FE:Time:G:261
26e3ff95-4dd1-4b13-a0a9-30b1902068f3.xml.macaon	263	11	-	-	ponctw	ponctw	_	10	ponct	_	_	I:Buildings:FE:Time:G:261
26e3ff95-4dd1-4b13-a0a9-30b1902068f3.xml.macaon	264	12	600	600	nc	nc	_	10	obj	_	_	I:Buildings:FE:Time:G:261
26e3ff95-4dd1-4b13-a0a9-30b1902068f3.xml.macaon	265	13	:	:	ponctw	ponctw	_	12	ponct	_	_
26e3ff95-4dd1-4b13-a0a9-30b1902068f3.xml.macaon	266	14	d'abord	d'abord	adv	adv	_	18	mod	_	_
26e3ff95-4dd1-4b13-a0a9-30b1902068f3.xml.macaon	267	15	une	un	det	det	_	17	det	_	_
26e3ff95-4dd1-4b13-a0a9-30b1902068f3.xml.macaon	268	16	première	premier	adj	adj	_	17	mod	_	_
26e3ff95-4dd1-4b13-a0a9-30b1902068f3.xml.macaon	269	17	colline	colline	nc	nc	_	18	suj	_	_
26e3ff95-4dd1-4b13-a0a9-30b1902068f3.xml.macaon	270	18	fortifiée	fortifier	vppart	vppart	_	12	mod	_	_
26e3ff95-4dd1-4b13-a0a9-30b1902068f3.xml.macaon	271	19	assez	assez	adv	adv	_	20	mod	_	_
26e3ff95-4dd1-4b13-a0a9-30b1902068f3.xml.macaon	272	20	banale	banal	adj	adj	_	18	ats	_	_
26e3ff95-4dd1-4b13-a0a9-30b1902068f3.xml.macaon	273	21	,	,	ponctw	ponctw	_	18	ponct	_	_
26e3ff95-4dd1-4b13-a0a9-30b1902068f3.xml.macaon	274	22	couvrant	couvrir	vprespart	vprespart	_	18	__JOKER__	_	_
26e3ff95-4dd1-4b13-a0a9-30b1902068f3.xml.macaon	275	23	6,4	6,4	det	det	_	24	__JOKER__	_	_
26e3ff95-4dd1-4b13-a0a9-30b1902068f3.xml.macaon	276	24	ha	ha	adv	adv	_	22	__JOKER__	_	_
26e3ff95-4dd1-4b13-a0a9-30b1902068f3.xml.macaon	277	25	.	.	poncts	poncts	_	9	__JOKER__	_	_

26e3ff95-4dd1-4b13-a0a9-30b1902068f3.xml.macaon	278	1	Puis	puis	adv	adv	_	23	__JOKER__	_	_
26e3ff95-4dd1-4b13-a0a9-30b1902068f3.xml.macaon	279	2	,	,	ponctw	ponctw	_	23	__JOKER__	_	_
26e3ff95-4dd1-4b13-a0a9-30b1902068f3.xml.macaon	280	3	vers	vers	prep	prep	_	23	__JOKER__	_	_
26e3ff95-4dd1-4b13-a0a9-30b1902068f3.xml.macaon	281	4	-	-	ponctw	ponctw	_	3	ponct	_	_
26e3ff95-4dd1-4b13-a0a9-30b1902068f3.xml.macaon	282	5	450	450	nc	nc	_	3	obj	_	_
26e3ff95-4dd1-4b13-a0a9-30b1902068f3.xml.macaon	283	6	,	,	ponctw	ponctw	_	5	ponct	_	_
26e3ff95-4dd1-4b13-a0a9-30b1902068f3.xml.macaon	284	7	de	de	prep	prep	_	5	dep	_	_
26e3ff95-4dd1-4b13-a0a9-30b1902068f3.xml.macaon	285	8	grands	grand	adj	adj	_	9	mod	_	_
26e3ff95-4dd1-4b13-a0a9-30b1902068f3.xml.macaon	286	9	travaux	travail	nc	nc	_	7	obj	_	_
26e3ff95-4dd1-4b13-a0a9-30b1902068f3.xml.macaon	287	10	ont	avoir	v	v	_	12	aux_tps	_	_
26e3ff95-4dd1-4b13-a0a9-30b1902068f3.xml.macaon	288	11	été	être	vppart	vppart	_	12	aux_pass	_	_
26e3ff95-4dd1-4b13-a0a9-30b1902068f3.xml.macaon	289	12	entrepris	entreprendre	vppart	vppart	_	9	mod	_	_
26e3ff95-4dd1-4b13-a0a9-30b1902068f3.xml.macaon	290	13	:	:	ponctw	ponctw	_	9	ponct	_	_
26e3ff95-4dd1-4b13-a0a9-30b1902068f3.xml.macaon	291	14	l'	le	det	det	_	15	det	_	_
26e3ff95-4dd1-4b13-a0a9-30b1902068f3.xml.macaon	292	15	espace	espace	nc	nc	_	9	mod	_	_
26e3ff95-4dd1-4b13-a0a9-30b1902068f3.xml.macaon	293	16	clos	clore	adj	adj	_	15	mod	_	_
26e3ff95-4dd1-4b13-a0a9-30b1902068f3.xml.macaon	294	17	a	avoir	v	v	_	19	aux_tps	_	_
26e3ff95-4dd1-4b13-a0a9-30b1902068f3.xml.macaon	295	18	presque	presque	adv	adv	_	19	mod	_	_
26e3ff95-4dd1-4b13-a0a9-30b1902068f3.xml.macaon	296	19	triplé	tripler	vppart	vppart	_	15	mod	_	_
26e3ff95-4dd1-4b13-a0a9-30b1902068f3.xml.macaon	297	20	en	en	prep	prep	_	19	mod	_	_
26e3ff95-4dd1-4b13-a0a9-30b1902068f3.xml.macaon	298	21	surface	surface	nc	nc	_	20	obj	_	_
26e3ff95-4dd1-4b13-a0a9-30b1902068f3.xml.macaon	299	22	,	,	ponctw	ponctw	_	21	ponct	_	_
26e3ff95-4dd1-4b13-a0a9-30b1902068f3.xml.macaon	300	23	passant	passer	vprespart	vprespart	_	_	_	_	_
26e3ff95-4dd1-4b13-a0a9-30b1902068f3.xml.macaon	301	24	à	à	prep	prep	_	23	mod	_	_
26e3ff95-4dd1-4b13-a0a9-30b1902068f3.xml.macaon	302	25	19	19	det	det	_	30	__JOKER__	_	_
26e3ff95-4dd1-4b13-a0a9-30b1902068f3.xml.macaon	303	26	ha	ha	adv	adv	_	30	mod	_	_
26e3ff95-4dd1-4b13-a0a9-30b1902068f3.xml.macaon	304	27	,	,	ponctw	ponctw	_	30	ponct	_	_
26e3ff95-4dd1-4b13-a0a9-30b1902068f3.xml.macaon	305	28	ce	ce	pro	pro	_	30	suj	_	_
26e3ff95-4dd1-4b13-a0a9-30b1902068f3.xml.macaon	306	29	qui	qui	prorel	prorel	_	30	suj	_	_
26e3ff95-4dd1-4b13-a0a9-30b1902068f3.xml.macaon	307	30	en#fait	en#fait	v	v	_	23	__JOKER__	_	_
26e3ff95-4dd1-4b13-a0a9-30b1902068f3.xml.macaon	308	31	la	le	det	det	_	34	det	_	_
26e3ff95-4dd1-4b13-a0a9-30b1902068f3.xml.macaon	309	32	plus	plus	adv	adv	_	33	mod	_	_
26e3ff95-4dd1-4b13-a0a9-30b1902068f3.xml.macaon	310	33	grande	grand	adj	adj	_	34	mod	_	_
26e3ff95-4dd1-4b13-a0a9-30b1902068f3.xml.macaon	311	34	forteresse	forteresse	nc	nc	_	30	obj	_	_
26e3ff95-4dd1-4b13-a0a9-30b1902068f3.xml.macaon	312	35	de#l'	de#l'	prep	prep	_	34	dep	_	_
26e3ff95-4dd1-4b13-a0a9-30b1902068f3.xml.macaon	313	36	âge	âge	nc	nc	_	35	obj	_	_
26e3ff95-4dd1-4b13-a0a9-30b1902068f3.xml.macaon	314	37	du	du	prep	prep	_	36	dep	_	_
26e3ff95-4dd1-4b13-a0a9-30b1902068f3.xml.macaon	315	38	fer	fer	nc	nc	_	37	obj	_	_
26e3ff95-4dd1-4b13-a0a9-30b1902068f3.xml.macaon	316	39	de	de	prep	prep	_	38	dep	_	_
26e3ff95-4dd1-4b13-a0a9-30b1902068f3.xml.macaon	317	40	toute	tout	det	det	_	41	det	_	_
26e3ff95-4dd1-4b13-a0a9-30b1902068f3.xml.macaon	318	41	l'	l'	nc	nc	_	39	obj	_	_
26e3ff95-4dd1-4b13-a0a9-30b1902068f3.xml.macaon	319	42	Europe	Europe	np	np	_	41	mod	_	_
26e3ff95-4dd1-4b13-a0a9-30b1902068f3.xml.macaon	320	43	:	:	ponctw	ponctw	_	41	ponct	_	_
26e3ff95-4dd1-4b13-a0a9-30b1902068f3.xml.macaon	321	44	trois	trois	det	det	_	45	det	_	_
26e3ff95-4dd1-4b13-a0a9-30b1902068f3.xml.macaon	322	45	rangées	rangée	nc	nc	_	39	obj	_	_
26e3ff95-4dd1-4b13-a0a9-30b1902068f3.xml.macaon	323	46	de	de	prep	prep	_	45	dep	_	_
26e3ff95-4dd1-4b13-a0a9-30b1902068f3.xml.macaon	324	47	remparts	rempart	nc	nc	_	46	obj	_	_
26e3ff95-4dd1-4b13-a0a9-30b1902068f3.xml.macaon	325	48	et	et	coo	coo	_	37	coord	_	_
26e3ff95-4dd1-4b13-a0a9-30b1902068f3.xml.macaon	326	49	de	de	prep	prep	_	48	dep_coord	_	_
26e3ff95-4dd1-4b13-a0a9-30b1902068f3.xml.macaon	327	50	fossés	fossé	nc	nc	_	49	obj	_	_
26e3ff95-4dd1-4b13-a0a9-30b1902068f3.xml.macaon	328	51	ont	avoir	v	v	_	53	aux_tps	_	_
26e3ff95-4dd1-4b13-a0a9-30b1902068f3.xml.macaon	329	52	été	être	vppart	vppart	_	53	aux_pass	_	_
26e3ff95-4dd1-4b13-a0a9-30b1902068f3.xml.macaon	330	53	ajoutées	ajouter	vppart	vppart	_	50	mod	_	_
26e3ff95-4dd1-4b13-a0a9-30b1902068f3.xml.macaon	331	54	.	.	poncts	poncts	_	30	ponct	_	_

26e3ff95-4dd1-4b13-a0a9-30b1902068f3.xml.macaon	332	1	Autour#de	autour#de	adv	adv	_	3	mod	_	_	B:Activity_start:FE:Time:G:339
26e3ff95-4dd1-4b13-a0a9-30b1902068f3.xml.macaon	333	2	-	-	ponctw	ponctw	_	3	ponct	_	_	I:Activity_start:FE:Time:G:339
26e3ff95-4dd1-4b13-a0a9-30b1902068f3.xml.macaon	334	3	100	100	nc	nc	_	8	suj	_	_	I:Activity_start:FE:Time:G:339
26e3ff95-4dd1-4b13-a0a9-30b1902068f3.xml.macaon	335	4	,	,	ponctw	ponctw	_	8	ponct	_	_
26e3ff95-4dd1-4b13-a0a9-30b1902068f3.xml.macaon	336	5	la	le	det	det	_	6	det	_	_	B:Activity_start:FE:Agent:G:339
26e3ff95-4dd1-4b13-a0a9-30b1902068f3.xml.macaon	337	6	colline	colline	nc	nc	_	8	suj	_	_	I:Activity_start:FE:Agent:G:339
26e3ff95-4dd1-4b13-a0a9-30b1902068f3.xml.macaon	338	7	fortifiée	fortifier	adj	adj	_	6	mod	_	_	I:Activity_start:FE:Agent:G:339
26e3ff95-4dd1-4b13-a0a9-30b1902068f3.xml.macaon	339	8	commence	commencer	v	v	_	_	_	_	_	B:Activity_start:TARGET:commencer:G:339
26e3ff95-4dd1-4b13-a0a9-30b1902068f3.xml.macaon	340	9	à	à	prep	prep	_	8	obj	_	_	B:Activity_start:FE:Activity:G:339
26e3ff95-4dd1-4b13-a0a9-30b1902068f3.xml.macaon	341	10	être	être	vinf	vinf	_	9	obj	_	_	I:Activity_start:FE:Activity:G:339
26e3ff95-4dd1-4b13-a0a9-30b1902068f3.xml.macaon	342	11	abandonnée	abandonner	vppart	vppart	_	9	obj	_	_	I:Activity_start:FE:Activity:G:339
26e3ff95-4dd1-4b13-a0a9-30b1902068f3.xml.macaon	343	12	,	,	ponctw	ponctw	_	11	ponct	_	_
26e3ff95-4dd1-4b13-a0a9-30b1902068f3.xml.macaon	344	13	l'	le	det	det	_	14	det	_	_
26e3ff95-4dd1-4b13-a0a9-30b1902068f3.xml.macaon	345	14	activité	activité	nc	nc	_	8	obj	_	_
26e3ff95-4dd1-4b13-a0a9-30b1902068f3.xml.macaon	346	15	se	se	clr	clr	_	16	__JOKER__	_	_
26e3ff95-4dd1-4b13-a0a9-30b1902068f3.xml.macaon	347	16	limitant	limiter	vprespart	vprespart	_	20	__JOKER__	_	_
26e3ff95-4dd1-4b13-a0a9-30b1902068f3.xml.macaon	348	17	à	à	prep	prep	_	20	mod	_	_
26e3ff95-4dd1-4b13-a0a9-30b1902068f3.xml.macaon	349	18	l'	le	det	det	_	19	det	_	_
26e3ff95-4dd1-4b13-a0a9-30b1902068f3.xml.macaon	350	19	extrémité	extrémité	nc	nc	_	17	obj	_	_
26e3ff95-4dd1-4b13-a0a9-30b1902068f3.xml.macaon	351	20	est	être	v	v	_	14	mod_rel	_	_
26e3ff95-4dd1-4b13-a0a9-30b1902068f3.xml.macaon	352	21	du	du	prep	prep	_	20	ats	_	_
26e3ff95-4dd1-4b13-a0a9-30b1902068f3.xml.macaon	353	22	site	site	nc	nc	_	21	obj	_	_
26e3ff95-4dd1-4b13-a0a9-30b1902068f3.xml.macaon	354	23	.	.	poncts	poncts	_	8	ponct	_	_

26e3ff95-4dd1-4b13-a0a9-30b1902068f3.xml.macaon	355	1	Elle	elle	cln	cln	_	4	suj	_	_
26e3ff95-4dd1-4b13-a0a9-30b1902068f3.xml.macaon	356	2	a	avoir	v	v	_	4	aux_tps	_	_
26e3ff95-4dd1-4b13-a0a9-30b1902068f3.xml.macaon	357	3	été	être	vppart	vppart	_	4	aux_pass	_	_
26e3ff95-4dd1-4b13-a0a9-30b1902068f3.xml.macaon	358	4	occupée	occuper	vppart	vppart	_	_	_	_	_
26e3ff95-4dd1-4b13-a0a9-30b1902068f3.xml.macaon	359	5	jusqu'à	jusqu'à	prep	prep	_	4	mod	_	_
26e3ff95-4dd1-4b13-a0a9-30b1902068f3.xml.macaon	360	6	la	le	det	det	_	7	det	_	_
26e3ff95-4dd1-4b13-a0a9-30b1902068f3.xml.macaon	361	7	conquête	conquête	nc	nc	_	5	obj	_	_
26e3ff95-4dd1-4b13-a0a9-30b1902068f3.xml.macaon	362	8	romaine	romain	adj	adj	_	7	mod	_	_
26e3ff95-4dd1-4b13-a0a9-30b1902068f3.xml.macaon	363	9	,	,	ponctw	ponctw	_	7	ponct	_	_
26e3ff95-4dd1-4b13-a0a9-30b1902068f3.xml.macaon	364	10	se	se	clr	clr	_	11	__JOKER__	_	_
26e3ff95-4dd1-4b13-a0a9-30b1902068f3.xml.macaon	365	11	trouvant	trouver	vprespart	vprespart	_	4	__JOKER__	_	_	B:OTHER:G
26e3ff95-4dd1-4b13-a0a9-30b1902068f3.xml.macaon	366	12	alors	alors	adv	adv	_	11	__JOKER__	_	_
26e3ff95-4dd1-4b13-a0a9-30b1902068f3.xml.macaon	367	13	sur	sur	prep	prep	_	11	mod	_	_
26e3ff95-4dd1-4b13-a0a9-30b1902068f3.xml.macaon	368	14	le	le	det	det	_	15	det	_	_
26e3ff95-4dd1-4b13-a0a9-30b1902068f3.xml.macaon	369	15	territoire	territoire	nc	nc	_	13	obj	_	_
26e3ff95-4dd1-4b13-a0a9-30b1902068f3.xml.macaon	370	16	de	de	prep	prep	_	15	dep	_	_
26e3ff95-4dd1-4b13-a0a9-30b1902068f3.xml.macaon	371	17	la	le	det	det	_	18	det	_	_
26e3ff95-4dd1-4b13-a0a9-30b1902068f3.xml.macaon	372	18	tribu	tribu	nc	nc	_	16	obj	_	_
26e3ff95-4dd1-4b13-a0a9-30b1902068f3.xml.macaon	373	19	celte	celte	adj	adj	_	18	mod	_	_
26e3ff95-4dd1-4b13-a0a9-30b1902068f3.xml.macaon	374	20	des	des	prep	prep	_	18	dep	_	_
26e3ff95-4dd1-4b13-a0a9-30b1902068f3.xml.macaon	375	21	Durotriges	Durotriges	np	np	_	20	obj	_	_
26e3ff95-4dd1-4b13-a0a9-30b1902068f3.xml.macaon	376	22	.	.	poncts	poncts	_	11	__JOKER__	_	_

26e3ff95-4dd1-4b13-a0a9-30b1902068f3.xml.macaon	377	1	Du	du	prep	prep	_	_	_	_	_
26e3ff95-4dd1-4b13-a0a9-30b1902068f3.xml.macaon	378	2	temps	temps	nc	nc	_	1	obj	_	_
26e3ff95-4dd1-4b13-a0a9-30b1902068f3.xml.macaon	379	3	des	des	prep	prep	_	2	dep	_	_
26e3ff95-4dd1-4b13-a0a9-30b1902068f3.xml.macaon	380	4	Romains	romain	nc	nc	_	3	obj	_	_

26e3ff95-4dd1-4b13-a0a9-30b1902068f3.xml.macaon	381	1	Après	après	prep	prep	_	_	_	_	_
26e3ff95-4dd1-4b13-a0a9-30b1902068f3.xml.macaon	382	2	la	le	det	det	_	3	det	_	_
26e3ff95-4dd1-4b13-a0a9-30b1902068f3.xml.macaon	383	3	conquête	conquête	nc	nc	_	1	obj	_	_
26e3ff95-4dd1-4b13-a0a9-30b1902068f3.xml.macaon	384	4	romaine	romain	adj	adj	_	3	mod	_	_
26e3ff95-4dd1-4b13-a0a9-30b1902068f3.xml.macaon	385	5	de	de	prep	prep	_	3	dep	_	_
26e3ff95-4dd1-4b13-a0a9-30b1902068f3.xml.macaon	386	6	la	le	det	det	_	7	det	_	_
26e3ff95-4dd1-4b13-a0a9-30b1902068f3.xml.macaon	387	7	Grande-Bretagne	Grande-Bretagne	np	np	_	5	obj	_	_
26e3ff95-4dd1-4b13-a0a9-30b1902068f3.xml.macaon	388	8	,	,	ponctw	ponctw	_	7	ponct	_	_
26e3ff95-4dd1-4b13-a0a9-30b1902068f3.xml.macaon	389	9	au	au	prep	prep	_	3	dep	_	_
26e3ff95-4dd1-4b13-a0a9-30b1902068f3.xml.macaon	390	10	cours	cour	nc	nc	_	9	obj	_	_
26e3ff95-4dd1-4b13-a0a9-30b1902068f3.xml.macaon	391	11	du	du	prep	prep	_	10	dep	_	_
26e3ff95-4dd1-4b13-a0a9-30b1902068f3.xml.macaon	392	12	Ier	Ier	np	np	_	11	obj	_	_
26e3ff95-4dd1-4b13-a0a9-30b1902068f3.xml.macaon	393	13	siècle	siècle	nc	nc	_	11	obj	_	_
26e3ff95-4dd1-4b13-a0a9-30b1902068f3.xml.macaon	394	14	ap	ap	nc	nc	_	13	mod	_	_
26e3ff95-4dd1-4b13-a0a9-30b1902068f3.xml.macaon	395	15	.	.	poncts	poncts	_	3	ponct	_	_

26e3ff95-4dd1-4b13-a0a9-30b1902068f3.xml.macaon	396	1	J.-C.	Jésus-Christ	np	np	_	5	suj	_	_
26e3ff95-4dd1-4b13-a0a9-30b1902068f3.xml.macaon	397	2	,	,	ponctw	ponctw	_	5	ponct	_	_
26e3ff95-4dd1-4b13-a0a9-30b1902068f3.xml.macaon	398	3	Maiden	Maiden	np	np	_	5	suj	_	_
26e3ff95-4dd1-4b13-a0a9-30b1902068f3.xml.macaon	399	4	Castle	Castle	np	np	_	3	mod	_	_
26e3ff95-4dd1-4b13-a0a9-30b1902068f3.xml.macaon	400	5	semble	sembler	v	v	_	7	aux_tps	_	_
26e3ff95-4dd1-4b13-a0a9-30b1902068f3.xml.macaon	401	6	avoir	avoir	vinf	vinf	_	7	aux_pass	_	_
26e3ff95-4dd1-4b13-a0a9-30b1902068f3.xml.macaon	402	7	été	être	vppart	vppart	_	9	aux_pass	_	_
26e3ff95-4dd1-4b13-a0a9-30b1902068f3.xml.macaon	403	8	complètement	complètement	adv	adv	_	9	mod	_	_
26e3ff95-4dd1-4b13-a0a9-30b1902068f3.xml.macaon	404	9	abandonné	abandonner	vppart	vppart	_	_	_	_	_
26e3ff95-4dd1-4b13-a0a9-30b1902068f3.xml.macaon	405	10	.	.	poncts	poncts	_	9	ponct	_	_

26e3ff95-4dd1-4b13-a0a9-30b1902068f3.xml.macaon	406	1	Il	il	cln	cln	_	2	suj	_	_
26e3ff95-4dd1-4b13-a0a9-30b1902068f3.xml.macaon	407	2	est	être	v	v	_	_	_	_	_
26e3ff95-4dd1-4b13-a0a9-30b1902068f3.xml.macaon	408	3	possible	possible	adj	adj	_	2	ats	_	_
26e3ff95-4dd1-4b13-a0a9-30b1902068f3.xml.macaon	409	4	que	que	csu	csu	_	2	obj	_	_
26e3ff95-4dd1-4b13-a0a9-30b1902068f3.xml.macaon	410	5	les	le	det	det	_	6	det	_	_
26e3ff95-4dd1-4b13-a0a9-30b1902068f3.xml.macaon	411	6	Romains	romain	nc	nc	_	9	suj	_	_
26e3ff95-4dd1-4b13-a0a9-30b1902068f3.xml.macaon	412	7	y	y	clo	clo	_	9	a_obj	_	_
26e3ff95-4dd1-4b13-a0a9-30b1902068f3.xml.macaon	413	8	aient	avoir	v	v	_	9	aux_tps	_	_
26e3ff95-4dd1-4b13-a0a9-30b1902068f3.xml.macaon	414	9	maintenu	maintenir	vppart	vppart	_	4	obj	_	_
26e3ff95-4dd1-4b13-a0a9-30b1902068f3.xml.macaon	415	10	une	un	det	det	_	11	det	_	_
26e3ff95-4dd1-4b13-a0a9-30b1902068f3.xml.macaon	416	11	présence	présence	nc	nc	_	9	obj	_	_
26e3ff95-4dd1-4b13-a0a9-30b1902068f3.xml.macaon	417	12	militaire	militaire	adj	adj	_	11	mod	_	_
26e3ff95-4dd1-4b13-a0a9-30b1902068f3.xml.macaon	418	13	.	.	poncts	poncts	_	2	ponct	_	_

26e3ff95-4dd1-4b13-a0a9-30b1902068f3.xml.macaon	419	1	Ce	ce	pro	pro	_	_	_	_	_
26e3ff95-4dd1-4b13-a0a9-30b1902068f3.xml.macaon	420	2	qui	qui	prorel	prorel	_	3	suj	_	_
26e3ff95-4dd1-4b13-a0a9-30b1902068f3.xml.macaon	421	3	est	être	v	v	_	1	mod_rel	_	_
26e3ff95-4dd1-4b13-a0a9-30b1902068f3.xml.macaon	422	4	certain	certain	adj	adj	_	3	ats	_	_
26e3ff95-4dd1-4b13-a0a9-30b1902068f3.xml.macaon	423	5	,	,	ponctw	ponctw	_	7	ponct	_	_
26e3ff95-4dd1-4b13-a0a9-30b1902068f3.xml.macaon	424	6	c'	ce	cln	cln	_	7	suj	_	_
26e3ff95-4dd1-4b13-a0a9-30b1902068f3.xml.macaon	425	7	est	être	v	v	_	1	mod_rel	_	_
26e3ff95-4dd1-4b13-a0a9-30b1902068f3.xml.macaon	426	8	qu'	qu'	advneg	advneg	_	7	mod	_	_
26e3ff95-4dd1-4b13-a0a9-30b1902068f3.xml.macaon	427	9	à	à	prep	prep	_	7	a_obj	_	_	B:Buildings:FE:Time:G:443
26e3ff95-4dd1-4b13-a0a9-30b1902068f3.xml.macaon	428	10	la	le	det	det	_	11	det	_	_	I:Buildings:FE:Time:G:443
26e3ff95-4dd1-4b13-a0a9-30b1902068f3.xml.macaon	429	11	fin	fin	nc	nc	_	9	obj	_	_	I:Buildings:FE:Time:G:443
26e3ff95-4dd1-4b13-a0a9-30b1902068f3.xml.macaon	430	12	du	du	prep	prep	_	11	dep	_	_	I:Buildings:FE:Time:G:443
26e3ff95-4dd1-4b13-a0a9-30b1902068f3.xml.macaon	431	13	IVe	IVe	adj	adj	_	14	mod	_	_	I:Buildings:FE:Time:G:443
26e3ff95-4dd1-4b13-a0a9-30b1902068f3.xml.macaon	432	14	siècle	siècle	nc	nc	_	12	obj	_	_	I:Buildings:FE:Time:G:443
26e3ff95-4dd1-4b13-a0a9-30b1902068f3.xml.macaon	433	15	,	,	ponctw	ponctw	_	14	ponct	_	_
26e3ff95-4dd1-4b13-a0a9-30b1902068f3.xml.macaon	434	16	un	un	det	det	_	17	det	_	_	B:Buildings:FE:Created_entity:G:443
26e3ff95-4dd1-4b13-a0a9-30b1902068f3.xml.macaon	435	17	temple	temple	nc	nc	_	14	mod	_	_	I:Buildings:FE:Created_entity:G:443
26e3ff95-4dd1-4b13-a0a9-30b1902068f3.xml.macaon	436	18	et	et	coo	coo	_	9	coord	_	_	I:Buildings:FE:Created_entity:G:443
26e3ff95-4dd1-4b13-a0a9-30b1902068f3.xml.macaon	437	19	des	des	prep	prep	_	18	dep_coord	_	_	I:Buildings:FE:Created_entity:G:443
26e3ff95-4dd1-4b13-a0a9-30b1902068f3.xml.macaon	438	20	bâtiments	bâtiment	nc	nc	_	19	obj	_	_	I:Buildings:FE:Created_entity:G:443
26e3ff95-4dd1-4b13-a0a9-30b1902068f3.xml.macaon	439	21	annexes	annexe	adj	adj	_	20	mod	_	_	I:Buildings:FE:Created_entity:G:443
26e3ff95-4dd1-4b13-a0a9-30b1902068f3.xml.macaon	440	22	y	y	clo	clo	_	25	a_obj	_	_	B:Buildings:FE:Place:G:443
26e3ff95-4dd1-4b13-a0a9-30b1902068f3.xml.macaon	441	23	ont	avoir	v	v	_	25	aux_tps	_	_
26e3ff95-4dd1-4b13-a0a9-30b1902068f3.xml.macaon	442	24	été	être	vppart	vppart	_	25	aux_pass	_	_
26e3ff95-4dd1-4b13-a0a9-30b1902068f3.xml.macaon	443	25	construits	construire	vppart	vppart	_	20	mod	_	_	B:Buildings:TARGET:construire:G:443
26e3ff95-4dd1-4b13-a0a9-30b1902068f3.xml.macaon	444	26	.	.	poncts	poncts	_	7	ponct	_	_

26e3ff95-4dd1-4b13-a0a9-30b1902068f3.xml.macaon	445	1	Après	après	prep	prep	_	9	mod	_	_	B:Using:FE:Time:G:457
26e3ff95-4dd1-4b13-a0a9-30b1902068f3.xml.macaon	446	2	le	le	det	det	_	4	det	_	_	I:Using:FE:Time:G:457
26e3ff95-4dd1-4b13-a0a9-30b1902068f3.xml.macaon	447	3	VIe	VIe	adj	adj	_	4	mod	_	_	I:Using:FE:Time:G:457
26e3ff95-4dd1-4b13-a0a9-30b1902068f3.xml.macaon	448	4	siècle	siècle	nc	nc	_	1	obj	_	_	I:Using:FE:Time:G:457
26e3ff95-4dd1-4b13-a0a9-30b1902068f3.xml.macaon	449	5	,	,	ponctw	ponctw	_	9	ponct	_	_
26e3ff95-4dd1-4b13-a0a9-30b1902068f3.xml.macaon	450	6	la	le	det	det	_	7	det	_	_	B:Using:FE:Instrument:G:457
26e3ff95-4dd1-4b13-a0a9-30b1902068f3.xml.macaon	451	7	colline	colline	nc	nc	_	9	suj	_	_	I:Using:FE:Instrument:G:457
26e3ff95-4dd1-4b13-a0a9-30b1902068f3.xml.macaon	452	8	a	avoir	v	v	_	9	aux_tps	_	_
26e3ff95-4dd1-4b13-a0a9-30b1902068f3.xml.macaon	453	9	été	être	vppart	vppart	_	_	_	_	_
26e3ff95-4dd1-4b13-a0a9-30b1902068f3.xml.macaon	454	10	entièrement	entièrement	adv	adv	_	11	mod	_	_
26e3ff95-4dd1-4b13-a0a9-30b1902068f3.xml.macaon	455	11	désertée	déserter	vppart	vppart	_	9	__JOKER__	_	_
26e3ff95-4dd1-4b13-a0a9-30b1902068f3.xml.macaon	456	12	et	et	coo	coo	_	11	__JOKER__	_	_
26e3ff95-4dd1-4b13-a0a9-30b1902068f3.xml.macaon	457	13	utilisée	utiliser	vppart	vppart	_	12	dep_coord	_	_	B:Using:TARGET:utiliser:G:457
26e3ff95-4dd1-4b13-a0a9-30b1902068f3.xml.macaon	458	14	seulement	seulement	adv	adv	_	13	mod	_	_
26e3ff95-4dd1-4b13-a0a9-30b1902068f3.xml.macaon	459	15	pour	pour	prep	prep	_	13	mod	_	_	B:Using:FE:Purpose:G:457
26e3ff95-4dd1-4b13-a0a9-30b1902068f3.xml.macaon	460	16	l'	le	det	det	_	17	det	_	_	I:Using:FE:Purpose:G:457
26e3ff95-4dd1-4b13-a0a9-30b1902068f3.xml.macaon	461	17	agriculture	agriculture	nc	nc	_	15	obj	_	_	I:Using:FE:Purpose:G:457
26e3ff95-4dd1-4b13-a0a9-30b1902068f3.xml.macaon	462	18	,	,	ponctw	ponctw	_	9	ponct	_	_
26e3ff95-4dd1-4b13-a0a9-30b1902068f3.xml.macaon	463	19	jusqu'à	jusqu'à	prep	prep	_	9	mod	_	_
26e3ff95-4dd1-4b13-a0a9-30b1902068f3.xml.macaon	464	20	nos	son	det	det	_	21	det	_	_
26e3ff95-4dd1-4b13-a0a9-30b1902068f3.xml.macaon	465	21	jours	jour	nc	nc	_	19	obj	_	_
26e3ff95-4dd1-4b13-a0a9-30b1902068f3.xml.macaon	466	22	,	,	ponctw	ponctw	_	21	ponct	_	_
26e3ff95-4dd1-4b13-a0a9-30b1902068f3.xml.macaon	467	23	comme	comme	prep	prep	_	21	dep	_	_
26e3ff95-4dd1-4b13-a0a9-30b1902068f3.xml.macaon	468	24	une	un	det	det	_	25	det	_	_
26e3ff95-4dd1-4b13-a0a9-30b1902068f3.xml.macaon	469	25	pâture	pâture	nc	nc	_	23	obj	_	_
26e3ff95-4dd1-4b13-a0a9-30b1902068f3.xml.macaon	470	26	où	où	prorel	prorel	_	29	mod	_	_
26e3ff95-4dd1-4b13-a0a9-30b1902068f3.xml.macaon	471	27	les	le	det	det	_	28	det	_	_
26e3ff95-4dd1-4b13-a0a9-30b1902068f3.xml.macaon	472	28	moutons	mouton	nc	nc	_	29	suj	_	_
26e3ff95-4dd1-4b13-a0a9-30b1902068f3.xml.macaon	473	29	sont	être	v	v	_	25	mod_rel	_	_
26e3ff95-4dd1-4b13-a0a9-30b1902068f3.xml.macaon	474	30	,	,	ponctw	ponctw	_	29	ponct	_	_
26e3ff95-4dd1-4b13-a0a9-30b1902068f3.xml.macaon	475	31	avec	avec	prep	prep	_	29	mod	_	_
26e3ff95-4dd1-4b13-a0a9-30b1902068f3.xml.macaon	476	32	les	le	det	det	_	33	det	_	_
26e3ff95-4dd1-4b13-a0a9-30b1902068f3.xml.macaon	477	33	visiteurs	visiteur	nc	nc	_	31	obj	_	_
26e3ff95-4dd1-4b13-a0a9-30b1902068f3.xml.macaon	478	34	,	,	ponctw	ponctw	_	33	ponct	_	_
26e3ff95-4dd1-4b13-a0a9-30b1902068f3.xml.macaon	479	35	les	le	det	det	_	37	det	_	_
26e3ff95-4dd1-4b13-a0a9-30b1902068f3.xml.macaon	480	36	seuls	seul	adj	adj	_	37	mod	_	_
26e3ff95-4dd1-4b13-a0a9-30b1902068f3.xml.macaon	481	37	occupants	occupant	nc	nc	_	31	obj	_	_
26e3ff95-4dd1-4b13-a0a9-30b1902068f3.xml.macaon	482	38	.	.	poncts	poncts	_	9	ponct	_	_

26e3ff95-4dd1-4b13-a0a9-30b1902068f3.xml.macaon	483	1	Site	site	nc	nc	_	_	_	_	_
26e3ff95-4dd1-4b13-a0a9-30b1902068f3.xml.macaon	484	2	touristique	touristique	adj	adj	_	1	mod	_	_

26e3ff95-4dd1-4b13-a0a9-30b1902068f3.xml.macaon	485	1	Actuellement	actuellement	adv	adv	_	5	mod	_	_
26e3ff95-4dd1-4b13-a0a9-30b1902068f3.xml.macaon	486	2	,	,	ponctw	ponctw	_	5	ponct	_	_
26e3ff95-4dd1-4b13-a0a9-30b1902068f3.xml.macaon	487	3	Maiden	Maiden	np	np	_	5	suj	_	_
26e3ff95-4dd1-4b13-a0a9-30b1902068f3.xml.macaon	488	4	Castle	Castle	np	np	_	3	mod	_	_
26e3ff95-4dd1-4b13-a0a9-30b1902068f3.xml.macaon	489	5	est	être	v	v	_	_	_	_	_
26e3ff95-4dd1-4b13-a0a9-30b1902068f3.xml.macaon	490	6	,	,	ponctw	ponctw	_	5	ponct	_	_
26e3ff95-4dd1-4b13-a0a9-30b1902068f3.xml.macaon	491	7	avec	avec	prep	prep	_	5	mod	_	_
26e3ff95-4dd1-4b13-a0a9-30b1902068f3.xml.macaon	492	8	Stonehenge	Stonehenge	np	np	_	7	obj	_	_
26e3ff95-4dd1-4b13-a0a9-30b1902068f3.xml.macaon	493	9	,	,	ponctw	ponctw	_	8	ponct	_	_
26e3ff95-4dd1-4b13-a0a9-30b1902068f3.xml.macaon	494	10	une	un	pro	pro	_	7	obj	_	_
26e3ff95-4dd1-4b13-a0a9-30b1902068f3.xml.macaon	495	11	des	des	prep	prep	_	10	dep	_	_
26e3ff95-4dd1-4b13-a0a9-30b1902068f3.xml.macaon	496	12	grandes	grand	adj	adj	_	13	mod	_	_
26e3ff95-4dd1-4b13-a0a9-30b1902068f3.xml.macaon	497	13	attractions	attraction	nc	nc	_	11	obj	_	_
26e3ff95-4dd1-4b13-a0a9-30b1902068f3.xml.macaon	498	14	touristiques	touristique	adj	adj	_	13	mod	_	_
26e3ff95-4dd1-4b13-a0a9-30b1902068f3.xml.macaon	499	15	archéologiques	archéologique	adj	adj	_	13	mod	_	_
26e3ff95-4dd1-4b13-a0a9-30b1902068f3.xml.macaon	500	16	du	du	prep	prep	_	15	dep	_	_
26e3ff95-4dd1-4b13-a0a9-30b1902068f3.xml.macaon	501	17	Sud	Sud	np	np	_	16	obj	_	_
26e3ff95-4dd1-4b13-a0a9-30b1902068f3.xml.macaon	502	18	de#l'	de#l'	prep	prep	_	15	dep	_	_
26e3ff95-4dd1-4b13-a0a9-30b1902068f3.xml.macaon	503	19	Angleterre	Angleterre	np	np	_	18	obj	_	_
26e3ff95-4dd1-4b13-a0a9-30b1902068f3.xml.macaon	504	20	.	.	poncts	poncts	_	5	ponct	_	_

26e3ff95-4dd1-4b13-a0a9-30b1902068f3.xml.macaon	505	1	50	50	det	det	_	2	det	_	_
26e3ff95-4dd1-4b13-a0a9-30b1902068f3.xml.macaon	506	2	°	degré	nc	nc	_	_	_	_	_
26e3ff95-4dd1-4b13-a0a9-30b1902068f3.xml.macaon	507	3	41	41	adj	adj	_	2	mod	_	_
26e3ff95-4dd1-4b13-a0a9-30b1902068f3.xml.macaon	508	4	′	′	prep	prep	_	2	dep	_	_
26e3ff95-4dd1-4b13-a0a9-30b1902068f3.xml.macaon	509	5	40	40	det	det	_	6	det	_	_
26e3ff95-4dd1-4b13-a0a9-30b1902068f3.xml.macaon	510	6	″	″	nc	nc	_	4	obj	_	_
26e3ff95-4dd1-4b13-a0a9-30b1902068f3.xml.macaon	511	7	N	N	prep	prep	_	6	dep	_	_
26e3ff95-4dd1-4b13-a0a9-30b1902068f3.xml.macaon	512	8	2	2	det	det	_	9	det	_	_
26e3ff95-4dd1-4b13-a0a9-30b1902068f3.xml.macaon	513	9	°	degré	nc	nc	_	7	obj	_	_
26e3ff95-4dd1-4b13-a0a9-30b1902068f3.xml.macaon	514	10	28	28	adj	adj	_	9	mod	_	_
26e3ff95-4dd1-4b13-a0a9-30b1902068f3.xml.macaon	515	11	′	′	prep	prep	_	9	dep	_	_
26e3ff95-4dd1-4b13-a0a9-30b1902068f3.xml.macaon	516	12	05	05	det	det	_	13	det	_	_
26e3ff95-4dd1-4b13-a0a9-30b1902068f3.xml.macaon	517	13	″	″	nc	nc	_	11	obj	_	_
26e3ff95-4dd1-4b13-a0a9-30b1902068f3.xml.macaon	518	14	O	O	adj	adj	_	13	mod	_	_
26e3ff95-4dd1-4b13-a0a9-30b1902068f3.xml.macaon	519	15	/	/	ponctw	ponctw	_	13	ponct	_	_
26e3ff95-4dd1-4b13-a0a9-30b1902068f3.xml.macaon	520	16	50.69444	50.69444	nc	nc	_	13	mod	_	_
26e3ff95-4dd1-4b13-a0a9-30b1902068f3.xml.macaon	521	17	,	,	ponctw	ponctw	_	13	ponct	_	_
26e3ff95-4dd1-4b13-a0a9-30b1902068f3.xml.macaon	522	18	-	-	ponctw	ponctw	_	13	ponct	_	_
26e3ff95-4dd1-4b13-a0a9-30b1902068f3.xml.macaon	523	19	2.46806	2.46806	adj	adj	_	13	mod	_	_
