2b534be5-5b80-4f72-b1ef-286b6efa479b.xml.macaon	0	1	vikidia	vikidia	nc	nc	_	_	_	_	_

2b534be5-5b80-4f72-b1ef-286b6efa479b.xml.macaon	1	1	2b534be5	2b534be5	adj	adj	_	3	mod	_	_
2b534be5-5b80-4f72-b1ef-286b6efa479b.xml.macaon	2	2	-	-	ponctw	ponctw	_	1	ponct	_	_
2b534be5-5b80-4f72-b1ef-286b6efa479b.xml.macaon	3	3	5b80	5b80	nc	nc	_	_	_	_	_
2b534be5-5b80-4f72-b1ef-286b6efa479b.xml.macaon	4	4	-	-	ponctw	ponctw	_	3	ponct	_	_
2b534be5-5b80-4f72-b1ef-286b6efa479b.xml.macaon	5	5	4f72	4f72	nc	nc	_	3	mod	_	_
2b534be5-5b80-4f72-b1ef-286b6efa479b.xml.macaon	6	6	-	-	ponctw	ponctw	_	5	ponct	_	_
2b534be5-5b80-4f72-b1ef-286b6efa479b.xml.macaon	7	7	b1ef	b1ef	nc	nc	_	5	mod	_	_
2b534be5-5b80-4f72-b1ef-286b6efa479b.xml.macaon	8	8	-	-	ponctw	ponctw	_	7	ponct	_	_
2b534be5-5b80-4f72-b1ef-286b6efa479b.xml.macaon	9	9	286b6efa479b	286b6efa479b	nc	nc	_	7	mod	_	_

2b534be5-5b80-4f72-b1ef-286b6efa479b.xml.macaon	10	1	ADDED	ADDED	nc	nc	_	_	_	_	_

2b534be5-5b80-4f72-b1ef-286b6efa479b.xml.macaon	11	1	2016	2016	adj	adj	_	3	mod	_	_
2b534be5-5b80-4f72-b1ef-286b6efa479b.xml.macaon	12	2	-	-	ponctw	ponctw	_	1	ponct	_	_
2b534be5-5b80-4f72-b1ef-286b6efa479b.xml.macaon	13	3	06	06	nc	nc	_	_	_	_	_
2b534be5-5b80-4f72-b1ef-286b6efa479b.xml.macaon	14	4	-	-	ponctw	ponctw	_	3	ponct	_	_
2b534be5-5b80-4f72-b1ef-286b6efa479b.xml.macaon	15	5	15T14	15T14	nc	nc	_	3	mod	_	_
2b534be5-5b80-4f72-b1ef-286b6efa479b.xml.macaon	16	6	:	:	ponctw	ponctw	_	5	ponct	_	_
2b534be5-5b80-4f72-b1ef-286b6efa479b.xml.macaon	17	7	32	32	nc	nc	_	5	mod	_	_
2b534be5-5b80-4f72-b1ef-286b6efa479b.xml.macaon	18	8	:	:	ponctw	ponctw	_	7	ponct	_	_
2b534be5-5b80-4f72-b1ef-286b6efa479b.xml.macaon	19	9	43Z	43Z	nc	nc	_	7	mod	_	_

2b534be5-5b80-4f72-b1ef-286b6efa479b.xml.macaon	20	1	Maison	maison	nc	nc	_	_	_	_	_
2b534be5-5b80-4f72-b1ef-286b6efa479b.xml.macaon	21	2	préhistorique	préhistorique	adj	adj	_	1	mod	_	_

2b534be5-5b80-4f72-b1ef-286b6efa479b.xml.macaon	22	1	Les	les	det	det	_	2	det	_	_	B:Awareness:FE:Content:G:43
2b534be5-5b80-4f72-b1ef-286b6efa479b.xml.macaon	23	2	maisons	maison	nc	nc	_	_	_	_	_	I:Awareness:FE:Content:G:43
2b534be5-5b80-4f72-b1ef-286b6efa479b.xml.macaon	24	3	préhistoriques	préhistorique	adj	adj	_	2	mod	_	_	I:Awareness:FE:Content:G:43
2b534be5-5b80-4f72-b1ef-286b6efa479b.xml.macaon	25	4	,	,	ponctw	ponctw	_	2	ponct	_	_	I:Awareness:FE:Content:G:43
2b534be5-5b80-4f72-b1ef-286b6efa479b.xml.macaon	26	5	les	le	det	det	_	6	det	_	_	I:Awareness:FE:Content:G:43
2b534be5-5b80-4f72-b1ef-286b6efa479b.xml.macaon	27	6	endroits	endroit	nc	nc	_	2	mod	_	_	I:Awareness:FE:Content:G:43
2b534be5-5b80-4f72-b1ef-286b6efa479b.xml.macaon	28	7	,	,	ponctw	ponctw	_	6	ponct	_	_	I:Awareness:FE:Content:G:43
2b534be5-5b80-4f72-b1ef-286b6efa479b.xml.macaon	29	8	constructions	construction	nc	nc	_	6	mod	_	_	B:OTHER:G	I:Awareness:FE:Content:G:43
2b534be5-5b80-4f72-b1ef-286b6efa479b.xml.macaon	30	9	ou	ou	coo	coo	_	2	coord	_	_	I:Awareness:FE:Content:G:43
2b534be5-5b80-4f72-b1ef-286b6efa479b.xml.macaon	31	10	campements	campement	nc	nc	_	9	dep_coord	_	_	I:Awareness:FE:Content:G:43
2b534be5-5b80-4f72-b1ef-286b6efa479b.xml.macaon	32	11	où	où	prorel	prorel	_	12	mod	_	_	B:Awareness:FE:Role:G:43
2b534be5-5b80-4f72-b1ef-286b6efa479b.xml.macaon	33	12	vivaient	vivre	v	v	_	10	mod_rel	_	_	I:Awareness:FE:Role:G:43
2b534be5-5b80-4f72-b1ef-286b6efa479b.xml.macaon	34	13	les	le	det	det	_	14	det	_	_	I:Awareness:FE:Role:G:43
2b534be5-5b80-4f72-b1ef-286b6efa479b.xml.macaon	35	14	hommes	homme	nc	nc	_	12	obj	_	_	I:Awareness:FE:Role:G:43
2b534be5-5b80-4f72-b1ef-286b6efa479b.xml.macaon	36	15	au#cours#de	au#cours#de	prep	prep	_	18	mod	_	_	I:Awareness:FE:Role:G:43
2b534be5-5b80-4f72-b1ef-286b6efa479b.xml.macaon	37	16	la	le	det	det	_	17	det	_	_	I:Awareness:FE:Role:G:43
2b534be5-5b80-4f72-b1ef-286b6efa479b.xml.macaon	38	17	Préhistoire	Préhistoire	np	np	_	15	obj	_	_	I:Awareness:FE:Role:G:43
2b534be5-5b80-4f72-b1ef-286b6efa479b.xml.macaon	39	18	sont	être	v	v	_	12	mod	_	_	I:Awareness:FE:Role:G:43
2b534be5-5b80-4f72-b1ef-286b6efa479b.xml.macaon	40	19	difficiles	difficile	adj	adj	_	18	ats	_	_	I:Awareness:FE:Role:G:43
2b534be5-5b80-4f72-b1ef-286b6efa479b.xml.macaon	41	20	à	à	prep	prep	_	18	a_obj	_	_	I:Awareness:FE:Role:G:43
2b534be5-5b80-4f72-b1ef-286b6efa479b.xml.macaon	42	21	bien	bien	adv	adv	_	22	mod	_	_	I:Awareness:FE:Role:G:43
2b534be5-5b80-4f72-b1ef-286b6efa479b.xml.macaon	43	22	connaître	connaître	vinf	vinf	_	20	obj	_	_	B:Awareness:TARGET:connaître:G:43
2b534be5-5b80-4f72-b1ef-286b6efa479b.xml.macaon	44	23	.	.	poncts	poncts	_	12	ponct	_	_

2b534be5-5b80-4f72-b1ef-286b6efa479b.xml.macaon	45	1	Pourtant	pourtant	adv	adv	_	6	mod	_	_
2b534be5-5b80-4f72-b1ef-286b6efa479b.xml.macaon	46	2	les	le	det	det	_	3	det	_	_	B:Scrutiny:FE:Cognizer:G:64
2b534be5-5b80-4f72-b1ef-286b6efa479b.xml.macaon	47	3	archéologues	archéologue	nc	nc	_	6	suj	_	_	I:Scrutiny:FE:Cognizer:G:64
2b534be5-5b80-4f72-b1ef-286b6efa479b.xml.macaon	48	4	et	et	coo	coo	_	3	coord	_	_	I:Scrutiny:FE:Cognizer:G:64
2b534be5-5b80-4f72-b1ef-286b6efa479b.xml.macaon	49	5	préhistoriens	préhistorien	nc	nc	_	4	dep_coord	_	_	I:Scrutiny:FE:Cognizer:G:64
2b534be5-5b80-4f72-b1ef-286b6efa479b.xml.macaon	50	6	arrivent	arriver	v	v	_	_	_	_	_	B:OTHER:G
2b534be5-5b80-4f72-b1ef-286b6efa479b.xml.macaon	51	7	à	à	prep	prep	_	6	a_obj	_	_
2b534be5-5b80-4f72-b1ef-286b6efa479b.xml.macaon	52	8	s'	s'	nc	nc	_	7	obj	_	_
2b534be5-5b80-4f72-b1ef-286b6efa479b.xml.macaon	53	9	en	en	prep	prep	_	6	mod	_	_
2b534be5-5b80-4f72-b1ef-286b6efa479b.xml.macaon	54	10	faire	faire	vinf	vinf	_	9	obj	_	_
2b534be5-5b80-4f72-b1ef-286b6efa479b.xml.macaon	55	11	une	un	det	det	_	12	det	_	_
2b534be5-5b80-4f72-b1ef-286b6efa479b.xml.macaon	56	12	idée	idée	nc	nc	_	10	obj	_	_
2b534be5-5b80-4f72-b1ef-286b6efa479b.xml.macaon	57	13	à#partir#de	à#partir#de	prep	prep	_	10	mod	_	_
2b534be5-5b80-4f72-b1ef-286b6efa479b.xml.macaon	58	14	plusieurs	plusieurs	det	det	_	15	det	_	_
2b534be5-5b80-4f72-b1ef-286b6efa479b.xml.macaon	59	15	sources	source	nc	nc	_	13	obj	_	_
2b534be5-5b80-4f72-b1ef-286b6efa479b.xml.macaon	60	16	d'	de	prep	prep	_	15	dep	_	_
2b534be5-5b80-4f72-b1ef-286b6efa479b.xml.macaon	61	17	information	information	nc	nc	_	16	obj	_	_
2b534be5-5b80-4f72-b1ef-286b6efa479b.xml.macaon	62	18	dont	dont	prorel	prorel	_	16	obj	_	_
2b534be5-5b80-4f72-b1ef-286b6efa479b.xml.macaon	63	19	les	le	det	det	_	20	det	_	_
2b534be5-5b80-4f72-b1ef-286b6efa479b.xml.macaon	64	20	fouilles	fouille	nc	nc	_	10	obj	_	_	B:Scrutiny:TARGET:fouille:G:64
2b534be5-5b80-4f72-b1ef-286b6efa479b.xml.macaon	65	21	archéologiques	archéologique	adj	adj	_	20	mod	_	_	B:Scrutiny:FE:Means:G:64
2b534be5-5b80-4f72-b1ef-286b6efa479b.xml.macaon	66	22	.	.	poncts	poncts	_	6	ponct	_	_

2b534be5-5b80-4f72-b1ef-286b6efa479b.xml.macaon	67	1	Préhistoire	préhistoire	nc	nc	_	_	_	_	_

2b534be5-5b80-4f72-b1ef-286b6efa479b.xml.macaon	68	1	Maison	maison	nc	nc	_	_	_	_	_
2b534be5-5b80-4f72-b1ef-286b6efa479b.xml.macaon	69	2	préhistorique	préhistorique	adj	adj	_	1	mod	_	_

2b534be5-5b80-4f72-b1ef-286b6efa479b.xml.macaon	70	1	Les	les	det	det	_	2	det	_	_	B:Awareness:FE:Content:G:91
2b534be5-5b80-4f72-b1ef-286b6efa479b.xml.macaon	71	2	maisons	maison	nc	nc	_	_	_	_	_	I:Awareness:FE:Content:G:91
2b534be5-5b80-4f72-b1ef-286b6efa479b.xml.macaon	72	3	préhistoriques	préhistorique	adj	adj	_	2	mod	_	_	I:Awareness:FE:Content:G:91
2b534be5-5b80-4f72-b1ef-286b6efa479b.xml.macaon	73	4	,	,	ponctw	ponctw	_	2	ponct	_	_	I:Awareness:FE:Content:G:91
2b534be5-5b80-4f72-b1ef-286b6efa479b.xml.macaon	74	5	les	le	det	det	_	6	det	_	_	I:Awareness:FE:Content:G:91
2b534be5-5b80-4f72-b1ef-286b6efa479b.xml.macaon	75	6	endroits	endroit	nc	nc	_	2	mod	_	_	I:Awareness:FE:Content:G:91
2b534be5-5b80-4f72-b1ef-286b6efa479b.xml.macaon	76	7	,	,	ponctw	ponctw	_	6	ponct	_	_	I:Awareness:FE:Content:G:91
2b534be5-5b80-4f72-b1ef-286b6efa479b.xml.macaon	77	8	constructions	construction	nc	nc	_	6	mod	_	_	B:OTHER:G	I:Awareness:FE:Content:G:91
2b534be5-5b80-4f72-b1ef-286b6efa479b.xml.macaon	78	9	ou	ou	coo	coo	_	2	coord	_	_	I:Awareness:FE:Content:G:91
2b534be5-5b80-4f72-b1ef-286b6efa479b.xml.macaon	79	10	campements	campement	nc	nc	_	9	dep_coord	_	_	I:Awareness:FE:Content:G:91
2b534be5-5b80-4f72-b1ef-286b6efa479b.xml.macaon	80	11	où	où	prorel	prorel	_	12	mod	_	_	B:Awareness:FE:Explanation:G:91
2b534be5-5b80-4f72-b1ef-286b6efa479b.xml.macaon	81	12	vivaient	vivre	v	v	_	10	mod_rel	_	_	I:Awareness:FE:Explanation:G:91
2b534be5-5b80-4f72-b1ef-286b6efa479b.xml.macaon	82	13	les	le	det	det	_	14	det	_	_	I:Awareness:FE:Explanation:G:91
2b534be5-5b80-4f72-b1ef-286b6efa479b.xml.macaon	83	14	hommes	homme	nc	nc	_	12	obj	_	_	I:Awareness:FE:Explanation:G:91
2b534be5-5b80-4f72-b1ef-286b6efa479b.xml.macaon	84	15	au#cours#de	au#cours#de	prep	prep	_	18	mod	_	_	I:Awareness:FE:Explanation:G:91
2b534be5-5b80-4f72-b1ef-286b6efa479b.xml.macaon	85	16	la	le	det	det	_	17	det	_	_	I:Awareness:FE:Explanation:G:91
2b534be5-5b80-4f72-b1ef-286b6efa479b.xml.macaon	86	17	Préhistoire	Préhistoire	np	np	_	15	obj	_	_	I:Awareness:FE:Explanation:G:91
2b534be5-5b80-4f72-b1ef-286b6efa479b.xml.macaon	87	18	sont	être	v	v	_	12	mod	_	_
2b534be5-5b80-4f72-b1ef-286b6efa479b.xml.macaon	88	19	difficiles	difficile	adj	adj	_	18	ats	_	_
2b534be5-5b80-4f72-b1ef-286b6efa479b.xml.macaon	89	20	à	à	prep	prep	_	18	a_obj	_	_
2b534be5-5b80-4f72-b1ef-286b6efa479b.xml.macaon	90	21	bien	bien	adv	adv	_	22	mod	_	_
2b534be5-5b80-4f72-b1ef-286b6efa479b.xml.macaon	91	22	connaître	connaître	vinf	vinf	_	20	obj	_	_	B:Awareness:TARGET:connaître:G:91
2b534be5-5b80-4f72-b1ef-286b6efa479b.xml.macaon	92	23	.	.	poncts	poncts	_	12	ponct	_	_

2b534be5-5b80-4f72-b1ef-286b6efa479b.xml.macaon	93	1	Pourtant	pourtant	adv	adv	_	6	mod	_	_
2b534be5-5b80-4f72-b1ef-286b6efa479b.xml.macaon	94	2	les	le	det	det	_	3	det	_	_	B:Scrutiny:FE:Cognizer:G:112
2b534be5-5b80-4f72-b1ef-286b6efa479b.xml.macaon	95	3	archéologues	archéologue	nc	nc	_	6	suj	_	_	I:Scrutiny:FE:Cognizer:G:112
2b534be5-5b80-4f72-b1ef-286b6efa479b.xml.macaon	96	4	et	et	coo	coo	_	3	coord	_	_	I:Scrutiny:FE:Cognizer:G:112
2b534be5-5b80-4f72-b1ef-286b6efa479b.xml.macaon	97	5	préhistoriens	préhistorien	nc	nc	_	4	dep_coord	_	_	I:Scrutiny:FE:Cognizer:G:112
2b534be5-5b80-4f72-b1ef-286b6efa479b.xml.macaon	98	6	arrivent	arriver	v	v	_	_	_	_	_	B:OTHER:G
2b534be5-5b80-4f72-b1ef-286b6efa479b.xml.macaon	99	7	à	à	prep	prep	_	6	a_obj	_	_
2b534be5-5b80-4f72-b1ef-286b6efa479b.xml.macaon	100	8	s'	s'	nc	nc	_	7	obj	_	_
2b534be5-5b80-4f72-b1ef-286b6efa479b.xml.macaon	101	9	en	en	prep	prep	_	6	mod	_	_
2b534be5-5b80-4f72-b1ef-286b6efa479b.xml.macaon	102	10	faire	faire	vinf	vinf	_	9	obj	_	_
2b534be5-5b80-4f72-b1ef-286b6efa479b.xml.macaon	103	11	une	un	det	det	_	12	det	_	_
2b534be5-5b80-4f72-b1ef-286b6efa479b.xml.macaon	104	12	idée	idée	nc	nc	_	10	obj	_	_
2b534be5-5b80-4f72-b1ef-286b6efa479b.xml.macaon	105	13	à#partir#de	à#partir#de	prep	prep	_	10	mod	_	_
2b534be5-5b80-4f72-b1ef-286b6efa479b.xml.macaon	106	14	plusieurs	plusieurs	det	det	_	15	det	_	_
2b534be5-5b80-4f72-b1ef-286b6efa479b.xml.macaon	107	15	sources	source	nc	nc	_	13	obj	_	_
2b534be5-5b80-4f72-b1ef-286b6efa479b.xml.macaon	108	16	d'	de	prep	prep	_	15	dep	_	_
2b534be5-5b80-4f72-b1ef-286b6efa479b.xml.macaon	109	17	information	information	nc	nc	_	16	obj	_	_
2b534be5-5b80-4f72-b1ef-286b6efa479b.xml.macaon	110	18	dont	dont	prorel	prorel	_	16	obj	_	_
2b534be5-5b80-4f72-b1ef-286b6efa479b.xml.macaon	111	19	les	le	det	det	_	20	det	_	_
2b534be5-5b80-4f72-b1ef-286b6efa479b.xml.macaon	112	20	fouilles	fouille	nc	nc	_	10	obj	_	_	B:Scrutiny:TARGET:fouille:G:112
2b534be5-5b80-4f72-b1ef-286b6efa479b.xml.macaon	113	21	archéologiques	archéologique	adj	adj	_	20	mod	_	_	B:Scrutiny:FE:Means:G:112
2b534be5-5b80-4f72-b1ef-286b6efa479b.xml.macaon	114	22	.	.	poncts	poncts	_	6	ponct	_	_

2b534be5-5b80-4f72-b1ef-286b6efa479b.xml.macaon	115	1	La	la	det	det	_	2	det	_	_
2b534be5-5b80-4f72-b1ef-286b6efa479b.xml.macaon	116	2	Préhistoire	Préhistoire	np	np	_	3	suj	_	_
2b534be5-5b80-4f72-b1ef-286b6efa479b.xml.macaon	117	3	est	être	v	v	_	5	aux_tps	_	_
2b534be5-5b80-4f72-b1ef-286b6efa479b.xml.macaon	118	4	en#général	en#général	adv	adv	_	5	mod	_	_
2b534be5-5b80-4f72-b1ef-286b6efa479b.xml.macaon	119	5	divisée	diviser	vppart	vppart	_	_	_	_	_
2b534be5-5b80-4f72-b1ef-286b6efa479b.xml.macaon	120	6	en	en	prep	prep	_	5	mod	_	_
2b534be5-5b80-4f72-b1ef-286b6efa479b.xml.macaon	121	7	plusieurs	plusieurs	det	det	_	8	det	_	_
2b534be5-5b80-4f72-b1ef-286b6efa479b.xml.macaon	122	8	périodes	période	nc	nc	_	6	obj	_	_
2b534be5-5b80-4f72-b1ef-286b6efa479b.xml.macaon	123	9	:	:	ponctw	ponctw	_	8	ponct	_	_
2b534be5-5b80-4f72-b1ef-286b6efa479b.xml.macaon	124	10	le	le	det	det	_	11	det	_	_
2b534be5-5b80-4f72-b1ef-286b6efa479b.xml.macaon	125	11	Paléolithique	Paléolithique	np	np	_	8	mod	_	_
2b534be5-5b80-4f72-b1ef-286b6efa479b.xml.macaon	126	12	,	,	ponctw	ponctw	_	8	ponct	_	_
2b534be5-5b80-4f72-b1ef-286b6efa479b.xml.macaon	127	13	qui	qui	prorel	prorel	_	14	suj	_	_
2b534be5-5b80-4f72-b1ef-286b6efa479b.xml.macaon	128	14	est	être	v	v	_	8	mod_rel	_	_
2b534be5-5b80-4f72-b1ef-286b6efa479b.xml.macaon	129	15	la	le	det	det	_	16	det	_	_
2b534be5-5b80-4f72-b1ef-286b6efa479b.xml.macaon	130	16	période	période	nc	nc	_	14	ats	_	_
2b534be5-5b80-4f72-b1ef-286b6efa479b.xml.macaon	131	17	la	le	det	det	_	19	det	_	_
2b534be5-5b80-4f72-b1ef-286b6efa479b.xml.macaon	132	18	plus	plus	adv	adv	_	19	mod	_	_
2b534be5-5b80-4f72-b1ef-286b6efa479b.xml.macaon	133	19	ancienne	ancien	adj	adj	_	16	mod	_	_
2b534be5-5b80-4f72-b1ef-286b6efa479b.xml.macaon	134	20	et	et	coo	coo	_	16	coord	_	_
2b534be5-5b80-4f72-b1ef-286b6efa479b.xml.macaon	135	21	la	le	det	det	_	23	det	_	_
2b534be5-5b80-4f72-b1ef-286b6efa479b.xml.macaon	136	22	plus	plus	adv	adv	_	23	mod	_	_
2b534be5-5b80-4f72-b1ef-286b6efa479b.xml.macaon	137	23	longue	long	adj	adj	_	20	dep_coord	_	_
2b534be5-5b80-4f72-b1ef-286b6efa479b.xml.macaon	138	24	,	,	ponctw	ponctw	_	20	ponct	_	_
2b534be5-5b80-4f72-b1ef-286b6efa479b.xml.macaon	139	25	puis	puis	coo	coo	_	16	coord	_	_
2b534be5-5b80-4f72-b1ef-286b6efa479b.xml.macaon	140	26	le	le	det	det	_	27	det	_	_
2b534be5-5b80-4f72-b1ef-286b6efa479b.xml.macaon	141	27	Néolithique	néolithique	nc	nc	_	25	dep_coord	_	_
2b534be5-5b80-4f72-b1ef-286b6efa479b.xml.macaon	142	28	.	.	poncts	poncts	_	5	ponct	_	_

2b534be5-5b80-4f72-b1ef-286b6efa479b.xml.macaon	143	1	Ces	ces	det	det	_	2	det	_	_
2b534be5-5b80-4f72-b1ef-286b6efa479b.xml.macaon	144	2	périodes	période	nc	nc	_	3	suj	_	_
2b534be5-5b80-4f72-b1ef-286b6efa479b.xml.macaon	145	3	peuvent	pouvoir	v	v	_	5	aux_tps	_	_
2b534be5-5b80-4f72-b1ef-286b6efa479b.xml.macaon	146	4	être	être	vinf	vinf	_	5	aux_pass	_	_
2b534be5-5b80-4f72-b1ef-286b6efa479b.xml.macaon	147	5	divisées	diviser	vppart	vppart	_	_	_	_	_
2b534be5-5b80-4f72-b1ef-286b6efa479b.xml.macaon	148	6	en	en	prep	prep	_	5	mod	_	_
2b534be5-5b80-4f72-b1ef-286b6efa479b.xml.macaon	149	7	périodes	période	nc	nc	_	6	obj	_	_
2b534be5-5b80-4f72-b1ef-286b6efa479b.xml.macaon	150	8	plus	plus	adv	adv	_	9	mod	_	_
2b534be5-5b80-4f72-b1ef-286b6efa479b.xml.macaon	151	9	précises	précis	adj	adj	_	7	mod	_	_
2b534be5-5b80-4f72-b1ef-286b6efa479b.xml.macaon	152	10	.	.	poncts	poncts	_	5	__JOKER__	_	_

2b534be5-5b80-4f72-b1ef-286b6efa479b.xml.macaon	153	1	Quand	quand	csu	csu	_	_	_	_	_
2b534be5-5b80-4f72-b1ef-286b6efa479b.xml.macaon	154	2	on	on	cln	cln	_	3	suj	_	_	B:Education_teaching:FE:Student:G:155
2b534be5-5b80-4f72-b1ef-286b6efa479b.xml.macaon	155	3	étudie	étudier	v	v	_	1	obj	_	_	B:Education_teaching:TARGET:étudier:G:155
2b534be5-5b80-4f72-b1ef-286b6efa479b.xml.macaon	156	4	précisément	précisément	adv	adv	_	3	mod	_	_
2b534be5-5b80-4f72-b1ef-286b6efa479b.xml.macaon	157	5	des	un	det	det	_	6	det	_	_	B:Education_teaching:FE:Subject:G:155
2b534be5-5b80-4f72-b1ef-286b6efa479b.xml.macaon	158	6	sites	site	nc	nc	_	3	obj	_	_	I:Education_teaching:FE:Subject:G:155
2b534be5-5b80-4f72-b1ef-286b6efa479b.xml.macaon	159	7	préhistoriques	préhistorique	adj	adj	_	6	mod	_	_	I:Education_teaching:FE:Subject:G:155
2b534be5-5b80-4f72-b1ef-286b6efa479b.xml.macaon	160	8	,	,	ponctw	ponctw	_	12	ponct	_	_
2b534be5-5b80-4f72-b1ef-286b6efa479b.xml.macaon	161	9	on	on	cln	cln	_	12	suj	_	_
2b534be5-5b80-4f72-b1ef-286b6efa479b.xml.macaon	162	10	ne	ne	advneg	advneg	_	12	mod	_	_
2b534be5-5b80-4f72-b1ef-286b6efa479b.xml.macaon	163	11	les	les	clo	clo	_	12	__JOKER__	_	_
2b534be5-5b80-4f72-b1ef-286b6efa479b.xml.macaon	164	12	classe	classer	v	v	_	1	obj	_	_
2b534be5-5b80-4f72-b1ef-286b6efa479b.xml.macaon	165	13	pas	pas	advneg	advneg	_	12	mod	_	_
2b534be5-5b80-4f72-b1ef-286b6efa479b.xml.macaon	166	14	seulement	seulement	adv	adv	_	12	mod	_	_
2b534be5-5b80-4f72-b1ef-286b6efa479b.xml.macaon	167	15	par	par	prep	prep	_	12	p_obj	_	_
2b534be5-5b80-4f72-b1ef-286b6efa479b.xml.macaon	168	16	période	période	nc	nc	_	15	obj	_	_
2b534be5-5b80-4f72-b1ef-286b6efa479b.xml.macaon	169	17	mais	mais	coo	coo	_	15	coord	_	_
2b534be5-5b80-4f72-b1ef-286b6efa479b.xml.macaon	170	18	par	par	prep	prep	_	17	dep_coord	_	_
2b534be5-5b80-4f72-b1ef-286b6efa479b.xml.macaon	171	19	culture	culture	nc	nc	_	18	obj	_	_
2b534be5-5b80-4f72-b1ef-286b6efa479b.xml.macaon	172	20	.	.	poncts	poncts	_	12	ponct	_	_

2b534be5-5b80-4f72-b1ef-286b6efa479b.xml.macaon	173	1	Dans#ce#cas	dans#ce#cas	adv	adv	_	5	mod	_	_
2b534be5-5b80-4f72-b1ef-286b6efa479b.xml.macaon	174	2	,	,	ponctw	ponctw	_	5	ponct	_	_
2b534be5-5b80-4f72-b1ef-286b6efa479b.xml.macaon	175	3	une	un	det	det	_	4	det	_	_
2b534be5-5b80-4f72-b1ef-286b6efa479b.xml.macaon	176	4	culture	culture	nc	nc	_	5	suj	_	_
2b534be5-5b80-4f72-b1ef-286b6efa479b.xml.macaon	177	5	est	être	v	v	_	_	_	_	_
2b534be5-5b80-4f72-b1ef-286b6efa479b.xml.macaon	178	6	un	un	det	det	_	7	det	_	_
2b534be5-5b80-4f72-b1ef-286b6efa479b.xml.macaon	179	7	mode	mode	nc	nc	_	5	obj	_	_
2b534be5-5b80-4f72-b1ef-286b6efa479b.xml.macaon	180	8	de	de	prep	prep	_	7	dep	_	_
2b534be5-5b80-4f72-b1ef-286b6efa479b.xml.macaon	181	9	vie	vie	nc	nc	_	8	obj	_	_
2b534be5-5b80-4f72-b1ef-286b6efa479b.xml.macaon	182	10	et	et	coo	coo	_	9	coord	_	_
2b534be5-5b80-4f72-b1ef-286b6efa479b.xml.macaon	183	11	un	un	det	det	_	12	det	_	_
2b534be5-5b80-4f72-b1ef-286b6efa479b.xml.macaon	184	12	ensemble	ensemble	nc	nc	_	10	dep_coord	_	_
2b534be5-5b80-4f72-b1ef-286b6efa479b.xml.macaon	185	13	de	de	prep	prep	_	12	dep	_	_
2b534be5-5b80-4f72-b1ef-286b6efa479b.xml.macaon	186	14	techniques	technique	nc	nc	_	13	obj	_	_
2b534be5-5b80-4f72-b1ef-286b6efa479b.xml.macaon	187	15	qu'	que	prorel	prorel	_	17	mod	_	_
2b534be5-5b80-4f72-b1ef-286b6efa479b.xml.macaon	188	16	on	on	cln	cln	_	17	suj	_	_
2b534be5-5b80-4f72-b1ef-286b6efa479b.xml.macaon	189	17	reconnaît	reconnaître	v	v	_	10	dep_coord	_	_
2b534be5-5b80-4f72-b1ef-286b6efa479b.xml.macaon	190	18	à	à	prep	prep	_	17	a_obj	_	_
2b534be5-5b80-4f72-b1ef-286b6efa479b.xml.macaon	191	19	des	un	det	det	_	20	det	_	_
2b534be5-5b80-4f72-b1ef-286b6efa479b.xml.macaon	192	20	objets	objet	nc	nc	_	18	obj	_	_
2b534be5-5b80-4f72-b1ef-286b6efa479b.xml.macaon	193	21	typiques	typique	adj	adj	_	20	mod	_	_
2b534be5-5b80-4f72-b1ef-286b6efa479b.xml.macaon	194	22	de	de	prep	prep	_	20	dep	_	_
2b534be5-5b80-4f72-b1ef-286b6efa479b.xml.macaon	195	23	cette	ce	det	det	_	24	det	_	_
2b534be5-5b80-4f72-b1ef-286b6efa479b.xml.macaon	196	24	culture	culture	nc	nc	_	22	obj	_	_
2b534be5-5b80-4f72-b1ef-286b6efa479b.xml.macaon	197	25	.	.	poncts	poncts	_	5	ponct	_	_

2b534be5-5b80-4f72-b1ef-286b6efa479b.xml.macaon	198	1	Ces	ces	det	det	_	2	det	_	_
2b534be5-5b80-4f72-b1ef-286b6efa479b.xml.macaon	199	2	modes	mode	nc	nc	_	_	_	_	_
2b534be5-5b80-4f72-b1ef-286b6efa479b.xml.macaon	200	3	de	de	prep	prep	_	2	dep	_	_
2b534be5-5b80-4f72-b1ef-286b6efa479b.xml.macaon	201	4	vie	vie	nc	nc	_	3	obj	_	_
2b534be5-5b80-4f72-b1ef-286b6efa479b.xml.macaon	202	5	,	,	ponctw	ponctw	_	2	ponct	_	_
2b534be5-5b80-4f72-b1ef-286b6efa479b.xml.macaon	203	6	(	(	ponctw	ponctw	_	2	ponct	_	_
2b534be5-5b80-4f72-b1ef-286b6efa479b.xml.macaon	204	7	ou	ou	coo	coo	_	2	coord	_	_
2b534be5-5b80-4f72-b1ef-286b6efa479b.xml.macaon	205	8	cultures	culture	nc	nc	_	7	dep_coord	_	_
2b534be5-5b80-4f72-b1ef-286b6efa479b.xml.macaon	206	9	archéologiques	archéologique	adj	adj	_	8	mod	_	_
2b534be5-5b80-4f72-b1ef-286b6efa479b.xml.macaon	207	10	)	)	ponctw	ponctw	_	12	ponct	_	_
2b534be5-5b80-4f72-b1ef-286b6efa479b.xml.macaon	208	11	n'	n'	advneg	advneg	_	12	mod	_	_
2b534be5-5b80-4f72-b1ef-286b6efa479b.xml.macaon	209	12	étaient	étayer	v	v	_	7	dep_coord	_	_
2b534be5-5b80-4f72-b1ef-286b6efa479b.xml.macaon	210	13	pas	pas	advneg	advneg	_	12	mod	_	_
2b534be5-5b80-4f72-b1ef-286b6efa479b.xml.macaon	211	14	les	le	det	det	_	15	det	_	_
2b534be5-5b80-4f72-b1ef-286b6efa479b.xml.macaon	212	15	mêmes	même	adj	adj	_	12	ats	_	_
2b534be5-5b80-4f72-b1ef-286b6efa479b.xml.macaon	213	16	selon	selon	prep	prep	_	12	mod	_	_
2b534be5-5b80-4f72-b1ef-286b6efa479b.xml.macaon	214	17	la	le	det	det	_	18	det	_	_
2b534be5-5b80-4f72-b1ef-286b6efa479b.xml.macaon	215	18	région	région	nc	nc	_	16	obj	_	_
2b534be5-5b80-4f72-b1ef-286b6efa479b.xml.macaon	216	19	du	du	prep	prep	_	18	dep	_	_
2b534be5-5b80-4f72-b1ef-286b6efa479b.xml.macaon	217	20	monde	monde	nc	nc	_	19	obj	_	_
2b534be5-5b80-4f72-b1ef-286b6efa479b.xml.macaon	218	21	,	,	ponctw	ponctw	_	18	ponct	_	_
2b534be5-5b80-4f72-b1ef-286b6efa479b.xml.macaon	219	22	et	et	coo	coo	_	18	coord	_	_
2b534be5-5b80-4f72-b1ef-286b6efa479b.xml.macaon	220	23	la	le	det	det	_	24	det	_	_
2b534be5-5b80-4f72-b1ef-286b6efa479b.xml.macaon	221	24	façon	façon	nc	nc	_	22	dep_coord	_	_
2b534be5-5b80-4f72-b1ef-286b6efa479b.xml.macaon	222	25	dont	dont	prorel	prorel	_	29	__JOKER__	_	_
2b534be5-5b80-4f72-b1ef-286b6efa479b.xml.macaon	223	26	les	le	det	det	_	27	det	_	_	B:Buildings:FE:Agent:G:226
2b534be5-5b80-4f72-b1ef-286b6efa479b.xml.macaon	224	27	hommes	homme	nc	nc	_	29	suj	_	_	I:Buildings:FE:Agent:G:226
2b534be5-5b80-4f72-b1ef-286b6efa479b.xml.macaon	225	28	préhistoriques	préhistorique	adj	adj	_	27	mod	_	_	I:Buildings:FE:Agent:G:226
2b534be5-5b80-4f72-b1ef-286b6efa479b.xml.macaon	226	29	construisaient	construire	v	v	_	24	mod_rel	_	_	B:Buildings:TARGET:construire:G:226
2b534be5-5b80-4f72-b1ef-286b6efa479b.xml.macaon	227	30	leurs	son	det	det	_	31	det	_	_	B:Buildings:FE:Created_entity:G:226
2b534be5-5b80-4f72-b1ef-286b6efa479b.xml.macaon	228	31	campements	campement	nc	nc	_	29	obj	_	_	I:Buildings:FE:Created_entity:G:226
2b534be5-5b80-4f72-b1ef-286b6efa479b.xml.macaon	229	32	ou	ou	coo	coo	_	31	coord	_	_	I:Buildings:FE:Created_entity:G:226
2b534be5-5b80-4f72-b1ef-286b6efa479b.xml.macaon	230	33	leurs	son	det	det	_	34	det	_	_	I:Buildings:FE:Created_entity:G:226
2b534be5-5b80-4f72-b1ef-286b6efa479b.xml.macaon	231	34	maisons	maison	nc	nc	_	32	dep_coord	_	_	I:Buildings:FE:Created_entity:G:226
2b534be5-5b80-4f72-b1ef-286b6efa479b.xml.macaon	232	35	a	avoir	v	v	_	37	aux_tps	_	_
2b534be5-5b80-4f72-b1ef-286b6efa479b.xml.macaon	233	36	donc	donc	adv	adv	_	37	mod	_	_
2b534be5-5b80-4f72-b1ef-286b6efa479b.xml.macaon	234	37	varié	varier	vppart	vppart	_	34	mod	_	_
2b534be5-5b80-4f72-b1ef-286b6efa479b.xml.macaon	235	38	selon	selon	prep	prep	_	37	mod	_	_
2b534be5-5b80-4f72-b1ef-286b6efa479b.xml.macaon	236	39	les	le	det	det	_	40	det	_	_
2b534be5-5b80-4f72-b1ef-286b6efa479b.xml.macaon	237	40	époques	époque	nc	nc	_	38	obj	_	_
2b534be5-5b80-4f72-b1ef-286b6efa479b.xml.macaon	238	41	et	et	coo	coo	_	40	coord	_	_
2b534be5-5b80-4f72-b1ef-286b6efa479b.xml.macaon	239	42	les	le	det	det	_	43	det	_	_
2b534be5-5b80-4f72-b1ef-286b6efa479b.xml.macaon	240	43	régions	région	nc	nc	_	41	dep_coord	_	_
2b534be5-5b80-4f72-b1ef-286b6efa479b.xml.macaon	241	44	.	.	poncts	poncts	_	12	__JOKER__	_	_

2b534be5-5b80-4f72-b1ef-286b6efa479b.xml.macaon	242	1	Habitat	Habitat	np	np	_	_	_	_	_
2b534be5-5b80-4f72-b1ef-286b6efa479b.xml.macaon	243	2	paléolithique	paléolithique	nc	nc	_	1	mod	_	_

2b534be5-5b80-4f72-b1ef-286b6efa479b.xml.macaon	244	1	Au	au	prep	prep	_	8	mod	_	_
2b534be5-5b80-4f72-b1ef-286b6efa479b.xml.macaon	245	2	cours	cour	nc	nc	_	1	obj	_	_
2b534be5-5b80-4f72-b1ef-286b6efa479b.xml.macaon	246	3	du	du	prep	prep	_	2	dep	_	_
2b534be5-5b80-4f72-b1ef-286b6efa479b.xml.macaon	247	4	Paléolithique	Paléolithique	np	np	_	3	obj	_	_
2b534be5-5b80-4f72-b1ef-286b6efa479b.xml.macaon	248	5	,	,	ponctw	ponctw	_	2	ponct	_	_
2b534be5-5b80-4f72-b1ef-286b6efa479b.xml.macaon	249	6	les	le	det	det	_	7	det	_	_
2b534be5-5b80-4f72-b1ef-286b6efa479b.xml.macaon	250	7	hommes	homme	nc	nc	_	8	suj	_	_
2b534be5-5b80-4f72-b1ef-286b6efa479b.xml.macaon	251	8	sont	être	v	v	_	_	_	_	_
2b534be5-5b80-4f72-b1ef-286b6efa479b.xml.macaon	252	9	chasseurs	chasseur	nc	nc	_	8	ats	_	_
2b534be5-5b80-4f72-b1ef-286b6efa479b.xml.macaon	253	10	-	-	ponctw	ponctw	_	9	ponct	_	_
2b534be5-5b80-4f72-b1ef-286b6efa479b.xml.macaon	254	11	cueilleurs	cueilleurs	nc	nc	_	9	mod	_	_
2b534be5-5b80-4f72-b1ef-286b6efa479b.xml.macaon	255	12	et	et	coo	coo	_	11	coord	_	_
2b534be5-5b80-4f72-b1ef-286b6efa479b.xml.macaon	256	13	nomades	nomade	nc	nc	_	12	dep_coord	_	_
2b534be5-5b80-4f72-b1ef-286b6efa479b.xml.macaon	257	14	.	.	poncts	poncts	_	8	ponct	_	_

2b534be5-5b80-4f72-b1ef-286b6efa479b.xml.macaon	258	1	Leurs	son	det	det	_	2	det	_	_
2b534be5-5b80-4f72-b1ef-286b6efa479b.xml.macaon	259	2	maisons	maison	nc	nc	_	5	suj	_	_
2b534be5-5b80-4f72-b1ef-286b6efa479b.xml.macaon	260	3	ou	ou	coo	coo	_	2	coord	_	_
2b534be5-5b80-4f72-b1ef-286b6efa479b.xml.macaon	261	4	abris	abri	nc	nc	_	3	dep_coord	_	_
2b534be5-5b80-4f72-b1ef-286b6efa479b.xml.macaon	262	5	doivent	devoir	v	v	_	8	aux_tps	_	_
2b534be5-5b80-4f72-b1ef-286b6efa479b.xml.macaon	263	6	donc	donc	adv	adv	_	8	mod	_	_
2b534be5-5b80-4f72-b1ef-286b6efa479b.xml.macaon	264	7	être	être	vinf	vinf	_	8	aux_pass	_	_
2b534be5-5b80-4f72-b1ef-286b6efa479b.xml.macaon	265	8	faits	faire	vppart	vppart	_	_	_	_	_
2b534be5-5b80-4f72-b1ef-286b6efa479b.xml.macaon	266	9	rapidement	rapidement	adv	adv	_	8	mod	_	_
2b534be5-5b80-4f72-b1ef-286b6efa479b.xml.macaon	267	10	,	,	ponctw	ponctw	_	8	ponct	_	_
2b534be5-5b80-4f72-b1ef-286b6efa479b.xml.macaon	268	11	ils	ils	cln	cln	_	13	suj	_	_
2b534be5-5b80-4f72-b1ef-286b6efa479b.xml.macaon	269	12	ne	ne	advneg	advneg	_	13	mod	_	_
2b534be5-5b80-4f72-b1ef-286b6efa479b.xml.macaon	270	13	durent	devoir	v	v	_	8	__JOKER__	_	_
2b534be5-5b80-4f72-b1ef-286b6efa479b.xml.macaon	271	14	pas	pas	advneg	advneg	_	13	mod	_	_
2b534be5-5b80-4f72-b1ef-286b6efa479b.xml.macaon	272	15	longtemps	longtemps	adv	adv	_	13	mod	_	_
2b534be5-5b80-4f72-b1ef-286b6efa479b.xml.macaon	273	16	et	et	coo	coo	_	13	coord	_	_
2b534be5-5b80-4f72-b1ef-286b6efa479b.xml.macaon	274	17	sont	être	v	v	_	16	dep_coord	_	_
2b534be5-5b80-4f72-b1ef-286b6efa479b.xml.macaon	275	18	très	très	adv	adv	_	19	mod	_	_
2b534be5-5b80-4f72-b1ef-286b6efa479b.xml.macaon	276	19	rudimentaires	rudimentaire	adj	adj	_	17	ats	_	_
2b534be5-5b80-4f72-b1ef-286b6efa479b.xml.macaon	277	20	.	.	poncts	poncts	_	8	ponct	_	_

2b534be5-5b80-4f72-b1ef-286b6efa479b.xml.macaon	278	1	Pour	pour	prep	prep	_	_	_	_	_
2b534be5-5b80-4f72-b1ef-286b6efa479b.xml.macaon	279	2	cette	ce	det	det	_	3	det	_	_
2b534be5-5b80-4f72-b1ef-286b6efa479b.xml.macaon	280	3	raison	raison	nc	nc	_	1	obj	_	_
2b534be5-5b80-4f72-b1ef-286b6efa479b.xml.macaon	281	4	,	,	ponctw	ponctw	_	3	ponct	_	_
2b534be5-5b80-4f72-b1ef-286b6efa479b.xml.macaon	282	5	mais#aussi	mais#aussi	adv	adv	_	3	mod	_	_
2b534be5-5b80-4f72-b1ef-286b6efa479b.xml.macaon	283	6	parce#que	parce#que	csu	csu	_	3	mod	_	_
2b534be5-5b80-4f72-b1ef-286b6efa479b.xml.macaon	284	7	les	le	det	det	_	8	det	_	_	B:Using:FE:Instrument:G:286
2b534be5-5b80-4f72-b1ef-286b6efa479b.xml.macaon	285	8	matériaux	matériau	nc	nc	_	11	suj	_	_	I:Using:FE:Instrument:G:286
2b534be5-5b80-4f72-b1ef-286b6efa479b.xml.macaon	286	9	utilisés	utiliser	vppart	vppart	_	8	mod	_	_	B:Using:TARGET:utiliser:G:286
2b534be5-5b80-4f72-b1ef-286b6efa479b.xml.macaon	287	10	se	se	clr	clr	_	11	aff	_	_
2b534be5-5b80-4f72-b1ef-286b6efa479b.xml.macaon	288	11	dégradent	dégrader	v	v	_	6	obj	_	_
2b534be5-5b80-4f72-b1ef-286b6efa479b.xml.macaon	289	12	vite	vite	adv	adv	_	11	mod	_	_
2b534be5-5b80-4f72-b1ef-286b6efa479b.xml.macaon	290	13	et	et	coo	coo	_	11	coord	_	_
2b534be5-5b80-4f72-b1ef-286b6efa479b.xml.macaon	291	14	que	que	csu	csu	_	11	obj	_	_
2b534be5-5b80-4f72-b1ef-286b6efa479b.xml.macaon	292	15	ce	ce	cln	cln	_	16	suj	_	_
2b534be5-5b80-4f72-b1ef-286b6efa479b.xml.macaon	293	16	sont	être	v	v	_	14	obj	_	_
2b534be5-5b80-4f72-b1ef-286b6efa479b.xml.macaon	294	17	des	un	det	det	_	18	det	_	_
2b534be5-5b80-4f72-b1ef-286b6efa479b.xml.macaon	295	18	époques	époque	nc	nc	_	16	ats	_	_
2b534be5-5b80-4f72-b1ef-286b6efa479b.xml.macaon	296	19	anciennes	ancien	adj	adj	_	18	mod	_	_
2b534be5-5b80-4f72-b1ef-286b6efa479b.xml.macaon	297	20	,	,	ponctw	ponctw	_	22	ponct	_	_
2b534be5-5b80-4f72-b1ef-286b6efa479b.xml.macaon	298	21	il	il	cln	cln	_	22	suj	_	_
2b534be5-5b80-4f72-b1ef-286b6efa479b.xml.macaon	299	22	est	être	v	v	_	14	obj	_	_
2b534be5-5b80-4f72-b1ef-286b6efa479b.xml.macaon	300	23	très	très	adv	adv	_	24	mod	_	_
2b534be5-5b80-4f72-b1ef-286b6efa479b.xml.macaon	301	24	difficile	difficile	adj	adj	_	22	ats	_	_
2b534be5-5b80-4f72-b1ef-286b6efa479b.xml.macaon	302	25	de	de	prep	prep	_	22	de_obj	_	_
2b534be5-5b80-4f72-b1ef-286b6efa479b.xml.macaon	303	26	trouver	trouver	vinf	vinf	_	25	obj	_	_	B:Locating:TARGET:trouver:G:303
2b534be5-5b80-4f72-b1ef-286b6efa479b.xml.macaon	304	27	des	un	det	det	_	28	det	_	_	B:Locating:FE:Sought_entity:G:303
2b534be5-5b80-4f72-b1ef-286b6efa479b.xml.macaon	305	28	traces	trace	nc	nc	_	26	obj	_	_	I:Locating:FE:Sought_entity:G:303
2b534be5-5b80-4f72-b1ef-286b6efa479b.xml.macaon	306	29	de	de	prep	prep	_	28	dep	_	_	I:Locating:FE:Sought_entity:G:303
2b534be5-5b80-4f72-b1ef-286b6efa479b.xml.macaon	307	30	ces	ce	det	det	_	31	det	_	_	I:Locating:FE:Sought_entity:G:303
2b534be5-5b80-4f72-b1ef-286b6efa479b.xml.macaon	308	31	maisons	maison	nc	nc	_	29	obj	_	_	I:Locating:FE:Sought_entity:G:303
2b534be5-5b80-4f72-b1ef-286b6efa479b.xml.macaon	309	32	.	.	poncts	poncts	_	11	ponct	_	_

2b534be5-5b80-4f72-b1ef-286b6efa479b.xml.macaon	310	1	Ils	ils	cln	cln	_	3	suj	_	_
2b534be5-5b80-4f72-b1ef-286b6efa479b.xml.macaon	311	2	se	se	clr	clr	_	3	aff	_	_
2b534be5-5b80-4f72-b1ef-286b6efa479b.xml.macaon	312	3	servent	servir	v	v	_	_	_	_	_
2b534be5-5b80-4f72-b1ef-286b6efa479b.xml.macaon	313	4	aussi	aussi	adv	adv	_	3	mod	_	_
2b534be5-5b80-4f72-b1ef-286b6efa479b.xml.macaon	314	5	d'	un	det	det	_	6	det	_	_
2b534be5-5b80-4f72-b1ef-286b6efa479b.xml.macaon	315	6	abris	abri	nc	nc	_	3	obj	_	_
2b534be5-5b80-4f72-b1ef-286b6efa479b.xml.macaon	316	7	naturels	naturel	adj	adj	_	6	mod	_	_
2b534be5-5b80-4f72-b1ef-286b6efa479b.xml.macaon	317	8	comme	comme	prep	prep	_	3	mod	_	_
2b534be5-5b80-4f72-b1ef-286b6efa479b.xml.macaon	318	9	les	le	det	det	_	10	det	_	_
2b534be5-5b80-4f72-b1ef-286b6efa479b.xml.macaon	319	10	abris	abri	nc	nc	_	8	obj	_	_
2b534be5-5b80-4f72-b1ef-286b6efa479b.xml.macaon	320	11	sous	sous	prep	prep	_	10	dep	_	_
2b534be5-5b80-4f72-b1ef-286b6efa479b.xml.macaon	321	12	roche	roche	nc	nc	_	11	obj	_	_
2b534be5-5b80-4f72-b1ef-286b6efa479b.xml.macaon	322	13	.	.	poncts	poncts	_	3	ponct	_	_

2b534be5-5b80-4f72-b1ef-286b6efa479b.xml.macaon	323	1	Tentes	tentes	adj	adj	_	3	mod	_	_
2b534be5-5b80-4f72-b1ef-286b6efa479b.xml.macaon	324	2	et	et	coo	coo	_	1	coord	_	_
2b534be5-5b80-4f72-b1ef-286b6efa479b.xml.macaon	325	3	huttes	hutte	nc	nc	_	_	_	_	_
2b534be5-5b80-4f72-b1ef-286b6efa479b.xml.macaon	326	4	du	du	prep	prep	_	3	dep	_	_
2b534be5-5b80-4f72-b1ef-286b6efa479b.xml.macaon	327	5	Paléolithique	Paléolithique	np	np	_	4	obj	_	_

2b534be5-5b80-4f72-b1ef-286b6efa479b.xml.macaon	328	1	Lors	lors	nc	nc	_	_	_	_	_
2b534be5-5b80-4f72-b1ef-286b6efa479b.xml.macaon	329	2	des	des	prep	prep	_	1	dep	_	_
2b534be5-5b80-4f72-b1ef-286b6efa479b.xml.macaon	330	3	déplacements	déplacement	nc	nc	_	2	obj	_	_	B:Motion:TARGET:déplacement:G:330
2b534be5-5b80-4f72-b1ef-286b6efa479b.xml.macaon	331	4	saisonniers	saisonnier	adj	adj	_	3	mod	_	_	B:Motion:FE:Manner:G:330
2b534be5-5b80-4f72-b1ef-286b6efa479b.xml.macaon	332	5	,	,	ponctw	ponctw	_	1	ponct	_	_
2b534be5-5b80-4f72-b1ef-286b6efa479b.xml.macaon	333	6	mais#aussi	mais#aussi	coo	coo	_	1	coord	_	_
2b534be5-5b80-4f72-b1ef-286b6efa479b.xml.macaon	334	7	dans	dans	prep	prep	_	6	dep_coord	_	_	B:Motion:FE:Place:G:330
2b534be5-5b80-4f72-b1ef-286b6efa479b.xml.macaon	335	8	toutes	tout	adj	adj	_	10	mod	_	_	I:Motion:FE:Place:G:330
2b534be5-5b80-4f72-b1ef-286b6efa479b.xml.macaon	336	9	les	le	det	det	_	10	det	_	_	I:Motion:FE:Place:G:330
2b534be5-5b80-4f72-b1ef-286b6efa479b.xml.macaon	337	10	régions	région	nc	nc	_	7	obj	_	_	I:Motion:FE:Place:G:330
2b534be5-5b80-4f72-b1ef-286b6efa479b.xml.macaon	338	11	où	où	prorel	prorel	_	15	__JOKER__	_	_	I:Motion:FE:Place:G:330
2b534be5-5b80-4f72-b1ef-286b6efa479b.xml.macaon	339	12	il	il	cln	cln	_	15	suj	_	_	I:Motion:FE:Place:G:330
2b534be5-5b80-4f72-b1ef-286b6efa479b.xml.macaon	340	13	n'	n'	advneg	advneg	_	15	mod	_	_	I:Motion:FE:Place:G:330
2b534be5-5b80-4f72-b1ef-286b6efa479b.xml.macaon	341	14	y	y	clo	clo	_	15	__JOKER__	_	_	I:Motion:FE:Place:G:330
2b534be5-5b80-4f72-b1ef-286b6efa479b.xml.macaon	342	15	a	avoir	v	v	_	6	dep_coord	_	_	I:Motion:FE:Place:G:330
2b534be5-5b80-4f72-b1ef-286b6efa479b.xml.macaon	343	16	pas#d'	pas#d'	advneg	advneg	_	15	mod	_	_	I:Motion:FE:Place:G:330
2b534be5-5b80-4f72-b1ef-286b6efa479b.xml.macaon	344	17	abris	abri	nc	nc	_	15	obj	_	_	I:Motion:FE:Place:G:330
2b534be5-5b80-4f72-b1ef-286b6efa479b.xml.macaon	345	18	naturels	naturel	adj	adj	_	17	mod	_	_	I:Motion:FE:Place:G:330
2b534be5-5b80-4f72-b1ef-286b6efa479b.xml.macaon	346	19	,	,	ponctw	ponctw	_	15	ponct	_	_
2b534be5-5b80-4f72-b1ef-286b6efa479b.xml.macaon	347	20	les	le	det	det	_	21	det	_	_	B:Motion:FE:Theme:G:330	B:Buildings:FE:Agent:G:351
2b534be5-5b80-4f72-b1ef-286b6efa479b.xml.macaon	348	21	hommes	homme	nc	nc	_	15	obj	_	_	I:Motion:FE:Theme:G:330	I:Buildings:FE:Agent:G:351
2b534be5-5b80-4f72-b1ef-286b6efa479b.xml.macaon	349	22	du	du	prep	prep	_	21	dep	_	_	I:Motion:FE:Theme:G:330	I:Buildings:FE:Agent:G:351
2b534be5-5b80-4f72-b1ef-286b6efa479b.xml.macaon	350	23	Paléolithique	Paléolithique	np	np	_	22	obj	_	_	I:Motion:FE:Theme:G:330	I:Buildings:FE:Agent:G:351
2b534be5-5b80-4f72-b1ef-286b6efa479b.xml.macaon	351	24	construisaient	construire	v	v	_	23	mod_rel	_	_	B:Buildings:TARGET:construire:G:351
2b534be5-5b80-4f72-b1ef-286b6efa479b.xml.macaon	352	25	des	un	det	det	_	26	det	_	_	B:Buildings:FE:Created_entity:G:351
2b534be5-5b80-4f72-b1ef-286b6efa479b.xml.macaon	353	26	maisons	maison	nc	nc	_	24	obj	_	_	I:Buildings:FE:Created_entity:G:351
2b534be5-5b80-4f72-b1ef-286b6efa479b.xml.macaon	354	27	ou	ou	coo	coo	_	26	coord	_	_	I:Buildings:FE:Created_entity:G:351
2b534be5-5b80-4f72-b1ef-286b6efa479b.xml.macaon	355	28	abris	abri	nc	nc	_	27	dep_coord	_	_	I:Buildings:FE:Created_entity:G:351
2b534be5-5b80-4f72-b1ef-286b6efa479b.xml.macaon	356	29	probablement	probablement	adv	adv	_	30	mod	_	_
2b534be5-5b80-4f72-b1ef-286b6efa479b.xml.macaon	357	30	assez	assez	adv	adv	_	31	mod	_	_
2b534be5-5b80-4f72-b1ef-286b6efa479b.xml.macaon	358	31	simples	simple	adj	adj	_	28	mod	_	_
2b534be5-5b80-4f72-b1ef-286b6efa479b.xml.macaon	359	32	,	,	ponctw	ponctw	_	27	ponct	_	_
2b534be5-5b80-4f72-b1ef-286b6efa479b.xml.macaon	360	33	de	de	prep	prep	_	26	dep	_	_
2b534be5-5b80-4f72-b1ef-286b6efa479b.xml.macaon	361	34	type	type	nc	nc	_	33	obj	_	_
2b534be5-5b80-4f72-b1ef-286b6efa479b.xml.macaon	362	35	huttes	hutte	nc	nc	_	34	mod	_	_
2b534be5-5b80-4f72-b1ef-286b6efa479b.xml.macaon	363	36	et	et	coo	coo	_	34	coord	_	_
2b534be5-5b80-4f72-b1ef-286b6efa479b.xml.macaon	364	37	tentes	tente	nc	nc	_	36	dep_coord	_	_
2b534be5-5b80-4f72-b1ef-286b6efa479b.xml.macaon	365	38	qu'	que	prorel	prorel	_	41	suj	_	_
2b534be5-5b80-4f72-b1ef-286b6efa479b.xml.macaon	366	39	on	on	cln	cln	_	41	suj	_	_
2b534be5-5b80-4f72-b1ef-286b6efa479b.xml.macaon	367	40	a	avoir	v	v	_	41	aux_tps	_	_
2b534be5-5b80-4f72-b1ef-286b6efa479b.xml.macaon	368	41	tenté	tenter	vppart	vppart	_	37	mod_rel	_	_
2b534be5-5b80-4f72-b1ef-286b6efa479b.xml.macaon	369	42	de	de	prep	prep	_	41	de_obj	_	_
2b534be5-5b80-4f72-b1ef-286b6efa479b.xml.macaon	370	43	reconstituer	reconstituer	vinf	vinf	_	42	obj	_	_
2b534be5-5b80-4f72-b1ef-286b6efa479b.xml.macaon	371	44	.	.	poncts	poncts	_	15	__JOKER__	_	_

2b534be5-5b80-4f72-b1ef-286b6efa479b.xml.macaon	372	1	Abri-sous-roche	Abri-sous-roche	np	np	_	_	_	_	_

2b534be5-5b80-4f72-b1ef-286b6efa479b.xml.macaon	373	1	Les	les	det	det	_	2	det	_	_	B:Locating:FE:Sought_entity:G:389
2b534be5-5b80-4f72-b1ef-286b6efa479b.xml.macaon	374	2	traces	trace	nc	nc	_	_	_	_	_	I:Locating:FE:Sought_entity:G:389
2b534be5-5b80-4f72-b1ef-286b6efa479b.xml.macaon	375	3	d'	de	prep	prep	_	2	dep	_	_	I:Locating:FE:Sought_entity:G:389
2b534be5-5b80-4f72-b1ef-286b6efa479b.xml.macaon	376	4	habitats	habitat	nc	nc	_	3	obj	_	_	I:Locating:FE:Sought_entity:G:389
2b534be5-5b80-4f72-b1ef-286b6efa479b.xml.macaon	377	5	et	et	coo	coo	_	4	coord	_	_	I:Locating:FE:Sought_entity:G:389
2b534be5-5b80-4f72-b1ef-286b6efa479b.xml.macaon	378	6	les	le	det	det	_	7	det	_	_	I:Locating:FE:Sought_entity:G:389
2b534be5-5b80-4f72-b1ef-286b6efa479b.xml.macaon	379	7	restes	reste	nc	nc	_	5	dep_coord	_	_	I:Locating:FE:Sought_entity:G:389
2b534be5-5b80-4f72-b1ef-286b6efa479b.xml.macaon	380	8	d'	de	prep	prep	_	7	dep	_	_	I:Locating:FE:Sought_entity:G:389
2b534be5-5b80-4f72-b1ef-286b6efa479b.xml.macaon	381	9	activité	activité	nc	nc	_	8	obj	_	_	I:Locating:FE:Sought_entity:G:389
2b534be5-5b80-4f72-b1ef-286b6efa479b.xml.macaon	382	10	quotidienne	quotidien	adj	adj	_	9	mod	_	_	I:Locating:FE:Sought_entity:G:389
2b534be5-5b80-4f72-b1ef-286b6efa479b.xml.macaon	383	11	des	des	prep	prep	_	9	dep	_	_	I:Locating:FE:Sought_entity:G:389
2b534be5-5b80-4f72-b1ef-286b6efa479b.xml.macaon	384	12	hommes	homme	nc	nc	_	11	obj	_	_	I:Locating:FE:Sought_entity:G:389
2b534be5-5b80-4f72-b1ef-286b6efa479b.xml.macaon	385	13	du	du	prep	prep	_	17	mod	_	_	I:Locating:FE:Sought_entity:G:389
2b534be5-5b80-4f72-b1ef-286b6efa479b.xml.macaon	386	14	Paléolithique	Paléolithique	np	np	_	13	obj	_	_	I:Locating:FE:Sought_entity:G:389
2b534be5-5b80-4f72-b1ef-286b6efa479b.xml.macaon	387	15	ont	avoir	v	v	_	17	aux_tps	_	_
2b534be5-5b80-4f72-b1ef-286b6efa479b.xml.macaon	388	16	été	être	vppart	vppart	_	17	aux_pass	_	_
2b534be5-5b80-4f72-b1ef-286b6efa479b.xml.macaon	389	17	retrouvées	retrouver	vppart	vppart	_	7	mod	_	_	B:Locating:TARGET:retrouver:G:389
2b534be5-5b80-4f72-b1ef-286b6efa479b.xml.macaon	390	18	le#plus	le#plus	adv	adv	_	19	mod	_	_
2b534be5-5b80-4f72-b1ef-286b6efa479b.xml.macaon	391	19	souvent	souvent	adv	adv	_	17	mod	_	_
2b534be5-5b80-4f72-b1ef-286b6efa479b.xml.macaon	392	20	dans	dans	prep	prep	_	17	mod	_	_	B:Locating:FE:Ground:G:389
2b534be5-5b80-4f72-b1ef-286b6efa479b.xml.macaon	393	21	le	le	det	det	_	22	det	_	_	I:Locating:FE:Ground:G:389
2b534be5-5b80-4f72-b1ef-286b6efa479b.xml.macaon	394	22	sol	sol	nc	nc	_	20	obj	_	_	I:Locating:FE:Ground:G:389
2b534be5-5b80-4f72-b1ef-286b6efa479b.xml.macaon	395	23	d'	de	prep	prep	_	22	dep	_	_	I:Locating:FE:Ground:G:389
2b534be5-5b80-4f72-b1ef-286b6efa479b.xml.macaon	396	24	abris-sous-roche	abri-sous-roche	nc	nc	_	23	obj	_	_	I:Locating:FE:Ground:G:389
2b534be5-5b80-4f72-b1ef-286b6efa479b.xml.macaon	397	25	,	,	ponctw	ponctw	_	27	ponct	_	_	I:Locating:FE:Ground:G:389
2b534be5-5b80-4f72-b1ef-286b6efa479b.xml.macaon	398	26	c'	ce	cln	cln	_	27	suj	_	_	I:Locating:FE:Ground:G:389
2b534be5-5b80-4f72-b1ef-286b6efa479b.xml.macaon	399	27	est	être	v	v	_	22	mod_rel	_	_	I:Locating:FE:Ground:G:389
2b534be5-5b80-4f72-b1ef-286b6efa479b.xml.macaon	400	28	-	-	ponctw	ponctw	_	27	ponct	_	_	I:Locating:FE:Ground:G:389
2b534be5-5b80-4f72-b1ef-286b6efa479b.xml.macaon	401	29	à	à	prep	prep	_	27	a_obj	_	_	I:Locating:FE:Ground:G:389
2b534be5-5b80-4f72-b1ef-286b6efa479b.xml.macaon	402	30	-	-	ponctw	ponctw	_	31	ponct	_	_	I:Locating:FE:Ground:G:389
2b534be5-5b80-4f72-b1ef-286b6efa479b.xml.macaon	403	31	dire	dire	vinf	vinf	_	29	obj	_	_	I:Locating:FE:Ground:G:389	B:OTHER:G
2b534be5-5b80-4f72-b1ef-286b6efa479b.xml.macaon	404	32	des	un	det	det	_	33	det	_	_	I:Locating:FE:Ground:G:389
2b534be5-5b80-4f72-b1ef-286b6efa479b.xml.macaon	405	33	grottes	grotte	nc	nc	_	31	obj	_	_	I:Locating:FE:Ground:G:389
2b534be5-5b80-4f72-b1ef-286b6efa479b.xml.macaon	406	34	ouvertes	ouvert	adj	adj	_	33	mod	_	_	I:Locating:FE:Ground:G:389
2b534be5-5b80-4f72-b1ef-286b6efa479b.xml.macaon	407	35	ou	ou	coo	coo	_	33	coord	_	_	I:Locating:FE:Ground:G:389
2b534be5-5b80-4f72-b1ef-286b6efa479b.xml.macaon	408	36	peu	peu	adv	adv	_	37	mod	_	_	I:Locating:FE:Ground:G:389
2b534be5-5b80-4f72-b1ef-286b6efa479b.xml.macaon	409	37	profondes	profond	adj	adj	_	35	dep_coord	_	_	I:Locating:FE:Ground:G:389
2b534be5-5b80-4f72-b1ef-286b6efa479b.xml.macaon	410	38	.	.	poncts	poncts	_	17	ponct	_	_

2b534be5-5b80-4f72-b1ef-286b6efa479b.xml.macaon	411	1	Les	les	det	det	_	2	det	_	_	B:Colonization:FE:Colonists:G:415
2b534be5-5b80-4f72-b1ef-286b6efa479b.xml.macaon	412	2	groupes	groupe	nc	nc	_	5	suj	_	_	I:Colonization:FE:Colonists:G:415
2b534be5-5b80-4f72-b1ef-286b6efa479b.xml.macaon	413	3	s'	s'	clr	clr	_	5	aff	_	_
2b534be5-5b80-4f72-b1ef-286b6efa479b.xml.macaon	414	4	y	y	clo	clo	_	5	__JOKER__	_	_	B:Colonization:FE:New_area:G:415
2b534be5-5b80-4f72-b1ef-286b6efa479b.xml.macaon	415	5	installaient	installer	v	v	_	_	_	_	_	B:Colonization:TARGET:installer:G:415
2b534be5-5b80-4f72-b1ef-286b6efa479b.xml.macaon	416	6	et	et	coo	coo	_	5	coord	_	_
2b534be5-5b80-4f72-b1ef-286b6efa479b.xml.macaon	417	7	y	y	clo	clo	_	8	__JOKER__	_	_
2b534be5-5b80-4f72-b1ef-286b6efa479b.xml.macaon	418	8	habitaient	habiter	v	v	_	6	dep_coord	_	_
2b534be5-5b80-4f72-b1ef-286b6efa479b.xml.macaon	419	9	.	.	poncts	poncts	_	5	ponct	_	_

2b534be5-5b80-4f72-b1ef-286b6efa479b.xml.macaon	420	1	Au	au	prep	prep	_	_	_	_	_
2b534be5-5b80-4f72-b1ef-286b6efa479b.xml.macaon	421	2	fil	fil	nc	nc	_	1	obj	_	_
2b534be5-5b80-4f72-b1ef-286b6efa479b.xml.macaon	422	3	des	des	prep	prep	_	2	dep	_	_
2b534be5-5b80-4f72-b1ef-286b6efa479b.xml.macaon	423	4	siècles	siècle	nc	nc	_	3	obj	_	_
2b534be5-5b80-4f72-b1ef-286b6efa479b.xml.macaon	424	5	,	,	ponctw	ponctw	_	4	ponct	_	_
2b534be5-5b80-4f72-b1ef-286b6efa479b.xml.macaon	425	6	des	un	det	det	_	7	det	_	_
2b534be5-5b80-4f72-b1ef-286b6efa479b.xml.macaon	426	7	restes	reste	nc	nc	_	4	mod	_	_
2b534be5-5b80-4f72-b1ef-286b6efa479b.xml.macaon	427	8	et	et	coo	coo	_	4	coord	_	_
2b534be5-5b80-4f72-b1ef-286b6efa479b.xml.macaon	428	9	déchets	déchet	nc	nc	_	8	dep_coord	_	_
2b534be5-5b80-4f72-b1ef-286b6efa479b.xml.macaon	429	10	de	de	prep	prep	_	9	dep	_	_
2b534be5-5b80-4f72-b1ef-286b6efa479b.xml.macaon	430	11	ces	ce	det	det	_	12	det	_	_
2b534be5-5b80-4f72-b1ef-286b6efa479b.xml.macaon	431	12	habitants	habitant	nc	nc	_	10	obj	_	_
2b534be5-5b80-4f72-b1ef-286b6efa479b.xml.macaon	432	13	se	se	clr	clr	_	15	aff	_	_
2b534be5-5b80-4f72-b1ef-286b6efa479b.xml.macaon	433	14	sont	être	v	v	_	15	aux_tps	_	_
2b534be5-5b80-4f72-b1ef-286b6efa479b.xml.macaon	434	15	déposés	déposer	vppart	vppart	_	9	mod_rel	_	_
2b534be5-5b80-4f72-b1ef-286b6efa479b.xml.macaon	435	16	les#uns	les#uns	adv	adv	_	15	mod	_	_
2b534be5-5b80-4f72-b1ef-286b6efa479b.xml.macaon	436	17	sur	sur	prep	prep	_	15	mod	_	_
2b534be5-5b80-4f72-b1ef-286b6efa479b.xml.macaon	437	18	les#autres	l'autre	pro	pro	_	17	obj	_	_
2b534be5-5b80-4f72-b1ef-286b6efa479b.xml.macaon	438	19	,	,	ponctw	ponctw	_	15	ponct	_	_
2b534be5-5b80-4f72-b1ef-286b6efa479b.xml.macaon	439	20	ce	ce	pro	pro	_	15	__JOKER__	_	_
2b534be5-5b80-4f72-b1ef-286b6efa479b.xml.macaon	440	21	qui	qui	prorel	prorel	_	22	suj	_	_
2b534be5-5b80-4f72-b1ef-286b6efa479b.xml.macaon	441	22	finissait	finir	v	v	_	20	mod_rel	_	_
2b534be5-5b80-4f72-b1ef-286b6efa479b.xml.macaon	442	23	par	par	prep	prep	_	22	obj	_	_
2b534be5-5b80-4f72-b1ef-286b6efa479b.xml.macaon	443	24	protéger	protéger	vinf	vinf	_	23	obj	_	_
2b534be5-5b80-4f72-b1ef-286b6efa479b.xml.macaon	444	25	des	un	det	det	_	26	det	_	_
2b534be5-5b80-4f72-b1ef-286b6efa479b.xml.macaon	445	26	traces	trace	nc	nc	_	24	obj	_	_
2b534be5-5b80-4f72-b1ef-286b6efa479b.xml.macaon	446	27	et	et	coo	coo	_	26	coord	_	_
2b534be5-5b80-4f72-b1ef-286b6efa479b.xml.macaon	447	28	objets	objet	nc	nc	_	27	dep_coord	_	_
2b534be5-5b80-4f72-b1ef-286b6efa479b.xml.macaon	448	29	plus	plus	adv	adv	_	30	mod	_	_
2b534be5-5b80-4f72-b1ef-286b6efa479b.xml.macaon	449	30	anciens	ancien	adj	adj	_	28	mod	_	_
2b534be5-5b80-4f72-b1ef-286b6efa479b.xml.macaon	450	31	qui	qui	prorel	prorel	_	33	suj	_	_
2b534be5-5b80-4f72-b1ef-286b6efa479b.xml.macaon	451	32	ont	avoir	v	v	_	33	aux_tps	_	_
2b534be5-5b80-4f72-b1ef-286b6efa479b.xml.macaon	452	33	pu	pouvoir	vppart	vppart	_	28	mod_rel	_	_
2b534be5-5b80-4f72-b1ef-286b6efa479b.xml.macaon	453	34	être	être	vinf	vinf	_	33	obj	_	_
2b534be5-5b80-4f72-b1ef-286b6efa479b.xml.macaon	454	35	recouverts	recouvrir	vppart	vppart	_	28	mod	_	_
2b534be5-5b80-4f72-b1ef-286b6efa479b.xml.macaon	455	36	comme#ça	comme#ça	v	v	_	27	dep_coord	_	_
2b534be5-5b80-4f72-b1ef-286b6efa479b.xml.macaon	456	37	pendant	pendant	prep	prep	_	36	mod	_	_
2b534be5-5b80-4f72-b1ef-286b6efa479b.xml.macaon	457	38	des	un	det	det	_	39	det	_	_
2b534be5-5b80-4f72-b1ef-286b6efa479b.xml.macaon	458	39	milliers	millier	nc	nc	_	37	obj	_	_
2b534be5-5b80-4f72-b1ef-286b6efa479b.xml.macaon	459	40	d'	de	prep	prep	_	39	dep	_	_
2b534be5-5b80-4f72-b1ef-286b6efa479b.xml.macaon	460	41	années	année	nc	nc	_	40	obj	_	_
2b534be5-5b80-4f72-b1ef-286b6efa479b.xml.macaon	461	42	.	.	poncts	poncts	_	4	ponct	_	_

2b534be5-5b80-4f72-b1ef-286b6efa479b.xml.macaon	462	1	Les	les	det	det	_	3	det	_	_
2b534be5-5b80-4f72-b1ef-286b6efa479b.xml.macaon	463	2	mêmes	même	adj	adj	_	3	mod	_	_
2b534be5-5b80-4f72-b1ef-286b6efa479b.xml.macaon	464	3	traces	trace	nc	nc	_	10	suj	_	_
2b534be5-5b80-4f72-b1ef-286b6efa479b.xml.macaon	465	4	et	et	coo	coo	_	3	coord	_	_
2b534be5-5b80-4f72-b1ef-286b6efa479b.xml.macaon	466	5	objets	objet	nc	nc	_	4	dep_coord	_	_
2b534be5-5b80-4f72-b1ef-286b6efa479b.xml.macaon	467	6	quand	quand	csu	csu	_	3	mod	_	_
2b534be5-5b80-4f72-b1ef-286b6efa479b.xml.macaon	468	7	ils	ils	cln	cln	_	10	suj	_	_
2b534be5-5b80-4f72-b1ef-286b6efa479b.xml.macaon	469	8	ont	avoir	v	v	_	10	aux_tps	_	_
2b534be5-5b80-4f72-b1ef-286b6efa479b.xml.macaon	470	9	été	être	vppart	vppart	_	10	aux_pass	_	_
2b534be5-5b80-4f72-b1ef-286b6efa479b.xml.macaon	471	10	laissés	laisser	vppart	vppart	_	_	_	_	_
2b534be5-5b80-4f72-b1ef-286b6efa479b.xml.macaon	472	11	sur	sur	prep	prep	_	10	mod	_	_
2b534be5-5b80-4f72-b1ef-286b6efa479b.xml.macaon	473	12	un	un	det	det	_	13	det	_	_
2b534be5-5b80-4f72-b1ef-286b6efa479b.xml.macaon	474	13	terrain	terrain	nc	nc	_	11	obj	_	_
2b534be5-5b80-4f72-b1ef-286b6efa479b.xml.macaon	475	14	ordinaire	ordinaire	adj	adj	_	13	mod	_	_
2b534be5-5b80-4f72-b1ef-286b6efa479b.xml.macaon	476	15	ont	avoir	v	v	_	16	aux_tps	_	_
2b534be5-5b80-4f72-b1ef-286b6efa479b.xml.macaon	477	16	disparu	disparaître	vppart	vppart	_	13	mod	_	_
2b534be5-5b80-4f72-b1ef-286b6efa479b.xml.macaon	478	17	,	,	ponctw	ponctw	_	19	ponct	_	_
2b534be5-5b80-4f72-b1ef-286b6efa479b.xml.macaon	479	18	furent	être	v	v	_	19	aux_tps	_	_
2b534be5-5b80-4f72-b1ef-286b6efa479b.xml.macaon	480	19	détruits	détruire	vppart	vppart	_	13	mod_rel	_	_
2b534be5-5b80-4f72-b1ef-286b6efa479b.xml.macaon	481	20	ou	ou	coo	coo	_	13	coord	_	_
2b534be5-5b80-4f72-b1ef-286b6efa479b.xml.macaon	482	21	emportés	emporter	vppart	vppart	_	20	dep_coord	_	_
2b534be5-5b80-4f72-b1ef-286b6efa479b.xml.macaon	483	22	par	par	prep	prep	_	21	p_obj	_	_
2b534be5-5b80-4f72-b1ef-286b6efa479b.xml.macaon	484	23	l'	le	det	det	_	24	det	_	_
2b534be5-5b80-4f72-b1ef-286b6efa479b.xml.macaon	485	24	érosion	érosion	nc	nc	_	22	obj	_	_
2b534be5-5b80-4f72-b1ef-286b6efa479b.xml.macaon	486	25	.	.	poncts	poncts	_	10	ponct	_	_

2b534be5-5b80-4f72-b1ef-286b6efa479b.xml.macaon	487	1	Les	les	det	det	_	2	det	_	_
2b534be5-5b80-4f72-b1ef-286b6efa479b.xml.macaon	488	2	grottes	grotte	nc	nc	_	_	_	_	_
2b534be5-5b80-4f72-b1ef-286b6efa479b.xml.macaon	489	3	profondes	profond	adj	adj	_	2	mod	_	_
2b534be5-5b80-4f72-b1ef-286b6efa479b.xml.macaon	490	4	comme	comme	prep	prep	_	2	dep	_	_
2b534be5-5b80-4f72-b1ef-286b6efa479b.xml.macaon	491	5	la	le	det	det	_	6	det	_	_
2b534be5-5b80-4f72-b1ef-286b6efa479b.xml.macaon	492	6	grotte	grotte	nc	nc	_	4	obj	_	_
2b534be5-5b80-4f72-b1ef-286b6efa479b.xml.macaon	493	7	de	de	prep	prep	_	6	dep	_	_
2b534be5-5b80-4f72-b1ef-286b6efa479b.xml.macaon	494	8	Lascaux	Lascaux	np	np	_	7	obj	_	_
2b534be5-5b80-4f72-b1ef-286b6efa479b.xml.macaon	495	9	n'	n'	advneg	advneg	_	13	mod	_	_
2b534be5-5b80-4f72-b1ef-286b6efa479b.xml.macaon	496	10	étaient	étayer	v	v	_	13	aux_tps	_	_
2b534be5-5b80-4f72-b1ef-286b6efa479b.xml.macaon	497	11	par#contre	par#contre	adv	adv	_	13	mod	_	_
2b534be5-5b80-4f72-b1ef-286b6efa479b.xml.macaon	498	12	pas	pas	advneg	advneg	_	13	mod	_	_
2b534be5-5b80-4f72-b1ef-286b6efa479b.xml.macaon	499	13	habitées	habiter	vppart	vppart	_	6	mod	_	_
2b534be5-5b80-4f72-b1ef-286b6efa479b.xml.macaon	500	14	.	.	poncts	poncts	_	6	ponct	_	_

2b534be5-5b80-4f72-b1ef-286b6efa479b.xml.macaon	501	1	Les	les	det	det	_	2	det	_	_
2b534be5-5b80-4f72-b1ef-286b6efa479b.xml.macaon	502	2	hommes	homme	nc	nc	_	5	suj	_	_
2b534be5-5b80-4f72-b1ef-286b6efa479b.xml.macaon	503	3	n'	n'	advneg	advneg	_	5	mod	_	_
2b534be5-5b80-4f72-b1ef-286b6efa479b.xml.macaon	504	4	y	y	clo	clo	_	5	__JOKER__	_	_
2b534be5-5b80-4f72-b1ef-286b6efa479b.xml.macaon	505	5	descendaient	descendre	v	v	_	_	_	_	_
2b534be5-5b80-4f72-b1ef-286b6efa479b.xml.macaon	506	6	que	que	csu	csu	_	5	obj	_	_
2b534be5-5b80-4f72-b1ef-286b6efa479b.xml.macaon	507	7	temporairement	temporairement	adv	adv	_	5	mod	_	_
2b534be5-5b80-4f72-b1ef-286b6efa479b.xml.macaon	508	8	,	,	ponctw	ponctw	_	5	ponct	_	_
2b534be5-5b80-4f72-b1ef-286b6efa479b.xml.macaon	509	9	mais	mais	coo	coo	_	5	coord	_	_
2b534be5-5b80-4f72-b1ef-286b6efa479b.xml.macaon	510	10	les	le	det	det	_	11	det	_	_	B:Locating:FE:Ground:G:521
2b534be5-5b80-4f72-b1ef-286b6efa479b.xml.macaon	511	11	abris	abri	nc	nc	_	9	dep_coord	_	_	I:Locating:FE:Ground:G:521
2b534be5-5b80-4f72-b1ef-286b6efa479b.xml.macaon	512	12	sous	sous	prep	prep	_	16	mod	_	_	I:Locating:FE:Ground:G:521
2b534be5-5b80-4f72-b1ef-286b6efa479b.xml.macaon	513	13	roches	roche	nc	nc	_	12	obj	_	_	I:Locating:FE:Ground:G:521
2b534be5-5b80-4f72-b1ef-286b6efa479b.xml.macaon	514	14	étaient	étayer	v	v	_	16	aux_tps	_	_
2b534be5-5b80-4f72-b1ef-286b6efa479b.xml.macaon	515	15	régulièrement	régulièrement	adv	adv	_	16	mod	_	_
2b534be5-5b80-4f72-b1ef-286b6efa479b.xml.macaon	516	16	habités	habiter	vppart	vppart	_	11	mod	_	_
2b534be5-5b80-4f72-b1ef-286b6efa479b.xml.macaon	517	17	puisqu'	puisque	csu	csu	_	5	__JOKER__	_	_
2b534be5-5b80-4f72-b1ef-286b6efa479b.xml.macaon	518	18	on	on	cln	cln	_	21	suj	_	_	B:Locating:FE:Perceiver:G:521
2b534be5-5b80-4f72-b1ef-286b6efa479b.xml.macaon	519	19	y	y	clo	clo	_	21	a_obj	_	_	B:Locating:FE:Ground:G:521
2b534be5-5b80-4f72-b1ef-286b6efa479b.xml.macaon	520	20	a	avoir	v	v	_	21	aux_tps	_	_
2b534be5-5b80-4f72-b1ef-286b6efa479b.xml.macaon	521	21	trouvé	trouver	vppart	vppart	_	17	obj	_	_	B:Locating:TARGET:trouver:G:521
2b534be5-5b80-4f72-b1ef-286b6efa479b.xml.macaon	522	22	de	de	prep	prep	_	21	mod	_	_	B:Locating:FE:Sought_entity:G:521	B:Buildings:FE:Created_entity:G:525
2b534be5-5b80-4f72-b1ef-286b6efa479b.xml.macaon	523	23	nombreux	nombreux	adj	adj	_	24	mod	_	_	I:Locating:FE:Sought_entity:G:521	I:Buildings:FE:Created_entity:G:525
2b534be5-5b80-4f72-b1ef-286b6efa479b.xml.macaon	524	24	objets	objet	nc	nc	_	22	obj	_	_	I:Locating:FE:Sought_entity:G:521	I:Buildings:FE:Created_entity:G:525
2b534be5-5b80-4f72-b1ef-286b6efa479b.xml.macaon	525	25	fabriqués	fabriquer	vppart	vppart	_	24	mod	_	_	B:Buildings:TARGET:fabriquer:G:525
2b534be5-5b80-4f72-b1ef-286b6efa479b.xml.macaon	526	26	par	par	prep	prep	_	25	p_obj	_	_
2b534be5-5b80-4f72-b1ef-286b6efa479b.xml.macaon	527	27	les	le	det	det	_	28	det	_	_	B:Buildings:FE:Agent#Components:G:525
2b534be5-5b80-4f72-b1ef-286b6efa479b.xml.macaon	528	28	hommes	homme	nc	nc	_	26	obj	_	_	I:Buildings:FE:Agent#Components:G:525
2b534be5-5b80-4f72-b1ef-286b6efa479b.xml.macaon	529	29	,	,	ponctw	ponctw	_	24	ponct	_	_
2b534be5-5b80-4f72-b1ef-286b6efa479b.xml.macaon	530	30	et	et	coo	coo	_	22	coord	_	_
2b534be5-5b80-4f72-b1ef-286b6efa479b.xml.macaon	531	31	des	des	prep	prep	_	30	dep_coord	_	_	B:Locating:FE:Sought_entity:G:521
2b534be5-5b80-4f72-b1ef-286b6efa479b.xml.macaon	532	32	restes	reste	nc	nc	_	31	obj	_	_	I:Locating:FE:Sought_entity:G:521
2b534be5-5b80-4f72-b1ef-286b6efa479b.xml.macaon	533	33	des	des	prep	prep	_	32	dep	_	_	I:Locating:FE:Sought_entity:G:521	B:Hunting:FE:Food:G:537
2b534be5-5b80-4f72-b1ef-286b6efa479b.xml.macaon	534	34	animaux	animal	nc	nc	_	33	obj	_	_	I:Locating:FE:Sought_entity:G:521	I:Hunting:FE:Food:G:537
2b534be5-5b80-4f72-b1ef-286b6efa479b.xml.macaon	535	35	qu'	que	prorel	prorel	_	37	mod	_	_
2b534be5-5b80-4f72-b1ef-286b6efa479b.xml.macaon	536	36	ils	ils	cln	cln	_	37	suj	_	_	B:Hunting:FE:Hunter:G:537
2b534be5-5b80-4f72-b1ef-286b6efa479b.xml.macaon	537	37	chassaient	chasser	v	v	_	17	obj	_	_	B:Hunting:TARGET:chasser:G:537
2b534be5-5b80-4f72-b1ef-286b6efa479b.xml.macaon	538	38	.	.	poncts	poncts	_	5	__JOKER__	_	_

2b534be5-5b80-4f72-b1ef-286b6efa479b.xml.macaon	539	1	Maisons	Maisons	np	np	_	_	_	_	_
2b534be5-5b80-4f72-b1ef-286b6efa479b.xml.macaon	540	2	néolithiques	néolithique	adj	adj	_	1	mod	_	_

2b534be5-5b80-4f72-b1ef-286b6efa479b.xml.macaon	541	1	Le	le	det	det	_	2	det	_	_	B:Activity_start:FE:Activity:G:543
2b534be5-5b80-4f72-b1ef-286b6efa479b.xml.macaon	542	2	néolithique	néolithique	nc	nc	_	3	suj	_	_	I:Activity_start:FE:Activity:G:543
2b534be5-5b80-4f72-b1ef-286b6efa479b.xml.macaon	543	3	commence	commencer	v	v	_	_	_	_	_	B:Activity_start:TARGET:commencer:G:543
2b534be5-5b80-4f72-b1ef-286b6efa479b.xml.macaon	544	4	quand	quand	csu	csu	_	3	obj	_	_
2b534be5-5b80-4f72-b1ef-286b6efa479b.xml.macaon	545	5	les	le	det	det	_	6	det	_	_	B:Becoming:FE:Entity:G:547
2b534be5-5b80-4f72-b1ef-286b6efa479b.xml.macaon	546	6	hommes	homme	nc	nc	_	7	suj	_	_	I:Becoming:FE:Entity:G:547
2b534be5-5b80-4f72-b1ef-286b6efa479b.xml.macaon	547	7	deviennent	devenir	v	v	_	4	obj	_	_	B:Becoming:TARGET:devenir:G:547
2b534be5-5b80-4f72-b1ef-286b6efa479b.xml.macaon	548	8	agriculteurs	agriculteur	nc	nc	_	7	obj	_	_	B:Becoming:FE:Final_category:G:547
2b534be5-5b80-4f72-b1ef-286b6efa479b.xml.macaon	549	9	,	,	ponctw	ponctw	_	7	ponct	_	_	I:Becoming:FE:Final_category:G:547
2b534be5-5b80-4f72-b1ef-286b6efa479b.xml.macaon	550	10	éleveurs	éleveur	nc	nc	_	7	obj	_	_	I:Becoming:FE:Final_category:G:547
2b534be5-5b80-4f72-b1ef-286b6efa479b.xml.macaon	551	11	et	et	coo	coo	_	10	coord	_	_	I:Becoming:FE:Final_category:G:547
2b534be5-5b80-4f72-b1ef-286b6efa479b.xml.macaon	552	12	sédentaires	sédentaire	nc	nc	_	11	dep_coord	_	_	I:Becoming:FE:Final_category:G:547
2b534be5-5b80-4f72-b1ef-286b6efa479b.xml.macaon	553	13	.	.	poncts	poncts	_	4	__JOKER__	_	_

2b534be5-5b80-4f72-b1ef-286b6efa479b.xml.macaon	554	1	Comme	comme	csu	csu	_	_	_	_	_
2b534be5-5b80-4f72-b1ef-286b6efa479b.xml.macaon	555	2	ils	ils	cln	cln	_	4	suj	_	_	B:Awareness:FE:Cognizer:G:566
2b534be5-5b80-4f72-b1ef-286b6efa479b.xml.macaon	556	3	ne	ne	advneg	advneg	_	4	mod	_	_
2b534be5-5b80-4f72-b1ef-286b6efa479b.xml.macaon	557	4	changent	changer	v	v	_	1	obj	_	_
2b534be5-5b80-4f72-b1ef-286b6efa479b.xml.macaon	558	5	plus#d'	plus#de	det	det	_	6	det	_	_
2b534be5-5b80-4f72-b1ef-286b6efa479b.xml.macaon	559	6	endroit	endroit	nc	nc	_	4	obj	_	_
2b534be5-5b80-4f72-b1ef-286b6efa479b.xml.macaon	560	7	,	,	ponctw	ponctw	_	6	ponct	_	_
2b534be5-5b80-4f72-b1ef-286b6efa479b.xml.macaon	561	8	et	et	coo	coo	_	6	coord	_	_
2b534be5-5b80-4f72-b1ef-286b6efa479b.xml.macaon	562	9	que	que	csu	csu	_	6	mod	_	_
2b534be5-5b80-4f72-b1ef-286b6efa479b.xml.macaon	563	10	leurs	son	det	det	_	11	det	_	_
2b534be5-5b80-4f72-b1ef-286b6efa479b.xml.macaon	564	11	techniques	technique	nc	nc	_	14	suj	_	_
2b534be5-5b80-4f72-b1ef-286b6efa479b.xml.macaon	565	12	et	et	coo	coo	_	11	coord	_	_
2b534be5-5b80-4f72-b1ef-286b6efa479b.xml.macaon	566	13	connaissances	connaissance	nc	nc	_	12	dep_coord	_	_	B:Awareness:TARGET:connaissance:G:566
2b534be5-5b80-4f72-b1ef-286b6efa479b.xml.macaon	567	14	sont	être	v	v	_	9	obj	_	_
2b534be5-5b80-4f72-b1ef-286b6efa479b.xml.macaon	568	15	plus	plus	adv	adv	_	16	mod	_	_
2b534be5-5b80-4f72-b1ef-286b6efa479b.xml.macaon	569	16	développées	développé	adj	adj	_	14	ats	_	_
2b534be5-5b80-4f72-b1ef-286b6efa479b.xml.macaon	570	17	,	,	ponctw	ponctw	_	20	ponct	_	_
2b534be5-5b80-4f72-b1ef-286b6efa479b.xml.macaon	571	18	leurs	son	det	det	_	19	det	_	_	B:Awareness:FE:Role:G:566
2b534be5-5b80-4f72-b1ef-286b6efa479b.xml.macaon	572	19	maisons	maison	nc	nc	_	20	suj	_	_	I:Awareness:FE:Role:G:566
2b534be5-5b80-4f72-b1ef-286b6efa479b.xml.macaon	573	20	peuvent	pouvoir	v	v	_	9	obj	_	_	I:Awareness:FE:Role:G:566
2b534be5-5b80-4f72-b1ef-286b6efa479b.xml.macaon	574	21	donc	donc	adv	adv	_	20	mod	_	_	I:Awareness:FE:Role:G:566
2b534be5-5b80-4f72-b1ef-286b6efa479b.xml.macaon	575	22	être	être	vinf	vinf	_	20	obj	_	_	I:Awareness:FE:Role:G:566
2b534be5-5b80-4f72-b1ef-286b6efa479b.xml.macaon	576	23	plus	plus	adv	adv	_	24	mod	_	_	I:Awareness:FE:Role:G:566
2b534be5-5b80-4f72-b1ef-286b6efa479b.xml.macaon	577	24	solides	solide	adj	adj	_	20	ats	_	_	I:Awareness:FE:Role:G:566
2b534be5-5b80-4f72-b1ef-286b6efa479b.xml.macaon	578	25	et	et	coo	coo	_	24	coord	_	_	I:Awareness:FE:Role:G:566
2b534be5-5b80-4f72-b1ef-286b6efa479b.xml.macaon	579	26	plus	plus	adv	adv	_	27	mod	_	_	I:Awareness:FE:Role:G:566
2b534be5-5b80-4f72-b1ef-286b6efa479b.xml.macaon	580	27	travaillées	travailler	vppart	vppart	_	25	dep_coord	_	_	I:Awareness:FE:Role:G:566
2b534be5-5b80-4f72-b1ef-286b6efa479b.xml.macaon	581	28	.	.	poncts	poncts	_	4	ponct	_	_

2b534be5-5b80-4f72-b1ef-286b6efa479b.xml.macaon	582	1	Les	les	det	det	_	2	det	_	_	B:Using:FE:Instrument:G:586
2b534be5-5b80-4f72-b1ef-286b6efa479b.xml.macaon	583	2	matériaux	matériau	nc	nc	_	6	suj	_	_	I:Using:FE:Instrument:G:586
2b534be5-5b80-4f72-b1ef-286b6efa479b.xml.macaon	584	3	le#plus	le#plus	adv	adv	_	5	mod	_	_
2b534be5-5b80-4f72-b1ef-286b6efa479b.xml.macaon	585	4	souvent	souvent	adv	adv	_	5	mod	_	_
2b534be5-5b80-4f72-b1ef-286b6efa479b.xml.macaon	586	5	utilisés	utiliser	vppart	vppart	_	2	mod	_	_	B:Using:TARGET:utiliser:G:586
2b534be5-5b80-4f72-b1ef-286b6efa479b.xml.macaon	587	6	sont	être	v	v	_	_	_	_	_
2b534be5-5b80-4f72-b1ef-286b6efa479b.xml.macaon	588	7	toujours	toujours	adv	adv	_	6	mod	_	_
2b534be5-5b80-4f72-b1ef-286b6efa479b.xml.macaon	589	8	le	le	det	det	_	9	det	_	_	B:Using:FE:Instrument:G:586
2b534be5-5b80-4f72-b1ef-286b6efa479b.xml.macaon	590	9	bois	bois	nc	nc	_	6	ats	_	_	I:Using:FE:Instrument:G:586
2b534be5-5b80-4f72-b1ef-286b6efa479b.xml.macaon	591	10	et	et	coo	coo	_	9	coord	_	_	I:Using:FE:Instrument:G:586
2b534be5-5b80-4f72-b1ef-286b6efa479b.xml.macaon	592	11	le	le	det	det	_	12	det	_	_	I:Using:FE:Instrument:G:586
2b534be5-5b80-4f72-b1ef-286b6efa479b.xml.macaon	593	12	chaume	chaume	nc	nc	_	10	dep_coord	_	_	I:Using:FE:Instrument:G:586
2b534be5-5b80-4f72-b1ef-286b6efa479b.xml.macaon	594	13	pour	pour	prep	prep	_	12	dep	_	_	B:Using:FE:Purpose:G:586
2b534be5-5b80-4f72-b1ef-286b6efa479b.xml.macaon	595	14	les	le	det	det	_	15	det	_	_	I:Using:FE:Purpose:G:586
2b534be5-5b80-4f72-b1ef-286b6efa479b.xml.macaon	596	15	toits	toit	nc	nc	_	13	obj	_	_	I:Using:FE:Purpose:G:586
2b534be5-5b80-4f72-b1ef-286b6efa479b.xml.macaon	597	16	,	,	ponctw	ponctw	_	10	ponct	_	_
2b534be5-5b80-4f72-b1ef-286b6efa479b.xml.macaon	598	17	mais#aussi	mais#aussi	coo	coo	_	9	coord	_	_
2b534be5-5b80-4f72-b1ef-286b6efa479b.xml.macaon	599	18	la	le	det	det	_	19	det	_	_	B:Using:FE:Instrument:G:586
2b534be5-5b80-4f72-b1ef-286b6efa479b.xml.macaon	600	19	terre	terre	nc	nc	_	17	dep_coord	_	_	I:Using:FE:Instrument:G:586
2b534be5-5b80-4f72-b1ef-286b6efa479b.xml.macaon	601	20	pour	pour	prep	prep	_	19	dep	_	_	B:Using:FE:Purpose:G:586
2b534be5-5b80-4f72-b1ef-286b6efa479b.xml.macaon	602	21	les	le	det	det	_	22	det	_	_	I:Using:FE:Purpose:G:586
2b534be5-5b80-4f72-b1ef-286b6efa479b.xml.macaon	603	22	murs	mur	nc	nc	_	20	obj	_	_	I:Using:FE:Purpose:G:586
2b534be5-5b80-4f72-b1ef-286b6efa479b.xml.macaon	604	23	,	,	ponctw	ponctw	_	19	ponct	_	_
2b534be5-5b80-4f72-b1ef-286b6efa479b.xml.macaon	605	24	voire	voire	coo	coo	_	19	coord	_	_
2b534be5-5b80-4f72-b1ef-286b6efa479b.xml.macaon	606	25	la	le	det	det	_	26	det	_	_	B:Using:FE:Instrument:G:586
2b534be5-5b80-4f72-b1ef-286b6efa479b.xml.macaon	607	26	pierre	pierre	nc	nc	_	24	dep_coord	_	_	I:Using:FE:Instrument:G:586
2b534be5-5b80-4f72-b1ef-286b6efa479b.xml.macaon	608	27	.	.	poncts	poncts	_	6	ponct	_	_
