2d4d96f1-cadb-46e9-8ac9-e149ce7b075f.xml.macaon	0	1	vikidia	vikidia	nc	nc	_	_	_	_	_

2d4d96f1-cadb-46e9-8ac9-e149ce7b075f.xml.macaon	1	1	2d4d96f1	2d4d96f1	adj	adj	_	3	mod	_	_
2d4d96f1-cadb-46e9-8ac9-e149ce7b075f.xml.macaon	2	2	-	-	ponctw	ponctw	_	1	ponct	_	_
2d4d96f1-cadb-46e9-8ac9-e149ce7b075f.xml.macaon	3	3	cadb	cadb	nc	nc	_	_	_	_	_
2d4d96f1-cadb-46e9-8ac9-e149ce7b075f.xml.macaon	4	4	-	-	ponctw	ponctw	_	3	ponct	_	_
2d4d96f1-cadb-46e9-8ac9-e149ce7b075f.xml.macaon	5	5	46e9	46e9	nc	nc	_	3	mod	_	_
2d4d96f1-cadb-46e9-8ac9-e149ce7b075f.xml.macaon	6	6	-	-	ponctw	ponctw	_	5	ponct	_	_
2d4d96f1-cadb-46e9-8ac9-e149ce7b075f.xml.macaon	7	7	8ac9	8ac9	nc	nc	_	5	mod	_	_
2d4d96f1-cadb-46e9-8ac9-e149ce7b075f.xml.macaon	8	8	-	-	ponctw	ponctw	_	7	ponct	_	_
2d4d96f1-cadb-46e9-8ac9-e149ce7b075f.xml.macaon	9	9	e149ce7b075f	e149ce7b075f	nc	nc	_	7	mod	_	_

2d4d96f1-cadb-46e9-8ac9-e149ce7b075f.xml.macaon	10	1	ADDED	ADDED	nc	nc	_	_	_	_	_

2d4d96f1-cadb-46e9-8ac9-e149ce7b075f.xml.macaon	11	1	2016	2016	adj	adj	_	3	mod	_	_
2d4d96f1-cadb-46e9-8ac9-e149ce7b075f.xml.macaon	12	2	-	-	ponctw	ponctw	_	1	ponct	_	_
2d4d96f1-cadb-46e9-8ac9-e149ce7b075f.xml.macaon	13	3	06	06	nc	nc	_	_	_	_	_
2d4d96f1-cadb-46e9-8ac9-e149ce7b075f.xml.macaon	14	4	-	-	ponctw	ponctw	_	3	ponct	_	_
2d4d96f1-cadb-46e9-8ac9-e149ce7b075f.xml.macaon	15	5	15T14	15T14	nc	nc	_	3	mod	_	_
2d4d96f1-cadb-46e9-8ac9-e149ce7b075f.xml.macaon	16	6	:	:	ponctw	ponctw	_	5	ponct	_	_
2d4d96f1-cadb-46e9-8ac9-e149ce7b075f.xml.macaon	17	7	32	32	nc	nc	_	5	mod	_	_
2d4d96f1-cadb-46e9-8ac9-e149ce7b075f.xml.macaon	18	8	:	:	ponctw	ponctw	_	7	ponct	_	_
2d4d96f1-cadb-46e9-8ac9-e149ce7b075f.xml.macaon	19	9	45Z	45Z	nc	nc	_	7	mod	_	_

2d4d96f1-cadb-46e9-8ac9-e149ce7b075f.xml.macaon	20	1	Paléolithique	Paléolithique	np	np	_	_	_	_	_

2d4d96f1-cadb-46e9-8ac9-e149ce7b075f.xml.macaon	21	1	Le	le	det	det	_	2	det	_	_
2d4d96f1-cadb-46e9-8ac9-e149ce7b075f.xml.macaon	22	2	Paléolithique	Paléolithique	np	np	_	3	__JOKER__	_	_
2d4d96f1-cadb-46e9-8ac9-e149ce7b075f.xml.macaon	23	3	est	être	v	v	_	_	_	_	_
2d4d96f1-cadb-46e9-8ac9-e149ce7b075f.xml.macaon	24	4	la	le	det	det	_	6	det	_	_
2d4d96f1-cadb-46e9-8ac9-e149ce7b075f.xml.macaon	25	5	première	premier	adj	adj	_	6	mod	_	_
2d4d96f1-cadb-46e9-8ac9-e149ce7b075f.xml.macaon	26	6	période	période	nc	nc	_	3	obj	_	_
2d4d96f1-cadb-46e9-8ac9-e149ce7b075f.xml.macaon	27	7	de	de	prep	prep	_	6	dep	_	_
2d4d96f1-cadb-46e9-8ac9-e149ce7b075f.xml.macaon	28	8	la	le	det	det	_	9	det	_	_
2d4d96f1-cadb-46e9-8ac9-e149ce7b075f.xml.macaon	29	9	Préhistoire	Préhistoire	np	np	_	7	obj	_	_
2d4d96f1-cadb-46e9-8ac9-e149ce7b075f.xml.macaon	30	10	.	.	poncts	poncts	_	3	ponct	_	_

2d4d96f1-cadb-46e9-8ac9-e149ce7b075f.xml.macaon	31	1	Cette	cette	det	det	_	2	det	_	_
2d4d96f1-cadb-46e9-8ac9-e149ce7b075f.xml.macaon	32	2	période	période	nc	nc	_	3	suj	_	_
2d4d96f1-cadb-46e9-8ac9-e149ce7b075f.xml.macaon	33	3	est	être	v	v	_	_	_	_	_
2d4d96f1-cadb-46e9-8ac9-e149ce7b075f.xml.macaon	34	4	la	le	det	det	_	6	det	_	_
2d4d96f1-cadb-46e9-8ac9-e149ce7b075f.xml.macaon	35	5	plus	plus	adv	adv	_	6	mod	_	_
2d4d96f1-cadb-46e9-8ac9-e149ce7b075f.xml.macaon	36	6	longue	long	adj	adj	_	3	ats	_	_
2d4d96f1-cadb-46e9-8ac9-e149ce7b075f.xml.macaon	37	7	,	,	ponctw	ponctw	_	9	ponct	_	_
2d4d96f1-cadb-46e9-8ac9-e149ce7b075f.xml.macaon	38	8	elle	elle	cln	cln	_	9	suj	_	_	B:Activity_start:FE:Activity:G:39
2d4d96f1-cadb-46e9-8ac9-e149ce7b075f.xml.macaon	39	9	commence	commencer	v	v	_	3	mod	_	_	B:Activity_start:TARGET:commencer:G:39
2d4d96f1-cadb-46e9-8ac9-e149ce7b075f.xml.macaon	40	10	avec	avec	prep	prep	_	9	mod	_	_	B:Activity_start:FE:Circumstances:G:39
2d4d96f1-cadb-46e9-8ac9-e149ce7b075f.xml.macaon	41	11	l	l	nc	nc	_	10	obj	_	_	I:Activity_start:FE:Circumstances:G:39
2d4d96f1-cadb-46e9-8ac9-e149ce7b075f.xml.macaon	42	12	’	’	prep	prep	_	11	dep	_	_	I:Activity_start:FE:Circumstances:G:39
2d4d96f1-cadb-46e9-8ac9-e149ce7b075f.xml.macaon	43	13	apparition	apparition	nc	nc	_	12	obj	_	_	I:Activity_start:FE:Circumstances:G:39
2d4d96f1-cadb-46e9-8ac9-e149ce7b075f.xml.macaon	44	14	de	de	prep	prep	_	13	dep	_	_	I:Activity_start:FE:Circumstances:G:39
2d4d96f1-cadb-46e9-8ac9-e149ce7b075f.xml.macaon	45	15	l	l	nc	nc	_	14	obj	_	_	I:Activity_start:FE:Circumstances:G:39
2d4d96f1-cadb-46e9-8ac9-e149ce7b075f.xml.macaon	46	16	’	’	prep	prep	_	15	dep	_	_	I:Activity_start:FE:Circumstances:G:39
2d4d96f1-cadb-46e9-8ac9-e149ce7b075f.xml.macaon	47	17	Homme	Homme	np	np	_	16	obj	_	_	I:Activity_start:FE:Circumstances:G:39
2d4d96f1-cadb-46e9-8ac9-e149ce7b075f.xml.macaon	48	18	,	,	ponctw	ponctw	_	19	ponct	_	_
2d4d96f1-cadb-46e9-8ac9-e149ce7b075f.xml.macaon	49	19	il#y#a	il#y#a	v	v	_	17	mod_rel	_	_	B:Activity_start:FE:Time:G:39
2d4d96f1-cadb-46e9-8ac9-e149ce7b075f.xml.macaon	50	20	environ	environ	adv	adv	_	19	mod	_	_	I:Activity_start:FE:Time:G:39
2d4d96f1-cadb-46e9-8ac9-e149ce7b075f.xml.macaon	51	21	3	3	det	det	_	22	det	_	_	I:Activity_start:FE:Time:G:39
2d4d96f1-cadb-46e9-8ac9-e149ce7b075f.xml.macaon	52	22	Millions	million	nc	nc	_	19	obj	_	_	I:Activity_start:FE:Time:G:39
2d4d96f1-cadb-46e9-8ac9-e149ce7b075f.xml.macaon	53	23	d'	de	prep	prep	_	22	dep	_	_	I:Activity_start:FE:Time:G:39
2d4d96f1-cadb-46e9-8ac9-e149ce7b075f.xml.macaon	54	24	années	année	nc	nc	_	23	obj	_	_	I:Activity_start:FE:Time:G:39
2d4d96f1-cadb-46e9-8ac9-e149ce7b075f.xml.macaon	55	25	et	et	coo	coo	_	23	coord	_	_
2d4d96f1-cadb-46e9-8ac9-e149ce7b075f.xml.macaon	56	26	s'	s'	clr	clr	_	27	aff	_	_
2d4d96f1-cadb-46e9-8ac9-e149ce7b075f.xml.macaon	57	27	achève	achever	v	v	_	25	dep_coord	_	_
2d4d96f1-cadb-46e9-8ac9-e149ce7b075f.xml.macaon	58	28	vers	vers	prep	prep	_	27	mod	_	_
2d4d96f1-cadb-46e9-8ac9-e149ce7b075f.xml.macaon	59	29	12#000	12#000	det	det	_	30	det	_	_
2d4d96f1-cadb-46e9-8ac9-e149ce7b075f.xml.macaon	60	30	ans	an	nc	nc	_	28	obj	_	_
2d4d96f1-cadb-46e9-8ac9-e149ce7b075f.xml.macaon	61	31	avant	avant	prep	prep	_	27	mod	_	_
2d4d96f1-cadb-46e9-8ac9-e149ce7b075f.xml.macaon	62	32	le	le	det	det	_	33	det	_	_
2d4d96f1-cadb-46e9-8ac9-e149ce7b075f.xml.macaon	63	33	présent	présent	nc	nc	_	31	obj	_	_
2d4d96f1-cadb-46e9-8ac9-e149ce7b075f.xml.macaon	64	34	.	.	poncts	poncts	_	9	ponct	_	_

2d4d96f1-cadb-46e9-8ac9-e149ce7b075f.xml.macaon	65	1	Le	le	det	det	_	2	det	_	_
2d4d96f1-cadb-46e9-8ac9-e149ce7b075f.xml.macaon	66	2	Paléolithique	Paléolithique	np	np	_	3	suj	_	_
2d4d96f1-cadb-46e9-8ac9-e149ce7b075f.xml.macaon	67	3	est	être	v	v	_	4	aux_tps	_	_
2d4d96f1-cadb-46e9-8ac9-e149ce7b075f.xml.macaon	68	4	suivi	suivre	vppart	vppart	_	_	_	_	_
2d4d96f1-cadb-46e9-8ac9-e149ce7b075f.xml.macaon	69	5	par	par	prep	prep	_	4	mod	_	_
2d4d96f1-cadb-46e9-8ac9-e149ce7b075f.xml.macaon	70	6	le	le	det	det	_	7	det	_	_
2d4d96f1-cadb-46e9-8ac9-e149ce7b075f.xml.macaon	71	7	Néolithique	néolithique	nc	nc	_	5	obj	_	_
2d4d96f1-cadb-46e9-8ac9-e149ce7b075f.xml.macaon	72	8	.	.	poncts	poncts	_	4	__JOKER__	_	_

2d4d96f1-cadb-46e9-8ac9-e149ce7b075f.xml.macaon	73	1	Préhistoire	préhistoire	nc	nc	_	_	_	_	_

2d4d96f1-cadb-46e9-8ac9-e149ce7b075f.xml.macaon	74	1	Paléolithique	Paléolithique	np	np	_	_	_	_	_

2d4d96f1-cadb-46e9-8ac9-e149ce7b075f.xml.macaon	75	1	Le	le	det	det	_	2	det	_	_
2d4d96f1-cadb-46e9-8ac9-e149ce7b075f.xml.macaon	76	2	Paléolithique	Paléolithique	np	np	_	3	__JOKER__	_	_
2d4d96f1-cadb-46e9-8ac9-e149ce7b075f.xml.macaon	77	3	est	être	v	v	_	_	_	_	_
2d4d96f1-cadb-46e9-8ac9-e149ce7b075f.xml.macaon	78	4	la	le	det	det	_	6	det	_	_
2d4d96f1-cadb-46e9-8ac9-e149ce7b075f.xml.macaon	79	5	première	premier	adj	adj	_	6	mod	_	_
2d4d96f1-cadb-46e9-8ac9-e149ce7b075f.xml.macaon	80	6	période	période	nc	nc	_	3	obj	_	_
2d4d96f1-cadb-46e9-8ac9-e149ce7b075f.xml.macaon	81	7	de	de	prep	prep	_	6	dep	_	_
2d4d96f1-cadb-46e9-8ac9-e149ce7b075f.xml.macaon	82	8	la	le	det	det	_	9	det	_	_
2d4d96f1-cadb-46e9-8ac9-e149ce7b075f.xml.macaon	83	9	Préhistoire	Préhistoire	np	np	_	7	obj	_	_
2d4d96f1-cadb-46e9-8ac9-e149ce7b075f.xml.macaon	84	10	.	.	poncts	poncts	_	3	ponct	_	_

2d4d96f1-cadb-46e9-8ac9-e149ce7b075f.xml.macaon	85	1	Cette	cette	det	det	_	2	det	_	_	B:Activity_start:FE:Activity:G:93
2d4d96f1-cadb-46e9-8ac9-e149ce7b075f.xml.macaon	86	2	période	période	nc	nc	_	3	suj	_	_	I:Activity_start:FE:Activity:G:93
2d4d96f1-cadb-46e9-8ac9-e149ce7b075f.xml.macaon	87	3	est	être	v	v	_	_	_	_	_
2d4d96f1-cadb-46e9-8ac9-e149ce7b075f.xml.macaon	88	4	la	le	det	det	_	6	det	_	_
2d4d96f1-cadb-46e9-8ac9-e149ce7b075f.xml.macaon	89	5	plus	plus	adv	adv	_	6	mod	_	_
2d4d96f1-cadb-46e9-8ac9-e149ce7b075f.xml.macaon	90	6	longue	long	adj	adj	_	3	ats	_	_
2d4d96f1-cadb-46e9-8ac9-e149ce7b075f.xml.macaon	91	7	,	,	ponctw	ponctw	_	9	ponct	_	_
2d4d96f1-cadb-46e9-8ac9-e149ce7b075f.xml.macaon	92	8	elle	elle	cln	cln	_	9	suj	_	_	B:Activity_start:FE:Activity:G:93
2d4d96f1-cadb-46e9-8ac9-e149ce7b075f.xml.macaon	93	9	commence	commencer	v	v	_	3	mod	_	_	B:Activity_start:TARGET:commencer:G:93
2d4d96f1-cadb-46e9-8ac9-e149ce7b075f.xml.macaon	94	10	avec	avec	prep	prep	_	9	mod	_	_	B:Activity_start:FE:Circumstances:G:93
2d4d96f1-cadb-46e9-8ac9-e149ce7b075f.xml.macaon	95	11	l	l	nc	nc	_	10	obj	_	_	I:Activity_start:FE:Circumstances:G:93
2d4d96f1-cadb-46e9-8ac9-e149ce7b075f.xml.macaon	96	12	’	’	prep	prep	_	11	dep	_	_	I:Activity_start:FE:Circumstances:G:93
2d4d96f1-cadb-46e9-8ac9-e149ce7b075f.xml.macaon	97	13	apparition	apparition	nc	nc	_	12	obj	_	_	I:Activity_start:FE:Circumstances:G:93
2d4d96f1-cadb-46e9-8ac9-e149ce7b075f.xml.macaon	98	14	de	de	prep	prep	_	13	dep	_	_	I:Activity_start:FE:Circumstances:G:93
2d4d96f1-cadb-46e9-8ac9-e149ce7b075f.xml.macaon	99	15	l	l	nc	nc	_	14	obj	_	_	I:Activity_start:FE:Circumstances:G:93
2d4d96f1-cadb-46e9-8ac9-e149ce7b075f.xml.macaon	100	16	’	’	prep	prep	_	15	dep	_	_	I:Activity_start:FE:Circumstances:G:93
2d4d96f1-cadb-46e9-8ac9-e149ce7b075f.xml.macaon	101	17	Homme	Homme	np	np	_	16	obj	_	_	I:Activity_start:FE:Circumstances:G:93
2d4d96f1-cadb-46e9-8ac9-e149ce7b075f.xml.macaon	102	18	,	,	ponctw	ponctw	_	19	ponct	_	_
2d4d96f1-cadb-46e9-8ac9-e149ce7b075f.xml.macaon	103	19	il#y#a	il#y#a	v	v	_	17	mod_rel	_	_	B:Activity_start:FE:Time:G:93
2d4d96f1-cadb-46e9-8ac9-e149ce7b075f.xml.macaon	104	20	environ	environ	adv	adv	_	19	mod	_	_	I:Activity_start:FE:Time:G:93
2d4d96f1-cadb-46e9-8ac9-e149ce7b075f.xml.macaon	105	21	3	3	det	det	_	22	det	_	_	I:Activity_start:FE:Time:G:93
2d4d96f1-cadb-46e9-8ac9-e149ce7b075f.xml.macaon	106	22	Millions	million	nc	nc	_	19	obj	_	_	I:Activity_start:FE:Time:G:93
2d4d96f1-cadb-46e9-8ac9-e149ce7b075f.xml.macaon	107	23	d'	de	prep	prep	_	22	dep	_	_	I:Activity_start:FE:Time:G:93
2d4d96f1-cadb-46e9-8ac9-e149ce7b075f.xml.macaon	108	24	années	année	nc	nc	_	23	obj	_	_	I:Activity_start:FE:Time:G:93
2d4d96f1-cadb-46e9-8ac9-e149ce7b075f.xml.macaon	109	25	et	et	coo	coo	_	23	coord	_	_
2d4d96f1-cadb-46e9-8ac9-e149ce7b075f.xml.macaon	110	26	s'	s'	clr	clr	_	27	aff	_	_
2d4d96f1-cadb-46e9-8ac9-e149ce7b075f.xml.macaon	111	27	achève	achever	v	v	_	25	dep_coord	_	_
2d4d96f1-cadb-46e9-8ac9-e149ce7b075f.xml.macaon	112	28	vers	vers	prep	prep	_	27	mod	_	_
2d4d96f1-cadb-46e9-8ac9-e149ce7b075f.xml.macaon	113	29	12#000	12#000	det	det	_	30	det	_	_
2d4d96f1-cadb-46e9-8ac9-e149ce7b075f.xml.macaon	114	30	ans	an	nc	nc	_	28	obj	_	_
2d4d96f1-cadb-46e9-8ac9-e149ce7b075f.xml.macaon	115	31	avant	avant	prep	prep	_	27	mod	_	_
2d4d96f1-cadb-46e9-8ac9-e149ce7b075f.xml.macaon	116	32	le	le	det	det	_	33	det	_	_
2d4d96f1-cadb-46e9-8ac9-e149ce7b075f.xml.macaon	117	33	présent	présent	nc	nc	_	31	obj	_	_
2d4d96f1-cadb-46e9-8ac9-e149ce7b075f.xml.macaon	118	34	.	.	poncts	poncts	_	9	ponct	_	_

2d4d96f1-cadb-46e9-8ac9-e149ce7b075f.xml.macaon	119	1	Le	le	det	det	_	2	det	_	_
2d4d96f1-cadb-46e9-8ac9-e149ce7b075f.xml.macaon	120	2	Paléolithique	Paléolithique	np	np	_	3	suj	_	_
2d4d96f1-cadb-46e9-8ac9-e149ce7b075f.xml.macaon	121	3	est	être	v	v	_	4	aux_tps	_	_
2d4d96f1-cadb-46e9-8ac9-e149ce7b075f.xml.macaon	122	4	suivi	suivre	vppart	vppart	_	_	_	_	_
2d4d96f1-cadb-46e9-8ac9-e149ce7b075f.xml.macaon	123	5	par	par	prep	prep	_	4	mod	_	_
2d4d96f1-cadb-46e9-8ac9-e149ce7b075f.xml.macaon	124	6	le	le	det	det	_	7	det	_	_
2d4d96f1-cadb-46e9-8ac9-e149ce7b075f.xml.macaon	125	7	Néolithique	néolithique	nc	nc	_	5	obj	_	_
2d4d96f1-cadb-46e9-8ac9-e149ce7b075f.xml.macaon	126	8	.	.	poncts	poncts	_	4	__JOKER__	_	_

2d4d96f1-cadb-46e9-8ac9-e149ce7b075f.xml.macaon	127	1	Le	le	det	det	_	2	det	_	_
2d4d96f1-cadb-46e9-8ac9-e149ce7b075f.xml.macaon	128	2	terme	terme	nc	nc	_	6	suj	_	_
2d4d96f1-cadb-46e9-8ac9-e149ce7b075f.xml.macaon	129	3	«	«	ponctw	ponctw	_	6	ponct	_	_
2d4d96f1-cadb-46e9-8ac9-e149ce7b075f.xml.macaon	130	4	Paléolithique	Paléolithique	np	np	_	6	suj	_	_
2d4d96f1-cadb-46e9-8ac9-e149ce7b075f.xml.macaon	131	5	»	»	ponctw	ponctw	_	6	ponct	_	_
2d4d96f1-cadb-46e9-8ac9-e149ce7b075f.xml.macaon	132	6	vient	venir	v	v	_	_	_	_	_
2d4d96f1-cadb-46e9-8ac9-e149ce7b075f.xml.macaon	133	7	du	du	prep	prep	_	6	de_obj	_	_
2d4d96f1-cadb-46e9-8ac9-e149ce7b075f.xml.macaon	134	8	grec	grec	adj	adj	_	9	mod	_	_
2d4d96f1-cadb-46e9-8ac9-e149ce7b075f.xml.macaon	135	9	palaios	palaios	nc	nc	_	7	obj	_	_
2d4d96f1-cadb-46e9-8ac9-e149ce7b075f.xml.macaon	136	10	(	(	ponctw	ponctw	_	9	ponct	_	_
2d4d96f1-cadb-46e9-8ac9-e149ce7b075f.xml.macaon	137	11	qui	qui	prorel	prorel	_	12	suj	_	_
2d4d96f1-cadb-46e9-8ac9-e149ce7b075f.xml.macaon	138	12	veut	vouloir	v	v	_	9	mod_rel	_	_
2d4d96f1-cadb-46e9-8ac9-e149ce7b075f.xml.macaon	139	13	dire	dire	vinf	vinf	_	12	obj	_	_	B:OTHER:G
2d4d96f1-cadb-46e9-8ac9-e149ce7b075f.xml.macaon	140	14	ancien	ancien	adj	adj	_	12	ats	_	_
2d4d96f1-cadb-46e9-8ac9-e149ce7b075f.xml.macaon	141	15	)	)	ponctw	ponctw	_	12	ponct	_	_
2d4d96f1-cadb-46e9-8ac9-e149ce7b075f.xml.macaon	142	16	et	et	coo	coo	_	12	coord	_	_
2d4d96f1-cadb-46e9-8ac9-e149ce7b075f.xml.macaon	143	17	lithos	litho	nc	nc	_	16	dep_coord	_	_
2d4d96f1-cadb-46e9-8ac9-e149ce7b075f.xml.macaon	144	18	(	(	ponctw	ponctw	_	17	ponct	_	_
2d4d96f1-cadb-46e9-8ac9-e149ce7b075f.xml.macaon	145	19	qui	qui	prorel	prorel	_	20	suj	_	_
2d4d96f1-cadb-46e9-8ac9-e149ce7b075f.xml.macaon	146	20	veut	vouloir	v	v	_	16	dep_coord	_	_
2d4d96f1-cadb-46e9-8ac9-e149ce7b075f.xml.macaon	147	21	dire	dire	vinf	vinf	_	20	obj	_	_	B:OTHER:G
2d4d96f1-cadb-46e9-8ac9-e149ce7b075f.xml.macaon	148	22	pierre	pierre	nc	nc	_	21	obj	_	_
2d4d96f1-cadb-46e9-8ac9-e149ce7b075f.xml.macaon	149	23	)	)	ponctw	ponctw	_	22	ponct	_	_
2d4d96f1-cadb-46e9-8ac9-e149ce7b075f.xml.macaon	150	24	.	.	poncts	poncts	_	6	ponct	_	_

2d4d96f1-cadb-46e9-8ac9-e149ce7b075f.xml.macaon	151	1	C'	C'	cln	cln	_	2	suj	_	_
2d4d96f1-cadb-46e9-8ac9-e149ce7b075f.xml.macaon	152	2	est	être	v	v	_	_	_	_	_
2d4d96f1-cadb-46e9-8ac9-e149ce7b075f.xml.macaon	153	3	«	«	ponctw	ponctw	_	2	ponct	_	_
2d4d96f1-cadb-46e9-8ac9-e149ce7b075f.xml.macaon	154	4	l'	le	det	det	_	5	det	_	_
2d4d96f1-cadb-46e9-8ac9-e149ce7b075f.xml.macaon	155	5	âge	âge	nc	nc	_	2	ats	_	_
2d4d96f1-cadb-46e9-8ac9-e149ce7b075f.xml.macaon	156	6	de	de	prep	prep	_	5	dep	_	_
2d4d96f1-cadb-46e9-8ac9-e149ce7b075f.xml.macaon	157	7	la	le	det	det	_	8	det	_	_
2d4d96f1-cadb-46e9-8ac9-e149ce7b075f.xml.macaon	158	8	pierre	pierre	nc	nc	_	6	obj	_	_
2d4d96f1-cadb-46e9-8ac9-e149ce7b075f.xml.macaon	159	9	taillée	tailler	adj	adj	_	8	mod	_	_
2d4d96f1-cadb-46e9-8ac9-e149ce7b075f.xml.macaon	160	10	»	»	ponctw	ponctw	_	8	ponct	_	_
2d4d96f1-cadb-46e9-8ac9-e149ce7b075f.xml.macaon	161	11	(	(	ponctw	ponctw	_	8	ponct	_	_
2d4d96f1-cadb-46e9-8ac9-e149ce7b075f.xml.macaon	162	12	le	le	det	det	_	13	det	_	_
2d4d96f1-cadb-46e9-8ac9-e149ce7b075f.xml.macaon	163	13	Néolithique	Néolithique	np	np	_	8	mod	_	_
2d4d96f1-cadb-46e9-8ac9-e149ce7b075f.xml.macaon	164	14	est	être	v	v	_	13	mod_rel	_	_
2d4d96f1-cadb-46e9-8ac9-e149ce7b075f.xml.macaon	165	15	l'	le	det	det	_	16	det	_	_
2d4d96f1-cadb-46e9-8ac9-e149ce7b075f.xml.macaon	166	16	âge	âge	nc	nc	_	14	obj	_	_
2d4d96f1-cadb-46e9-8ac9-e149ce7b075f.xml.macaon	167	17	de	de	prep	prep	_	16	dep	_	_
2d4d96f1-cadb-46e9-8ac9-e149ce7b075f.xml.macaon	168	18	la	le	det	det	_	19	det	_	_
2d4d96f1-cadb-46e9-8ac9-e149ce7b075f.xml.macaon	169	19	pierre	pierre	nc	nc	_	17	obj	_	_
2d4d96f1-cadb-46e9-8ac9-e149ce7b075f.xml.macaon	170	20	polie	poli	adj	adj	_	19	mod	_	_
2d4d96f1-cadb-46e9-8ac9-e149ce7b075f.xml.macaon	171	21	)	)	ponctw	ponctw	_	19	ponct	_	_
2d4d96f1-cadb-46e9-8ac9-e149ce7b075f.xml.macaon	172	22	.	.	poncts	poncts	_	2	ponct	_	_

2d4d96f1-cadb-46e9-8ac9-e149ce7b075f.xml.macaon	173	1	Périodes	période	nc	nc	_	_	_	_	_

2d4d96f1-cadb-46e9-8ac9-e149ce7b075f.xml.macaon	174	1	Le	le	det	det	_	2	det	_	_
2d4d96f1-cadb-46e9-8ac9-e149ce7b075f.xml.macaon	175	2	Paléolithique	Paléolithique	np	np	_	3	suj	_	_
2d4d96f1-cadb-46e9-8ac9-e149ce7b075f.xml.macaon	176	3	est	être	v	v	_	4	aux_tps	_	_
2d4d96f1-cadb-46e9-8ac9-e149ce7b075f.xml.macaon	177	4	divisé	diviser	vppart	vppart	_	_	_	_	_
2d4d96f1-cadb-46e9-8ac9-e149ce7b075f.xml.macaon	178	5	en	en	prep	prep	_	4	mod	_	_
2d4d96f1-cadb-46e9-8ac9-e149ce7b075f.xml.macaon	179	6	trois	trois	det	det	_	8	det	_	_
2d4d96f1-cadb-46e9-8ac9-e149ce7b075f.xml.macaon	180	7	grandes	grand	adj	adj	_	8	mod	_	_
2d4d96f1-cadb-46e9-8ac9-e149ce7b075f.xml.macaon	181	8	périodes	période	nc	nc	_	5	obj	_	_
2d4d96f1-cadb-46e9-8ac9-e149ce7b075f.xml.macaon	182	9	,	,	ponctw	ponctw	_	8	ponct	_	_
2d4d96f1-cadb-46e9-8ac9-e149ce7b075f.xml.macaon	183	10	correspondant	correspondre	vprespart	vprespart	_	8	__JOKER__	_	_
2d4d96f1-cadb-46e9-8ac9-e149ce7b075f.xml.macaon	184	11	à	à	prep	prep	_	10	mod	_	_
2d4d96f1-cadb-46e9-8ac9-e149ce7b075f.xml.macaon	185	12	une	un	det	det	_	13	det	_	_
2d4d96f1-cadb-46e9-8ac9-e149ce7b075f.xml.macaon	186	13	évolution	évolution	nc	nc	_	11	obj	_	_
2d4d96f1-cadb-46e9-8ac9-e149ce7b075f.xml.macaon	187	14	culturelle	culturel	adj	adj	_	13	mod	_	_
2d4d96f1-cadb-46e9-8ac9-e149ce7b075f.xml.macaon	188	15	et	et	coo	coo	_	14	coord	_	_
2d4d96f1-cadb-46e9-8ac9-e149ce7b075f.xml.macaon	189	16	technologique	technologique	adj	adj	_	15	dep_coord	_	_
2d4d96f1-cadb-46e9-8ac9-e149ce7b075f.xml.macaon	190	17	:	:	ponctw	ponctw	_	14	ponct	_	_

2d4d96f1-cadb-46e9-8ac9-e149ce7b075f.xml.macaon	191	1	le	le	det	det	_	2	det	_	_
2d4d96f1-cadb-46e9-8ac9-e149ce7b075f.xml.macaon	192	2	Paléolithique	Paléolithique	np	np	_	_	_	_	_
2d4d96f1-cadb-46e9-8ac9-e149ce7b075f.xml.macaon	193	3	inférieur	inférieur	adj	adj	_	2	mod	_	_
2d4d96f1-cadb-46e9-8ac9-e149ce7b075f.xml.macaon	194	4	(	(	ponctw	ponctw	_	2	ponct	_	_
2d4d96f1-cadb-46e9-8ac9-e149ce7b075f.xml.macaon	195	5	outils	outil	nc	nc	_	2	mod	_	_
2d4d96f1-cadb-46e9-8ac9-e149ce7b075f.xml.macaon	196	6	caractéristiques	caractéristique	adj	adj	_	5	mod	_	_
2d4d96f1-cadb-46e9-8ac9-e149ce7b075f.xml.macaon	197	7	:	:	ponctw	ponctw	_	5	ponct	_	_
2d4d96f1-cadb-46e9-8ac9-e149ce7b075f.xml.macaon	198	8	le	le	det	det	_	9	det	_	_
2d4d96f1-cadb-46e9-8ac9-e149ce7b075f.xml.macaon	199	9	galet	galet	nc	nc	_	2	mod	_	_
2d4d96f1-cadb-46e9-8ac9-e149ce7b075f.xml.macaon	200	10	taillé	tailler	vppart	vppart	_	9	mod	_	_
2d4d96f1-cadb-46e9-8ac9-e149ce7b075f.xml.macaon	201	11	,	,	ponctw	ponctw	_	10	ponct	_	_
2d4d96f1-cadb-46e9-8ac9-e149ce7b075f.xml.macaon	202	12	le	le	det	det	_	13	det	_	_
2d4d96f1-cadb-46e9-8ac9-e149ce7b075f.xml.macaon	203	13	biface	biface	nc	nc	_	9	mod	_	_
2d4d96f1-cadb-46e9-8ac9-e149ce7b075f.xml.macaon	204	14	;	;	ponctw	ponctw	_	13	ponct	_	_
2d4d96f1-cadb-46e9-8ac9-e149ce7b075f.xml.macaon	205	15	maîtrise	maîtrise	nc	nc	_	13	mod	_	_
2d4d96f1-cadb-46e9-8ac9-e149ce7b075f.xml.macaon	206	16	du	du	prep	prep	_	15	dep	_	_
2d4d96f1-cadb-46e9-8ac9-e149ce7b075f.xml.macaon	207	17	feu	feu	nc	nc	_	16	obj	_	_
2d4d96f1-cadb-46e9-8ac9-e149ce7b075f.xml.macaon	208	18	)	)	ponctw	ponctw	_	15	ponct	_	_
2d4d96f1-cadb-46e9-8ac9-e149ce7b075f.xml.macaon	209	19	;	;	ponctw	ponctw	_	15	ponct	_	_

2d4d96f1-cadb-46e9-8ac9-e149ce7b075f.xml.macaon	210	1	le	le	det	det	_	2	det	_	_
2d4d96f1-cadb-46e9-8ac9-e149ce7b075f.xml.macaon	211	2	Paléolithique	Paléolithique	np	np	_	_	_	_	_
2d4d96f1-cadb-46e9-8ac9-e149ce7b075f.xml.macaon	212	3	moyen	moyen	adj	adj	_	2	mod	_	_
2d4d96f1-cadb-46e9-8ac9-e149ce7b075f.xml.macaon	213	4	(	(	ponctw	ponctw	_	2	ponct	_	_
2d4d96f1-cadb-46e9-8ac9-e149ce7b075f.xml.macaon	214	5	outils	outil	nc	nc	_	2	mod	_	_
2d4d96f1-cadb-46e9-8ac9-e149ce7b075f.xml.macaon	215	6	caractéristiques	caractéristique	adj	adj	_	5	mod	_	_
2d4d96f1-cadb-46e9-8ac9-e149ce7b075f.xml.macaon	216	7	:	:	ponctw	ponctw	_	5	ponct	_	_
2d4d96f1-cadb-46e9-8ac9-e149ce7b075f.xml.macaon	217	8	éclats	éclat	nc	nc	_	2	mod	_	_
2d4d96f1-cadb-46e9-8ac9-e149ce7b075f.xml.macaon	218	9	,	,	ponctw	ponctw	_	8	ponct	_	_
2d4d96f1-cadb-46e9-8ac9-e149ce7b075f.xml.macaon	219	10	racloir	racloir	nc	nc	_	8	mod	_	_
2d4d96f1-cadb-46e9-8ac9-e149ce7b075f.xml.macaon	220	11	,	,	ponctw	ponctw	_	10	ponct	_	_
2d4d96f1-cadb-46e9-8ac9-e149ce7b075f.xml.macaon	221	12	pointe	pointe	nc	nc	_	10	mod	_	_
2d4d96f1-cadb-46e9-8ac9-e149ce7b075f.xml.macaon	222	13	;	;	ponctw	ponctw	_	12	ponct	_	_
2d4d96f1-cadb-46e9-8ac9-e149ce7b075f.xml.macaon	223	14	apparition	apparition	nc	nc	_	12	mod	_	_
2d4d96f1-cadb-46e9-8ac9-e149ce7b075f.xml.macaon	224	15	des	des	prep	prep	_	14	dep	_	_
2d4d96f1-cadb-46e9-8ac9-e149ce7b075f.xml.macaon	225	16	premiers	premier	adj	adj	_	17	mod	_	_
2d4d96f1-cadb-46e9-8ac9-e149ce7b075f.xml.macaon	226	17	objets	objet	nc	nc	_	15	obj	_	_
2d4d96f1-cadb-46e9-8ac9-e149ce7b075f.xml.macaon	227	18	esthétiques	esthétique	adj	adj	_	17	mod	_	_
2d4d96f1-cadb-46e9-8ac9-e149ce7b075f.xml.macaon	228	19	et	et	coo	coo	_	18	coord	_	_
2d4d96f1-cadb-46e9-8ac9-e149ce7b075f.xml.macaon	229	20	spirituels	spirituel	adj	adj	_	22	mod	_	_
2d4d96f1-cadb-46e9-8ac9-e149ce7b075f.xml.macaon	230	21	;	;	ponctw	ponctw	_	20	ponct	_	_
2d4d96f1-cadb-46e9-8ac9-e149ce7b075f.xml.macaon	231	22	tombe	tombe	nc	nc	_	19	dep_coord	_	_
2d4d96f1-cadb-46e9-8ac9-e149ce7b075f.xml.macaon	232	23	)	)	ponctw	ponctw	_	22	ponct	_	_
2d4d96f1-cadb-46e9-8ac9-e149ce7b075f.xml.macaon	233	24	;	;	ponctw	ponctw	_	22	ponct	_	_

2d4d96f1-cadb-46e9-8ac9-e149ce7b075f.xml.macaon	234	1	le	le	det	det	_	2	det	_	_
2d4d96f1-cadb-46e9-8ac9-e149ce7b075f.xml.macaon	235	2	Paléolithique	Paléolithique	np	np	_	_	_	_	_
2d4d96f1-cadb-46e9-8ac9-e149ce7b075f.xml.macaon	236	3	supérieur	supérieur	adj	adj	_	2	mod	_	_
2d4d96f1-cadb-46e9-8ac9-e149ce7b075f.xml.macaon	237	4	(	(	ponctw	ponctw	_	2	ponct	_	_
2d4d96f1-cadb-46e9-8ac9-e149ce7b075f.xml.macaon	238	5	outils	outil	nc	nc	_	2	mod	_	_
2d4d96f1-cadb-46e9-8ac9-e149ce7b075f.xml.macaon	239	6	caractéristiques	caractéristique	adj	adj	_	5	mod	_	_
2d4d96f1-cadb-46e9-8ac9-e149ce7b075f.xml.macaon	240	7	:	:	ponctw	ponctw	_	5	ponct	_	_
2d4d96f1-cadb-46e9-8ac9-e149ce7b075f.xml.macaon	241	8	lames	lame	nc	nc	_	2	mod	_	_
2d4d96f1-cadb-46e9-8ac9-e149ce7b075f.xml.macaon	242	9	,	,	ponctw	ponctw	_	8	ponct	_	_
2d4d96f1-cadb-46e9-8ac9-e149ce7b075f.xml.macaon	243	10	grattoirs	grattoir	nc	nc	_	8	mod	_	_
2d4d96f1-cadb-46e9-8ac9-e149ce7b075f.xml.macaon	244	11	,	,	ponctw	ponctw	_	10	ponct	_	_
2d4d96f1-cadb-46e9-8ac9-e149ce7b075f.xml.macaon	245	12	burins	burin	nc	nc	_	10	mod	_	_
2d4d96f1-cadb-46e9-8ac9-e149ce7b075f.xml.macaon	246	13	,	,	ponctw	ponctw	_	12	ponct	_	_
2d4d96f1-cadb-46e9-8ac9-e149ce7b075f.xml.macaon	247	14	outils	outil	nc	nc	_	12	mod	_	_
2d4d96f1-cadb-46e9-8ac9-e149ce7b075f.xml.macaon	248	15	en	en	prep	prep	_	14	dep	_	_
2d4d96f1-cadb-46e9-8ac9-e149ce7b075f.xml.macaon	249	16	os	os	nc	nc	_	15	obj	_	_
2d4d96f1-cadb-46e9-8ac9-e149ce7b075f.xml.macaon	250	17	et	et	coo	coo	_	15	coord	_	_
2d4d96f1-cadb-46e9-8ac9-e149ce7b075f.xml.macaon	251	18	en	en	prep	prep	_	17	dep_coord	_	_
2d4d96f1-cadb-46e9-8ac9-e149ce7b075f.xml.macaon	252	19	bois	bois	nc	nc	_	18	obj	_	_
2d4d96f1-cadb-46e9-8ac9-e149ce7b075f.xml.macaon	253	20	animal	animal	adj	adj	_	19	mod	_	_
2d4d96f1-cadb-46e9-8ac9-e149ce7b075f.xml.macaon	254	21	,	,	ponctw	ponctw	_	19	ponct	_	_
2d4d96f1-cadb-46e9-8ac9-e149ce7b075f.xml.macaon	255	22	harpons	harpon	nc	nc	_	19	mod	_	_
2d4d96f1-cadb-46e9-8ac9-e149ce7b075f.xml.macaon	256	23	,	,	ponctw	ponctw	_	22	ponct	_	_
2d4d96f1-cadb-46e9-8ac9-e149ce7b075f.xml.macaon	257	24	propulseur	propulseur	nc	nc	_	22	mod	_	_
2d4d96f1-cadb-46e9-8ac9-e149ce7b075f.xml.macaon	258	25	;	;	ponctw	ponctw	_	24	ponct	_	_
2d4d96f1-cadb-46e9-8ac9-e149ce7b075f.xml.macaon	259	26	développement	développement	nc	nc	_	24	mod	_	_
2d4d96f1-cadb-46e9-8ac9-e149ce7b075f.xml.macaon	260	27	de#l'	de#l'	prep	prep	_	26	dep	_	_
2d4d96f1-cadb-46e9-8ac9-e149ce7b075f.xml.macaon	261	28	art	art	nc	nc	_	27	obj	_	_
2d4d96f1-cadb-46e9-8ac9-e149ce7b075f.xml.macaon	262	29	préhistorique	préhistorique	adj	adj	_	28	mod	_	_
2d4d96f1-cadb-46e9-8ac9-e149ce7b075f.xml.macaon	263	30	)	)	ponctw	ponctw	_	26	ponct	_	_
2d4d96f1-cadb-46e9-8ac9-e149ce7b075f.xml.macaon	264	31	.	.	poncts	poncts	_	17	__JOKER__	_	_

2d4d96f1-cadb-46e9-8ac9-e149ce7b075f.xml.macaon	265	1	C'	C'	cln	cln	_	2	suj	_	_
2d4d96f1-cadb-46e9-8ac9-e149ce7b075f.xml.macaon	266	2	est	être	v	v	_	_	_	_	_
2d4d96f1-cadb-46e9-8ac9-e149ce7b075f.xml.macaon	267	3	l'	le	det	det	_	4	det	_	_
2d4d96f1-cadb-46e9-8ac9-e149ce7b075f.xml.macaon	268	4	époque	époque	nc	nc	_	2	ats	_	_
2d4d96f1-cadb-46e9-8ac9-e149ce7b075f.xml.macaon	269	5	de#l'	de#l'	prep	prep	_	4	dep	_	_
2d4d96f1-cadb-46e9-8ac9-e149ce7b075f.xml.macaon	270	6	apparition	apparition	nc	nc	_	5	obj	_	_
2d4d96f1-cadb-46e9-8ac9-e149ce7b075f.xml.macaon	271	7	de#l'	de#l'	prep	prep	_	6	dep	_	_
2d4d96f1-cadb-46e9-8ac9-e149ce7b075f.xml.macaon	272	8	Homo#sapiens	Homo#sapiens	np	np	_	7	obj	_	_
2d4d96f1-cadb-46e9-8ac9-e149ce7b075f.xml.macaon	273	9	.	.	poncts	poncts	_	2	ponct	_	_

2d4d96f1-cadb-46e9-8ac9-e149ce7b075f.xml.macaon	274	1	Vie	vie	nc	nc	_	_	_	_	_
2d4d96f1-cadb-46e9-8ac9-e149ce7b075f.xml.macaon	275	2	quotidienne	quotidien	adj	adj	_	1	mod	_	_

2d4d96f1-cadb-46e9-8ac9-e149ce7b075f.xml.macaon	276	1	Outils	outil	nc	nc	_	_	_	_	_	B:Locating:FE:Sought_entity:G:287
2d4d96f1-cadb-46e9-8ac9-e149ce7b075f.xml.macaon	277	2	du	du	prep	prep	_	1	dep	_	_	I:Locating:FE:Sought_entity:G:287
2d4d96f1-cadb-46e9-8ac9-e149ce7b075f.xml.macaon	278	3	Paléolithique	Paléolithique	np	np	_	2	obj	_	_	I:Locating:FE:Sought_entity:G:287
2d4d96f1-cadb-46e9-8ac9-e149ce7b075f.xml.macaon	279	4	,	,	ponctw	ponctw	_	1	ponct	_	_
2d4d96f1-cadb-46e9-8ac9-e149ce7b075f.xml.macaon	280	5	avec	avec	prep	prep	_	1	dep	_	_
2d4d96f1-cadb-46e9-8ac9-e149ce7b075f.xml.macaon	281	6	dent	dent	nc	nc	_	5	obj	_	_
2d4d96f1-cadb-46e9-8ac9-e149ce7b075f.xml.macaon	282	7	et	et	coo	coo	_	6	coord	_	_
2d4d96f1-cadb-46e9-8ac9-e149ce7b075f.xml.macaon	283	8	ossements	ossement	nc	nc	_	7	dep_coord	_	_
2d4d96f1-cadb-46e9-8ac9-e149ce7b075f.xml.macaon	284	9	de	de	prep	prep	_	8	dep	_	_
2d4d96f1-cadb-46e9-8ac9-e149ce7b075f.xml.macaon	285	10	mammouth	mammouth	nc	nc	_	9	obj	_	_
2d4d96f1-cadb-46e9-8ac9-e149ce7b075f.xml.macaon	286	11	,	,	ponctw	ponctw	_	8	ponct	_	_
2d4d96f1-cadb-46e9-8ac9-e149ce7b075f.xml.macaon	287	12	trouvés	trouver	vppart	vppart	_	8	mod	_	_	B:Locating:TARGET:trouver:G:287
2d4d96f1-cadb-46e9-8ac9-e149ce7b075f.xml.macaon	288	13	à	à	prep	prep	_	12	mod	_	_	B:Locating:FE:Location:G:287
2d4d96f1-cadb-46e9-8ac9-e149ce7b075f.xml.macaon	289	14	Flins-sur-Seine	Flins-sur-Seine	np	np	_	13	obj	_	_	I:Locating:FE:Location:G:287
2d4d96f1-cadb-46e9-8ac9-e149ce7b075f.xml.macaon	290	15	(	(	ponctw	ponctw	_	14	ponct	_	_
2d4d96f1-cadb-46e9-8ac9-e149ce7b075f.xml.macaon	291	16	Yvelines	Yvelines	np	np	_	13	obj	_	_
2d4d96f1-cadb-46e9-8ac9-e149ce7b075f.xml.macaon	292	17	)	)	ponctw	ponctw	_	16	ponct	_	_
2d4d96f1-cadb-46e9-8ac9-e149ce7b075f.xml.macaon	293	18	.	.	poncts	poncts	_	6	ponct	_	_

2d4d96f1-cadb-46e9-8ac9-e149ce7b075f.xml.macaon	294	1	Musée	musée	vppart	vppart	_	_	_	_	_
2d4d96f1-cadb-46e9-8ac9-e149ce7b075f.xml.macaon	295	2	de	de	prep	prep	_	1	de_obj	_	_
2d4d96f1-cadb-46e9-8ac9-e149ce7b075f.xml.macaon	296	3	Préhistoire	Préhistoire	np	np	_	2	obj	_	_
2d4d96f1-cadb-46e9-8ac9-e149ce7b075f.xml.macaon	297	4	d'	de	prep	prep	_	3	dep	_	_
2d4d96f1-cadb-46e9-8ac9-e149ce7b075f.xml.macaon	298	5	Île	île	nc	nc	_	4	obj	_	_
2d4d96f1-cadb-46e9-8ac9-e149ce7b075f.xml.macaon	299	6	-	-	ponctw	ponctw	_	5	ponct	_	_
2d4d96f1-cadb-46e9-8ac9-e149ce7b075f.xml.macaon	300	7	de	de	prep	prep	_	5	dep	_	_
2d4d96f1-cadb-46e9-8ac9-e149ce7b075f.xml.macaon	301	8	-	-	ponctw	ponctw	_	7	ponct	_	_
2d4d96f1-cadb-46e9-8ac9-e149ce7b075f.xml.macaon	302	9	France	France	np	np	_	7	obj	_	_
2d4d96f1-cadb-46e9-8ac9-e149ce7b075f.xml.macaon	303	10	,	,	ponctw	ponctw	_	9	ponct	_	_
2d4d96f1-cadb-46e9-8ac9-e149ce7b075f.xml.macaon	304	11	Nemours	Nemours	np	np	_	9	mod	_	_
2d4d96f1-cadb-46e9-8ac9-e149ce7b075f.xml.macaon	305	12	.	.	poncts	poncts	_	1	ponct	_	_

2d4d96f1-cadb-46e9-8ac9-e149ce7b075f.xml.macaon	306	1	Le	le	det	det	_	2	det	_	_
2d4d96f1-cadb-46e9-8ac9-e149ce7b075f.xml.macaon	307	2	Paléolithique	Paléolithique	np	np	_	3	__JOKER__	_	_
2d4d96f1-cadb-46e9-8ac9-e149ce7b075f.xml.macaon	308	3	est	être	v	v	_	_	_	_	_
2d4d96f1-cadb-46e9-8ac9-e149ce7b075f.xml.macaon	309	4	l'	le	det	det	_	5	det	_	_
2d4d96f1-cadb-46e9-8ac9-e149ce7b075f.xml.macaon	310	5	époque	époque	nc	nc	_	3	ats	_	_
2d4d96f1-cadb-46e9-8ac9-e149ce7b075f.xml.macaon	311	6	où	où	prorel	prorel	_	9	__JOKER__	_	_
2d4d96f1-cadb-46e9-8ac9-e149ce7b075f.xml.macaon	312	7	les	le	det	det	_	8	det	_	_
2d4d96f1-cadb-46e9-8ac9-e149ce7b075f.xml.macaon	313	8	humains	humains	nc	nc	_	9	suj	_	_
2d4d96f1-cadb-46e9-8ac9-e149ce7b075f.xml.macaon	314	9	sont	être	v	v	_	5	mod_rel	_	_
2d4d96f1-cadb-46e9-8ac9-e149ce7b075f.xml.macaon	315	10	des	un	det	det	_	11	det	_	_
2d4d96f1-cadb-46e9-8ac9-e149ce7b075f.xml.macaon	316	11	chasseurs	chasseur	nc	nc	_	9	ats	_	_
2d4d96f1-cadb-46e9-8ac9-e149ce7b075f.xml.macaon	317	12	-	-	ponctw	ponctw	_	11	ponct	_	_
2d4d96f1-cadb-46e9-8ac9-e149ce7b075f.xml.macaon	318	13	cueilleurs	cueilleurs	nc	nc	_	11	mod	_	_
2d4d96f1-cadb-46e9-8ac9-e149ce7b075f.xml.macaon	319	14	.	.	poncts	poncts	_	5	ponct	_	_

2d4d96f1-cadb-46e9-8ac9-e149ce7b075f.xml.macaon	320	1	Ils	ils	cln	cln	_	2	suj	_	_
2d4d96f1-cadb-46e9-8ac9-e149ce7b075f.xml.macaon	321	2	tirent	tirer	v	v	_	_	_	_	_	B:OTHER:G
2d4d96f1-cadb-46e9-8ac9-e149ce7b075f.xml.macaon	322	3	parti	partir	vppart	vppart	_	2	__JOKER__	_	_
2d4d96f1-cadb-46e9-8ac9-e149ce7b075f.xml.macaon	323	4	des	des	prep	prep	_	3	mod	_	_
2d4d96f1-cadb-46e9-8ac9-e149ce7b075f.xml.macaon	324	5	ressources	ressource	nc	nc	_	4	obj	_	_
2d4d96f1-cadb-46e9-8ac9-e149ce7b075f.xml.macaon	325	6	disponibles	disponible	adj	adj	_	5	mod	_	_
2d4d96f1-cadb-46e9-8ac9-e149ce7b075f.xml.macaon	326	7	dans	dans	prep	prep	_	3	mod	_	_
2d4d96f1-cadb-46e9-8ac9-e149ce7b075f.xml.macaon	327	8	la	le	det	det	_	9	det	_	_
2d4d96f1-cadb-46e9-8ac9-e149ce7b075f.xml.macaon	328	9	nature	nature	nc	nc	_	7	obj	_	_
2d4d96f1-cadb-46e9-8ac9-e149ce7b075f.xml.macaon	329	10	.	.	poncts	poncts	_	2	ponct	_	_

2d4d96f1-cadb-46e9-8ac9-e149ce7b075f.xml.macaon	330	1	Outre	outre	prep	prep	_	_	_	_	_
2d4d96f1-cadb-46e9-8ac9-e149ce7b075f.xml.macaon	331	2	la	le	det	det	_	3	det	_	_
2d4d96f1-cadb-46e9-8ac9-e149ce7b075f.xml.macaon	332	3	chasse	chasse	nc	nc	_	1	obj	_	_	B:Hunting:TARGET:chasse:G:332
2d4d96f1-cadb-46e9-8ac9-e149ce7b075f.xml.macaon	333	4	et	et	coo	coo	_	3	coord	_	_
2d4d96f1-cadb-46e9-8ac9-e149ce7b075f.xml.macaon	334	5	la	le	det	det	_	6	det	_	_
2d4d96f1-cadb-46e9-8ac9-e149ce7b075f.xml.macaon	335	6	pêche	pêche	nc	nc	_	4	dep_coord	_	_	B:Hunting:TARGET:pêche:G:335
2d4d96f1-cadb-46e9-8ac9-e149ce7b075f.xml.macaon	336	7	,	,	ponctw	ponctw	_	12	ponct	_	_
2d4d96f1-cadb-46e9-8ac9-e149ce7b075f.xml.macaon	337	8	la	le	det	det	_	9	det	_	_
2d4d96f1-cadb-46e9-8ac9-e149ce7b075f.xml.macaon	338	9	cueillette	cueillette	nc	nc	_	10	suj	_	_
2d4d96f1-cadb-46e9-8ac9-e149ce7b075f.xml.macaon	339	10	a	avoir	v	v	_	12	aux_tps	_	_
2d4d96f1-cadb-46e9-8ac9-e149ce7b075f.xml.macaon	340	11	également	également	adv	adv	_	12	mod	_	_
2d4d96f1-cadb-46e9-8ac9-e149ce7b075f.xml.macaon	341	12	dû	devoir	vppart	vppart	_	6	mod	_	_
2d4d96f1-cadb-46e9-8ac9-e149ce7b075f.xml.macaon	342	13	jouer	jouer	vinf	vinf	_	12	obj	_	_
2d4d96f1-cadb-46e9-8ac9-e149ce7b075f.xml.macaon	343	14	un	un	det	det	_	15	det	_	_
2d4d96f1-cadb-46e9-8ac9-e149ce7b075f.xml.macaon	344	15	rôle	rôle	nc	nc	_	13	obj	_	_
2d4d96f1-cadb-46e9-8ac9-e149ce7b075f.xml.macaon	345	16	important	important	adj	adj	_	15	mod	_	_
2d4d96f1-cadb-46e9-8ac9-e149ce7b075f.xml.macaon	346	17	,	,	ponctw	ponctw	_	15	ponct	_	_
2d4d96f1-cadb-46e9-8ac9-e149ce7b075f.xml.macaon	347	18	même	même	adv	adv	_	15	mod	_	_
2d4d96f1-cadb-46e9-8ac9-e149ce7b075f.xml.macaon	348	19	s'	s'	csu	csu	_	18	dep	_	_
2d4d96f1-cadb-46e9-8ac9-e149ce7b075f.xml.macaon	349	20	il	il	cln	cln	_	21	suj	_	_
2d4d96f1-cadb-46e9-8ac9-e149ce7b075f.xml.macaon	350	21	est	être	v	v	_	19	obj	_	_
2d4d96f1-cadb-46e9-8ac9-e149ce7b075f.xml.macaon	351	22	difficile	difficile	adj	adj	_	21	ats	_	_
2d4d96f1-cadb-46e9-8ac9-e149ce7b075f.xml.macaon	352	23	de	de	prep	prep	_	22	dep	_	_
2d4d96f1-cadb-46e9-8ac9-e149ce7b075f.xml.macaon	353	24	le	le	clo	clo	_	25	__JOKER__	_	_
2d4d96f1-cadb-46e9-8ac9-e149ce7b075f.xml.macaon	354	25	prouver	prouver	vinf	vinf	_	23	obj	_	_
2d4d96f1-cadb-46e9-8ac9-e149ce7b075f.xml.macaon	355	26	à	à	prep	prep	_	25	a_obj	_	_
2d4d96f1-cadb-46e9-8ac9-e149ce7b075f.xml.macaon	356	27	partir	partir	vinf	vinf	_	26	obj	_	_
2d4d96f1-cadb-46e9-8ac9-e149ce7b075f.xml.macaon	357	28	des	un	det	det	_	29	det	_	_
2d4d96f1-cadb-46e9-8ac9-e149ce7b075f.xml.macaon	358	29	vestiges	vestige	nc	nc	_	27	obj	_	_
2d4d96f1-cadb-46e9-8ac9-e149ce7b075f.xml.macaon	359	30	archéologiques	archéologique	adj	adj	_	29	mod	_	_
2d4d96f1-cadb-46e9-8ac9-e149ce7b075f.xml.macaon	360	31	.	.	poncts	poncts	_	21	ponct	_	_

2d4d96f1-cadb-46e9-8ac9-e149ce7b075f.xml.macaon	361	1	En#effet	en#effet	adv	adv	_	7	mod	_	_
2d4d96f1-cadb-46e9-8ac9-e149ce7b075f.xml.macaon	362	2	les	le	det	det	_	3	det	_	_	B:Education_teaching:FE:Subject:G:364
2d4d96f1-cadb-46e9-8ac9-e149ce7b075f.xml.macaon	363	3	restes	reste	nc	nc	_	7	suj	_	_	I:Education_teaching:FE:Subject:G:364
2d4d96f1-cadb-46e9-8ac9-e149ce7b075f.xml.macaon	364	4	étudiés	étudier	vppart	vppart	_	3	mod	_	_	B:Education_teaching:TARGET:étudier:G:364
2d4d96f1-cadb-46e9-8ac9-e149ce7b075f.xml.macaon	365	5	en	en	prep	prep	_	4	mod	_	_	B:Education_teaching:FE:Course:G:364
2d4d96f1-cadb-46e9-8ac9-e149ce7b075f.xml.macaon	366	6	archéologie	archéologie	nc	nc	_	5	obj	_	_	I:Education_teaching:FE:Course:G:364
2d4d96f1-cadb-46e9-8ac9-e149ce7b075f.xml.macaon	367	7	sont	être	v	v	_	_	_	_	_
2d4d96f1-cadb-46e9-8ac9-e149ce7b075f.xml.macaon	368	8	solides	solide	adj	adj	_	7	ats	_	_
2d4d96f1-cadb-46e9-8ac9-e149ce7b075f.xml.macaon	369	9	pour	pour	prep	prep	_	7	mod	_	_
2d4d96f1-cadb-46e9-8ac9-e149ce7b075f.xml.macaon	370	10	avoir	avoir	vinf	vinf	_	9	obj	_	_
2d4d96f1-cadb-46e9-8ac9-e149ce7b075f.xml.macaon	371	11	traversé	traverser	vppart	vppart	_	9	obj	_	_
2d4d96f1-cadb-46e9-8ac9-e149ce7b075f.xml.macaon	372	12	un	un	det	det	_	13	det	_	_
2d4d96f1-cadb-46e9-8ac9-e149ce7b075f.xml.macaon	373	13	million	million	nc	nc	_	9	obj	_	_
2d4d96f1-cadb-46e9-8ac9-e149ce7b075f.xml.macaon	374	14	d'	de	prep	prep	_	13	dep	_	_
2d4d96f1-cadb-46e9-8ac9-e149ce7b075f.xml.macaon	375	15	années	année	nc	nc	_	14	obj	_	_
2d4d96f1-cadb-46e9-8ac9-e149ce7b075f.xml.macaon	376	16	!	!	poncts	poncts	_	7	ponct	_	_

2d4d96f1-cadb-46e9-8ac9-e149ce7b075f.xml.macaon	377	1	Ce	ce	det	det	_	2	det	_	_
2d4d96f1-cadb-46e9-8ac9-e149ce7b075f.xml.macaon	378	2	n'	n'	nc	nc	_	3	suj	_	_
2d4d96f1-cadb-46e9-8ac9-e149ce7b075f.xml.macaon	379	3	est	être	v	v	_	_	_	_	_
2d4d96f1-cadb-46e9-8ac9-e149ce7b075f.xml.macaon	380	4	pas	pas	advneg	advneg	_	3	mod	_	_
2d4d96f1-cadb-46e9-8ac9-e149ce7b075f.xml.macaon	381	5	le	le	det	det	_	6	det	_	_
2d4d96f1-cadb-46e9-8ac9-e149ce7b075f.xml.macaon	382	6	cas	cas	nc	nc	_	3	ats	_	_
2d4d96f1-cadb-46e9-8ac9-e149ce7b075f.xml.macaon	383	7	des	des	prep	prep	_	6	dep	_	_
2d4d96f1-cadb-46e9-8ac9-e149ce7b075f.xml.macaon	384	8	graines	graine	nc	nc	_	7	obj	_	_
2d4d96f1-cadb-46e9-8ac9-e149ce7b075f.xml.macaon	385	9	de	de	prep	prep	_	8	dep	_	_
2d4d96f1-cadb-46e9-8ac9-e149ce7b075f.xml.macaon	386	10	céréales	céréale	nc	nc	_	9	obj	_	_
2d4d96f1-cadb-46e9-8ac9-e149ce7b075f.xml.macaon	387	11	(	(	ponctw	ponctw	_	10	ponct	_	_
2d4d96f1-cadb-46e9-8ac9-e149ce7b075f.xml.macaon	388	12	orge	orge	nc	nc	_	10	mod	_	_
2d4d96f1-cadb-46e9-8ac9-e149ce7b075f.xml.macaon	389	13	,	,	ponctw	ponctw	_	12	ponct	_	_
2d4d96f1-cadb-46e9-8ac9-e149ce7b075f.xml.macaon	390	14	blé	blé	nc	nc	_	12	mod	_	_
2d4d96f1-cadb-46e9-8ac9-e149ce7b075f.xml.macaon	391	15	...	...	ponctw	ponctw	_	8	ponct	_	_
2d4d96f1-cadb-46e9-8ac9-e149ce7b075f.xml.macaon	392	16	)	)	ponctw	ponctw	_	8	ponct	_	_
2d4d96f1-cadb-46e9-8ac9-e149ce7b075f.xml.macaon	393	17	ou	ou	coo	coo	_	7	coord	_	_
2d4d96f1-cadb-46e9-8ac9-e149ce7b075f.xml.macaon	394	18	de	de	prep	prep	_	17	dep_coord	_	_
2d4d96f1-cadb-46e9-8ac9-e149ce7b075f.xml.macaon	395	19	noyaux	noyau	nc	nc	_	18	obj	_	_
2d4d96f1-cadb-46e9-8ac9-e149ce7b075f.xml.macaon	396	20	de	de	prep	prep	_	19	dep	_	_
2d4d96f1-cadb-46e9-8ac9-e149ce7b075f.xml.macaon	397	21	fruits	fruit	nc	nc	_	20	obj	_	_
2d4d96f1-cadb-46e9-8ac9-e149ce7b075f.xml.macaon	398	22	!	!	poncts	poncts	_	3	ponct	_	_

2d4d96f1-cadb-46e9-8ac9-e149ce7b075f.xml.macaon	399	1	Outils	outil	nc	nc	_	_	_	_	_
2d4d96f1-cadb-46e9-8ac9-e149ce7b075f.xml.macaon	400	2	,	,	ponctw	ponctw	_	1	ponct	_	_
2d4d96f1-cadb-46e9-8ac9-e149ce7b075f.xml.macaon	401	3	objets	objet	nc	nc	_	1	mod	_	_
2d4d96f1-cadb-46e9-8ac9-e149ce7b075f.xml.macaon	402	4	du	du	prep	prep	_	3	dep	_	_
2d4d96f1-cadb-46e9-8ac9-e149ce7b075f.xml.macaon	403	5	Paléolithique	Paléolithique	np	np	_	4	obj	_	_

2d4d96f1-cadb-46e9-8ac9-e149ce7b075f.xml.macaon	404	1	Les	les	det	det	_	2	det	_	_
2d4d96f1-cadb-46e9-8ac9-e149ce7b075f.xml.macaon	405	2	outils	outil	nc	nc	_	9	suj	_	_
2d4d96f1-cadb-46e9-8ac9-e149ce7b075f.xml.macaon	406	3	de	de	prep	prep	_	2	dep	_	_
2d4d96f1-cadb-46e9-8ac9-e149ce7b075f.xml.macaon	407	4	cette	ce	det	det	_	5	det	_	_
2d4d96f1-cadb-46e9-8ac9-e149ce7b075f.xml.macaon	408	5	époque	époque	nc	nc	_	3	obj	_	_
2d4d96f1-cadb-46e9-8ac9-e149ce7b075f.xml.macaon	409	6	parvenus	parvenir	vppart	vppart	_	5	mod	_	_
2d4d96f1-cadb-46e9-8ac9-e149ce7b075f.xml.macaon	410	7	jusqu'à	jusqu'à	prep	prep	_	6	mod	_	_
2d4d96f1-cadb-46e9-8ac9-e149ce7b075f.xml.macaon	411	8	nous	nous	clo	clo	_	9	__JOKER__	_	_
2d4d96f1-cadb-46e9-8ac9-e149ce7b075f.xml.macaon	412	9	sont	être	v	v	_	_	_	_	_
2d4d96f1-cadb-46e9-8ac9-e149ce7b075f.xml.macaon	413	10	en	en	prep	prep	_	9	mod	_	_
2d4d96f1-cadb-46e9-8ac9-e149ce7b075f.xml.macaon	414	11	très	très	adv	adv	_	12	mod	_	_
2d4d96f1-cadb-46e9-8ac9-e149ce7b075f.xml.macaon	415	12	grande	grand	adj	adj	_	13	mod	_	_
2d4d96f1-cadb-46e9-8ac9-e149ce7b075f.xml.macaon	416	13	majorité	majorité	nc	nc	_	10	obj	_	_
2d4d96f1-cadb-46e9-8ac9-e149ce7b075f.xml.macaon	417	14	des	des	prep	prep	_	13	dep	_	_
2d4d96f1-cadb-46e9-8ac9-e149ce7b075f.xml.macaon	418	15	outils	outil	nc	nc	_	14	obj	_	_
2d4d96f1-cadb-46e9-8ac9-e149ce7b075f.xml.macaon	419	16	de	de	prep	prep	_	15	dep	_	_
2d4d96f1-cadb-46e9-8ac9-e149ce7b075f.xml.macaon	420	17	pierre	pierre	nc	nc	_	16	obj	_	_
2d4d96f1-cadb-46e9-8ac9-e149ce7b075f.xml.macaon	421	18	taillée	tailler	adj	adj	_	17	mod	_	_
2d4d96f1-cadb-46e9-8ac9-e149ce7b075f.xml.macaon	422	19	,	,	ponctw	ponctw	_	13	ponct	_	_
2d4d96f1-cadb-46e9-8ac9-e149ce7b075f.xml.macaon	423	20	mais	mais	coo	coo	_	13	coord	_	_
2d4d96f1-cadb-46e9-8ac9-e149ce7b075f.xml.macaon	424	21	des	un	det	det	_	22	det	_	_	B:Awareness:FE:Content:G:430
2d4d96f1-cadb-46e9-8ac9-e149ce7b075f.xml.macaon	425	22	outils	outil	nc	nc	_	20	dep_coord	_	_	I:Awareness:FE:Content:G:430
2d4d96f1-cadb-46e9-8ac9-e149ce7b075f.xml.macaon	426	23	en	en	prep	prep	_	27	mod	_	_	I:Awareness:FE:Content:G:430
2d4d96f1-cadb-46e9-8ac9-e149ce7b075f.xml.macaon	427	24	os	os	nc	nc	_	23	obj	_	_	I:Awareness:FE:Content:G:430
2d4d96f1-cadb-46e9-8ac9-e149ce7b075f.xml.macaon	428	25	sont	être	v	v	_	27	aux_tps	_	_
2d4d96f1-cadb-46e9-8ac9-e149ce7b075f.xml.macaon	429	26	également	également	adv	adv	_	27	mod	_	_
2d4d96f1-cadb-46e9-8ac9-e149ce7b075f.xml.macaon	430	27	connus	connaître	vppart	vppart	_	22	mod	_	_	B:Awareness:TARGET:connaître:G:430
2d4d96f1-cadb-46e9-8ac9-e149ce7b075f.xml.macaon	431	28	,	,	ponctw	ponctw	_	27	ponct	_	_
2d4d96f1-cadb-46e9-8ac9-e149ce7b075f.xml.macaon	432	29	surtout	surtout	adv	adv	_	27	mod	_	_
2d4d96f1-cadb-46e9-8ac9-e149ce7b075f.xml.macaon	433	30	au	au	prep	prep	_	27	mod	_	_	B:Awareness:FE:Time:G:430
2d4d96f1-cadb-46e9-8ac9-e149ce7b075f.xml.macaon	434	31	Paléolithique	Paléolithique	np	np	_	30	obj	_	_	I:Awareness:FE:Time:G:430
2d4d96f1-cadb-46e9-8ac9-e149ce7b075f.xml.macaon	435	32	supérieur	supérieur	adj	adj	_	31	mod	_	_	I:Awareness:FE:Time:G:430
2d4d96f1-cadb-46e9-8ac9-e149ce7b075f.xml.macaon	436	33	.	.	poncts	poncts	_	9	ponct	_	_

2d4d96f1-cadb-46e9-8ac9-e149ce7b075f.xml.macaon	437	1	Les	les	det	det	_	2	det	_	_	B:Using:FE:Instrument:G:449	B:Creating:FE:Instrument:G:454
2d4d96f1-cadb-46e9-8ac9-e149ce7b075f.xml.macaon	438	2	outils	outil	nc	nc	_	8	suj	_	_	I:Using:FE:Instrument:G:449	I:Creating:FE:Instrument:G:454
2d4d96f1-cadb-46e9-8ac9-e149ce7b075f.xml.macaon	439	3	en	en	prep	prep	_	8	mod	_	_	I:Using:FE:Instrument:G:449	I:Creating:FE:Instrument:G:454
2d4d96f1-cadb-46e9-8ac9-e149ce7b075f.xml.macaon	440	4	bois	bois	nc	nc	_	3	obj	_	_	I:Using:FE:Instrument:G:449	I:Creating:FE:Instrument:G:454
2d4d96f1-cadb-46e9-8ac9-e149ce7b075f.xml.macaon	441	5	ont	avoir	v	v	_	8	aux_tps	_	_
2d4d96f1-cadb-46e9-8ac9-e149ce7b075f.xml.macaon	442	6	été	être	vppart	vppart	_	8	aux_pass	_	_
2d4d96f1-cadb-46e9-8ac9-e149ce7b075f.xml.macaon	443	7	rarement	rarement	adv	adv	_	8	mod	_	_
2d4d96f1-cadb-46e9-8ac9-e149ce7b075f.xml.macaon	444	8	retrouvés	retrouver	vppart	vppart	_	_	_	_	_	B:Locating:TARGET:retrouver:G:444
2d4d96f1-cadb-46e9-8ac9-e149ce7b075f.xml.macaon	445	9	,	,	ponctw	ponctw	_	8	ponct	_	_
2d4d96f1-cadb-46e9-8ac9-e149ce7b075f.xml.macaon	446	10	mais	mais	coo	coo	_	8	__JOKER__	_	_
2d4d96f1-cadb-46e9-8ac9-e149ce7b075f.xml.macaon	447	11	devaient	devoir	v	v	_	10	dep_coord	_	_
2d4d96f1-cadb-46e9-8ac9-e149ce7b075f.xml.macaon	448	12	être	être	vinf	vinf	_	13	aux_pass	_	_
2d4d96f1-cadb-46e9-8ac9-e149ce7b075f.xml.macaon	449	13	utilisés	utiliser	vppart	vppart	_	10	dep_coord	_	_	B:Using:TARGET:utiliser:G:449
2d4d96f1-cadb-46e9-8ac9-e149ce7b075f.xml.macaon	450	14	fréquemment	fréquemment	adv	adv	_	13	mod	_	_
2d4d96f1-cadb-46e9-8ac9-e149ce7b075f.xml.macaon	451	15	,	,	ponctw	ponctw	_	13	ponct	_	_
2d4d96f1-cadb-46e9-8ac9-e149ce7b075f.xml.macaon	452	16	par#exemple	par#exemple	adv	adv	_	13	mod	_	_
2d4d96f1-cadb-46e9-8ac9-e149ce7b075f.xml.macaon	453	17	pour	pour	prep	prep	_	13	mod	_	_
2d4d96f1-cadb-46e9-8ac9-e149ce7b075f.xml.macaon	454	18	réaliser	réaliser	vinf	vinf	_	17	obj	_	_	B:Creating:TARGET:réaliser:G:454
2d4d96f1-cadb-46e9-8ac9-e149ce7b075f.xml.macaon	455	19	des	un	det	det	_	20	det	_	_	B:Creating:FE:Created_entity:G:454
2d4d96f1-cadb-46e9-8ac9-e149ce7b075f.xml.macaon	456	20	pieux	pieu	nc	nc	_	18	obj	_	_	I:Creating:FE:Created_entity:G:454
2d4d96f1-cadb-46e9-8ac9-e149ce7b075f.xml.macaon	457	21	ou	ou	coo	coo	_	20	coord	_	_	I:Creating:FE:Created_entity:G:454
2d4d96f1-cadb-46e9-8ac9-e149ce7b075f.xml.macaon	458	22	pour	pour	prep	prep	_	18	mod	_	_	I:Creating:FE:Created_entity:G:454
2d4d96f1-cadb-46e9-8ac9-e149ce7b075f.xml.macaon	459	23	des	un	det	det	_	24	det	_	_	I:Creating:FE:Created_entity:G:454
2d4d96f1-cadb-46e9-8ac9-e149ce7b075f.xml.macaon	460	24	manches	manche	nc	nc	_	22	obj	_	_	I:Creating:FE:Created_entity:G:454
2d4d96f1-cadb-46e9-8ac9-e149ce7b075f.xml.macaon	461	25	d'	de	prep	prep	_	24	dep	_	_	I:Creating:FE:Created_entity:G:454
2d4d96f1-cadb-46e9-8ac9-e149ce7b075f.xml.macaon	462	26	outils	outil	nc	nc	_	25	obj	_	_	I:Creating:FE:Created_entity:G:454
2d4d96f1-cadb-46e9-8ac9-e149ce7b075f.xml.macaon	463	27	.	.	poncts	poncts	_	13	ponct	_	_

2d4d96f1-cadb-46e9-8ac9-e149ce7b075f.xml.macaon	464	1	L'	L'	det	det	_	2	det	_	_
2d4d96f1-cadb-46e9-8ac9-e149ce7b075f.xml.macaon	465	2	usage	usage	nc	nc	_	_	_	_	_	B:Using:TARGET:usage:G:465
2d4d96f1-cadb-46e9-8ac9-e149ce7b075f.xml.macaon	466	3	de	de	prep	prep	_	2	dep	_	_	B:Using:FE:Instrument:G:465
2d4d96f1-cadb-46e9-8ac9-e149ce7b075f.xml.macaon	467	4	la	le	det	det	_	5	det	_	_	I:Using:FE:Instrument:G:465
2d4d96f1-cadb-46e9-8ac9-e149ce7b075f.xml.macaon	468	5	pierre	pierre	nc	nc	_	3	obj	_	_	I:Using:FE:Instrument:G:465
2d4d96f1-cadb-46e9-8ac9-e149ce7b075f.xml.macaon	469	6	polie	poli	adj	adj	_	5	mod	_	_	I:Using:FE:Instrument:G:465
2d4d96f1-cadb-46e9-8ac9-e149ce7b075f.xml.macaon	470	7	et	et	coo	coo	_	5	coord	_	_
2d4d96f1-cadb-46e9-8ac9-e149ce7b075f.xml.macaon	471	8	le	le	det	det	_	9	det	_	_
2d4d96f1-cadb-46e9-8ac9-e149ce7b075f.xml.macaon	472	9	travail	travail	nc	nc	_	7	dep_coord	_	_
2d4d96f1-cadb-46e9-8ac9-e149ce7b075f.xml.macaon	473	10	des	des	prep	prep	_	9	dep	_	_
2d4d96f1-cadb-46e9-8ac9-e149ce7b075f.xml.macaon	474	11	métaux	métal	nc	nc	_	10	obj	_	_
2d4d96f1-cadb-46e9-8ac9-e149ce7b075f.xml.macaon	475	12	sont	être	v	v	_	13	aux_tps	_	_
2d4d96f1-cadb-46e9-8ac9-e149ce7b075f.xml.macaon	476	13	inconnus	inconnus	vppart	vppart	_	9	mod	_	_
2d4d96f1-cadb-46e9-8ac9-e149ce7b075f.xml.macaon	477	14	au	au	prep	prep	_	13	mod	_	_	B:Using:FE:Time:G:465
2d4d96f1-cadb-46e9-8ac9-e149ce7b075f.xml.macaon	478	15	Paléolithique	Paléolithique	np	np	_	14	obj	_	_	I:Using:FE:Time:G:465
2d4d96f1-cadb-46e9-8ac9-e149ce7b075f.xml.macaon	479	16	.	.	poncts	poncts	_	2	ponct	_	_

2d4d96f1-cadb-46e9-8ac9-e149ce7b075f.xml.macaon	480	1	Si	si	csu	csu	_	_	_	_	_
2d4d96f1-cadb-46e9-8ac9-e149ce7b075f.xml.macaon	481	2	la	le	det	det	_	3	det	_	_	B:Creating:FE:Instrument:G:486
2d4d96f1-cadb-46e9-8ac9-e149ce7b075f.xml.macaon	482	3	céramique	céramique	nc	nc	_	4	suj	_	_	I:Creating:FE:Instrument:G:486
2d4d96f1-cadb-46e9-8ac9-e149ce7b075f.xml.macaon	483	4	est	être	v	v	_	1	obj	_	_
2d4d96f1-cadb-46e9-8ac9-e149ce7b075f.xml.macaon	484	5	employée	employer	vppart	vppart	_	1	obj	_	_
2d4d96f1-cadb-46e9-8ac9-e149ce7b075f.xml.macaon	485	6	pour	pour	prep	prep	_	5	mod	_	_
2d4d96f1-cadb-46e9-8ac9-e149ce7b075f.xml.macaon	486	7	réaliser	réaliser	vinf	vinf	_	6	obj	_	_	B:Creating:TARGET:réaliser:G:486
2d4d96f1-cadb-46e9-8ac9-e149ce7b075f.xml.macaon	487	8	de	de	prep	prep	_	7	de_obj	_	_	B:Creating:FE:Created_entity:G:486
2d4d96f1-cadb-46e9-8ac9-e149ce7b075f.xml.macaon	488	9	rares	rare	adj	adj	_	10	mod	_	_	I:Creating:FE:Created_entity:G:486
2d4d96f1-cadb-46e9-8ac9-e149ce7b075f.xml.macaon	489	10	statuettes	statuette	nc	nc	_	8	obj	_	_	I:Creating:FE:Created_entity:G:486
2d4d96f1-cadb-46e9-8ac9-e149ce7b075f.xml.macaon	490	11	au	au	prep	prep	_	7	mod	_	_	B:Creating:FE:Time:G:486
2d4d96f1-cadb-46e9-8ac9-e149ce7b075f.xml.macaon	491	12	Paléolithique	Paléolithique	np	np	_	11	obj	_	_	I:Creating:FE:Time:G:486
2d4d96f1-cadb-46e9-8ac9-e149ce7b075f.xml.macaon	492	13	supérieur	supérieur	adj	adj	_	12	mod	_	_	I:Creating:FE:Time:G:486
2d4d96f1-cadb-46e9-8ac9-e149ce7b075f.xml.macaon	493	14	,	,	ponctw	ponctw	_	7	ponct	_	_
2d4d96f1-cadb-46e9-8ac9-e149ce7b075f.xml.macaon	494	15	son	son	det	det	_	16	det	_	_
2d4d96f1-cadb-46e9-8ac9-e149ce7b075f.xml.macaon	495	16	emploi	emploi	nc	nc	_	7	obj	_	_
2d4d96f1-cadb-46e9-8ac9-e149ce7b075f.xml.macaon	496	17	notamment	notamment	adv	adv	_	16	mod	_	_
2d4d96f1-cadb-46e9-8ac9-e149ce7b075f.xml.macaon	497	18	pour	pour	prep	prep	_	7	mod	_	_
2d4d96f1-cadb-46e9-8ac9-e149ce7b075f.xml.macaon	498	19	la	le	det	det	_	20	det	_	_
2d4d96f1-cadb-46e9-8ac9-e149ce7b075f.xml.macaon	499	20	poterie	poterie	nc	nc	_	18	obj	_	_
2d4d96f1-cadb-46e9-8ac9-e149ce7b075f.xml.macaon	500	21	ne	ne	advneg	advneg	_	23	mod	_	_
2d4d96f1-cadb-46e9-8ac9-e149ce7b075f.xml.macaon	501	22	se	se	clr	clr	_	23	aff	_	_
2d4d96f1-cadb-46e9-8ac9-e149ce7b075f.xml.macaon	502	23	généralisera	généraliser	v	v	_	1	obj	_	_
2d4d96f1-cadb-46e9-8ac9-e149ce7b075f.xml.macaon	503	24	qu'	qu'	advneg	advneg	_	23	mod	_	_
2d4d96f1-cadb-46e9-8ac9-e149ce7b075f.xml.macaon	504	25	au	au	prep	prep	_	23	mod	_	_
2d4d96f1-cadb-46e9-8ac9-e149ce7b075f.xml.macaon	505	26	Néolithique	néolithique	nc	nc	_	25	obj	_	_
2d4d96f1-cadb-46e9-8ac9-e149ce7b075f.xml.macaon	506	27	.	.	poncts	poncts	_	1	__JOKER__	_	_

2d4d96f1-cadb-46e9-8ac9-e149ce7b075f.xml.macaon	507	1	Sources	source	nc	nc	_	_	_	_	_
