3087720f-391a-42d8-af49-e0793b83904a.xml.macaon	0	1	vikidia	vikidia	nc	nc	_	_	_	_	_

3087720f-391a-42d8-af49-e0793b83904a.xml.macaon	1	1	3087720f	3087720f	adj	adj	_	3	mod	_	_
3087720f-391a-42d8-af49-e0793b83904a.xml.macaon	2	2	-	-	ponctw	ponctw	_	1	ponct	_	_
3087720f-391a-42d8-af49-e0793b83904a.xml.macaon	3	3	391a	391a	nc	nc	_	_	_	_	_
3087720f-391a-42d8-af49-e0793b83904a.xml.macaon	4	4	-	-	ponctw	ponctw	_	3	ponct	_	_
3087720f-391a-42d8-af49-e0793b83904a.xml.macaon	5	5	42d8	42d8	nc	nc	_	3	mod	_	_
3087720f-391a-42d8-af49-e0793b83904a.xml.macaon	6	6	-	-	ponctw	ponctw	_	5	ponct	_	_
3087720f-391a-42d8-af49-e0793b83904a.xml.macaon	7	7	af49	af49	nc	nc	_	5	mod	_	_
3087720f-391a-42d8-af49-e0793b83904a.xml.macaon	8	8	-	-	ponctw	ponctw	_	9	ponct	_	_
3087720f-391a-42d8-af49-e0793b83904a.xml.macaon	9	9	e0793b83904a	e0793b83904a	v	v	_	_	_	_	_

3087720f-391a-42d8-af49-e0793b83904a.xml.macaon	10	1	ADDED	ADDED	nc	nc	_	_	_	_	_

3087720f-391a-42d8-af49-e0793b83904a.xml.macaon	11	1	2016	2016	adj	adj	_	3	mod	_	_
3087720f-391a-42d8-af49-e0793b83904a.xml.macaon	12	2	-	-	ponctw	ponctw	_	1	ponct	_	_
3087720f-391a-42d8-af49-e0793b83904a.xml.macaon	13	3	06	06	nc	nc	_	_	_	_	_
3087720f-391a-42d8-af49-e0793b83904a.xml.macaon	14	4	-	-	ponctw	ponctw	_	3	ponct	_	_
3087720f-391a-42d8-af49-e0793b83904a.xml.macaon	15	5	15T14	15T14	nc	nc	_	3	mod	_	_
3087720f-391a-42d8-af49-e0793b83904a.xml.macaon	16	6	:	:	ponctw	ponctw	_	5	ponct	_	_
3087720f-391a-42d8-af49-e0793b83904a.xml.macaon	17	7	33	33	nc	nc	_	5	mod	_	_
3087720f-391a-42d8-af49-e0793b83904a.xml.macaon	18	8	:	:	ponctw	ponctw	_	7	ponct	_	_
3087720f-391a-42d8-af49-e0793b83904a.xml.macaon	19	9	06Z	06Z	nc	nc	_	7	mod	_	_

3087720f-391a-42d8-af49-e0793b83904a.xml.macaon	20	1	Alignements	alignement	nc	nc	_	_	_	_	_
3087720f-391a-42d8-af49-e0793b83904a.xml.macaon	21	2	de	de	prep	prep	_	1	dep	_	_
3087720f-391a-42d8-af49-e0793b83904a.xml.macaon	22	3	Carnac	Carnac	np	np	_	2	obj	_	_

3087720f-391a-42d8-af49-e0793b83904a.xml.macaon	23	1	Les	les	det	det	_	2	det	_	_
3087720f-391a-42d8-af49-e0793b83904a.xml.macaon	24	2	Alignements	alignement	nc	nc	_	10	suj	_	_
3087720f-391a-42d8-af49-e0793b83904a.xml.macaon	25	3	de	de	prep	prep	_	2	dep	_	_
3087720f-391a-42d8-af49-e0793b83904a.xml.macaon	26	4	Carnac	Carnac	np	np	_	3	obj	_	_
3087720f-391a-42d8-af49-e0793b83904a.xml.macaon	27	5	(	(	ponctw	ponctw	_	2	ponct	_	_
3087720f-391a-42d8-af49-e0793b83904a.xml.macaon	28	6	dans	dans	prep	prep	_	10	mod	_	_
3087720f-391a-42d8-af49-e0793b83904a.xml.macaon	29	7	le	le	det	det	_	8	det	_	_
3087720f-391a-42d8-af49-e0793b83904a.xml.macaon	30	8	Morbihan	Morbihan	np	np	_	6	obj	_	_
3087720f-391a-42d8-af49-e0793b83904a.xml.macaon	31	9	)	)	ponctw	ponctw	_	8	ponct	_	_
3087720f-391a-42d8-af49-e0793b83904a.xml.macaon	32	10	forment	former	v	v	_	_	_	_	_
3087720f-391a-42d8-af49-e0793b83904a.xml.macaon	33	11	trois	trois	det	det	_	12	det	_	_
3087720f-391a-42d8-af49-e0793b83904a.xml.macaon	34	12	ensembles	ensemble	nc	nc	_	10	obj	_	_
3087720f-391a-42d8-af49-e0793b83904a.xml.macaon	35	13	mégalithiques	mégalithique	adj	adj	_	12	mod	_	_
3087720f-391a-42d8-af49-e0793b83904a.xml.macaon	36	14	impressionnants	impressionnant	adj	adj	_	12	mod	_	_
3087720f-391a-42d8-af49-e0793b83904a.xml.macaon	37	15	.	.	poncts	poncts	_	10	ponct	_	_

3087720f-391a-42d8-af49-e0793b83904a.xml.macaon	38	1	Préhistoire	préhistoire	nc	nc	_	_	_	_	_

3087720f-391a-42d8-af49-e0793b83904a.xml.macaon	39	1	Alignements	alignement	nc	nc	_	_	_	_	_
3087720f-391a-42d8-af49-e0793b83904a.xml.macaon	40	2	de	de	prep	prep	_	1	dep	_	_
3087720f-391a-42d8-af49-e0793b83904a.xml.macaon	41	3	Carnac	Carnac	np	np	_	2	obj	_	_

3087720f-391a-42d8-af49-e0793b83904a.xml.macaon	42	1	Les	les	det	det	_	2	det	_	_
3087720f-391a-42d8-af49-e0793b83904a.xml.macaon	43	2	Alignements	alignement	nc	nc	_	10	suj	_	_
3087720f-391a-42d8-af49-e0793b83904a.xml.macaon	44	3	de	de	prep	prep	_	2	dep	_	_
3087720f-391a-42d8-af49-e0793b83904a.xml.macaon	45	4	Carnac	Carnac	np	np	_	3	obj	_	_
3087720f-391a-42d8-af49-e0793b83904a.xml.macaon	46	5	(	(	ponctw	ponctw	_	2	ponct	_	_
3087720f-391a-42d8-af49-e0793b83904a.xml.macaon	47	6	dans	dans	prep	prep	_	10	mod	_	_
3087720f-391a-42d8-af49-e0793b83904a.xml.macaon	48	7	le	le	det	det	_	8	det	_	_
3087720f-391a-42d8-af49-e0793b83904a.xml.macaon	49	8	Morbihan	Morbihan	np	np	_	6	obj	_	_
3087720f-391a-42d8-af49-e0793b83904a.xml.macaon	50	9	)	)	ponctw	ponctw	_	8	ponct	_	_
3087720f-391a-42d8-af49-e0793b83904a.xml.macaon	51	10	forment	former	v	v	_	_	_	_	_
3087720f-391a-42d8-af49-e0793b83904a.xml.macaon	52	11	trois	trois	det	det	_	12	det	_	_
3087720f-391a-42d8-af49-e0793b83904a.xml.macaon	53	12	ensembles	ensemble	nc	nc	_	10	obj	_	_
3087720f-391a-42d8-af49-e0793b83904a.xml.macaon	54	13	mégalithiques	mégalithique	adj	adj	_	12	mod	_	_
3087720f-391a-42d8-af49-e0793b83904a.xml.macaon	55	14	impressionnants	impressionnant	adj	adj	_	12	mod	_	_
3087720f-391a-42d8-af49-e0793b83904a.xml.macaon	56	15	.	.	poncts	poncts	_	10	ponct	_	_

3087720f-391a-42d8-af49-e0793b83904a.xml.macaon	57	1	Les	les	det	det	_	2	det	_	_
3087720f-391a-42d8-af49-e0793b83904a.xml.macaon	58	2	alignements	alignement	nc	nc	_	_	_	_	_
3087720f-391a-42d8-af49-e0793b83904a.xml.macaon	59	3	du	du	prep	prep	_	2	dep	_	_
3087720f-391a-42d8-af49-e0793b83904a.xml.macaon	60	4	Ménec	Ménec	nc	nc	_	3	obj	_	_

3087720f-391a-42d8-af49-e0793b83904a.xml.macaon	61	1	Il#y#a	Il#y#a	np	np	_	_	_	_	_
3087720f-391a-42d8-af49-e0793b83904a.xml.macaon	62	2	1170	1170	adj	adj	_	3	mod	_	_
3087720f-391a-42d8-af49-e0793b83904a.xml.macaon	63	3	menhirs	menhir	nc	nc	_	1	mod	_	_
3087720f-391a-42d8-af49-e0793b83904a.xml.macaon	64	4	dont	dont	prorel	prorel	_	5	__JOKER__	_	_
3087720f-391a-42d8-af49-e0793b83904a.xml.macaon	65	5	1099	1099	adj	adj	_	3	mod	_	_
3087720f-391a-42d8-af49-e0793b83904a.xml.macaon	66	6	d'entre	d'entre	prep	prep	_	8	mod	_	_
3087720f-391a-42d8-af49-e0793b83904a.xml.macaon	67	7	eux	lui	pro	pro	_	6	obj	_	_
3087720f-391a-42d8-af49-e0793b83904a.xml.macaon	68	8	sont	être	v	v	_	9	aux_tps	_	_
3087720f-391a-42d8-af49-e0793b83904a.xml.macaon	69	9	répartis	répartir	vppart	vppart	_	3	mod_rel	_	_
3087720f-391a-42d8-af49-e0793b83904a.xml.macaon	70	10	en	en	prep	prep	_	9	mod	_	_
3087720f-391a-42d8-af49-e0793b83904a.xml.macaon	71	11	11	11	det	det	_	12	det	_	_
3087720f-391a-42d8-af49-e0793b83904a.xml.macaon	72	12	lignes	ligne	nc	nc	_	10	obj	_	_
3087720f-391a-42d8-af49-e0793b83904a.xml.macaon	73	13	qui	qui	prorel	prorel	_	15	suj	_	_
3087720f-391a-42d8-af49-e0793b83904a.xml.macaon	74	14	s'	s'	clo	clo	_	15	__JOKER__	_	_
3087720f-391a-42d8-af49-e0793b83904a.xml.macaon	75	15	étendent	étendre	v	v	_	12	mod_rel	_	_
3087720f-391a-42d8-af49-e0793b83904a.xml.macaon	76	16	sur	sur	prep	prep	_	15	mod	_	_
3087720f-391a-42d8-af49-e0793b83904a.xml.macaon	77	17	un	un	det	det	_	18	det	_	_
3087720f-391a-42d8-af49-e0793b83904a.xml.macaon	78	18	site	site	nc	nc	_	16	obj	_	_
3087720f-391a-42d8-af49-e0793b83904a.xml.macaon	79	19	de	de	prep	prep	_	18	dep	_	_
3087720f-391a-42d8-af49-e0793b83904a.xml.macaon	80	20	1167	1167	adj	adj	_	21	mod	_	_
3087720f-391a-42d8-af49-e0793b83904a.xml.macaon	81	21	m	m	nc	nc	_	19	obj	_	_
3087720f-391a-42d8-af49-e0793b83904a.xml.macaon	82	22	de	de	prep	prep	_	21	dep	_	_
3087720f-391a-42d8-af49-e0793b83904a.xml.macaon	83	23	long	long	adj	adj	_	26	mod	_	_
3087720f-391a-42d8-af49-e0793b83904a.xml.macaon	84	24	et	et	coo	coo	_	23	coord	_	_
3087720f-391a-42d8-af49-e0793b83904a.xml.macaon	85	25	100	100	det	det	_	26	det	_	_
3087720f-391a-42d8-af49-e0793b83904a.xml.macaon	86	26	m	m	nc	nc	_	22	obj	_	_
3087720f-391a-42d8-af49-e0793b83904a.xml.macaon	87	27	de	de	prep	prep	_	26	dep	_	_
3087720f-391a-42d8-af49-e0793b83904a.xml.macaon	88	28	large	large	nc	nc	_	27	obj	_	_
3087720f-391a-42d8-af49-e0793b83904a.xml.macaon	89	29	.	.	poncts	poncts	_	15	ponct	_	_

3087720f-391a-42d8-af49-e0793b83904a.xml.macaon	90	1	Le	le	det	det	_	2	det	_	_
3087720f-391a-42d8-af49-e0793b83904a.xml.macaon	91	2	menhir	menhir	nc	nc	_	_	_	_	_
3087720f-391a-42d8-af49-e0793b83904a.xml.macaon	92	3	le#plus	le#plus	adv	adv	_	4	mod	_	_
3087720f-391a-42d8-af49-e0793b83904a.xml.macaon	93	4	haut	haut	adj	adj	_	5	mod	_	_
3087720f-391a-42d8-af49-e0793b83904a.xml.macaon	94	5	mesure	mesure	nc	nc	_	2	mod	_	_
3087720f-391a-42d8-af49-e0793b83904a.xml.macaon	95	6	4	4	adj	adj	_	5	mod	_	_
3087720f-391a-42d8-af49-e0793b83904a.xml.macaon	96	7	mètres	mètre	nc	nc	_	5	mod	_	_
3087720f-391a-42d8-af49-e0793b83904a.xml.macaon	97	8	.	.	poncts	poncts	_	7	__JOKER__	_	_

3087720f-391a-42d8-af49-e0793b83904a.xml.macaon	98	1	Près	près	adv	adv	_	8	mod	_	_	B:Activity_start:FE:Place:G:105
3087720f-391a-42d8-af49-e0793b83904a.xml.macaon	99	2	du	du	prep	prep	_	8	mod	_	_	I:Activity_start:FE:Place:G:105
3087720f-391a-42d8-af49-e0793b83904a.xml.macaon	100	3	hameau	hameau	nc	nc	_	2	obj	_	_	I:Activity_start:FE:Place:G:105
3087720f-391a-42d8-af49-e0793b83904a.xml.macaon	101	4	du	du	prep	prep	_	3	dep	_	_	I:Activity_start:FE:Place:G:105
3087720f-391a-42d8-af49-e0793b83904a.xml.macaon	102	5	Ménec	Ménec	np	np	_	4	obj	_	_	I:Activity_start:FE:Place:G:105
3087720f-391a-42d8-af49-e0793b83904a.xml.macaon	103	6	l'	le	det	det	_	7	det	_	_	B:Activity_start:FE:Activity:G:105
3087720f-391a-42d8-af49-e0793b83904a.xml.macaon	104	7	alignement	alignement	nc	nc	_	8	suj	_	_	I:Activity_start:FE:Activity:G:105
3087720f-391a-42d8-af49-e0793b83904a.xml.macaon	105	8	débute	débuter	v	v	_	_	_	_	_	B:Activity_start:TARGET:débuter:G:105
3087720f-391a-42d8-af49-e0793b83904a.xml.macaon	106	9	par	par	prep	prep	_	8	p_obj	_	_
3087720f-391a-42d8-af49-e0793b83904a.xml.macaon	107	10	un	un	det	det	_	11	det	_	_	B:Activity_start:FE:Agent:G:105
3087720f-391a-42d8-af49-e0793b83904a.xml.macaon	108	11	hémicycle	hémicycle	nc	nc	_	9	obj	_	_	I:Activity_start:FE:Agent:G:105
3087720f-391a-42d8-af49-e0793b83904a.xml.macaon	109	12	(	(	ponctw	ponctw	_	11	ponct	_	_
3087720f-391a-42d8-af49-e0793b83904a.xml.macaon	110	13	ou	ou	coo	coo	_	11	coord	_	_
3087720f-391a-42d8-af49-e0793b83904a.xml.macaon	111	14	cromlech	cromlech	nc	nc	_	13	dep_coord	_	_
3087720f-391a-42d8-af49-e0793b83904a.xml.macaon	112	15	)	)	ponctw	ponctw	_	14	ponct	_	_
3087720f-391a-42d8-af49-e0793b83904a.xml.macaon	113	16	de	de	prep	prep	_	14	dep	_	_
3087720f-391a-42d8-af49-e0793b83904a.xml.macaon	114	17	70	70	det	det	_	18	det	_	_
3087720f-391a-42d8-af49-e0793b83904a.xml.macaon	115	18	menhirs	menhir	nc	nc	_	16	obj	_	_
3087720f-391a-42d8-af49-e0793b83904a.xml.macaon	116	19	.	.	poncts	poncts	_	8	ponct	_	_

3087720f-391a-42d8-af49-e0793b83904a.xml.macaon	117	1	Plus	plus	adv	adv	_	4	mod	_	_
3087720f-391a-42d8-af49-e0793b83904a.xml.macaon	118	2	à	à	prep	prep	_	4	mod	_	_
3087720f-391a-42d8-af49-e0793b83904a.xml.macaon	119	3	l'	l'	clo	clo	_	4	__JOKER__	_	_
3087720f-391a-42d8-af49-e0793b83904a.xml.macaon	120	4	est	être	v	v	_	_	_	_	_
3087720f-391a-42d8-af49-e0793b83904a.xml.macaon	121	5	un	un	det	det	_	6	det	_	_
3087720f-391a-42d8-af49-e0793b83904a.xml.macaon	122	6	cercle	cercle	nc	nc	_	4	ats	_	_
3087720f-391a-42d8-af49-e0793b83904a.xml.macaon	123	7	ovoïde	ovoïde	adj	adj	_	6	mod	_	_
3087720f-391a-42d8-af49-e0793b83904a.xml.macaon	124	8	assez	assez	adv	adv	_	9	mod	_	_
3087720f-391a-42d8-af49-e0793b83904a.xml.macaon	125	9	abimé	abimé	vppart	vppart	_	6	mod	_	_
3087720f-391a-42d8-af49-e0793b83904a.xml.macaon	126	10	comprend	comprendre	v	v	_	4	mod	_	_	B:OTHER:G
3087720f-391a-42d8-af49-e0793b83904a.xml.macaon	127	11	70	70	det	det	_	12	det	_	_
3087720f-391a-42d8-af49-e0793b83904a.xml.macaon	128	12	pierres	pierre	nc	nc	_	10	obj	_	_
3087720f-391a-42d8-af49-e0793b83904a.xml.macaon	129	13	.	.	poncts	poncts	_	4	ponct	_	_

3087720f-391a-42d8-af49-e0793b83904a.xml.macaon	130	1	Les	les	det	det	_	2	det	_	_
3087720f-391a-42d8-af49-e0793b83904a.xml.macaon	131	2	alignements	alignement	nc	nc	_	_	_	_	_
3087720f-391a-42d8-af49-e0793b83904a.xml.macaon	132	3	de	de	prep	prep	_	2	dep	_	_
3087720f-391a-42d8-af49-e0793b83904a.xml.macaon	133	4	Kermario	Kermario	np	np	_	3	obj	_	_

3087720f-391a-42d8-af49-e0793b83904a.xml.macaon	134	1	Les	les	det	det	_	2	det	_	_
3087720f-391a-42d8-af49-e0793b83904a.xml.macaon	135	2	alignements	alignement	nc	nc	_	_	_	_	_
3087720f-391a-42d8-af49-e0793b83904a.xml.macaon	136	3	de	de	prep	prep	_	2	dep	_	_
3087720f-391a-42d8-af49-e0793b83904a.xml.macaon	137	4	Kermario	Kermario	np	np	_	3	obj	_	_

3087720f-391a-42d8-af49-e0793b83904a.xml.macaon	138	1	Les	les	det	det	_	2	det	_	_
3087720f-391a-42d8-af49-e0793b83904a.xml.macaon	139	2	dimensions	dimension	nc	nc	_	3	suj	_	_
3087720f-391a-42d8-af49-e0793b83904a.xml.macaon	140	3	sont	être	v	v	_	_	_	_	_
3087720f-391a-42d8-af49-e0793b83904a.xml.macaon	141	4	sensiblement	sensiblement	adv	adv	_	3	mod	_	_
3087720f-391a-42d8-af49-e0793b83904a.xml.macaon	142	5	les	le	det	det	_	6	det	_	_
3087720f-391a-42d8-af49-e0793b83904a.xml.macaon	143	6	mêmes	même	adj	adj	_	3	ats	_	_
3087720f-391a-42d8-af49-e0793b83904a.xml.macaon	144	7	que	que	csu	csu	_	3	mod	_	_
3087720f-391a-42d8-af49-e0793b83904a.xml.macaon	145	8	celles	celui	pro	pro	_	7	__JOKER__	_	_
3087720f-391a-42d8-af49-e0793b83904a.xml.macaon	146	9	de#l'	de#l'	prep	prep	_	7	obj	_	_
3087720f-391a-42d8-af49-e0793b83904a.xml.macaon	147	10	alignement	alignement	nc	nc	_	9	obj	_	_
3087720f-391a-42d8-af49-e0793b83904a.xml.macaon	148	11	du	du	prep	prep	_	10	dep	_	_
3087720f-391a-42d8-af49-e0793b83904a.xml.macaon	149	12	Ménec	Ménec	np	np	_	11	obj	_	_
3087720f-391a-42d8-af49-e0793b83904a.xml.macaon	150	13	.	.	poncts	poncts	_	3	ponct	_	_

3087720f-391a-42d8-af49-e0793b83904a.xml.macaon	151	1	On	on	cln	cln	_	2	suj	_	_
3087720f-391a-42d8-af49-e0793b83904a.xml.macaon	152	2	dénombre	dénombrer	v	v	_	_	_	_	_
3087720f-391a-42d8-af49-e0793b83904a.xml.macaon	153	3	982	982	det	det	_	4	det	_	_
3087720f-391a-42d8-af49-e0793b83904a.xml.macaon	154	4	menhirs	menhir	nc	nc	_	2	obj	_	_
3087720f-391a-42d8-af49-e0793b83904a.xml.macaon	155	5	répartis	répartir	vppart	vppart	_	4	mod	_	_
3087720f-391a-42d8-af49-e0793b83904a.xml.macaon	156	6	sur	sur	prep	prep	_	5	mod	_	_
3087720f-391a-42d8-af49-e0793b83904a.xml.macaon	157	7	10	10	det	det	_	8	det	_	_
3087720f-391a-42d8-af49-e0793b83904a.xml.macaon	158	8	lignes	ligne	nc	nc	_	6	obj	_	_
3087720f-391a-42d8-af49-e0793b83904a.xml.macaon	159	9	.	.	poncts	poncts	_	2	ponct	_	_

3087720f-391a-42d8-af49-e0793b83904a.xml.macaon	160	1	Les	les	det	det	_	2	det	_	_
3087720f-391a-42d8-af49-e0793b83904a.xml.macaon	161	2	alignements	alignement	nc	nc	_	_	_	_	_
3087720f-391a-42d8-af49-e0793b83904a.xml.macaon	162	3	de	de	prep	prep	_	2	dep	_	_
3087720f-391a-42d8-af49-e0793b83904a.xml.macaon	163	4	Kerlescan	Kerlescan	np	np	_	3	obj	_	_

3087720f-391a-42d8-af49-e0793b83904a.xml.macaon	164	1	Le	le	det	det	_	2	det	_	_	B:Dimension:FE:Object:G:166
3087720f-391a-42d8-af49-e0793b83904a.xml.macaon	165	2	site	site	nc	nc	_	3	suj	_	_	I:Dimension:FE:Object:G:166
3087720f-391a-42d8-af49-e0793b83904a.xml.macaon	166	3	mesure	mesurer	v	v	_	_	_	_	_	B:Dimension:TARGET:mesurer:G:166
3087720f-391a-42d8-af49-e0793b83904a.xml.macaon	167	4	880	880	det	det	_	5	det	_	_	B:Dimension:FE:Measurement:G:166
3087720f-391a-42d8-af49-e0793b83904a.xml.macaon	168	5	m	m	nc	nc	_	3	obj	_	_	I:Dimension:FE:Measurement:G:166
3087720f-391a-42d8-af49-e0793b83904a.xml.macaon	169	6	de	de	prep	prep	_	5	dep	_	_	I:Dimension:FE:Measurement:G:166
3087720f-391a-42d8-af49-e0793b83904a.xml.macaon	170	7	long	long	nc	nc	_	6	obj	_	_	I:Dimension:FE:Measurement:G:166
3087720f-391a-42d8-af49-e0793b83904a.xml.macaon	171	8	sur	sur	prep	prep	_	7	dep	_	_	I:Dimension:FE:Measurement:G:166
3087720f-391a-42d8-af49-e0793b83904a.xml.macaon	172	9	139	139	det	det	_	10	det	_	_	I:Dimension:FE:Measurement:G:166
3087720f-391a-42d8-af49-e0793b83904a.xml.macaon	173	10	m	m	nc	nc	_	8	obj	_	_	I:Dimension:FE:Measurement:G:166
3087720f-391a-42d8-af49-e0793b83904a.xml.macaon	174	11	de	de	prep	prep	_	10	dep	_	_	I:Dimension:FE:Measurement:G:166
3087720f-391a-42d8-af49-e0793b83904a.xml.macaon	175	12	large	large	nc	nc	_	11	obj	_	_	I:Dimension:FE:Measurement:G:166
3087720f-391a-42d8-af49-e0793b83904a.xml.macaon	176	13	.	.	poncts	poncts	_	3	ponct	_	_

3087720f-391a-42d8-af49-e0793b83904a.xml.macaon	177	1	540	540	det	det	_	2	det	_	_
3087720f-391a-42d8-af49-e0793b83904a.xml.macaon	178	2	menhirs	menhir	nc	nc	_	5	suj	_	_
3087720f-391a-42d8-af49-e0793b83904a.xml.macaon	179	3	s'	s'	clr	clr	_	5	aff	_	_
3087720f-391a-42d8-af49-e0793b83904a.xml.macaon	180	4	y	y	clo	clo	_	5	__JOKER__	_	_
3087720f-391a-42d8-af49-e0793b83904a.xml.macaon	181	5	dressent	dresser	v	v	_	_	_	_	_
3087720f-391a-42d8-af49-e0793b83904a.xml.macaon	182	6	sur	sur	prep	prep	_	5	mod	_	_
3087720f-391a-42d8-af49-e0793b83904a.xml.macaon	183	7	13	13	det	det	_	8	det	_	_
3087720f-391a-42d8-af49-e0793b83904a.xml.macaon	184	8	lignes	ligne	nc	nc	_	6	obj	_	_
3087720f-391a-42d8-af49-e0793b83904a.xml.macaon	185	9	disposées	disposer	vppart	vppart	_	8	mod	_	_
3087720f-391a-42d8-af49-e0793b83904a.xml.macaon	186	10	en	en	prep	prep	_	9	mod	_	_
3087720f-391a-42d8-af49-e0793b83904a.xml.macaon	187	11	éventail	éventail	nc	nc	_	10	obj	_	_
3087720f-391a-42d8-af49-e0793b83904a.xml.macaon	188	12	.	.	poncts	poncts	_	5	ponct	_	_

3087720f-391a-42d8-af49-e0793b83904a.xml.macaon	189	1	Ils	ils	cln	cln	_	2	suj	_	_
3087720f-391a-42d8-af49-e0793b83904a.xml.macaon	190	2	sont	être	v	v	_	_	_	_	_
3087720f-391a-42d8-af49-e0793b83904a.xml.macaon	191	3	précédés	précéder	vppart	vppart	_	2	__JOKER__	_	_
3087720f-391a-42d8-af49-e0793b83904a.xml.macaon	192	4	d'	de	prep	prep	_	3	de_obj	_	_
3087720f-391a-42d8-af49-e0793b83904a.xml.macaon	193	5	un	un	det	det	_	6	det	_	_
3087720f-391a-42d8-af49-e0793b83904a.xml.macaon	194	6	cromlech	cromlech	nc	nc	_	4	obj	_	_
3087720f-391a-42d8-af49-e0793b83904a.xml.macaon	195	7	de	de	prep	prep	_	6	dep	_	_
3087720f-391a-42d8-af49-e0793b83904a.xml.macaon	196	8	39	39	det	det	_	9	det	_	_
3087720f-391a-42d8-af49-e0793b83904a.xml.macaon	197	9	menhirs	menhir	nc	nc	_	7	obj	_	_
3087720f-391a-42d8-af49-e0793b83904a.xml.macaon	198	10	.	.	poncts	poncts	_	2	ponct	_	_

3087720f-391a-42d8-af49-e0793b83904a.xml.macaon	199	1	Les	les	det	det	_	2	det	_	_
3087720f-391a-42d8-af49-e0793b83904a.xml.macaon	200	2	alignements	alignement	nc	nc	_	4	suj	_	_
3087720f-391a-42d8-af49-e0793b83904a.xml.macaon	201	3	correspondants	correspondant	adj	adj	_	2	mod	_	_
3087720f-391a-42d8-af49-e0793b83904a.xml.macaon	202	4	ont	avoir	v	v	_	_	_	_	_
3087720f-391a-42d8-af49-e0793b83904a.xml.macaon	203	5	une	un	det	det	_	6	det	_	_
3087720f-391a-42d8-af49-e0793b83904a.xml.macaon	204	6	orientation	orientation	nc	nc	_	4	obj	_	_
3087720f-391a-42d8-af49-e0793b83904a.xml.macaon	205	7	qui	qui	prorel	prorel	_	8	suj	_	_
3087720f-391a-42d8-af49-e0793b83904a.xml.macaon	206	8	est	être	v	v	_	6	mod_rel	_	_
3087720f-391a-42d8-af49-e0793b83904a.xml.macaon	207	9	la	le	det	det	_	10	det	_	_
3087720f-391a-42d8-af49-e0793b83904a.xml.macaon	208	10	position	position	nc	nc	_	8	ats	_	_
3087720f-391a-42d8-af49-e0793b83904a.xml.macaon	209	11	du	du	prep	prep	_	10	dep	_	_
3087720f-391a-42d8-af49-e0793b83904a.xml.macaon	210	12	soleil	soleil	nc	nc	_	11	obj	_	_
3087720f-391a-42d8-af49-e0793b83904a.xml.macaon	211	13	aux	aux	prep	prep	_	12	dep	_	_
3087720f-391a-42d8-af49-e0793b83904a.xml.macaon	212	14	solstices	solstice	nc	nc	_	13	obj	_	_
3087720f-391a-42d8-af49-e0793b83904a.xml.macaon	213	15	.	.	poncts	poncts	_	4	ponct	_	_

3087720f-391a-42d8-af49-e0793b83904a.xml.macaon	214	1	Il	il	cln	cln	_	3	suj	_	_
3087720f-391a-42d8-af49-e0793b83904a.xml.macaon	215	2	se	se	clr	clr	_	3	aff	_	_
3087720f-391a-42d8-af49-e0793b83904a.xml.macaon	216	3	peut	pouvoir	v	v	_	_	_	_	_
3087720f-391a-42d8-af49-e0793b83904a.xml.macaon	217	4	qu'	qu'	csu	csu	_	3	obj	_	_
3087720f-391a-42d8-af49-e0793b83904a.xml.macaon	218	5	ils	ils	cln	cln	_	6	suj	_	_
3087720f-391a-42d8-af49-e0793b83904a.xml.macaon	219	6	correspondent	correspondre	v	v	_	4	obj	_	_
3087720f-391a-42d8-af49-e0793b83904a.xml.macaon	220	7	à	à	prep	prep	_	6	a_obj	_	_
3087720f-391a-42d8-af49-e0793b83904a.xml.macaon	221	8	un	un	det	det	_	9	det	_	_
3087720f-391a-42d8-af49-e0793b83904a.xml.macaon	222	9	calendrier	calendrier	nc	nc	_	7	obj	_	_
3087720f-391a-42d8-af49-e0793b83904a.xml.macaon	223	10	agricole	agricole	adj	adj	_	9	mod	_	_
3087720f-391a-42d8-af49-e0793b83904a.xml.macaon	224	11	basé	baser	vppart	vppart	_	9	mod	_	_
3087720f-391a-42d8-af49-e0793b83904a.xml.macaon	225	12	sur	sur	prep	prep	_	11	mod	_	_
3087720f-391a-42d8-af49-e0793b83904a.xml.macaon	226	13	les	le	det	det	_	14	det	_	_
3087720f-391a-42d8-af49-e0793b83904a.xml.macaon	227	14	labours	labour	nc	nc	_	12	obj	_	_
3087720f-391a-42d8-af49-e0793b83904a.xml.macaon	228	15	d'	de	prep	prep	_	14	dep	_	_
3087720f-391a-42d8-af49-e0793b83904a.xml.macaon	229	16	hiver	hiver	nc	nc	_	15	obj	_	_
3087720f-391a-42d8-af49-e0793b83904a.xml.macaon	230	17	et	et	coo	coo	_	9	coord	_	_
3087720f-391a-42d8-af49-e0793b83904a.xml.macaon	231	18	les	le	det	det	_	19	det	_	_
3087720f-391a-42d8-af49-e0793b83904a.xml.macaon	232	19	récoltes	récolte	nc	nc	_	17	dep_coord	_	_
3087720f-391a-42d8-af49-e0793b83904a.xml.macaon	233	20	d'	de	prep	prep	_	19	dep	_	_
3087720f-391a-42d8-af49-e0793b83904a.xml.macaon	234	21	été	été	nc	nc	_	20	obj	_	_
3087720f-391a-42d8-af49-e0793b83904a.xml.macaon	235	22	.	.	poncts	poncts	_	6	ponct	_	_

3087720f-391a-42d8-af49-e0793b83904a.xml.macaon	236	1	À	À	prep	prep	_	4	mod	_	_	B:Locating:FE:Ground:G:239
3087720f-391a-42d8-af49-e0793b83904a.xml.macaon	237	2	proximité	proximité	nc	nc	_	1	obj	_	_	I:Locating:FE:Ground:G:239
3087720f-391a-42d8-af49-e0793b83904a.xml.macaon	238	3	on	on	cln	cln	_	4	suj	_	_	B:Locating:FE:Perceiver:G:239
3087720f-391a-42d8-af49-e0793b83904a.xml.macaon	239	4	trouve	trouver	v	v	_	_	_	_	_	B:Locating:TARGET:trouver:G:239
3087720f-391a-42d8-af49-e0793b83904a.xml.macaon	240	5	également	également	adv	adv	_	4	mod	_	_
3087720f-391a-42d8-af49-e0793b83904a.xml.macaon	241	6	:	:	ponctw	ponctw	_	4	ponct	_	_

3087720f-391a-42d8-af49-e0793b83904a.xml.macaon	242	1	Le	le	det	det	_	2	det	_	_
3087720f-391a-42d8-af49-e0793b83904a.xml.macaon	243	2	tumulus	tumulus	nc	nc	_	_	_	_	_
3087720f-391a-42d8-af49-e0793b83904a.xml.macaon	244	3	Saint-Michel	Saint-Michel	np	np	_	2	mod	_	_

3087720f-391a-42d8-af49-e0793b83904a.xml.macaon	245	1	Le	le	det	det	_	2	det	_	_
3087720f-391a-42d8-af49-e0793b83904a.xml.macaon	246	2	tumulus	tumulus	nc	nc	_	_	_	_	_
3087720f-391a-42d8-af49-e0793b83904a.xml.macaon	247	3	de	de	prep	prep	_	2	dep	_	_
3087720f-391a-42d8-af49-e0793b83904a.xml.macaon	248	4	Kerkado	Kerkado	np	np	_	3	obj	_	_

3087720f-391a-42d8-af49-e0793b83904a.xml.macaon	249	1	Les	les	det	det	_	2	det	_	_
3087720f-391a-42d8-af49-e0793b83904a.xml.macaon	250	2	dolmens	dolmen	nc	nc	_	_	_	_	_
3087720f-391a-42d8-af49-e0793b83904a.xml.macaon	251	3	de	de	prep	prep	_	2	dep	_	_
3087720f-391a-42d8-af49-e0793b83904a.xml.macaon	252	4	Mané	Mané	np	np	_	3	obj	_	_
3087720f-391a-42d8-af49-e0793b83904a.xml.macaon	253	5	-	-	ponctw	ponctw	_	2	ponct	_	_
3087720f-391a-42d8-af49-e0793b83904a.xml.macaon	254	6	Kerioned	Kerioned	np	np	_	2	mod	_	_
