444df30c-3a04-4982-b8d9-2665bcfd0e33.xml.macaon	0	1	vikidia	vikidia	nc	nc	_	_	_	_	_

444df30c-3a04-4982-b8d9-2665bcfd0e33.xml.macaon	1	1	444df30c	444df30c	nc	nc	_	_	_	_	_
444df30c-3a04-4982-b8d9-2665bcfd0e33.xml.macaon	2	2	-	-	ponctw	ponctw	_	1	ponct	_	_
444df30c-3a04-4982-b8d9-2665bcfd0e33.xml.macaon	3	3	3a04	3a04	nc	nc	_	1	mod	_	_
444df30c-3a04-4982-b8d9-2665bcfd0e33.xml.macaon	4	4	-	-	ponctw	ponctw	_	3	ponct	_	_
444df30c-3a04-4982-b8d9-2665bcfd0e33.xml.macaon	5	5	4982	4982	nc	nc	_	3	mod	_	_
444df30c-3a04-4982-b8d9-2665bcfd0e33.xml.macaon	6	6	-	-	ponctw	ponctw	_	5	ponct	_	_
444df30c-3a04-4982-b8d9-2665bcfd0e33.xml.macaon	7	7	b8d9	b8d9	nc	nc	_	5	mod	_	_
444df30c-3a04-4982-b8d9-2665bcfd0e33.xml.macaon	8	8	-	-	ponctw	ponctw	_	7	ponct	_	_
444df30c-3a04-4982-b8d9-2665bcfd0e33.xml.macaon	9	9	2665bcfd0e33	2665bcfd0e33	nc	nc	_	7	mod	_	_

444df30c-3a04-4982-b8d9-2665bcfd0e33.xml.macaon	10	1	ADDED	ADDED	nc	nc	_	_	_	_	_

444df30c-3a04-4982-b8d9-2665bcfd0e33.xml.macaon	11	1	2016	2016	adj	adj	_	3	mod	_	_
444df30c-3a04-4982-b8d9-2665bcfd0e33.xml.macaon	12	2	-	-	ponctw	ponctw	_	1	ponct	_	_
444df30c-3a04-4982-b8d9-2665bcfd0e33.xml.macaon	13	3	06	06	nc	nc	_	_	_	_	_
444df30c-3a04-4982-b8d9-2665bcfd0e33.xml.macaon	14	4	-	-	ponctw	ponctw	_	3	ponct	_	_
444df30c-3a04-4982-b8d9-2665bcfd0e33.xml.macaon	15	5	15T14	15T14	nc	nc	_	3	mod	_	_
444df30c-3a04-4982-b8d9-2665bcfd0e33.xml.macaon	16	6	:	:	ponctw	ponctw	_	5	ponct	_	_
444df30c-3a04-4982-b8d9-2665bcfd0e33.xml.macaon	17	7	33	33	nc	nc	_	5	mod	_	_
444df30c-3a04-4982-b8d9-2665bcfd0e33.xml.macaon	18	8	:	:	ponctw	ponctw	_	7	ponct	_	_
444df30c-3a04-4982-b8d9-2665bcfd0e33.xml.macaon	19	9	02Z	02Z	nc	nc	_	7	mod	_	_

444df30c-3a04-4982-b8d9-2665bcfd0e33.xml.macaon	20	1	Mammouth	Mammouth	np	np	_	_	_	_	_
444df30c-3a04-4982-b8d9-2665bcfd0e33.xml.macaon	21	2	laineux	laineux	adj	adj	_	1	mod	_	_

444df30c-3a04-4982-b8d9-2665bcfd0e33.xml.macaon	22	1	Le	le	det	det	_	2	det	_	_
444df30c-3a04-4982-b8d9-2665bcfd0e33.xml.macaon	23	2	mammouth	mammouth	nc	nc	_	4	suj	_	_
444df30c-3a04-4982-b8d9-2665bcfd0e33.xml.macaon	24	3	laineux	laineux	adj	adj	_	2	mod	_	_
444df30c-3a04-4982-b8d9-2665bcfd0e33.xml.macaon	25	4	est	être	v	v	_	_	_	_	_
444df30c-3a04-4982-b8d9-2665bcfd0e33.xml.macaon	26	5	l'un	l'un	pro	pro	_	4	__JOKER__	_	_	B:Existence:FE:Entity:G:32
444df30c-3a04-4982-b8d9-2665bcfd0e33.xml.macaon	27	6	des	des	prep	prep	_	4	mod	_	_	I:Existence:FE:Entity:G:32
444df30c-3a04-4982-b8d9-2665bcfd0e33.xml.macaon	28	7	derniers	dernier	adj	adj	_	8	mod	_	_	I:Existence:FE:Entity:G:32
444df30c-3a04-4982-b8d9-2665bcfd0e33.xml.macaon	29	8	mammouths	mammouth	nc	nc	_	6	obj	_	_	I:Existence:FE:Entity:G:32
444df30c-3a04-4982-b8d9-2665bcfd0e33.xml.macaon	30	9	à	à	prep	prep	_	8	dep	_	_
444df30c-3a04-4982-b8d9-2665bcfd0e33.xml.macaon	31	10	avoir	avoir	vinf	vinf	_	9	obj	_	_
444df30c-3a04-4982-b8d9-2665bcfd0e33.xml.macaon	32	11	existé	exister	vppart	vppart	_	8	mod	_	_	B:Existence:TARGET:exister:G:32
444df30c-3a04-4982-b8d9-2665bcfd0e33.xml.macaon	33	12	.	.	poncts	poncts	_	4	ponct	_	_

444df30c-3a04-4982-b8d9-2665bcfd0e33.xml.macaon	34	1	Ils	ils	cln	cln	_	2	suj	_	_	B:Leadership:FE:Governed:G:38
444df30c-3a04-4982-b8d9-2665bcfd0e33.xml.macaon	35	2	vivaient	vivre	v	v	_	_	_	_	_
444df30c-3a04-4982-b8d9-2665bcfd0e33.xml.macaon	36	3	en	en	prep	prep	_	2	mod	_	_
444df30c-3a04-4982-b8d9-2665bcfd0e33.xml.macaon	37	4	troupeaux	troupeau	nc	nc	_	3	obj	_	_
444df30c-3a04-4982-b8d9-2665bcfd0e33.xml.macaon	38	5	dirigés	diriger	vppart	vppart	_	4	mod	_	_	B:Leadership:TARGET:diriger:G:38
444df30c-3a04-4982-b8d9-2665bcfd0e33.xml.macaon	39	6	par	par	prep	prep	_	5	p_obj	_	_
444df30c-3a04-4982-b8d9-2665bcfd0e33.xml.macaon	40	7	une	un	det	det	_	8	det	_	_	B:Leadership:FE:Leader:G:38
444df30c-3a04-4982-b8d9-2665bcfd0e33.xml.macaon	41	8	matriarche	matriarche	nc	nc	_	6	obj	_	_	I:Leadership:FE:Leader:G:38
444df30c-3a04-4982-b8d9-2665bcfd0e33.xml.macaon	42	9	(	(	ponctw	ponctw	_	8	ponct	_	_
444df30c-3a04-4982-b8d9-2665bcfd0e33.xml.macaon	43	10	c'	c'	nc	nc	_	8	mod	_	_
444df30c-3a04-4982-b8d9-2665bcfd0e33.xml.macaon	44	11	est	être	v	v	_	4	mod_rel	_	_
444df30c-3a04-4982-b8d9-2665bcfd0e33.xml.macaon	45	12	une	un	det	det	_	13	det	_	_
444df30c-3a04-4982-b8d9-2665bcfd0e33.xml.macaon	46	13	vieille	vieux	nc	nc	_	11	ats	_	_
444df30c-3a04-4982-b8d9-2665bcfd0e33.xml.macaon	47	14	femelle	femelle	adj	adj	_	13	mod	_	_
444df30c-3a04-4982-b8d9-2665bcfd0e33.xml.macaon	48	15	)	)	ponctw	ponctw	_	13	ponct	_	_
444df30c-3a04-4982-b8d9-2665bcfd0e33.xml.macaon	49	16	.	.	poncts	poncts	_	2	ponct	_	_

444df30c-3a04-4982-b8d9-2665bcfd0e33.xml.macaon	50	1	La	la	det	det	_	2	det	_	_
444df30c-3a04-4982-b8d9-2665bcfd0e33.xml.macaon	51	2	hauteur	hauteur	nc	nc	_	7	suj	_	_
444df30c-3a04-4982-b8d9-2665bcfd0e33.xml.macaon	52	3	d'	de	prep	prep	_	2	dep	_	_
444df30c-3a04-4982-b8d9-2665bcfd0e33.xml.macaon	53	4	un	un	det	det	_	5	det	_	_
444df30c-3a04-4982-b8d9-2665bcfd0e33.xml.macaon	54	5	mammouth	mammouth	nc	nc	_	3	obj	_	_	B:Dimension:FE:Object:G:62
444df30c-3a04-4982-b8d9-2665bcfd0e33.xml.macaon	55	6	laineux	laineux	adj	adj	_	5	mod	_	_
444df30c-3a04-4982-b8d9-2665bcfd0e33.xml.macaon	56	7	est	être	v	v	_	_	_	_	_
444df30c-3a04-4982-b8d9-2665bcfd0e33.xml.macaon	57	8	de	de	prep	prep	_	7	de_obj	_	_
444df30c-3a04-4982-b8d9-2665bcfd0e33.xml.macaon	58	9	2,50	2,50	nc	nc	_	8	obj	_	_
444df30c-3a04-4982-b8d9-2665bcfd0e33.xml.macaon	59	10	m	m	adj	adj	_	9	mod	_	_
444df30c-3a04-4982-b8d9-2665bcfd0e33.xml.macaon	60	11	et	et	coo	coo	_	7	coord	_	_
444df30c-3a04-4982-b8d9-2665bcfd0e33.xml.macaon	61	12	il	il	cln	cln	_	13	suj	_	_	B:Dimension:FE:Object:G:62
444df30c-3a04-4982-b8d9-2665bcfd0e33.xml.macaon	62	13	pesait	peser	v	v	_	11	dep_coord	_	_	B:Dimension:TARGET:peser:G:62
444df30c-3a04-4982-b8d9-2665bcfd0e33.xml.macaon	63	14	3	3	det	det	_	15	det	_	_	B:Dimension:FE:Measurement:G:62
444df30c-3a04-4982-b8d9-2665bcfd0e33.xml.macaon	64	15	tonnes.Le	tonnes.Le	nc	nc	_	13	obj	_	_	I:Dimension:FE:Measurement:G:62
444df30c-3a04-4982-b8d9-2665bcfd0e33.xml.macaon	65	16	mammouth	mammouth	nc	nc	_	15	mod	_	_
444df30c-3a04-4982-b8d9-2665bcfd0e33.xml.macaon	66	17	pouvait	pouvoir	v	v	_	11	dep_coord	_	_
444df30c-3a04-4982-b8d9-2665bcfd0e33.xml.macaon	67	18	avaler	avaler	vinf	vinf	_	17	obj	_	_
444df30c-3a04-4982-b8d9-2665bcfd0e33.xml.macaon	68	19	200	200	det	det	_	20	det	_	_
444df30c-3a04-4982-b8d9-2665bcfd0e33.xml.macaon	69	20	kg	kg	nc	nc	_	18	obj	_	_
444df30c-3a04-4982-b8d9-2665bcfd0e33.xml.macaon	70	21	de	de	prep	prep	_	20	dep	_	_
444df30c-3a04-4982-b8d9-2665bcfd0e33.xml.macaon	71	22	végétaux	végétaux	nc	nc	_	21	obj	_	_
444df30c-3a04-4982-b8d9-2665bcfd0e33.xml.macaon	72	23	par	par	prep	prep	_	18	mod	_	_
444df30c-3a04-4982-b8d9-2665bcfd0e33.xml.macaon	73	24	jour	jour	nc	nc	_	23	obj	_	_
444df30c-3a04-4982-b8d9-2665bcfd0e33.xml.macaon	74	25	.	.	poncts	poncts	_	7	ponct	_	_

444df30c-3a04-4982-b8d9-2665bcfd0e33.xml.macaon	75	1	Il	il	cln	cln	_	2	suj	_	_
444df30c-3a04-4982-b8d9-2665bcfd0e33.xml.macaon	76	2	vivait	vivre	v	v	_	_	_	_	_
444df30c-3a04-4982-b8d9-2665bcfd0e33.xml.macaon	77	3	entre	entre	prep	prep	_	2	mod	_	_
444df30c-3a04-4982-b8d9-2665bcfd0e33.xml.macaon	78	4	60	60	det	det	_	7	det	_	_
444df30c-3a04-4982-b8d9-2665bcfd0e33.xml.macaon	79	5	et	et	coo	coo	_	4	__JOKER__	_	_
444df30c-3a04-4982-b8d9-2665bcfd0e33.xml.macaon	80	6	70	70	det	det	_	7	det	_	_
444df30c-3a04-4982-b8d9-2665bcfd0e33.xml.macaon	81	7	ans	an	nc	nc	_	3	obj	_	_
444df30c-3a04-4982-b8d9-2665bcfd0e33.xml.macaon	82	8	,	,	ponctw	ponctw	_	15	ponct	_	_
444df30c-3a04-4982-b8d9-2665bcfd0e33.xml.macaon	83	9	jusqu'à	jusqu'à	prep	prep	_	15	mod	_	_
444df30c-3a04-4982-b8d9-2665bcfd0e33.xml.macaon	84	10	ce#que	ce#que	det	det	_	13	det	_	_
444df30c-3a04-4982-b8d9-2665bcfd0e33.xml.macaon	85	11	toutes	tout	adj	adj	_	13	mod	_	_
444df30c-3a04-4982-b8d9-2665bcfd0e33.xml.macaon	86	12	ses	son	det	det	_	13	det	_	_
444df30c-3a04-4982-b8d9-2665bcfd0e33.xml.macaon	87	13	molaires	molaire	nc	nc	_	9	obj	_	_
444df30c-3a04-4982-b8d9-2665bcfd0e33.xml.macaon	88	14	soient	être	v	v	_	15	aux_tps	_	_
444df30c-3a04-4982-b8d9-2665bcfd0e33.xml.macaon	89	15	usées	user	vppart	vppart	_	7	mod_rel	_	_
444df30c-3a04-4982-b8d9-2665bcfd0e33.xml.macaon	90	16	.	.	poncts	poncts	_	2	ponct	_	_

444df30c-3a04-4982-b8d9-2665bcfd0e33.xml.macaon	91	1	Préhistoire	préhistoire	nc	nc	_	_	_	_	_

444df30c-3a04-4982-b8d9-2665bcfd0e33.xml.macaon	92	1	Mammouth	Mammouth	np	np	_	_	_	_	_
444df30c-3a04-4982-b8d9-2665bcfd0e33.xml.macaon	93	2	laineux	laineux	adj	adj	_	1	mod	_	_

444df30c-3a04-4982-b8d9-2665bcfd0e33.xml.macaon	94	1	Le	le	det	det	_	2	det	_	_
444df30c-3a04-4982-b8d9-2665bcfd0e33.xml.macaon	95	2	mammouth	mammouth	nc	nc	_	4	suj	_	_
444df30c-3a04-4982-b8d9-2665bcfd0e33.xml.macaon	96	3	laineux	laineux	adj	adj	_	2	mod	_	_
444df30c-3a04-4982-b8d9-2665bcfd0e33.xml.macaon	97	4	est	être	v	v	_	_	_	_	_
444df30c-3a04-4982-b8d9-2665bcfd0e33.xml.macaon	98	5	l'un	l'un	pro	pro	_	4	__JOKER__	_	_	B:Existence:FE:Entity:G:104
444df30c-3a04-4982-b8d9-2665bcfd0e33.xml.macaon	99	6	des	des	prep	prep	_	4	mod	_	_	I:Existence:FE:Entity:G:104
444df30c-3a04-4982-b8d9-2665bcfd0e33.xml.macaon	100	7	derniers	dernier	adj	adj	_	8	mod	_	_	I:Existence:FE:Entity:G:104
444df30c-3a04-4982-b8d9-2665bcfd0e33.xml.macaon	101	8	mammouths	mammouth	nc	nc	_	6	obj	_	_	I:Existence:FE:Entity:G:104
444df30c-3a04-4982-b8d9-2665bcfd0e33.xml.macaon	102	9	à	à	prep	prep	_	8	dep	_	_
444df30c-3a04-4982-b8d9-2665bcfd0e33.xml.macaon	103	10	avoir	avoir	vinf	vinf	_	9	obj	_	_
444df30c-3a04-4982-b8d9-2665bcfd0e33.xml.macaon	104	11	existé	exister	vppart	vppart	_	8	mod	_	_	B:Existence:TARGET:exister:G:104
444df30c-3a04-4982-b8d9-2665bcfd0e33.xml.macaon	105	12	.	.	poncts	poncts	_	4	ponct	_	_

444df30c-3a04-4982-b8d9-2665bcfd0e33.xml.macaon	106	1	Ils	ils	cln	cln	_	2	suj	_	_	B:Leadership:FE:Governed:G:110
444df30c-3a04-4982-b8d9-2665bcfd0e33.xml.macaon	107	2	vivaient	vivre	v	v	_	_	_	_	_
444df30c-3a04-4982-b8d9-2665bcfd0e33.xml.macaon	108	3	en	en	prep	prep	_	2	mod	_	_
444df30c-3a04-4982-b8d9-2665bcfd0e33.xml.macaon	109	4	troupeaux	troupeau	nc	nc	_	3	obj	_	_
444df30c-3a04-4982-b8d9-2665bcfd0e33.xml.macaon	110	5	dirigés	diriger	vppart	vppart	_	4	mod	_	_	B:Leadership:TARGET:diriger:G:110
444df30c-3a04-4982-b8d9-2665bcfd0e33.xml.macaon	111	6	par	par	prep	prep	_	5	p_obj	_	_
444df30c-3a04-4982-b8d9-2665bcfd0e33.xml.macaon	112	7	une	un	det	det	_	8	det	_	_	B:Leadership:FE:Leader:G:110
444df30c-3a04-4982-b8d9-2665bcfd0e33.xml.macaon	113	8	matriarche	matriarche	nc	nc	_	6	obj	_	_	I:Leadership:FE:Leader:G:110
444df30c-3a04-4982-b8d9-2665bcfd0e33.xml.macaon	114	9	(	(	ponctw	ponctw	_	8	ponct	_	_
444df30c-3a04-4982-b8d9-2665bcfd0e33.xml.macaon	115	10	c'	c'	nc	nc	_	8	mod	_	_
444df30c-3a04-4982-b8d9-2665bcfd0e33.xml.macaon	116	11	est	être	v	v	_	4	mod_rel	_	_
444df30c-3a04-4982-b8d9-2665bcfd0e33.xml.macaon	117	12	une	un	det	det	_	13	det	_	_
444df30c-3a04-4982-b8d9-2665bcfd0e33.xml.macaon	118	13	vieille	vieux	nc	nc	_	11	ats	_	_
444df30c-3a04-4982-b8d9-2665bcfd0e33.xml.macaon	119	14	femelle	femelle	adj	adj	_	13	mod	_	_
444df30c-3a04-4982-b8d9-2665bcfd0e33.xml.macaon	120	15	)	)	ponctw	ponctw	_	13	ponct	_	_
444df30c-3a04-4982-b8d9-2665bcfd0e33.xml.macaon	121	16	.	.	poncts	poncts	_	2	ponct	_	_

444df30c-3a04-4982-b8d9-2665bcfd0e33.xml.macaon	122	1	La	la	det	det	_	2	det	_	_
444df30c-3a04-4982-b8d9-2665bcfd0e33.xml.macaon	123	2	hauteur	hauteur	nc	nc	_	7	suj	_	_
444df30c-3a04-4982-b8d9-2665bcfd0e33.xml.macaon	124	3	d'	de	prep	prep	_	2	dep	_	_
444df30c-3a04-4982-b8d9-2665bcfd0e33.xml.macaon	125	4	un	un	det	det	_	5	det	_	_
444df30c-3a04-4982-b8d9-2665bcfd0e33.xml.macaon	126	5	mammouth	mammouth	nc	nc	_	3	obj	_	_	B:Dimension:FE:Object:G:134
444df30c-3a04-4982-b8d9-2665bcfd0e33.xml.macaon	127	6	laineux	laineux	adj	adj	_	5	mod	_	_
444df30c-3a04-4982-b8d9-2665bcfd0e33.xml.macaon	128	7	est	être	v	v	_	_	_	_	_
444df30c-3a04-4982-b8d9-2665bcfd0e33.xml.macaon	129	8	de	de	prep	prep	_	7	de_obj	_	_
444df30c-3a04-4982-b8d9-2665bcfd0e33.xml.macaon	130	9	2,50	2,50	nc	nc	_	8	obj	_	_
444df30c-3a04-4982-b8d9-2665bcfd0e33.xml.macaon	131	10	m	m	adj	adj	_	9	mod	_	_
444df30c-3a04-4982-b8d9-2665bcfd0e33.xml.macaon	132	11	et	et	coo	coo	_	7	coord	_	_
444df30c-3a04-4982-b8d9-2665bcfd0e33.xml.macaon	133	12	il	il	cln	cln	_	13	suj	_	_	B:Dimension:FE:Object:G:134
444df30c-3a04-4982-b8d9-2665bcfd0e33.xml.macaon	134	13	pesait	peser	v	v	_	11	dep_coord	_	_	B:Dimension:TARGET:peser:G:134
444df30c-3a04-4982-b8d9-2665bcfd0e33.xml.macaon	135	14	3	3	det	det	_	15	det	_	_	B:Dimension:FE:Measurement:G:134
444df30c-3a04-4982-b8d9-2665bcfd0e33.xml.macaon	136	15	tonnes.Le	tonnes.Le	nc	nc	_	13	obj	_	_	I:Dimension:FE:Measurement:G:134
444df30c-3a04-4982-b8d9-2665bcfd0e33.xml.macaon	137	16	mammouth	mammouth	nc	nc	_	15	mod	_	_
444df30c-3a04-4982-b8d9-2665bcfd0e33.xml.macaon	138	17	pouvait	pouvoir	v	v	_	11	dep_coord	_	_
444df30c-3a04-4982-b8d9-2665bcfd0e33.xml.macaon	139	18	avaler	avaler	vinf	vinf	_	17	obj	_	_
444df30c-3a04-4982-b8d9-2665bcfd0e33.xml.macaon	140	19	200	200	det	det	_	20	det	_	_
444df30c-3a04-4982-b8d9-2665bcfd0e33.xml.macaon	141	20	kg	kg	nc	nc	_	18	obj	_	_
444df30c-3a04-4982-b8d9-2665bcfd0e33.xml.macaon	142	21	de	de	prep	prep	_	20	dep	_	_
444df30c-3a04-4982-b8d9-2665bcfd0e33.xml.macaon	143	22	végétaux	végétaux	nc	nc	_	21	obj	_	_
444df30c-3a04-4982-b8d9-2665bcfd0e33.xml.macaon	144	23	par	par	prep	prep	_	18	mod	_	_
444df30c-3a04-4982-b8d9-2665bcfd0e33.xml.macaon	145	24	jour	jour	nc	nc	_	23	obj	_	_
444df30c-3a04-4982-b8d9-2665bcfd0e33.xml.macaon	146	25	.	.	poncts	poncts	_	7	ponct	_	_

444df30c-3a04-4982-b8d9-2665bcfd0e33.xml.macaon	147	1	Il	il	cln	cln	_	2	suj	_	_
444df30c-3a04-4982-b8d9-2665bcfd0e33.xml.macaon	148	2	vivait	vivre	v	v	_	_	_	_	_
444df30c-3a04-4982-b8d9-2665bcfd0e33.xml.macaon	149	3	entre	entre	prep	prep	_	2	mod	_	_
444df30c-3a04-4982-b8d9-2665bcfd0e33.xml.macaon	150	4	60	60	det	det	_	7	det	_	_
444df30c-3a04-4982-b8d9-2665bcfd0e33.xml.macaon	151	5	et	et	coo	coo	_	4	__JOKER__	_	_
444df30c-3a04-4982-b8d9-2665bcfd0e33.xml.macaon	152	6	70	70	det	det	_	7	det	_	_
444df30c-3a04-4982-b8d9-2665bcfd0e33.xml.macaon	153	7	ans	an	nc	nc	_	3	obj	_	_
444df30c-3a04-4982-b8d9-2665bcfd0e33.xml.macaon	154	8	,	,	ponctw	ponctw	_	15	ponct	_	_
444df30c-3a04-4982-b8d9-2665bcfd0e33.xml.macaon	155	9	jusqu'à	jusqu'à	prep	prep	_	15	mod	_	_
444df30c-3a04-4982-b8d9-2665bcfd0e33.xml.macaon	156	10	ce#que	ce#que	det	det	_	13	det	_	_
444df30c-3a04-4982-b8d9-2665bcfd0e33.xml.macaon	157	11	toutes	tout	adj	adj	_	13	mod	_	_
444df30c-3a04-4982-b8d9-2665bcfd0e33.xml.macaon	158	12	ses	son	det	det	_	13	det	_	_
444df30c-3a04-4982-b8d9-2665bcfd0e33.xml.macaon	159	13	molaires	molaire	nc	nc	_	9	obj	_	_
444df30c-3a04-4982-b8d9-2665bcfd0e33.xml.macaon	160	14	soient	être	v	v	_	15	aux_tps	_	_
444df30c-3a04-4982-b8d9-2665bcfd0e33.xml.macaon	161	15	usées	user	vppart	vppart	_	7	mod_rel	_	_
444df30c-3a04-4982-b8d9-2665bcfd0e33.xml.macaon	162	16	.	.	poncts	poncts	_	2	ponct	_	_
