47f6230b-dbb2-448b-abb9-2d03ef1c2e09.xml.macaon	0	1	vikidia	vikidia	nc	nc	_	_	_	_	_

47f6230b-dbb2-448b-abb9-2d03ef1c2e09.xml.macaon	1	1	47f6230b	47f6230b	nc	nc	_	_	_	_	_
47f6230b-dbb2-448b-abb9-2d03ef1c2e09.xml.macaon	2	2	-	-	ponctw	ponctw	_	1	ponct	_	_
47f6230b-dbb2-448b-abb9-2d03ef1c2e09.xml.macaon	3	3	dbb2	dbb2	nc	nc	_	1	mod	_	_
47f6230b-dbb2-448b-abb9-2d03ef1c2e09.xml.macaon	4	4	-	-	ponctw	ponctw	_	3	ponct	_	_
47f6230b-dbb2-448b-abb9-2d03ef1c2e09.xml.macaon	5	5	448b	448b	nc	nc	_	3	mod	_	_
47f6230b-dbb2-448b-abb9-2d03ef1c2e09.xml.macaon	6	6	-	-	ponctw	ponctw	_	5	ponct	_	_
47f6230b-dbb2-448b-abb9-2d03ef1c2e09.xml.macaon	7	7	abb9	abb9	nc	nc	_	5	mod	_	_
47f6230b-dbb2-448b-abb9-2d03ef1c2e09.xml.macaon	8	8	-	-	ponctw	ponctw	_	7	ponct	_	_
47f6230b-dbb2-448b-abb9-2d03ef1c2e09.xml.macaon	9	9	2d03ef1c2e09	2d03ef1c2e09	adj	adj	_	7	mod	_	_

47f6230b-dbb2-448b-abb9-2d03ef1c2e09.xml.macaon	10	1	ADDED	ADDED	nc	nc	_	_	_	_	_

47f6230b-dbb2-448b-abb9-2d03ef1c2e09.xml.macaon	11	1	2016	2016	adj	adj	_	3	mod	_	_
47f6230b-dbb2-448b-abb9-2d03ef1c2e09.xml.macaon	12	2	-	-	ponctw	ponctw	_	1	ponct	_	_
47f6230b-dbb2-448b-abb9-2d03ef1c2e09.xml.macaon	13	3	06	06	nc	nc	_	_	_	_	_
47f6230b-dbb2-448b-abb9-2d03ef1c2e09.xml.macaon	14	4	-	-	ponctw	ponctw	_	3	ponct	_	_
47f6230b-dbb2-448b-abb9-2d03ef1c2e09.xml.macaon	15	5	15T14	15T14	nc	nc	_	3	mod	_	_
47f6230b-dbb2-448b-abb9-2d03ef1c2e09.xml.macaon	16	6	:	:	ponctw	ponctw	_	5	ponct	_	_
47f6230b-dbb2-448b-abb9-2d03ef1c2e09.xml.macaon	17	7	32	32	nc	nc	_	5	mod	_	_
47f6230b-dbb2-448b-abb9-2d03ef1c2e09.xml.macaon	18	8	:	:	ponctw	ponctw	_	7	ponct	_	_
47f6230b-dbb2-448b-abb9-2d03ef1c2e09.xml.macaon	19	9	10Z	10Z	nc	nc	_	7	mod	_	_

47f6230b-dbb2-448b-abb9-2d03ef1c2e09.xml.macaon	20	1	Mégalocéros	Mégalocéros	nc	nc	_	_	_	_	_

47f6230b-dbb2-448b-abb9-2d03ef1c2e09.xml.macaon	21	1	Le	le	det	det	_	2	det	_	_
47f6230b-dbb2-448b-abb9-2d03ef1c2e09.xml.macaon	22	2	mégalocéros	mégalocéros	nc	nc	_	_	_	_	_
47f6230b-dbb2-448b-abb9-2d03ef1c2e09.xml.macaon	23	3	,	,	ponctw	ponctw	_	2	ponct	_	_
47f6230b-dbb2-448b-abb9-2d03ef1c2e09.xml.macaon	24	4	ou	ou	coo	coo	_	2	coord	_	_
47f6230b-dbb2-448b-abb9-2d03ef1c2e09.xml.macaon	25	5	mégacéros	mégacéros	nc	nc	_	4	dep_coord	_	_
47f6230b-dbb2-448b-abb9-2d03ef1c2e09.xml.macaon	26	6	(	(	ponctw	ponctw	_	5	ponct	_	_
47f6230b-dbb2-448b-abb9-2d03ef1c2e09.xml.macaon	27	7	nom	nom	nc	nc	_	5	mod	_	_
47f6230b-dbb2-448b-abb9-2d03ef1c2e09.xml.macaon	28	8	scientifique	scientifique	adj	adj	_	7	mod	_	_
47f6230b-dbb2-448b-abb9-2d03ef1c2e09.xml.macaon	29	9	:	:	ponctw	ponctw	_	5	ponct	_	_
47f6230b-dbb2-448b-abb9-2d03ef1c2e09.xml.macaon	30	10	Megaloceros	Megaloceros	etr	etr	_	11	dep	_	_
47f6230b-dbb2-448b-abb9-2d03ef1c2e09.xml.macaon	31	11	giganteus	giganteus	etr	etr	_	13	__JOKER__	_	_
47f6230b-dbb2-448b-abb9-2d03ef1c2e09.xml.macaon	32	12	)	)	ponctw	ponctw	_	11	ponct	_	_
47f6230b-dbb2-448b-abb9-2d03ef1c2e09.xml.macaon	33	13	est	être	v	v	_	4	dep_coord	_	_
47f6230b-dbb2-448b-abb9-2d03ef1c2e09.xml.macaon	34	14	un	un	det	det	_	15	det	_	_
47f6230b-dbb2-448b-abb9-2d03ef1c2e09.xml.macaon	35	15	mammifère	mammifère	nc	nc	_	13	ats	_	_
47f6230b-dbb2-448b-abb9-2d03ef1c2e09.xml.macaon	36	16	préhistorique	préhistorique	adj	adj	_	15	mod	_	_
47f6230b-dbb2-448b-abb9-2d03ef1c2e09.xml.macaon	37	17	,	,	ponctw	ponctw	_	15	ponct	_	_
47f6230b-dbb2-448b-abb9-2d03ef1c2e09.xml.macaon	38	18	qui	qui	prorel	prorel	_	20	suj	_	_
47f6230b-dbb2-448b-abb9-2d03ef1c2e09.xml.macaon	39	19	a	avoir	v	v	_	20	aux_tps	_	_
47f6230b-dbb2-448b-abb9-2d03ef1c2e09.xml.macaon	40	20	disparu	disparaître	vppart	vppart	_	15	mod_rel	_	_
47f6230b-dbb2-448b-abb9-2d03ef1c2e09.xml.macaon	41	21	.	.	poncts	poncts	_	13	ponct	_	_

47f6230b-dbb2-448b-abb9-2d03ef1c2e09.xml.macaon	42	1	Également	également	adv	adv	_	2	mod	_	_
47f6230b-dbb2-448b-abb9-2d03ef1c2e09.xml.macaon	43	2	appelé	appeler	vppart	vppart	_	_	_	_	_	B:OTHER:G
47f6230b-dbb2-448b-abb9-2d03ef1c2e09.xml.macaon	44	3	élan	élan	nc	nc	_	2	obj	_	_
47f6230b-dbb2-448b-abb9-2d03ef1c2e09.xml.macaon	45	4	d'	de	prep	prep	_	3	dep	_	_
47f6230b-dbb2-448b-abb9-2d03ef1c2e09.xml.macaon	46	5	Irlande	Irlande	np	np	_	4	obj	_	_
47f6230b-dbb2-448b-abb9-2d03ef1c2e09.xml.macaon	47	6	,	,	ponctw	ponctw	_	5	ponct	_	_
47f6230b-dbb2-448b-abb9-2d03ef1c2e09.xml.macaon	48	7	ou	ou	coo	coo	_	5	coord	_	_
47f6230b-dbb2-448b-abb9-2d03ef1c2e09.xml.macaon	49	8	grand	grand	adj	adj	_	9	mod	_	_
47f6230b-dbb2-448b-abb9-2d03ef1c2e09.xml.macaon	50	9	cerf	cerf	nc	nc	_	4	obj	_	_
47f6230b-dbb2-448b-abb9-2d03ef1c2e09.xml.macaon	51	10	des	des	prep	prep	_	9	dep	_	_
47f6230b-dbb2-448b-abb9-2d03ef1c2e09.xml.macaon	52	11	tourbières	tourbière	nc	nc	_	10	obj	_	_
47f6230b-dbb2-448b-abb9-2d03ef1c2e09.xml.macaon	53	12	,	,	ponctw	ponctw	_	16	ponct	_	_
47f6230b-dbb2-448b-abb9-2d03ef1c2e09.xml.macaon	54	13	ce	ce	det	det	_	14	det	_	_
47f6230b-dbb2-448b-abb9-2d03ef1c2e09.xml.macaon	55	14	n'	n'	nc	nc	_	16	suj	_	_
47f6230b-dbb2-448b-abb9-2d03ef1c2e09.xml.macaon	56	15	était	être	v	v	_	16	aux_tps	_	_
47f6230b-dbb2-448b-abb9-2d03ef1c2e09.xml.macaon	57	16	en#fait	en#fait	vppart	vppart	_	9	mod_rel	_	_
47f6230b-dbb2-448b-abb9-2d03ef1c2e09.xml.macaon	58	17	ni	ni	coo	coo	_	16	__JOKER__	_	_
47f6230b-dbb2-448b-abb9-2d03ef1c2e09.xml.macaon	59	18	un	un	det	det	_	19	det	_	_
47f6230b-dbb2-448b-abb9-2d03ef1c2e09.xml.macaon	60	19	cerf	cerf	nc	nc	_	17	dep_coord	_	_
47f6230b-dbb2-448b-abb9-2d03ef1c2e09.xml.macaon	61	20	,	,	ponctw	ponctw	_	16	ponct	_	_
47f6230b-dbb2-448b-abb9-2d03ef1c2e09.xml.macaon	62	21	ni	ni	coo	coo	_	16	coord	_	_
47f6230b-dbb2-448b-abb9-2d03ef1c2e09.xml.macaon	63	22	un	un	det	det	_	23	det	_	_
47f6230b-dbb2-448b-abb9-2d03ef1c2e09.xml.macaon	64	23	élan	élan	nc	nc	_	21	dep_coord	_	_
47f6230b-dbb2-448b-abb9-2d03ef1c2e09.xml.macaon	65	24	,	,	ponctw	ponctw	_	23	ponct	_	_
47f6230b-dbb2-448b-abb9-2d03ef1c2e09.xml.macaon	66	25	mais	mais	coo	coo	_	23	coord	_	_
47f6230b-dbb2-448b-abb9-2d03ef1c2e09.xml.macaon	67	26	une	un	det	det	_	28	det	_	_
47f6230b-dbb2-448b-abb9-2d03ef1c2e09.xml.macaon	68	27	autre	autre	adj	adj	_	28	mod	_	_
47f6230b-dbb2-448b-abb9-2d03ef1c2e09.xml.macaon	69	28	espèce	espèce	nc	nc	_	25	dep_coord	_	_
47f6230b-dbb2-448b-abb9-2d03ef1c2e09.xml.macaon	70	29	de	de	prep	prep	_	28	dep	_	_
47f6230b-dbb2-448b-abb9-2d03ef1c2e09.xml.macaon	71	30	cervidé	cervidé	nc	nc	_	29	obj	_	_
47f6230b-dbb2-448b-abb9-2d03ef1c2e09.xml.macaon	72	31	,	,	ponctw	ponctw	_	30	ponct	_	_
47f6230b-dbb2-448b-abb9-2d03ef1c2e09.xml.macaon	73	32	cousin	cousin	nc	nc	_	30	mod	_	_
47f6230b-dbb2-448b-abb9-2d03ef1c2e09.xml.macaon	74	33	du	du	prep	prep	_	32	dep	_	_
47f6230b-dbb2-448b-abb9-2d03ef1c2e09.xml.macaon	75	34	cerf	cerf	nc	nc	_	33	obj	_	_
47f6230b-dbb2-448b-abb9-2d03ef1c2e09.xml.macaon	76	35	et	et	coo	coo	_	29	coord	_	_
47f6230b-dbb2-448b-abb9-2d03ef1c2e09.xml.macaon	77	36	de#l'	de#l'	prep	prep	_	35	dep_coord	_	_
47f6230b-dbb2-448b-abb9-2d03ef1c2e09.xml.macaon	78	37	élan	élan	nc	nc	_	36	obj	_	_
47f6230b-dbb2-448b-abb9-2d03ef1c2e09.xml.macaon	79	38	.	.	poncts	poncts	_	2	ponct	_	_

47f6230b-dbb2-448b-abb9-2d03ef1c2e09.xml.macaon	80	1	Il	il	cln	cln	_	2	suj	_	_
47f6230b-dbb2-448b-abb9-2d03ef1c2e09.xml.macaon	81	2	ressemblait	ressembler	v	v	_	_	_	_	_
47f6230b-dbb2-448b-abb9-2d03ef1c2e09.xml.macaon	82	3	un#peu	un#peu	adv	adv	_	2	mod	_	_
47f6230b-dbb2-448b-abb9-2d03ef1c2e09.xml.macaon	83	4	plus	plus	adv	adv	_	2	mod	_	_
47f6230b-dbb2-448b-abb9-2d03ef1c2e09.xml.macaon	84	5	à	à	prep	prep	_	2	a_obj	_	_
47f6230b-dbb2-448b-abb9-2d03ef1c2e09.xml.macaon	85	6	un	un	det	det	_	7	det	_	_
47f6230b-dbb2-448b-abb9-2d03ef1c2e09.xml.macaon	86	7	daim	daim	nc	nc	_	5	obj	_	_
47f6230b-dbb2-448b-abb9-2d03ef1c2e09.xml.macaon	87	8	.	.	poncts	poncts	_	2	ponct	_	_

47f6230b-dbb2-448b-abb9-2d03ef1c2e09.xml.macaon	88	1	Préhistoire	préhistoire	nc	nc	_	_	_	_	_

47f6230b-dbb2-448b-abb9-2d03ef1c2e09.xml.macaon	89	1	Mégalocéros	Mégalocéros	nc	nc	_	_	_	_	_

47f6230b-dbb2-448b-abb9-2d03ef1c2e09.xml.macaon	90	1	Le	le	det	det	_	2	det	_	_
47f6230b-dbb2-448b-abb9-2d03ef1c2e09.xml.macaon	91	2	mégalocéros	mégalocéros	nc	nc	_	_	_	_	_
47f6230b-dbb2-448b-abb9-2d03ef1c2e09.xml.macaon	92	3	,	,	ponctw	ponctw	_	2	ponct	_	_
47f6230b-dbb2-448b-abb9-2d03ef1c2e09.xml.macaon	93	4	ou	ou	coo	coo	_	2	coord	_	_
47f6230b-dbb2-448b-abb9-2d03ef1c2e09.xml.macaon	94	5	mégacéros	mégacéros	nc	nc	_	4	dep_coord	_	_
47f6230b-dbb2-448b-abb9-2d03ef1c2e09.xml.macaon	95	6	(	(	ponctw	ponctw	_	5	ponct	_	_
47f6230b-dbb2-448b-abb9-2d03ef1c2e09.xml.macaon	96	7	nom	nom	nc	nc	_	5	mod	_	_
47f6230b-dbb2-448b-abb9-2d03ef1c2e09.xml.macaon	97	8	scientifique	scientifique	adj	adj	_	7	mod	_	_
47f6230b-dbb2-448b-abb9-2d03ef1c2e09.xml.macaon	98	9	:	:	ponctw	ponctw	_	5	ponct	_	_
47f6230b-dbb2-448b-abb9-2d03ef1c2e09.xml.macaon	99	10	Megaloceros	Megaloceros	etr	etr	_	11	dep	_	_
47f6230b-dbb2-448b-abb9-2d03ef1c2e09.xml.macaon	100	11	giganteus	giganteus	etr	etr	_	13	__JOKER__	_	_
47f6230b-dbb2-448b-abb9-2d03ef1c2e09.xml.macaon	101	12	)	)	ponctw	ponctw	_	11	ponct	_	_
47f6230b-dbb2-448b-abb9-2d03ef1c2e09.xml.macaon	102	13	est	être	v	v	_	4	dep_coord	_	_
47f6230b-dbb2-448b-abb9-2d03ef1c2e09.xml.macaon	103	14	un	un	det	det	_	15	det	_	_
47f6230b-dbb2-448b-abb9-2d03ef1c2e09.xml.macaon	104	15	mammifère	mammifère	nc	nc	_	13	ats	_	_
47f6230b-dbb2-448b-abb9-2d03ef1c2e09.xml.macaon	105	16	préhistorique	préhistorique	adj	adj	_	15	mod	_	_
47f6230b-dbb2-448b-abb9-2d03ef1c2e09.xml.macaon	106	17	,	,	ponctw	ponctw	_	15	ponct	_	_
47f6230b-dbb2-448b-abb9-2d03ef1c2e09.xml.macaon	107	18	qui	qui	prorel	prorel	_	20	suj	_	_
47f6230b-dbb2-448b-abb9-2d03ef1c2e09.xml.macaon	108	19	a	avoir	v	v	_	20	aux_tps	_	_
47f6230b-dbb2-448b-abb9-2d03ef1c2e09.xml.macaon	109	20	disparu	disparaître	vppart	vppart	_	15	mod_rel	_	_
47f6230b-dbb2-448b-abb9-2d03ef1c2e09.xml.macaon	110	21	.	.	poncts	poncts	_	13	ponct	_	_

47f6230b-dbb2-448b-abb9-2d03ef1c2e09.xml.macaon	111	1	Également	également	adv	adv	_	2	mod	_	_
47f6230b-dbb2-448b-abb9-2d03ef1c2e09.xml.macaon	112	2	appelé	appeler	vppart	vppart	_	_	_	_	_	B:OTHER:G
47f6230b-dbb2-448b-abb9-2d03ef1c2e09.xml.macaon	113	3	élan	élan	nc	nc	_	2	obj	_	_
47f6230b-dbb2-448b-abb9-2d03ef1c2e09.xml.macaon	114	4	d'	de	prep	prep	_	3	dep	_	_
47f6230b-dbb2-448b-abb9-2d03ef1c2e09.xml.macaon	115	5	Irlande	Irlande	np	np	_	4	obj	_	_
47f6230b-dbb2-448b-abb9-2d03ef1c2e09.xml.macaon	116	6	,	,	ponctw	ponctw	_	5	ponct	_	_
47f6230b-dbb2-448b-abb9-2d03ef1c2e09.xml.macaon	117	7	ou	ou	coo	coo	_	5	coord	_	_
47f6230b-dbb2-448b-abb9-2d03ef1c2e09.xml.macaon	118	8	grand	grand	adj	adj	_	9	mod	_	_
47f6230b-dbb2-448b-abb9-2d03ef1c2e09.xml.macaon	119	9	cerf	cerf	nc	nc	_	4	obj	_	_
47f6230b-dbb2-448b-abb9-2d03ef1c2e09.xml.macaon	120	10	des	des	prep	prep	_	9	dep	_	_
47f6230b-dbb2-448b-abb9-2d03ef1c2e09.xml.macaon	121	11	tourbières	tourbière	nc	nc	_	10	obj	_	_
47f6230b-dbb2-448b-abb9-2d03ef1c2e09.xml.macaon	122	12	,	,	ponctw	ponctw	_	16	ponct	_	_
47f6230b-dbb2-448b-abb9-2d03ef1c2e09.xml.macaon	123	13	ce	ce	det	det	_	14	det	_	_
47f6230b-dbb2-448b-abb9-2d03ef1c2e09.xml.macaon	124	14	n'	n'	nc	nc	_	16	suj	_	_
47f6230b-dbb2-448b-abb9-2d03ef1c2e09.xml.macaon	125	15	était	être	v	v	_	16	aux_tps	_	_
47f6230b-dbb2-448b-abb9-2d03ef1c2e09.xml.macaon	126	16	en#fait	en#fait	vppart	vppart	_	9	mod_rel	_	_
47f6230b-dbb2-448b-abb9-2d03ef1c2e09.xml.macaon	127	17	ni	ni	coo	coo	_	16	__JOKER__	_	_
47f6230b-dbb2-448b-abb9-2d03ef1c2e09.xml.macaon	128	18	un	un	det	det	_	19	det	_	_
47f6230b-dbb2-448b-abb9-2d03ef1c2e09.xml.macaon	129	19	cerf	cerf	nc	nc	_	17	dep_coord	_	_
47f6230b-dbb2-448b-abb9-2d03ef1c2e09.xml.macaon	130	20	,	,	ponctw	ponctw	_	16	ponct	_	_
47f6230b-dbb2-448b-abb9-2d03ef1c2e09.xml.macaon	131	21	ni	ni	coo	coo	_	16	coord	_	_
47f6230b-dbb2-448b-abb9-2d03ef1c2e09.xml.macaon	132	22	un	un	det	det	_	23	det	_	_
47f6230b-dbb2-448b-abb9-2d03ef1c2e09.xml.macaon	133	23	élan	élan	nc	nc	_	21	dep_coord	_	_
47f6230b-dbb2-448b-abb9-2d03ef1c2e09.xml.macaon	134	24	,	,	ponctw	ponctw	_	23	ponct	_	_
47f6230b-dbb2-448b-abb9-2d03ef1c2e09.xml.macaon	135	25	mais	mais	coo	coo	_	23	coord	_	_
47f6230b-dbb2-448b-abb9-2d03ef1c2e09.xml.macaon	136	26	une	un	det	det	_	28	det	_	_
47f6230b-dbb2-448b-abb9-2d03ef1c2e09.xml.macaon	137	27	autre	autre	adj	adj	_	28	mod	_	_
47f6230b-dbb2-448b-abb9-2d03ef1c2e09.xml.macaon	138	28	espèce	espèce	nc	nc	_	25	dep_coord	_	_
47f6230b-dbb2-448b-abb9-2d03ef1c2e09.xml.macaon	139	29	de	de	prep	prep	_	28	dep	_	_
47f6230b-dbb2-448b-abb9-2d03ef1c2e09.xml.macaon	140	30	cervidé	cervidé	nc	nc	_	29	obj	_	_
47f6230b-dbb2-448b-abb9-2d03ef1c2e09.xml.macaon	141	31	,	,	ponctw	ponctw	_	30	ponct	_	_
47f6230b-dbb2-448b-abb9-2d03ef1c2e09.xml.macaon	142	32	cousin	cousin	nc	nc	_	30	mod	_	_
47f6230b-dbb2-448b-abb9-2d03ef1c2e09.xml.macaon	143	33	du	du	prep	prep	_	32	dep	_	_
47f6230b-dbb2-448b-abb9-2d03ef1c2e09.xml.macaon	144	34	cerf	cerf	nc	nc	_	33	obj	_	_
47f6230b-dbb2-448b-abb9-2d03ef1c2e09.xml.macaon	145	35	et	et	coo	coo	_	29	coord	_	_
47f6230b-dbb2-448b-abb9-2d03ef1c2e09.xml.macaon	146	36	de#l'	de#l'	prep	prep	_	35	dep_coord	_	_
47f6230b-dbb2-448b-abb9-2d03ef1c2e09.xml.macaon	147	37	élan	élan	nc	nc	_	36	obj	_	_
47f6230b-dbb2-448b-abb9-2d03ef1c2e09.xml.macaon	148	38	.	.	poncts	poncts	_	2	ponct	_	_

47f6230b-dbb2-448b-abb9-2d03ef1c2e09.xml.macaon	149	1	Il	il	cln	cln	_	2	suj	_	_
47f6230b-dbb2-448b-abb9-2d03ef1c2e09.xml.macaon	150	2	ressemblait	ressembler	v	v	_	_	_	_	_
47f6230b-dbb2-448b-abb9-2d03ef1c2e09.xml.macaon	151	3	un#peu	un#peu	adv	adv	_	2	mod	_	_
47f6230b-dbb2-448b-abb9-2d03ef1c2e09.xml.macaon	152	4	plus	plus	adv	adv	_	2	mod	_	_
47f6230b-dbb2-448b-abb9-2d03ef1c2e09.xml.macaon	153	5	à	à	prep	prep	_	2	a_obj	_	_
47f6230b-dbb2-448b-abb9-2d03ef1c2e09.xml.macaon	154	6	un	un	det	det	_	7	det	_	_
47f6230b-dbb2-448b-abb9-2d03ef1c2e09.xml.macaon	155	7	daim	daim	nc	nc	_	5	obj	_	_
47f6230b-dbb2-448b-abb9-2d03ef1c2e09.xml.macaon	156	8	.	.	poncts	poncts	_	2	ponct	_	_

47f6230b-dbb2-448b-abb9-2d03ef1c2e09.xml.macaon	157	1	Le	le	det	det	_	2	det	_	_
47f6230b-dbb2-448b-abb9-2d03ef1c2e09.xml.macaon	158	2	mégalocéros	mégalocéros	nc	nc	_	3	suj	_	_
47f6230b-dbb2-448b-abb9-2d03ef1c2e09.xml.macaon	159	3	était	être	v	v	_	_	_	_	_
47f6230b-dbb2-448b-abb9-2d03ef1c2e09.xml.macaon	160	4	le#plus	le#plus	adv	adv	_	5	mod	_	_
47f6230b-dbb2-448b-abb9-2d03ef1c2e09.xml.macaon	161	5	grand	grand	adj	adj	_	3	ats	_	_
47f6230b-dbb2-448b-abb9-2d03ef1c2e09.xml.macaon	162	6	de	de	prep	prep	_	3	de_obj	_	_
47f6230b-dbb2-448b-abb9-2d03ef1c2e09.xml.macaon	163	7	tous	tout	adj	adj	_	9	mod	_	_
47f6230b-dbb2-448b-abb9-2d03ef1c2e09.xml.macaon	164	8	les	le	det	det	_	9	det	_	_
47f6230b-dbb2-448b-abb9-2d03ef1c2e09.xml.macaon	165	9	cervidés	cervidé	nc	nc	_	6	obj	_	_
47f6230b-dbb2-448b-abb9-2d03ef1c2e09.xml.macaon	166	10	,	,	ponctw	ponctw	_	9	ponct	_	_
47f6230b-dbb2-448b-abb9-2d03ef1c2e09.xml.macaon	167	11	plus	plus	adv	adv	_	12	mod	_	_
47f6230b-dbb2-448b-abb9-2d03ef1c2e09.xml.macaon	168	12	grand	grand	adj	adj	_	9	mod	_	_
47f6230b-dbb2-448b-abb9-2d03ef1c2e09.xml.macaon	169	13	encore#qu'	encore#qu'	prep	prep	_	3	mod	_	_
47f6230b-dbb2-448b-abb9-2d03ef1c2e09.xml.macaon	170	14	un	un	det	det	_	15	det	_	_
47f6230b-dbb2-448b-abb9-2d03ef1c2e09.xml.macaon	171	15	élan	élan	nc	nc	_	13	obj	_	_
47f6230b-dbb2-448b-abb9-2d03ef1c2e09.xml.macaon	172	16	:	:	ponctw	ponctw	_	19	ponct	_	_
47f6230b-dbb2-448b-abb9-2d03ef1c2e09.xml.macaon	173	17	les	le	det	det	_	18	det	_	_	B:Dimension:FE:Object:G:176
47f6230b-dbb2-448b-abb9-2d03ef1c2e09.xml.macaon	174	18	mâles	mâle	nc	nc	_	19	suj	_	_	I:Dimension:FE:Object:G:176
47f6230b-dbb2-448b-abb9-2d03ef1c2e09.xml.macaon	175	19	pouvaient	pouvoir	v	v	_	15	mod_rel	_	_
47f6230b-dbb2-448b-abb9-2d03ef1c2e09.xml.macaon	176	20	mesurer	mesurer	vinf	vinf	_	19	obj	_	_	B:Dimension:TARGET:mesurer:G:176
47f6230b-dbb2-448b-abb9-2d03ef1c2e09.xml.macaon	177	21	plus#de	plus#de	prep	prep	_	20	mod	_	_	B:Dimension:FE:Measurement:G:176
47f6230b-dbb2-448b-abb9-2d03ef1c2e09.xml.macaon	178	22	2	2	det	det	_	23	det	_	_	I:Dimension:FE:Measurement:G:176
47f6230b-dbb2-448b-abb9-2d03ef1c2e09.xml.macaon	179	23	mètres	mètre	nc	nc	_	21	obj	_	_	I:Dimension:FE:Measurement:G:176
47f6230b-dbb2-448b-abb9-2d03ef1c2e09.xml.macaon	180	24	de	de	prep	prep	_	23	dep	_	_	I:Dimension:FE:Measurement:G:176
47f6230b-dbb2-448b-abb9-2d03ef1c2e09.xml.macaon	181	25	haut	haut	nc	nc	_	24	obj	_	_	I:Dimension:FE:Measurement:G:176
47f6230b-dbb2-448b-abb9-2d03ef1c2e09.xml.macaon	182	26	,	,	ponctw	ponctw	_	23	ponct	_	_
47f6230b-dbb2-448b-abb9-2d03ef1c2e09.xml.macaon	183	27	et	et	coo	coo	_	23	coord	_	_
47f6230b-dbb2-448b-abb9-2d03ef1c2e09.xml.macaon	184	28	leurs	son	det	det	_	29	det	_	_
47f6230b-dbb2-448b-abb9-2d03ef1c2e09.xml.macaon	185	29	bois	bois	nc	nc	_	30	suj	_	_
47f6230b-dbb2-448b-abb9-2d03ef1c2e09.xml.macaon	186	30	atteignaient	atteindre	v	v	_	27	dep_coord	_	_	B:OTHER:G
47f6230b-dbb2-448b-abb9-2d03ef1c2e09.xml.macaon	187	31	3m50	3m50	adj	adj	_	30	ats	_	_
47f6230b-dbb2-448b-abb9-2d03ef1c2e09.xml.macaon	188	32	d'	de	prep	prep	_	30	de_obj	_	_
47f6230b-dbb2-448b-abb9-2d03ef1c2e09.xml.macaon	189	33	envergure	envergure	nc	nc	_	32	obj	_	_
47f6230b-dbb2-448b-abb9-2d03ef1c2e09.xml.macaon	190	34	.	.	poncts	poncts	_	3	__JOKER__	_	_

47f6230b-dbb2-448b-abb9-2d03ef1c2e09.xml.macaon	191	1	Le	le	det	det	_	2	det	_	_
47f6230b-dbb2-448b-abb9-2d03ef1c2e09.xml.macaon	192	2	mégalocéros	mégalocéros	nc	nc	_	4	suj	_	_
47f6230b-dbb2-448b-abb9-2d03ef1c2e09.xml.macaon	193	3	est	être	v	v	_	4	aux_tps	_	_
47f6230b-dbb2-448b-abb9-2d03ef1c2e09.xml.macaon	194	4	apparu	apparaître	vppart	vppart	_	_	_	_	_
47f6230b-dbb2-448b-abb9-2d03ef1c2e09.xml.macaon	195	5	en	en	prep	prep	_	4	mod	_	_
47f6230b-dbb2-448b-abb9-2d03ef1c2e09.xml.macaon	196	6	Asie	Asie	np	np	_	5	obj	_	_
47f6230b-dbb2-448b-abb9-2d03ef1c2e09.xml.macaon	197	7	,	,	ponctw	ponctw	_	12	ponct	_	_
47f6230b-dbb2-448b-abb9-2d03ef1c2e09.xml.macaon	198	8	durant	durant	prep	prep	_	12	mod	_	_
47f6230b-dbb2-448b-abb9-2d03ef1c2e09.xml.macaon	199	9	le	le	det	det	_	10	det	_	_
47f6230b-dbb2-448b-abb9-2d03ef1c2e09.xml.macaon	200	10	Pléistocène	Pléistocène	np	np	_	8	obj	_	_
47f6230b-dbb2-448b-abb9-2d03ef1c2e09.xml.macaon	201	11	,	,	ponctw	ponctw	_	12	ponct	_	_
47f6230b-dbb2-448b-abb9-2d03ef1c2e09.xml.macaon	202	12	il#y#a	il#y#a	v	v	_	6	__JOKER__	_	_
47f6230b-dbb2-448b-abb9-2d03ef1c2e09.xml.macaon	203	13	environ	environ	adv	adv	_	12	mod	_	_
47f6230b-dbb2-448b-abb9-2d03ef1c2e09.xml.macaon	204	14	500#000	500#000	det	det	_	15	det	_	_
47f6230b-dbb2-448b-abb9-2d03ef1c2e09.xml.macaon	205	15	ans	an	nc	nc	_	12	obj	_	_
47f6230b-dbb2-448b-abb9-2d03ef1c2e09.xml.macaon	206	16	.	.	poncts	poncts	_	4	ponct	_	_

47f6230b-dbb2-448b-abb9-2d03ef1c2e09.xml.macaon	207	1	Il	il	cln	cln	_	4	suj	_	_
47f6230b-dbb2-448b-abb9-2d03ef1c2e09.xml.macaon	208	2	s'	s'	clr	clr	_	4	aff	_	_
47f6230b-dbb2-448b-abb9-2d03ef1c2e09.xml.macaon	209	3	est	être	v	v	_	4	aux_tps	_	_
47f6230b-dbb2-448b-abb9-2d03ef1c2e09.xml.macaon	210	4	répandu	répandre	vppart	vppart	_	_	_	_	_
47f6230b-dbb2-448b-abb9-2d03ef1c2e09.xml.macaon	211	5	dans	dans	prep	prep	_	4	mod	_	_
47f6230b-dbb2-448b-abb9-2d03ef1c2e09.xml.macaon	212	6	toute	tout	det	det	_	7	det	_	_
47f6230b-dbb2-448b-abb9-2d03ef1c2e09.xml.macaon	213	7	l'	l'	nc	nc	_	5	obj	_	_
47f6230b-dbb2-448b-abb9-2d03ef1c2e09.xml.macaon	214	8	Europe	Europe	np	np	_	7	mod	_	_
47f6230b-dbb2-448b-abb9-2d03ef1c2e09.xml.macaon	215	9	,	,	ponctw	ponctw	_	7	ponct	_	_
47f6230b-dbb2-448b-abb9-2d03ef1c2e09.xml.macaon	216	10	notamment	notamment	adv	adv	_	17	mod	_	_
47f6230b-dbb2-448b-abb9-2d03ef1c2e09.xml.macaon	217	11	en	en	prep	prep	_	17	mod	_	_	B:Locating:FE:Location:G:223
47f6230b-dbb2-448b-abb9-2d03ef1c2e09.xml.macaon	218	12	Irlande	Irlande	np	np	_	11	obj	_	_	I:Locating:FE:Location:G:223
47f6230b-dbb2-448b-abb9-2d03ef1c2e09.xml.macaon	219	13	,	,	ponctw	ponctw	_	12	ponct	_	_
47f6230b-dbb2-448b-abb9-2d03ef1c2e09.xml.macaon	220	14	où	où	prorel	prorel	_	17	suj	_	_	B:Locating:FE:Location:G:223
47f6230b-dbb2-448b-abb9-2d03ef1c2e09.xml.macaon	221	15	l'on	l'on	cln	cln	_	17	suj	_	_	B:Locating:FE:Perceiver:G:223
47f6230b-dbb2-448b-abb9-2d03ef1c2e09.xml.macaon	222	16	a	avoir	v	v	_	17	aux_tps	_	_
47f6230b-dbb2-448b-abb9-2d03ef1c2e09.xml.macaon	223	17	retrouvé	retrouver	vppart	vppart	_	7	mod_rel	_	_	B:Locating:TARGET:retrouver:G:223
47f6230b-dbb2-448b-abb9-2d03ef1c2e09.xml.macaon	224	18	de	de	prep	prep	_	17	de_obj	_	_	B:Locating:FE:Sought_entity:G:223
47f6230b-dbb2-448b-abb9-2d03ef1c2e09.xml.macaon	225	19	nombreux	nombreux	adj	adj	_	20	mod	_	_	I:Locating:FE:Sought_entity:G:223
47f6230b-dbb2-448b-abb9-2d03ef1c2e09.xml.macaon	226	20	squelettes	squelette	nc	nc	_	18	obj	_	_	I:Locating:FE:Sought_entity:G:223
47f6230b-dbb2-448b-abb9-2d03ef1c2e09.xml.macaon	227	21	conservés	conserver	vppart	vppart	_	20	mod	_	_
47f6230b-dbb2-448b-abb9-2d03ef1c2e09.xml.macaon	228	22	dans	dans	prep	prep	_	21	mod	_	_	B:Locating:FE:Ground:G:223
47f6230b-dbb2-448b-abb9-2d03ef1c2e09.xml.macaon	229	23	des	un	det	det	_	24	det	_	_	I:Locating:FE:Ground:G:223
47f6230b-dbb2-448b-abb9-2d03ef1c2e09.xml.macaon	230	24	tourbières	tourbière	nc	nc	_	22	obj	_	_	I:Locating:FE:Ground:G:223
47f6230b-dbb2-448b-abb9-2d03ef1c2e09.xml.macaon	231	25	,	,	ponctw	ponctw	_	24	ponct	_	_
47f6230b-dbb2-448b-abb9-2d03ef1c2e09.xml.macaon	232	26	d'où	d'où	adv	adv	_	24	mod	_	_
47f6230b-dbb2-448b-abb9-2d03ef1c2e09.xml.macaon	233	27	son	son	det	det	_	28	det	_	_
47f6230b-dbb2-448b-abb9-2d03ef1c2e09.xml.macaon	234	28	nom	nom	nc	nc	_	22	obj	_	_
47f6230b-dbb2-448b-abb9-2d03ef1c2e09.xml.macaon	235	29	courant	courant	adj	adj	_	28	mod	_	_
47f6230b-dbb2-448b-abb9-2d03ef1c2e09.xml.macaon	236	30	.	.	poncts	poncts	_	17	ponct	_	_

47f6230b-dbb2-448b-abb9-2d03ef1c2e09.xml.macaon	237	1	Les	les	det	det	_	3	det	_	_
47f6230b-dbb2-448b-abb9-2d03ef1c2e09.xml.macaon	238	2	derniers	dernier	adj	adj	_	3	mod	_	_
47f6230b-dbb2-448b-abb9-2d03ef1c2e09.xml.macaon	239	3	mégalocéros	mégalocéros	nc	nc	_	6	suj	_	_
47f6230b-dbb2-448b-abb9-2d03ef1c2e09.xml.macaon	240	4	ont	avoir	v	v	_	5	aux_tps	_	_
47f6230b-dbb2-448b-abb9-2d03ef1c2e09.xml.macaon	241	5	disparu	disparaître	vppart	vppart	_	3	mod	_	_
47f6230b-dbb2-448b-abb9-2d03ef1c2e09.xml.macaon	242	6	il#y#a	il#y#a	v	v	_	_	_	_	_
47f6230b-dbb2-448b-abb9-2d03ef1c2e09.xml.macaon	243	7	environ	environ	adv	adv	_	6	mod	_	_
47f6230b-dbb2-448b-abb9-2d03ef1c2e09.xml.macaon	244	8	11#000	11#000	det	det	_	9	det	_	_
47f6230b-dbb2-448b-abb9-2d03ef1c2e09.xml.macaon	245	9	ans	an	nc	nc	_	6	obj	_	_
47f6230b-dbb2-448b-abb9-2d03ef1c2e09.xml.macaon	246	10	.	.	poncts	poncts	_	6	ponct	_	_

47f6230b-dbb2-448b-abb9-2d03ef1c2e09.xml.macaon	247	1	Dessin	Dessin	np	np	_	_	_	_	_
47f6230b-dbb2-448b-abb9-2d03ef1c2e09.xml.macaon	248	2	d'	de	prep	prep	_	1	dep	_	_
47f6230b-dbb2-448b-abb9-2d03ef1c2e09.xml.macaon	249	3	un	un	det	det	_	4	det	_	_
47f6230b-dbb2-448b-abb9-2d03ef1c2e09.xml.macaon	250	4	mégalocéros	mégalocéros	nc	nc	_	2	obj	_	_
47f6230b-dbb2-448b-abb9-2d03ef1c2e09.xml.macaon	251	5	sur	sur	prep	prep	_	4	dep	_	_
47f6230b-dbb2-448b-abb9-2d03ef1c2e09.xml.macaon	252	6	les	le	det	det	_	7	det	_	_
47f6230b-dbb2-448b-abb9-2d03ef1c2e09.xml.macaon	253	7	peintures	peinture	nc	nc	_	5	obj	_	_
47f6230b-dbb2-448b-abb9-2d03ef1c2e09.xml.macaon	254	8	rupestres	rupestre	adj	adj	_	7	mod	_	_
47f6230b-dbb2-448b-abb9-2d03ef1c2e09.xml.macaon	255	9	de	de	prep	prep	_	7	dep	_	_
47f6230b-dbb2-448b-abb9-2d03ef1c2e09.xml.macaon	256	10	la	le	det	det	_	11	det	_	_
47f6230b-dbb2-448b-abb9-2d03ef1c2e09.xml.macaon	257	11	Grotte	grotte	nc	nc	_	9	obj	_	_
47f6230b-dbb2-448b-abb9-2d03ef1c2e09.xml.macaon	258	12	de	de	prep	prep	_	11	dep	_	_
47f6230b-dbb2-448b-abb9-2d03ef1c2e09.xml.macaon	259	13	Lascaux	Lascaux	np	np	_	12	obj	_	_
47f6230b-dbb2-448b-abb9-2d03ef1c2e09.xml.macaon	260	14	.	.	poncts	poncts	_	4	ponct	_	_

47f6230b-dbb2-448b-abb9-2d03ef1c2e09.xml.macaon	261	1	Malgré	malgré	prep	prep	_	7	mod	_	_
47f6230b-dbb2-448b-abb9-2d03ef1c2e09.xml.macaon	262	2	cette	ce	det	det	_	3	det	_	_
47f6230b-dbb2-448b-abb9-2d03ef1c2e09.xml.macaon	263	3	disparition	disparition	nc	nc	_	1	obj	_	_
47f6230b-dbb2-448b-abb9-2d03ef1c2e09.xml.macaon	264	4	,	,	ponctw	ponctw	_	7	ponct	_	_
47f6230b-dbb2-448b-abb9-2d03ef1c2e09.xml.macaon	265	5	le	le	det	det	_	6	det	_	_
47f6230b-dbb2-448b-abb9-2d03ef1c2e09.xml.macaon	266	6	mégalocéros	mégalocéros	nc	nc	_	7	suj	_	_	B:Awareness:FE:Content:G:270
47f6230b-dbb2-448b-abb9-2d03ef1c2e09.xml.macaon	267	7	est	être	v	v	_	10	aux_tps	_	_
47f6230b-dbb2-448b-abb9-2d03ef1c2e09.xml.macaon	268	8	relativement	relativement	adv	adv	_	10	mod	_	_
47f6230b-dbb2-448b-abb9-2d03ef1c2e09.xml.macaon	269	9	bien	bien	adv	adv	_	10	mod	_	_
47f6230b-dbb2-448b-abb9-2d03ef1c2e09.xml.macaon	270	10	connu	connaître	vppart	vppart	_	_	_	_	_	B:Awareness:TARGET:connaître:G:270
47f6230b-dbb2-448b-abb9-2d03ef1c2e09.xml.macaon	271	11	,	,	ponctw	ponctw	_	10	ponct	_	_
47f6230b-dbb2-448b-abb9-2d03ef1c2e09.xml.macaon	272	12	car	car	coo	coo	_	10	__JOKER__	_	_
47f6230b-dbb2-448b-abb9-2d03ef1c2e09.xml.macaon	273	13	non	non	advneg	advneg	_	17	mod	_	_
47f6230b-dbb2-448b-abb9-2d03ef1c2e09.xml.macaon	274	14	seulement	seulement	adv	adv	_	17	mod	_	_
47f6230b-dbb2-448b-abb9-2d03ef1c2e09.xml.macaon	275	15	on	on	cln	cln	_	17	suj	_	_	B:Locating:FE:Perceiver:G:277
47f6230b-dbb2-448b-abb9-2d03ef1c2e09.xml.macaon	276	16	a	avoir	v	v	_	17	aux_tps	_	_
47f6230b-dbb2-448b-abb9-2d03ef1c2e09.xml.macaon	277	17	retrouvé	retrouver	vppart	vppart	_	12	__JOKER__	_	_	B:Locating:TARGET:retrouver:G:277
47f6230b-dbb2-448b-abb9-2d03ef1c2e09.xml.macaon	278	18	de	de	prep	prep	_	17	de_obj	_	_	B:Locating:FE:Sought_entity:G:277
47f6230b-dbb2-448b-abb9-2d03ef1c2e09.xml.macaon	279	19	nombreux	nombreux	adj	adj	_	20	mod	_	_	I:Locating:FE:Sought_entity:G:277
47f6230b-dbb2-448b-abb9-2d03ef1c2e09.xml.macaon	280	20	fossiles	fossile	nc	nc	_	18	obj	_	_	I:Locating:FE:Sought_entity:G:277
47f6230b-dbb2-448b-abb9-2d03ef1c2e09.xml.macaon	281	21	de	de	prep	prep	_	20	dep	_	_	I:Locating:FE:Sought_entity:G:277
47f6230b-dbb2-448b-abb9-2d03ef1c2e09.xml.macaon	282	22	cet	ce	det	det	_	23	det	_	_	I:Locating:FE:Sought_entity:G:277
47f6230b-dbb2-448b-abb9-2d03ef1c2e09.xml.macaon	283	23	animal	animal	nc	nc	_	21	obj	_	_	I:Locating:FE:Sought_entity:G:277
47f6230b-dbb2-448b-abb9-2d03ef1c2e09.xml.macaon	284	24	,	,	ponctw	ponctw	_	20	ponct	_	_
47f6230b-dbb2-448b-abb9-2d03ef1c2e09.xml.macaon	285	25	mais	mais	coo	coo	_	20	coord	_	_
47f6230b-dbb2-448b-abb9-2d03ef1c2e09.xml.macaon	286	26	également	également	adv	adv	_	25	mod	_	_
47f6230b-dbb2-448b-abb9-2d03ef1c2e09.xml.macaon	287	27	parce#que	parce#que	csu	csu	_	26	dep	_	_
47f6230b-dbb2-448b-abb9-2d03ef1c2e09.xml.macaon	288	28	les	le	det	det	_	29	det	_	_
47f6230b-dbb2-448b-abb9-2d03ef1c2e09.xml.macaon	289	29	hommes	homme	nc	nc	_	33	suj	_	_
47f6230b-dbb2-448b-abb9-2d03ef1c2e09.xml.macaon	290	30	préhistoriques	préhistorique	adj	adj	_	29	mod	_	_
47f6230b-dbb2-448b-abb9-2d03ef1c2e09.xml.macaon	291	31	les	les	clo	clo	_	33	a_obj	_	_
47f6230b-dbb2-448b-abb9-2d03ef1c2e09.xml.macaon	292	32	ont	avoir	v	v	_	33	aux_tps	_	_
47f6230b-dbb2-448b-abb9-2d03ef1c2e09.xml.macaon	293	33	dessinés	dessiner	vppart	vppart	_	27	obj	_	_
47f6230b-dbb2-448b-abb9-2d03ef1c2e09.xml.macaon	294	34	sur	sur	prep	prep	_	33	mod	_	_
47f6230b-dbb2-448b-abb9-2d03ef1c2e09.xml.macaon	295	35	les	le	det	det	_	36	det	_	_
47f6230b-dbb2-448b-abb9-2d03ef1c2e09.xml.macaon	296	36	parois	paroi	nc	nc	_	34	obj	_	_
47f6230b-dbb2-448b-abb9-2d03ef1c2e09.xml.macaon	297	37	de	de	prep	prep	_	36	dep	_	_
47f6230b-dbb2-448b-abb9-2d03ef1c2e09.xml.macaon	298	38	leurs	son	det	det	_	39	det	_	_
47f6230b-dbb2-448b-abb9-2d03ef1c2e09.xml.macaon	299	39	cavernes	caverne	nc	nc	_	37	obj	_	_
47f6230b-dbb2-448b-abb9-2d03ef1c2e09.xml.macaon	300	40	:	:	ponctw	ponctw	_	42	ponct	_	_
47f6230b-dbb2-448b-abb9-2d03ef1c2e09.xml.macaon	301	41	on	on	cln	cln	_	42	suj	_	_
47f6230b-dbb2-448b-abb9-2d03ef1c2e09.xml.macaon	302	42	sait	savoir	v	v	_	27	obj	_	_
47f6230b-dbb2-448b-abb9-2d03ef1c2e09.xml.macaon	303	43	du#coup	du#coup	adv	adv	_	42	mod	_	_
47f6230b-dbb2-448b-abb9-2d03ef1c2e09.xml.macaon	304	44	à	à	prep	prep	_	42	a_obj	_	_
47f6230b-dbb2-448b-abb9-2d03ef1c2e09.xml.macaon	305	45	quoi	quoi	prorel	prorel	_	44	obj	_	_
47f6230b-dbb2-448b-abb9-2d03ef1c2e09.xml.macaon	306	46	il	il	cln	cln	_	47	suj	_	_
47f6230b-dbb2-448b-abb9-2d03ef1c2e09.xml.macaon	307	47	ressemblait	ressembler	v	v	_	27	obj	_	_
47f6230b-dbb2-448b-abb9-2d03ef1c2e09.xml.macaon	308	48	,	,	ponctw	ponctw	_	47	ponct	_	_
47f6230b-dbb2-448b-abb9-2d03ef1c2e09.xml.macaon	309	49	notamment	notamment	adv	adv	_	50	mod	_	_
47f6230b-dbb2-448b-abb9-2d03ef1c2e09.xml.macaon	310	50	quelle	quelle	adj	adj	_	47	ats	_	_
47f6230b-dbb2-448b-abb9-2d03ef1c2e09.xml.macaon	311	51	était	être	v	v	_	47	mod	_	_
47f6230b-dbb2-448b-abb9-2d03ef1c2e09.xml.macaon	312	52	la	le	det	det	_	53	det	_	_
47f6230b-dbb2-448b-abb9-2d03ef1c2e09.xml.macaon	313	53	couleur	couleur	nc	nc	_	47	obj	_	_
47f6230b-dbb2-448b-abb9-2d03ef1c2e09.xml.macaon	314	54	de	de	prep	prep	_	53	dep	_	_
47f6230b-dbb2-448b-abb9-2d03ef1c2e09.xml.macaon	315	55	son	son	det	det	_	56	det	_	_
47f6230b-dbb2-448b-abb9-2d03ef1c2e09.xml.macaon	316	56	pelage	pelage	nc	nc	_	54	obj	_	_
47f6230b-dbb2-448b-abb9-2d03ef1c2e09.xml.macaon	317	57	...	...	poncts	poncts	_	17	ponct	_	_

47f6230b-dbb2-448b-abb9-2d03ef1c2e09.xml.macaon	318	1	Le	le	det	det	_	2	det	_	_
47f6230b-dbb2-448b-abb9-2d03ef1c2e09.xml.macaon	319	2	mégalocéros	mégalocéros	nc	nc	_	9	suj	_	_
47f6230b-dbb2-448b-abb9-2d03ef1c2e09.xml.macaon	320	3	géant	géant	adj	adj	_	2	mod	_	_
47f6230b-dbb2-448b-abb9-2d03ef1c2e09.xml.macaon	321	4	(	(	ponctw	ponctw	_	6	ponct	_	_
47f6230b-dbb2-448b-abb9-2d03ef1c2e09.xml.macaon	322	5	Megaloceros	Megaloceros	etr	etr	_	6	dep	_	_
47f6230b-dbb2-448b-abb9-2d03ef1c2e09.xml.macaon	323	6	giganteus	giganteus	etr	etr	_	2	dep	_	_
47f6230b-dbb2-448b-abb9-2d03ef1c2e09.xml.macaon	324	7	)	)	ponctw	ponctw	_	2	ponct	_	_
47f6230b-dbb2-448b-abb9-2d03ef1c2e09.xml.macaon	325	8	n'	n'	advneg	advneg	_	9	mod	_	_
47f6230b-dbb2-448b-abb9-2d03ef1c2e09.xml.macaon	326	9	était	être	v	v	_	_	_	_	_
47f6230b-dbb2-448b-abb9-2d03ef1c2e09.xml.macaon	327	10	pas	pas	advneg	advneg	_	9	mod	_	_
47f6230b-dbb2-448b-abb9-2d03ef1c2e09.xml.macaon	328	11	la	le	det	det	_	13	det	_	_
47f6230b-dbb2-448b-abb9-2d03ef1c2e09.xml.macaon	329	12	seule	seul	adj	adj	_	13	mod	_	_
47f6230b-dbb2-448b-abb9-2d03ef1c2e09.xml.macaon	330	13	espèce	espèce	nc	nc	_	9	obj	_	_
47f6230b-dbb2-448b-abb9-2d03ef1c2e09.xml.macaon	331	14	de	de	prep	prep	_	13	dep	_	_
47f6230b-dbb2-448b-abb9-2d03ef1c2e09.xml.macaon	332	15	mégalocéros	mégalocéros	nc	nc	_	14	obj	_	_
47f6230b-dbb2-448b-abb9-2d03ef1c2e09.xml.macaon	333	16	:	:	ponctw	ponctw	_	19	ponct	_	_
47f6230b-dbb2-448b-abb9-2d03ef1c2e09.xml.macaon	334	17	il	il	cln	cln	_	19	suj	_	_
47f6230b-dbb2-448b-abb9-2d03ef1c2e09.xml.macaon	335	18	en	en	clo	clo	_	19	__JOKER__	_	_
47f6230b-dbb2-448b-abb9-2d03ef1c2e09.xml.macaon	336	19	existait	exister	v	v	_	13	mod_rel	_	_	B:Existence:TARGET:exister:G:336
47f6230b-dbb2-448b-abb9-2d03ef1c2e09.xml.macaon	337	20	plusieurs	plusieurs	det	det	_	22	det	_	_	B:Existence:FE:Entity:G:336	B:Awareness:FE:Content:G:342
47f6230b-dbb2-448b-abb9-2d03ef1c2e09.xml.macaon	338	21	autres	autre	adj	adj	_	22	mod	_	_	I:Existence:FE:Entity:G:336	I:Awareness:FE:Content:G:342
47f6230b-dbb2-448b-abb9-2d03ef1c2e09.xml.macaon	339	22	espèces	espèce	nc	nc	_	19	obj	_	_	I:Existence:FE:Entity:G:336	I:Awareness:FE:Content:G:342
47f6230b-dbb2-448b-abb9-2d03ef1c2e09.xml.macaon	340	23	,	,	ponctw	ponctw	_	22	ponct	_	_
47f6230b-dbb2-448b-abb9-2d03ef1c2e09.xml.macaon	341	24	moins	moins	adv	adv	_	25	mod	_	_
47f6230b-dbb2-448b-abb9-2d03ef1c2e09.xml.macaon	342	25	connues	connaître	adj	adj	_	22	mod	_	_	B:Awareness:TARGET:connaître:G:342
47f6230b-dbb2-448b-abb9-2d03ef1c2e09.xml.macaon	343	26	.	.	poncts	poncts	_	9	ponct	_	_
