4fbaa231-f077-40ee-9e2c-1de130582f4c.xml.macaon	0	1	vikidia	vikidia	nc	nc	_	_	_	_	_

4fbaa231-f077-40ee-9e2c-1de130582f4c.xml.macaon	1	1	4fbaa231	4fbaa231	adj	adj	_	3	mod	_	_
4fbaa231-f077-40ee-9e2c-1de130582f4c.xml.macaon	2	2	-	-	ponctw	ponctw	_	1	ponct	_	_
4fbaa231-f077-40ee-9e2c-1de130582f4c.xml.macaon	3	3	f077	f077	nc	nc	_	_	_	_	_
4fbaa231-f077-40ee-9e2c-1de130582f4c.xml.macaon	4	4	-	-	ponctw	ponctw	_	3	ponct	_	_
4fbaa231-f077-40ee-9e2c-1de130582f4c.xml.macaon	5	5	40ee	40ee	nc	nc	_	3	mod	_	_
4fbaa231-f077-40ee-9e2c-1de130582f4c.xml.macaon	6	6	-	-	ponctw	ponctw	_	5	ponct	_	_
4fbaa231-f077-40ee-9e2c-1de130582f4c.xml.macaon	7	7	9e2c	9e2c	adj	adj	_	5	mod	_	_
4fbaa231-f077-40ee-9e2c-1de130582f4c.xml.macaon	8	8	-	-	ponctw	ponctw	_	5	ponct	_	_
4fbaa231-f077-40ee-9e2c-1de130582f4c.xml.macaon	9	9	1de130582f4c	1de130582f4c	nc	nc	_	5	mod	_	_

4fbaa231-f077-40ee-9e2c-1de130582f4c.xml.macaon	10	1	ADDED	ADDED	nc	nc	_	_	_	_	_

4fbaa231-f077-40ee-9e2c-1de130582f4c.xml.macaon	11	1	2016	2016	adj	adj	_	3	mod	_	_
4fbaa231-f077-40ee-9e2c-1de130582f4c.xml.macaon	12	2	-	-	ponctw	ponctw	_	1	ponct	_	_
4fbaa231-f077-40ee-9e2c-1de130582f4c.xml.macaon	13	3	06	06	nc	nc	_	_	_	_	_
4fbaa231-f077-40ee-9e2c-1de130582f4c.xml.macaon	14	4	-	-	ponctw	ponctw	_	3	ponct	_	_
4fbaa231-f077-40ee-9e2c-1de130582f4c.xml.macaon	15	5	15T14	15T14	nc	nc	_	3	mod	_	_
4fbaa231-f077-40ee-9e2c-1de130582f4c.xml.macaon	16	6	:	:	ponctw	ponctw	_	5	ponct	_	_
4fbaa231-f077-40ee-9e2c-1de130582f4c.xml.macaon	17	7	32	32	nc	nc	_	5	mod	_	_
4fbaa231-f077-40ee-9e2c-1de130582f4c.xml.macaon	18	8	:	:	ponctw	ponctw	_	7	ponct	_	_
4fbaa231-f077-40ee-9e2c-1de130582f4c.xml.macaon	19	9	34Z	34Z	nc	nc	_	7	mod	_	_

4fbaa231-f077-40ee-9e2c-1de130582f4c.xml.macaon	20	1	Hallstatt	Hallstatt	np	np	_	_	_	_	_

4fbaa231-f077-40ee-9e2c-1de130582f4c.xml.macaon	21	1	Hallstatt	Hallstatt	np	np	_	2	suj	_	_
4fbaa231-f077-40ee-9e2c-1de130582f4c.xml.macaon	22	2	est	être	v	v	_	_	_	_	_
4fbaa231-f077-40ee-9e2c-1de130582f4c.xml.macaon	23	3	une	un	det	det	_	4	det	_	_
4fbaa231-f077-40ee-9e2c-1de130582f4c.xml.macaon	24	4	commune	commune	nc	nc	_	2	ats	_	_
4fbaa231-f077-40ee-9e2c-1de130582f4c.xml.macaon	25	5	autrichienne	autrichien	adj	adj	_	4	mod	_	_
4fbaa231-f077-40ee-9e2c-1de130582f4c.xml.macaon	26	6	,	,	ponctw	ponctw	_	4	ponct	_	_
4fbaa231-f077-40ee-9e2c-1de130582f4c.xml.macaon	27	7	située	situer	vppart	vppart	_	4	mod	_	_
4fbaa231-f077-40ee-9e2c-1de130582f4c.xml.macaon	28	8	en	en	prep	prep	_	7	mod	_	_
4fbaa231-f077-40ee-9e2c-1de130582f4c.xml.macaon	29	9	Haute	Haute	np	np	_	8	obj	_	_
4fbaa231-f077-40ee-9e2c-1de130582f4c.xml.macaon	30	10	-	-	ponctw	ponctw	_	9	ponct	_	_
4fbaa231-f077-40ee-9e2c-1de130582f4c.xml.macaon	31	11	Autriche	Autriche	np	np	_	8	obj	_	_
4fbaa231-f077-40ee-9e2c-1de130582f4c.xml.macaon	32	12	.	.	poncts	poncts	_	2	ponct	_	_

4fbaa231-f077-40ee-9e2c-1de130582f4c.xml.macaon	33	1	C'	C'	cln	cln	_	2	suj	_	_
4fbaa231-f077-40ee-9e2c-1de130582f4c.xml.macaon	34	2	est	être	v	v	_	_	_	_	_
4fbaa231-f077-40ee-9e2c-1de130582f4c.xml.macaon	35	3	un	un	det	det	_	4	det	_	_
4fbaa231-f077-40ee-9e2c-1de130582f4c.xml.macaon	36	4	village	village	nc	nc	_	2	ats	_	_
4fbaa231-f077-40ee-9e2c-1de130582f4c.xml.macaon	37	5	de	de	prep	prep	_	4	dep	_	_
4fbaa231-f077-40ee-9e2c-1de130582f4c.xml.macaon	38	6	800	800	det	det	_	7	det	_	_
4fbaa231-f077-40ee-9e2c-1de130582f4c.xml.macaon	39	7	habitants	habitant	nc	nc	_	5	obj	_	_
4fbaa231-f077-40ee-9e2c-1de130582f4c.xml.macaon	40	8	,	,	ponctw	ponctw	_	7	ponct	_	_
4fbaa231-f077-40ee-9e2c-1de130582f4c.xml.macaon	41	9	dans	dans	prep	prep	_	7	dep	_	_
4fbaa231-f077-40ee-9e2c-1de130582f4c.xml.macaon	42	10	les	le	det	det	_	11	det	_	_
4fbaa231-f077-40ee-9e2c-1de130582f4c.xml.macaon	43	11	montagnes	montagne	nc	nc	_	9	obj	_	_
4fbaa231-f077-40ee-9e2c-1de130582f4c.xml.macaon	44	12	du	du	prep	prep	_	11	dep	_	_
4fbaa231-f077-40ee-9e2c-1de130582f4c.xml.macaon	45	13	centre	centre	nc	nc	_	12	obj	_	_
4fbaa231-f077-40ee-9e2c-1de130582f4c.xml.macaon	46	14	du	du	prep	prep	_	13	dep	_	_
4fbaa231-f077-40ee-9e2c-1de130582f4c.xml.macaon	47	15	pays	pays	nc	nc	_	14	obj	_	_
4fbaa231-f077-40ee-9e2c-1de130582f4c.xml.macaon	48	16	.	.	poncts	poncts	_	2	ponct	_	_

4fbaa231-f077-40ee-9e2c-1de130582f4c.xml.macaon	49	1	Préhistoire	préhistoire	nc	nc	_	_	_	_	_

4fbaa231-f077-40ee-9e2c-1de130582f4c.xml.macaon	50	1	Hallstatt	Hallstatt	np	np	_	_	_	_	_

4fbaa231-f077-40ee-9e2c-1de130582f4c.xml.macaon	51	1	Hallstatt	Hallstatt	np	np	_	2	suj	_	_
4fbaa231-f077-40ee-9e2c-1de130582f4c.xml.macaon	52	2	est	être	v	v	_	_	_	_	_
4fbaa231-f077-40ee-9e2c-1de130582f4c.xml.macaon	53	3	une	un	det	det	_	4	det	_	_
4fbaa231-f077-40ee-9e2c-1de130582f4c.xml.macaon	54	4	commune	commune	nc	nc	_	2	ats	_	_
4fbaa231-f077-40ee-9e2c-1de130582f4c.xml.macaon	55	5	autrichienne	autrichien	adj	adj	_	4	mod	_	_
4fbaa231-f077-40ee-9e2c-1de130582f4c.xml.macaon	56	6	,	,	ponctw	ponctw	_	4	ponct	_	_
4fbaa231-f077-40ee-9e2c-1de130582f4c.xml.macaon	57	7	située	situer	vppart	vppart	_	4	mod	_	_
4fbaa231-f077-40ee-9e2c-1de130582f4c.xml.macaon	58	8	en	en	prep	prep	_	7	mod	_	_
4fbaa231-f077-40ee-9e2c-1de130582f4c.xml.macaon	59	9	Haute	Haute	np	np	_	8	obj	_	_
4fbaa231-f077-40ee-9e2c-1de130582f4c.xml.macaon	60	10	-	-	ponctw	ponctw	_	9	ponct	_	_
4fbaa231-f077-40ee-9e2c-1de130582f4c.xml.macaon	61	11	Autriche	Autriche	np	np	_	8	obj	_	_
4fbaa231-f077-40ee-9e2c-1de130582f4c.xml.macaon	62	12	.	.	poncts	poncts	_	2	ponct	_	_

4fbaa231-f077-40ee-9e2c-1de130582f4c.xml.macaon	63	1	C'	C'	cln	cln	_	2	suj	_	_
4fbaa231-f077-40ee-9e2c-1de130582f4c.xml.macaon	64	2	est	être	v	v	_	_	_	_	_
4fbaa231-f077-40ee-9e2c-1de130582f4c.xml.macaon	65	3	un	un	det	det	_	4	det	_	_
4fbaa231-f077-40ee-9e2c-1de130582f4c.xml.macaon	66	4	village	village	nc	nc	_	2	ats	_	_
4fbaa231-f077-40ee-9e2c-1de130582f4c.xml.macaon	67	5	de	de	prep	prep	_	4	dep	_	_
4fbaa231-f077-40ee-9e2c-1de130582f4c.xml.macaon	68	6	800	800	det	det	_	7	det	_	_
4fbaa231-f077-40ee-9e2c-1de130582f4c.xml.macaon	69	7	habitants	habitant	nc	nc	_	5	obj	_	_
4fbaa231-f077-40ee-9e2c-1de130582f4c.xml.macaon	70	8	,	,	ponctw	ponctw	_	7	ponct	_	_
4fbaa231-f077-40ee-9e2c-1de130582f4c.xml.macaon	71	9	dans	dans	prep	prep	_	7	dep	_	_
4fbaa231-f077-40ee-9e2c-1de130582f4c.xml.macaon	72	10	les	le	det	det	_	11	det	_	_
4fbaa231-f077-40ee-9e2c-1de130582f4c.xml.macaon	73	11	montagnes	montagne	nc	nc	_	9	obj	_	_
4fbaa231-f077-40ee-9e2c-1de130582f4c.xml.macaon	74	12	du	du	prep	prep	_	11	dep	_	_
4fbaa231-f077-40ee-9e2c-1de130582f4c.xml.macaon	75	13	centre	centre	nc	nc	_	12	obj	_	_
4fbaa231-f077-40ee-9e2c-1de130582f4c.xml.macaon	76	14	du	du	prep	prep	_	13	dep	_	_
4fbaa231-f077-40ee-9e2c-1de130582f4c.xml.macaon	77	15	pays	pays	nc	nc	_	14	obj	_	_
4fbaa231-f077-40ee-9e2c-1de130582f4c.xml.macaon	78	16	.	.	poncts	poncts	_	2	ponct	_	_

4fbaa231-f077-40ee-9e2c-1de130582f4c.xml.macaon	79	1	C'	C'	cln	cln	_	2	suj	_	_
4fbaa231-f077-40ee-9e2c-1de130582f4c.xml.macaon	80	2	est	être	v	v	_	_	_	_	_
4fbaa231-f077-40ee-9e2c-1de130582f4c.xml.macaon	81	3	un	un	det	det	_	4	det	_	_
4fbaa231-f077-40ee-9e2c-1de130582f4c.xml.macaon	82	4	village	village	nc	nc	_	2	ats	_	_
4fbaa231-f077-40ee-9e2c-1de130582f4c.xml.macaon	83	5	touristique	touristique	adj	adj	_	4	mod	_	_
4fbaa231-f077-40ee-9e2c-1de130582f4c.xml.macaon	84	6	typique	typique	adj	adj	_	4	mod	_	_
4fbaa231-f077-40ee-9e2c-1de130582f4c.xml.macaon	85	7	,	,	ponctw	ponctw	_	4	ponct	_	_
4fbaa231-f077-40ee-9e2c-1de130582f4c.xml.macaon	86	8	situé	situer	vppart	vppart	_	4	mod	_	_
4fbaa231-f077-40ee-9e2c-1de130582f4c.xml.macaon	87	9	au#bord#d'	au#bord#de	prep	prep	_	8	mod	_	_
4fbaa231-f077-40ee-9e2c-1de130582f4c.xml.macaon	88	10	un	un	det	det	_	11	det	_	_
4fbaa231-f077-40ee-9e2c-1de130582f4c.xml.macaon	89	11	lac	lac	nc	nc	_	9	obj	_	_
4fbaa231-f077-40ee-9e2c-1de130582f4c.xml.macaon	90	12	,	,	ponctw	ponctw	_	11	ponct	_	_
4fbaa231-f077-40ee-9e2c-1de130582f4c.xml.macaon	91	13	avec	avec	prep	prep	_	8	mod	_	_
4fbaa231-f077-40ee-9e2c-1de130582f4c.xml.macaon	92	14	des	un	det	det	_	15	det	_	_
4fbaa231-f077-40ee-9e2c-1de130582f4c.xml.macaon	93	15	toits	toit	nc	nc	_	13	obj	_	_
4fbaa231-f077-40ee-9e2c-1de130582f4c.xml.macaon	94	16	et	et	coo	coo	_	13	coord	_	_
4fbaa231-f077-40ee-9e2c-1de130582f4c.xml.macaon	95	17	des	des	prep	prep	_	16	dep_coord	_	_
4fbaa231-f077-40ee-9e2c-1de130582f4c.xml.macaon	96	18	clochers	clocher	nc	nc	_	17	obj	_	_
4fbaa231-f077-40ee-9e2c-1de130582f4c.xml.macaon	97	19	pointus	pointu	nc	nc	_	18	mod	_	_
4fbaa231-f077-40ee-9e2c-1de130582f4c.xml.macaon	98	20	,	,	ponctw	ponctw	_	16	ponct	_	_
4fbaa231-f077-40ee-9e2c-1de130582f4c.xml.macaon	99	21	et	et	coo	coo	_	13	coord	_	_
4fbaa231-f077-40ee-9e2c-1de130582f4c.xml.macaon	100	22	de	de	prep	prep	_	21	dep_coord	_	_
4fbaa231-f077-40ee-9e2c-1de130582f4c.xml.macaon	101	23	beaux	beau	adj	adj	_	24	mod	_	_
4fbaa231-f077-40ee-9e2c-1de130582f4c.xml.macaon	102	24	hôtels	hôtel	nc	nc	_	22	obj	_	_
4fbaa231-f077-40ee-9e2c-1de130582f4c.xml.macaon	103	25	peints	peindre	adj	adj	_	24	mod	_	_
4fbaa231-f077-40ee-9e2c-1de130582f4c.xml.macaon	104	26	en	en	prep	prep	_	21	dep_coord	_	_
4fbaa231-f077-40ee-9e2c-1de130582f4c.xml.macaon	105	27	blanc	blanc	adj	adj	_	26	obj	_	_
4fbaa231-f077-40ee-9e2c-1de130582f4c.xml.macaon	106	28	.	.	poncts	poncts	_	2	ponct	_	_

4fbaa231-f077-40ee-9e2c-1de130582f4c.xml.macaon	107	1	Cette	cette	det	det	_	2	det	_	_
4fbaa231-f077-40ee-9e2c-1de130582f4c.xml.macaon	108	2	région	région	nc	nc	_	7	suj	_	_
4fbaa231-f077-40ee-9e2c-1de130582f4c.xml.macaon	109	3	de	de	prep	prep	_	2	dep	_	_
4fbaa231-f077-40ee-9e2c-1de130582f4c.xml.macaon	110	4	montagnes	montagne	nc	nc	_	3	obj	_	_
4fbaa231-f077-40ee-9e2c-1de130582f4c.xml.macaon	111	5	alpines	alpin	adj	adj	_	4	mod	_	_
4fbaa231-f077-40ee-9e2c-1de130582f4c.xml.macaon	112	6	s'	s'	nc	nc	_	3	obj	_	_
4fbaa231-f077-40ee-9e2c-1de130582f4c.xml.macaon	113	7	appelle	appeler	v	v	_	_	_	_	_	B:OTHER:G
4fbaa231-f077-40ee-9e2c-1de130582f4c.xml.macaon	114	8	le	le	det	det	_	9	det	_	_
4fbaa231-f077-40ee-9e2c-1de130582f4c.xml.macaon	115	9	Salzkammergut	Salzkammergut	np	np	_	7	__JOKER__	_	_
4fbaa231-f077-40ee-9e2c-1de130582f4c.xml.macaon	116	10	(	(	ponctw	ponctw	_	9	ponct	_	_
4fbaa231-f077-40ee-9e2c-1de130582f4c.xml.macaon	117	11	wp	wp	nc	nc	_	9	mod	_	_
4fbaa231-f077-40ee-9e2c-1de130582f4c.xml.macaon	118	12	)	)	ponctw	ponctw	_	11	ponct	_	_
4fbaa231-f077-40ee-9e2c-1de130582f4c.xml.macaon	119	13	et	et	coo	coo	_	11	coord	_	_
4fbaa231-f077-40ee-9e2c-1de130582f4c.xml.macaon	120	14	le	le	det	det	_	15	det	_	_
4fbaa231-f077-40ee-9e2c-1de130582f4c.xml.macaon	121	15	lac	lac	nc	nc	_	16	suj	_	_
4fbaa231-f077-40ee-9e2c-1de130582f4c.xml.macaon	122	16	a	avoir	v	v	_	13	dep_coord	_	_
4fbaa231-f077-40ee-9e2c-1de130582f4c.xml.macaon	123	17	pour	pour	prep	prep	_	16	obj	_	_
4fbaa231-f077-40ee-9e2c-1de130582f4c.xml.macaon	124	18	nom	nom	nc	nc	_	17	obj	_	_
4fbaa231-f077-40ee-9e2c-1de130582f4c.xml.macaon	125	19	Hallstättersee	Hallstättersee	np	np	_	18	mod	_	_
4fbaa231-f077-40ee-9e2c-1de130582f4c.xml.macaon	126	20	(	(	ponctw	ponctw	_	18	ponct	_	_
4fbaa231-f077-40ee-9e2c-1de130582f4c.xml.macaon	127	21	wp	wp	nc	nc	_	18	mod	_	_
4fbaa231-f077-40ee-9e2c-1de130582f4c.xml.macaon	128	22	)	)	ponctw	ponctw	_	21	ponct	_	_
4fbaa231-f077-40ee-9e2c-1de130582f4c.xml.macaon	129	23	.	.	poncts	poncts	_	7	ponct	_	_

4fbaa231-f077-40ee-9e2c-1de130582f4c.xml.macaon	130	1	Hallstatt	Hallstatt	np	np	_	2	suj	_	_
4fbaa231-f077-40ee-9e2c-1de130582f4c.xml.macaon	131	2	doit	devoir	v	v	_	_	_	_	_
4fbaa231-f077-40ee-9e2c-1de130582f4c.xml.macaon	132	3	sa	son	det	det	_	4	det	_	_
4fbaa231-f077-40ee-9e2c-1de130582f4c.xml.macaon	133	4	prospérité	prospérité	nc	nc	_	2	obj	_	_
4fbaa231-f077-40ee-9e2c-1de130582f4c.xml.macaon	134	5	ancienne	ancien	adj	adj	_	4	mod	_	_
4fbaa231-f077-40ee-9e2c-1de130582f4c.xml.macaon	135	6	à	à	prep	prep	_	2	mod	_	_
4fbaa231-f077-40ee-9e2c-1de130582f4c.xml.macaon	136	7	ses	son	det	det	_	8	det	_	_
4fbaa231-f077-40ee-9e2c-1de130582f4c.xml.macaon	137	8	mines	mine	nc	nc	_	6	obj	_	_
4fbaa231-f077-40ee-9e2c-1de130582f4c.xml.macaon	138	9	de	de	prep	prep	_	8	dep	_	_
4fbaa231-f077-40ee-9e2c-1de130582f4c.xml.macaon	139	10	sel	sel	nc	nc	_	9	obj	_	_
4fbaa231-f077-40ee-9e2c-1de130582f4c.xml.macaon	140	11	,	,	ponctw	ponctw	_	8	ponct	_	_
4fbaa231-f077-40ee-9e2c-1de130582f4c.xml.macaon	141	12	exploitées	exploiter	vppart	vppart	_	8	mod	_	_
4fbaa231-f077-40ee-9e2c-1de130582f4c.xml.macaon	142	13	dès	dès	prep	prep	_	12	mod	_	_
4fbaa231-f077-40ee-9e2c-1de130582f4c.xml.macaon	143	14	le	le	det	det	_	15	det	_	_
4fbaa231-f077-40ee-9e2c-1de130582f4c.xml.macaon	144	15	Néolithique	Néolithique	np	np	_	13	obj	_	_
4fbaa231-f077-40ee-9e2c-1de130582f4c.xml.macaon	145	16	(	(	ponctw	ponctw	_	15	ponct	_	_
4fbaa231-f077-40ee-9e2c-1de130582f4c.xml.macaon	146	17	-	-	ponctw	ponctw	_	15	ponct	_	_
4fbaa231-f077-40ee-9e2c-1de130582f4c.xml.macaon	147	18	IIIe	IIIe	adj	adj	_	19	mod	_	_
4fbaa231-f077-40ee-9e2c-1de130582f4c.xml.macaon	148	19	millénaire	millénaire	nc	nc	_	13	obj	_	_
4fbaa231-f077-40ee-9e2c-1de130582f4c.xml.macaon	149	20	)	)	ponctw	ponctw	_	19	ponct	_	_
4fbaa231-f077-40ee-9e2c-1de130582f4c.xml.macaon	150	21	:	:	ponctw	ponctw	_	25	ponct	_	_
4fbaa231-f077-40ee-9e2c-1de130582f4c.xml.macaon	151	22	le	le	det	det	_	23	det	_	_
4fbaa231-f077-40ee-9e2c-1de130582f4c.xml.macaon	152	23	sel	sel	nc	nc	_	25	suj	_	_
4fbaa231-f077-40ee-9e2c-1de130582f4c.xml.macaon	153	24	était	être	v	v	_	25	aux_tps	_	_
4fbaa231-f077-40ee-9e2c-1de130582f4c.xml.macaon	154	25	transporté	transporter	vppart	vppart	_	2	__JOKER__	_	_
4fbaa231-f077-40ee-9e2c-1de130582f4c.xml.macaon	155	26	depuis	depuis	prep	prep	_	25	mod	_	_
4fbaa231-f077-40ee-9e2c-1de130582f4c.xml.macaon	156	27	Hallstatt	Hallstatt	np	np	_	26	obj	_	_
4fbaa231-f077-40ee-9e2c-1de130582f4c.xml.macaon	157	28	aussi#bien	aussi#bien	adv	adv	_	26	mod	_	_
4fbaa231-f077-40ee-9e2c-1de130582f4c.xml.macaon	158	29	vers	vers	prep	prep	_	25	mod	_	_
4fbaa231-f077-40ee-9e2c-1de130582f4c.xml.macaon	159	30	la	le	det	det	_	31	det	_	_
4fbaa231-f077-40ee-9e2c-1de130582f4c.xml.macaon	160	31	mer	mer	nc	nc	_	29	obj	_	_
4fbaa231-f077-40ee-9e2c-1de130582f4c.xml.macaon	161	32	Baltique	Baltique	np	np	_	31	mod	_	_
4fbaa231-f077-40ee-9e2c-1de130582f4c.xml.macaon	162	33	que	que	csu	csu	_	31	mod	_	_
4fbaa231-f077-40ee-9e2c-1de130582f4c.xml.macaon	163	34	vers	vers	prep	prep	_	33	obj	_	_
4fbaa231-f077-40ee-9e2c-1de130582f4c.xml.macaon	164	35	les	le	det	det	_	36	det	_	_
4fbaa231-f077-40ee-9e2c-1de130582f4c.xml.macaon	165	36	régions	région	nc	nc	_	34	obj	_	_
4fbaa231-f077-40ee-9e2c-1de130582f4c.xml.macaon	166	37	méditerranéennes	méditerranéen	adj	adj	_	36	mod	_	_
4fbaa231-f077-40ee-9e2c-1de130582f4c.xml.macaon	167	38	.	.	poncts	poncts	_	2	ponct	_	_

4fbaa231-f077-40ee-9e2c-1de130582f4c.xml.macaon	168	1	La	la	det	det	_	2	det	_	_
4fbaa231-f077-40ee-9e2c-1de130582f4c.xml.macaon	169	2	civilisation	civilisation	nc	nc	_	_	_	_	_
4fbaa231-f077-40ee-9e2c-1de130582f4c.xml.macaon	170	3	de	de	prep	prep	_	2	dep	_	_
4fbaa231-f077-40ee-9e2c-1de130582f4c.xml.macaon	171	4	Hallstatt	Hallstatt	np	np	_	3	obj	_	_

4fbaa231-f077-40ee-9e2c-1de130582f4c.xml.macaon	172	1	Mais	mais	coo	coo	_	7	__JOKER__	_	_
4fbaa231-f077-40ee-9e2c-1de130582f4c.xml.macaon	173	2	surtout	surtout	adv	adv	_	7	mod	_	_
4fbaa231-f077-40ee-9e2c-1de130582f4c.xml.macaon	174	3	,	,	ponctw	ponctw	_	7	ponct	_	_
4fbaa231-f077-40ee-9e2c-1de130582f4c.xml.macaon	175	4	ce	ce	det	det	_	5	det	_	_	B:Awareness:FE:Content:G:178
4fbaa231-f077-40ee-9e2c-1de130582f4c.xml.macaon	176	5	village	village	nc	nc	_	7	suj	_	_	I:Awareness:FE:Content:G:178
4fbaa231-f077-40ee-9e2c-1de130582f4c.xml.macaon	177	6	est	être	v	v	_	7	aux_tps	_	_
4fbaa231-f077-40ee-9e2c-1de130582f4c.xml.macaon	178	7	connu	connaître	vppart	vppart	_	_	_	_	_	B:Awareness:TARGET:connaître:G:178
4fbaa231-f077-40ee-9e2c-1de130582f4c.xml.macaon	179	8	dans	dans	prep	prep	_	7	mod	_	_	B:Awareness:FE:Place:G:178
4fbaa231-f077-40ee-9e2c-1de130582f4c.xml.macaon	180	9	le	le	det	det	_	10	det	_	_	I:Awareness:FE:Place:G:178
4fbaa231-f077-40ee-9e2c-1de130582f4c.xml.macaon	181	10	monde	monde	nc	nc	_	8	obj	_	_	I:Awareness:FE:Place:G:178
4fbaa231-f077-40ee-9e2c-1de130582f4c.xml.macaon	182	11	entier	entier	adj	adj	_	10	mod	_	_	I:Awareness:FE:Place:G:178
4fbaa231-f077-40ee-9e2c-1de130582f4c.xml.macaon	183	12	pour	pour	prep	prep	_	7	mod	_	_	B:Awareness:FE:Explanation:G:178
4fbaa231-f077-40ee-9e2c-1de130582f4c.xml.macaon	184	13	abriter	abriter	vinf	vinf	_	12	obj	_	_	I:Awareness:FE:Explanation:G:178
4fbaa231-f077-40ee-9e2c-1de130582f4c.xml.macaon	185	14	un	un	det	det	_	15	det	_	_	I:Awareness:FE:Explanation:G:178
4fbaa231-f077-40ee-9e2c-1de130582f4c.xml.macaon	186	15	site	site	nc	nc	_	13	obj	_	_	I:Awareness:FE:Explanation:G:178
4fbaa231-f077-40ee-9e2c-1de130582f4c.xml.macaon	187	16	protohistorique	protohistorique	adj	adj	_	15	mod	_	_	I:Awareness:FE:Explanation:G:178
4fbaa231-f077-40ee-9e2c-1de130582f4c.xml.macaon	188	17	appartenant	appartenir	vprespart	vprespart	_	16	__JOKER__	_	_	I:Awareness:FE:Explanation:G:178
4fbaa231-f077-40ee-9e2c-1de130582f4c.xml.macaon	189	18	à	à	prep	prep	_	17	mod	_	_	I:Awareness:FE:Explanation:G:178
4fbaa231-f077-40ee-9e2c-1de130582f4c.xml.macaon	190	19	une	un	det	det	_	20	det	_	_	I:Awareness:FE:Explanation:G:178
4fbaa231-f077-40ee-9e2c-1de130582f4c.xml.macaon	191	20	époque	époque	nc	nc	_	18	obj	_	_	I:Awareness:FE:Explanation:G:178
4fbaa231-f077-40ee-9e2c-1de130582f4c.xml.macaon	192	21	de#l'	de#l'	prep	prep	_	20	dep	_	_	I:Awareness:FE:Explanation:G:178
4fbaa231-f077-40ee-9e2c-1de130582f4c.xml.macaon	193	22	âge	âge	nc	nc	_	21	obj	_	_	I:Awareness:FE:Explanation:G:178
4fbaa231-f077-40ee-9e2c-1de130582f4c.xml.macaon	194	23	du	du	prep	prep	_	22	dep	_	_	I:Awareness:FE:Explanation:G:178
4fbaa231-f077-40ee-9e2c-1de130582f4c.xml.macaon	195	24	fer	fer	nc	nc	_	23	obj	_	_	I:Awareness:FE:Explanation:G:178
4fbaa231-f077-40ee-9e2c-1de130582f4c.xml.macaon	196	25	(	(	ponctw	ponctw	_	24	ponct	_	_
4fbaa231-f077-40ee-9e2c-1de130582f4c.xml.macaon	197	26	VIIe	VIIe	adj	adj	_	27	mod	_	_
4fbaa231-f077-40ee-9e2c-1de130582f4c.xml.macaon	198	27	siècle	siècle	nc	nc	_	23	obj	_	_
4fbaa231-f077-40ee-9e2c-1de130582f4c.xml.macaon	199	28	av.	av.	nc	nc	_	27	mod	_	_

4fbaa231-f077-40ee-9e2c-1de130582f4c.xml.macaon	200	1	J.-C.	Jésus-Christ	np	np	_	_	_	_	_
4fbaa231-f077-40ee-9e2c-1de130582f4c.xml.macaon	201	2	)	)	ponctw	ponctw	_	1	ponct	_	_
4fbaa231-f077-40ee-9e2c-1de130582f4c.xml.macaon	202	3	,	,	ponctw	ponctw	_	5	ponct	_	_
4fbaa231-f077-40ee-9e2c-1de130582f4c.xml.macaon	203	4	désormais	désormais	adv	adv	_	5	mod	_	_
4fbaa231-f077-40ee-9e2c-1de130582f4c.xml.macaon	204	5	appelée	appeler	vppart	vppart	_	1	__JOKER__	_	_	B:OTHER:G
4fbaa231-f077-40ee-9e2c-1de130582f4c.xml.macaon	205	6	«	«	ponctw	ponctw	_	5	ponct	_	_
4fbaa231-f077-40ee-9e2c-1de130582f4c.xml.macaon	206	7	civilisation	civilisation	nc	nc	_	1	mod	_	_
4fbaa231-f077-40ee-9e2c-1de130582f4c.xml.macaon	207	8	de	de	prep	prep	_	7	dep	_	_
4fbaa231-f077-40ee-9e2c-1de130582f4c.xml.macaon	208	9	Hallstatt	Hallstatt	np	np	_	8	obj	_	_
4fbaa231-f077-40ee-9e2c-1de130582f4c.xml.macaon	209	10	»	»	ponctw	ponctw	_	7	ponct	_	_
4fbaa231-f077-40ee-9e2c-1de130582f4c.xml.macaon	210	11	.	.	poncts	poncts	_	1	__JOKER__	_	_

4fbaa231-f077-40ee-9e2c-1de130582f4c.xml.macaon	211	1	Historique	historique	adj	adj	_	_	_	_	_
4fbaa231-f077-40ee-9e2c-1de130582f4c.xml.macaon	212	2	des	des	prep	prep	_	1	dep	_	_
4fbaa231-f077-40ee-9e2c-1de130582f4c.xml.macaon	213	3	découvertes	découverte	nc	nc	_	2	obj	_	_	B:Becoming_aware:TARGET:découverte:G:213

4fbaa231-f077-40ee-9e2c-1de130582f4c.xml.macaon	214	1	Le	le	det	det	_	2	det	_	_	B:Becoming_aware:FE:Phenomenon:G:218
4fbaa231-f077-40ee-9e2c-1de130582f4c.xml.macaon	215	2	site	site	nc	nc	_	4	suj	_	_	I:Becoming_aware:FE:Phenomenon:G:218
4fbaa231-f077-40ee-9e2c-1de130582f4c.xml.macaon	216	3	a	avoir	v	v	_	4	aux_tps	_	_
4fbaa231-f077-40ee-9e2c-1de130582f4c.xml.macaon	217	4	été	être	vppart	vppart	_	5	aux_pass	_	_
4fbaa231-f077-40ee-9e2c-1de130582f4c.xml.macaon	218	5	découvert	découvrir	vppart	vppart	_	_	_	_	_	B:Becoming_aware:TARGET:découvrir:G:218
4fbaa231-f077-40ee-9e2c-1de130582f4c.xml.macaon	219	6	et	et	coo	coo	_	5	__JOKER__	_	_
4fbaa231-f077-40ee-9e2c-1de130582f4c.xml.macaon	220	7	fouillé	fouiller	vppart	vppart	_	6	dep_coord	_	_	B:Scrutiny:TARGET:fouiller:G:220
4fbaa231-f077-40ee-9e2c-1de130582f4c.xml.macaon	221	8	de	de	prep	prep	_	7	de_obj	_	_	B:Scrutiny:FE:Time:G:220
4fbaa231-f077-40ee-9e2c-1de130582f4c.xml.macaon	222	9	1846	1846	nc	nc	_	8	obj	_	_	B:Becoming_aware:FE:Time:G:218	I:Scrutiny:FE:Time:G:220
4fbaa231-f077-40ee-9e2c-1de130582f4c.xml.macaon	223	10	à	à	prep	prep	_	7	mod	_	_	I:Scrutiny:FE:Time:G:220
4fbaa231-f077-40ee-9e2c-1de130582f4c.xml.macaon	224	11	1868	1868	nc	nc	_	10	obj	_	_	I:Scrutiny:FE:Time:G:220
4fbaa231-f077-40ee-9e2c-1de130582f4c.xml.macaon	225	12	par	par	prep	prep	_	11	dep	_	_
4fbaa231-f077-40ee-9e2c-1de130582f4c.xml.macaon	226	13	Georg	Georg	np	np	_	12	obj	_	_	B:Becoming_aware:FE:Cognizer:G:218	B:Scrutiny:FE:Cognizer:G:220
4fbaa231-f077-40ee-9e2c-1de130582f4c.xml.macaon	227	14	Ramsauer	Ramsauer	np	np	_	12	obj	_	_	I:Becoming_aware:FE:Cognizer:G:218	I:Scrutiny:FE:Cognizer:G:220
4fbaa231-f077-40ee-9e2c-1de130582f4c.xml.macaon	228	15	(	(	ponctw	ponctw	_	14	ponct	_	_
4fbaa231-f077-40ee-9e2c-1de130582f4c.xml.macaon	229	16	1795	1795	nc	nc	_	14	mod	_	_
4fbaa231-f077-40ee-9e2c-1de130582f4c.xml.macaon	230	17	-	-	ponctw	ponctw	_	16	ponct	_	_
4fbaa231-f077-40ee-9e2c-1de130582f4c.xml.macaon	231	18	1874	1874	nc	nc	_	14	mod	_	_
4fbaa231-f077-40ee-9e2c-1de130582f4c.xml.macaon	232	19	)	)	ponctw	ponctw	_	18	ponct	_	_
4fbaa231-f077-40ee-9e2c-1de130582f4c.xml.macaon	233	20	,	,	ponctw	ponctw	_	18	ponct	_	_
4fbaa231-f077-40ee-9e2c-1de130582f4c.xml.macaon	234	21	un	un	pro	pro	_	7	__JOKER__	_	_
4fbaa231-f077-40ee-9e2c-1de130582f4c.xml.macaon	235	22	des	des	prep	prep	_	21	dep	_	_
4fbaa231-f077-40ee-9e2c-1de130582f4c.xml.macaon	236	23	directeurs	directeur	nc	nc	_	22	obj	_	_
4fbaa231-f077-40ee-9e2c-1de130582f4c.xml.macaon	237	24	de	de	prep	prep	_	23	dep	_	_
4fbaa231-f077-40ee-9e2c-1de130582f4c.xml.macaon	238	25	la	le	det	det	_	26	det	_	_
4fbaa231-f077-40ee-9e2c-1de130582f4c.xml.macaon	239	26	mine	mine	nc	nc	_	24	obj	_	_
4fbaa231-f077-40ee-9e2c-1de130582f4c.xml.macaon	240	27	de	de	prep	prep	_	26	dep	_	_
4fbaa231-f077-40ee-9e2c-1de130582f4c.xml.macaon	241	28	sel	sel	nc	nc	_	27	obj	_	_
4fbaa231-f077-40ee-9e2c-1de130582f4c.xml.macaon	242	29	,	,	ponctw	ponctw	_	26	ponct	_	_
4fbaa231-f077-40ee-9e2c-1de130582f4c.xml.macaon	243	30	né	naître	vppart	vppart	_	26	mod	_	_
4fbaa231-f077-40ee-9e2c-1de130582f4c.xml.macaon	244	31	à	à	prep	prep	_	30	a_obj	_	_
4fbaa231-f077-40ee-9e2c-1de130582f4c.xml.macaon	245	32	Hallstatt	Hallstatt	np	np	_	31	obj	_	_
4fbaa231-f077-40ee-9e2c-1de130582f4c.xml.macaon	246	33	.	.	poncts	poncts	_	6	__JOKER__	_	_

4fbaa231-f077-40ee-9e2c-1de130582f4c.xml.macaon	247	1	Depuis	depuis	prep	prep	_	7	mod	_	_
4fbaa231-f077-40ee-9e2c-1de130582f4c.xml.macaon	248	2	lors	lors	adv	adv	_	7	mod	_	_
4fbaa231-f077-40ee-9e2c-1de130582f4c.xml.macaon	249	3	,	,	ponctw	ponctw	_	7	ponct	_	_
4fbaa231-f077-40ee-9e2c-1de130582f4c.xml.macaon	250	4	on	on	cln	cln	_	7	suj	_	_	B:Becoming_aware:FE:Cognizer:G:253
4fbaa231-f077-40ee-9e2c-1de130582f4c.xml.macaon	251	5	y	y	clo	clo	_	7	a_obj	_	_	B:Becoming_aware:FE:Ground:G:253
4fbaa231-f077-40ee-9e2c-1de130582f4c.xml.macaon	252	6	a	avoir	v	v	_	7	aux_tps	_	_
4fbaa231-f077-40ee-9e2c-1de130582f4c.xml.macaon	253	7	découvert	découvrir	vppart	vppart	_	_	_	_	_	B:Becoming_aware:TARGET:découvrir:G:253
4fbaa231-f077-40ee-9e2c-1de130582f4c.xml.macaon	254	8	près#d'	près#de	prep	prep	_	7	mod	_	_	B:Becoming_aware:FE:Phenomenon:G:253
4fbaa231-f077-40ee-9e2c-1de130582f4c.xml.macaon	255	9	un	un	det	det	_	10	det	_	_	I:Becoming_aware:FE:Phenomenon:G:253
4fbaa231-f077-40ee-9e2c-1de130582f4c.xml.macaon	256	10	millier	millier	nc	nc	_	8	obj	_	_	I:Becoming_aware:FE:Phenomenon:G:253
4fbaa231-f077-40ee-9e2c-1de130582f4c.xml.macaon	257	11	de	de	prep	prep	_	10	dep	_	_	I:Becoming_aware:FE:Phenomenon:G:253
4fbaa231-f077-40ee-9e2c-1de130582f4c.xml.macaon	258	12	tombes	tombe	nc	nc	_	11	obj	_	_	I:Becoming_aware:FE:Phenomenon:G:253
4fbaa231-f077-40ee-9e2c-1de130582f4c.xml.macaon	259	13	.	.	poncts	poncts	_	8	__JOKER__	_	_

4fbaa231-f077-40ee-9e2c-1de130582f4c.xml.macaon	260	1	Les	les	det	det	_	2	det	_	_
4fbaa231-f077-40ee-9e2c-1de130582f4c.xml.macaon	261	2	fouilles	fouille	nc	nc	_	4	suj	_	_	B:Scrutiny:TARGET:fouille:G:261
4fbaa231-f077-40ee-9e2c-1de130582f4c.xml.macaon	262	3	furent	être	v	v	_	4	aux_tps	_	_
4fbaa231-f077-40ee-9e2c-1de130582f4c.xml.macaon	263	4	reprises	reprendre	vppart	vppart	_	_	_	_	_
4fbaa231-f077-40ee-9e2c-1de130582f4c.xml.macaon	264	5	par	par	prep	prep	_	4	mod	_	_
4fbaa231-f077-40ee-9e2c-1de130582f4c.xml.macaon	265	6	l'	le	det	det	_	7	det	_	_	B:Scrutiny:FE:Cognizer:G:261
4fbaa231-f077-40ee-9e2c-1de130582f4c.xml.macaon	266	7	Académie	Académie	nc	nc	_	5	obj	_	_	I:Scrutiny:FE:Cognizer:G:261
4fbaa231-f077-40ee-9e2c-1de130582f4c.xml.macaon	267	8	des	des	prep	prep	_	4	mod	_	_	I:Scrutiny:FE:Cognizer:G:261
4fbaa231-f077-40ee-9e2c-1de130582f4c.xml.macaon	268	9	sciences	science	nc	nc	_	8	obj	_	_	I:Scrutiny:FE:Cognizer:G:261
4fbaa231-f077-40ee-9e2c-1de130582f4c.xml.macaon	269	10	de	de	prep	prep	_	9	dep	_	_	I:Scrutiny:FE:Cognizer:G:261
4fbaa231-f077-40ee-9e2c-1de130582f4c.xml.macaon	270	11	Vienne	Vienne	np	np	_	10	obj	_	_	I:Scrutiny:FE:Cognizer:G:261
4fbaa231-f077-40ee-9e2c-1de130582f4c.xml.macaon	271	12	,	,	ponctw	ponctw	_	9	ponct	_	_
4fbaa231-f077-40ee-9e2c-1de130582f4c.xml.macaon	272	13	livrant	livrer	vprespart	vprespart	_	9	__JOKER__	_	_
4fbaa231-f077-40ee-9e2c-1de130582f4c.xml.macaon	273	14	de	un	det	det	_	16	det	_	_	B:Scrutiny:FE:Phenomenon:G:261
4fbaa231-f077-40ee-9e2c-1de130582f4c.xml.macaon	274	15	nombreux	nombreux	adj	adj	_	16	mod	_	_	I:Scrutiny:FE:Phenomenon:G:261
4fbaa231-f077-40ee-9e2c-1de130582f4c.xml.macaon	275	16	objets	objet	nc	nc	_	13	__JOKER__	_	_	I:Scrutiny:FE:Phenomenon:G:261
4fbaa231-f077-40ee-9e2c-1de130582f4c.xml.macaon	276	17	de#l'	de#l'	prep	prep	_	16	dep	_	_	I:Scrutiny:FE:Phenomenon:G:261
4fbaa231-f077-40ee-9e2c-1de130582f4c.xml.macaon	277	18	âge	âge	nc	nc	_	17	obj	_	_	I:Scrutiny:FE:Phenomenon:G:261
4fbaa231-f077-40ee-9e2c-1de130582f4c.xml.macaon	278	19	du	du	prep	prep	_	18	dep	_	_	I:Scrutiny:FE:Phenomenon:G:261
4fbaa231-f077-40ee-9e2c-1de130582f4c.xml.macaon	279	20	bronze	bronze	nc	nc	_	19	obj	_	_	I:Scrutiny:FE:Phenomenon:G:261
4fbaa231-f077-40ee-9e2c-1de130582f4c.xml.macaon	280	21	et	et	coo	coo	_	17	coord	_	_	I:Scrutiny:FE:Phenomenon:G:261
4fbaa231-f077-40ee-9e2c-1de130582f4c.xml.macaon	281	22	de#l'	de#l'	prep	prep	_	21	dep_coord	_	_	I:Scrutiny:FE:Phenomenon:G:261
4fbaa231-f077-40ee-9e2c-1de130582f4c.xml.macaon	282	23	âge	âge	nc	nc	_	22	obj	_	_	I:Scrutiny:FE:Phenomenon:G:261
4fbaa231-f077-40ee-9e2c-1de130582f4c.xml.macaon	283	24	du	du	prep	prep	_	21	dep_coord	_	_	I:Scrutiny:FE:Phenomenon:G:261
4fbaa231-f077-40ee-9e2c-1de130582f4c.xml.macaon	284	25	fer	fer	nc	nc	_	24	obj	_	_	I:Scrutiny:FE:Phenomenon:G:261
4fbaa231-f077-40ee-9e2c-1de130582f4c.xml.macaon	285	26	excellemment	excellemment	adv	adv	_	27	mod	_	_
4fbaa231-f077-40ee-9e2c-1de130582f4c.xml.macaon	286	27	conservés	conserver	vppart	vppart	_	16	mod	_	_
4fbaa231-f077-40ee-9e2c-1de130582f4c.xml.macaon	287	28	,	,	ponctw	ponctw	_	27	ponct	_	_
4fbaa231-f077-40ee-9e2c-1de130582f4c.xml.macaon	288	29	grâce#à	grâce#à	prep	prep	_	27	mod	_	_
4fbaa231-f077-40ee-9e2c-1de130582f4c.xml.macaon	289	30	la	le	det	det	_	31	det	_	_
4fbaa231-f077-40ee-9e2c-1de130582f4c.xml.macaon	290	31	salinité	salinité	nc	nc	_	29	obj	_	_
4fbaa231-f077-40ee-9e2c-1de130582f4c.xml.macaon	291	32	du	du	prep	prep	_	27	mod	_	_
4fbaa231-f077-40ee-9e2c-1de130582f4c.xml.macaon	292	33	sol	sol	nc	nc	_	32	obj	_	_
4fbaa231-f077-40ee-9e2c-1de130582f4c.xml.macaon	293	34	.	.	poncts	poncts	_	13	__JOKER__	_	_

4fbaa231-f077-40ee-9e2c-1de130582f4c.xml.macaon	294	1	Selon	selon	prep	prep	_	11	__JOKER__	_	_
4fbaa231-f077-40ee-9e2c-1de130582f4c.xml.macaon	295	2	de	un	det	det	_	4	det	_	_
4fbaa231-f077-40ee-9e2c-1de130582f4c.xml.macaon	296	3	nombreux	nombreux	adj	adj	_	4	mod	_	_
4fbaa231-f077-40ee-9e2c-1de130582f4c.xml.macaon	297	4	témoignages	témoignage	nc	nc	_	1	obj	_	_
4fbaa231-f077-40ee-9e2c-1de130582f4c.xml.macaon	298	5	de#l'	de#l'	prep	prep	_	4	dep	_	_
4fbaa231-f077-40ee-9e2c-1de130582f4c.xml.macaon	299	6	époque	époque	nc	nc	_	5	obj	_	_
4fbaa231-f077-40ee-9e2c-1de130582f4c.xml.macaon	300	7	,	,	ponctw	ponctw	_	4	ponct	_	_
4fbaa231-f077-40ee-9e2c-1de130582f4c.xml.macaon	301	8	en	en	prep	prep	_	11	obj	_	_	B:Becoming_aware:FE:Time:G:319
4fbaa231-f077-40ee-9e2c-1de130582f4c.xml.macaon	302	9	1734	1734	nc	nc	_	8	obj	_	_	I:Becoming_aware:FE:Time:G:319
4fbaa231-f077-40ee-9e2c-1de130582f4c.xml.macaon	303	10	,	,	ponctw	ponctw	_	9	ponct	_	_
4fbaa231-f077-40ee-9e2c-1de130582f4c.xml.macaon	304	11	lors#d'	lors#d'	csu	csu	_	24	__JOKER__	_	_	B:Becoming_aware:FE:Explanation:G:319
4fbaa231-f077-40ee-9e2c-1de130582f4c.xml.macaon	305	12	une	un	det	det	_	13	det	_	_	I:Becoming_aware:FE:Explanation:G:319
4fbaa231-f077-40ee-9e2c-1de130582f4c.xml.macaon	306	13	séance	séance	nc	nc	_	11	obj	_	_	I:Becoming_aware:FE:Explanation:G:319
4fbaa231-f077-40ee-9e2c-1de130582f4c.xml.macaon	307	14	de	de	prep	prep	_	13	dep	_	_	I:Becoming_aware:FE:Explanation:G:319
4fbaa231-f077-40ee-9e2c-1de130582f4c.xml.macaon	308	15	creusage	creusage	nc	nc	_	14	obj	_	_	I:Becoming_aware:FE:Explanation:G:319
4fbaa231-f077-40ee-9e2c-1de130582f4c.xml.macaon	309	16	du	du	prep	prep	_	15	dep	_	_	I:Becoming_aware:FE:Explanation:G:319
4fbaa231-f077-40ee-9e2c-1de130582f4c.xml.macaon	310	17	sol	sol	nc	nc	_	16	obj	_	_	I:Becoming_aware:FE:Explanation:G:319
4fbaa231-f077-40ee-9e2c-1de130582f4c.xml.macaon	311	18	pour	pour	prep	prep	_	17	dep	_	_	I:Becoming_aware:FE:Explanation:G:319
4fbaa231-f077-40ee-9e2c-1de130582f4c.xml.macaon	312	19	obtention	obtention	nc	nc	_	18	obj	_	_	I:Becoming_aware:FE:Explanation:G:319
4fbaa231-f077-40ee-9e2c-1de130582f4c.xml.macaon	313	20	de	de	prep	prep	_	19	dep	_	_	I:Becoming_aware:FE:Explanation:G:319
4fbaa231-f077-40ee-9e2c-1de130582f4c.xml.macaon	314	21	sels	sel	nc	nc	_	20	obj	_	_	I:Becoming_aware:FE:Explanation:G:319
4fbaa231-f077-40ee-9e2c-1de130582f4c.xml.macaon	315	22	minéraux	minéral	adj	adj	_	21	mod	_	_	I:Becoming_aware:FE:Explanation:G:319
4fbaa231-f077-40ee-9e2c-1de130582f4c.xml.macaon	316	23	,	,	ponctw	ponctw	_	19	ponct	_	_
4fbaa231-f077-40ee-9e2c-1de130582f4c.xml.macaon	317	24	on	on	cln	cln	_	26	suj	_	_
4fbaa231-f077-40ee-9e2c-1de130582f4c.xml.macaon	318	25	a	avoir	v	v	_	26	aux_tps	_	_
4fbaa231-f077-40ee-9e2c-1de130582f4c.xml.macaon	319	26	découvert	découvrir	vppart	vppart	_	_	_	_	_	B:Becoming_aware:TARGET:découvrir:G:319
4fbaa231-f077-40ee-9e2c-1de130582f4c.xml.macaon	320	27	le	le	det	det	_	28	det	_	_
4fbaa231-f077-40ee-9e2c-1de130582f4c.xml.macaon	321	28	corps	corps	nc	nc	_	26	obj	_	_
4fbaa231-f077-40ee-9e2c-1de130582f4c.xml.macaon	322	29	d'	de	prep	prep	_	26	mod	_	_
4fbaa231-f077-40ee-9e2c-1de130582f4c.xml.macaon	323	30	un	un	det	det	_	31	det	_	_
4fbaa231-f077-40ee-9e2c-1de130582f4c.xml.macaon	324	31	ouvrier	ouvrier	nc	nc	_	29	obj	_	_
4fbaa231-f077-40ee-9e2c-1de130582f4c.xml.macaon	325	32	des	des	prep	prep	_	26	mod	_	_
4fbaa231-f077-40ee-9e2c-1de130582f4c.xml.macaon	326	33	mines	mine	nc	nc	_	32	obj	_	_
4fbaa231-f077-40ee-9e2c-1de130582f4c.xml.macaon	327	34	du	du	prep	prep	_	33	dep	_	_
4fbaa231-f077-40ee-9e2c-1de130582f4c.xml.macaon	328	35	IVe	IVe	adj	adj	_	36	mod	_	_
4fbaa231-f077-40ee-9e2c-1de130582f4c.xml.macaon	329	36	siècle	siècle	nc	nc	_	34	obj	_	_
4fbaa231-f077-40ee-9e2c-1de130582f4c.xml.macaon	330	37	av.	av.	nc	nc	_	36	mod	_	_

4fbaa231-f077-40ee-9e2c-1de130582f4c.xml.macaon	331	1	J.-C.	Jésus-Christ	np	np	_	5	__JOKER__	_	_
4fbaa231-f077-40ee-9e2c-1de130582f4c.xml.macaon	332	2	,	,	ponctw	ponctw	_	1	ponct	_	_
4fbaa231-f077-40ee-9e2c-1de130582f4c.xml.macaon	333	3	très	très	adv	adv	_	5	mod	_	_
4fbaa231-f077-40ee-9e2c-1de130582f4c.xml.macaon	334	4	bien	bien	adv	adv	_	5	mod	_	_
4fbaa231-f077-40ee-9e2c-1de130582f4c.xml.macaon	335	5	conservé	conserver	vppart	vppart	_	_	_	_	_
4fbaa231-f077-40ee-9e2c-1de130582f4c.xml.macaon	336	6	.	.	poncts	poncts	_	5	ponct	_	_

4fbaa231-f077-40ee-9e2c-1de130582f4c.xml.macaon	337	1	Mort	Mort	np	np	_	_	_	_	_
4fbaa231-f077-40ee-9e2c-1de130582f4c.xml.macaon	338	2	d'	de	prep	prep	_	1	dep	_	_
4fbaa231-f077-40ee-9e2c-1de130582f4c.xml.macaon	339	3	un	un	det	det	_	4	det	_	_
4fbaa231-f077-40ee-9e2c-1de130582f4c.xml.macaon	340	4	effondrement	effondrement	nc	nc	_	2	obj	_	_
4fbaa231-f077-40ee-9e2c-1de130582f4c.xml.macaon	341	5	des	des	prep	prep	_	4	dep	_	_
4fbaa231-f077-40ee-9e2c-1de130582f4c.xml.macaon	342	6	profondeurs	profondeur	nc	nc	_	5	obj	_	_
4fbaa231-f077-40ee-9e2c-1de130582f4c.xml.macaon	343	7	du	du	prep	prep	_	17	mod	_	_
4fbaa231-f077-40ee-9e2c-1de130582f4c.xml.macaon	344	8	Kilberwerk	Kilberwerk	np	np	_	7	obj	_	_
4fbaa231-f077-40ee-9e2c-1de130582f4c.xml.macaon	345	9	dans	dans	prep	prep	_	17	mod	_	_
4fbaa231-f077-40ee-9e2c-1de130582f4c.xml.macaon	346	10	lesquelles	lequel	prorel	prorel	_	17	suj	_	_
4fbaa231-f077-40ee-9e2c-1de130582f4c.xml.macaon	347	11	il	il	cln	cln	_	12	suj	_	_
4fbaa231-f077-40ee-9e2c-1de130582f4c.xml.macaon	348	12	travaillait	travailler	v	v	_	17	__JOKER__	_	_
4fbaa231-f077-40ee-9e2c-1de130582f4c.xml.macaon	349	13	,	,	ponctw	ponctw	_	12	ponct	_	_
4fbaa231-f077-40ee-9e2c-1de130582f4c.xml.macaon	350	14	il	il	cln	cln	_	17	suj	_	_
4fbaa231-f077-40ee-9e2c-1de130582f4c.xml.macaon	351	15	a	avoir	v	v	_	17	aux_tps	_	_
4fbaa231-f077-40ee-9e2c-1de130582f4c.xml.macaon	352	16	été	être	vppart	vppart	_	17	aux_pass	_	_
4fbaa231-f077-40ee-9e2c-1de130582f4c.xml.macaon	353	17	surnommé	surnommer	vppart	vppart	_	6	mod	_	_
4fbaa231-f077-40ee-9e2c-1de130582f4c.xml.macaon	354	18	«	«	ponctw	ponctw	_	17	ponct	_	_
4fbaa231-f077-40ee-9e2c-1de130582f4c.xml.macaon	355	19	l'	le	det	det	_	20	det	_	_
4fbaa231-f077-40ee-9e2c-1de130582f4c.xml.macaon	356	20	homme	homme	nc	nc	_	24	__JOKER__	_	_
4fbaa231-f077-40ee-9e2c-1de130582f4c.xml.macaon	357	21	de	de	prep	prep	_	20	dep	_	_
4fbaa231-f077-40ee-9e2c-1de130582f4c.xml.macaon	358	22	sel	sel	nc	nc	_	21	obj	_	_
4fbaa231-f077-40ee-9e2c-1de130582f4c.xml.macaon	359	23	»	»	ponctw	ponctw	_	20	ponct	_	_
4fbaa231-f077-40ee-9e2c-1de130582f4c.xml.macaon	360	24	.	.	poncts	poncts	_	6	__JOKER__	_	_

4fbaa231-f077-40ee-9e2c-1de130582f4c.xml.macaon	361	1	Finalement	finalement	adv	adv	_	9	mod	_	_
4fbaa231-f077-40ee-9e2c-1de130582f4c.xml.macaon	362	2	,	,	ponctw	ponctw	_	9	ponct	_	_
4fbaa231-f077-40ee-9e2c-1de130582f4c.xml.macaon	363	3	l'	le	det	det	_	4	det	_	_
4fbaa231-f077-40ee-9e2c-1de130582f4c.xml.macaon	364	4	archéologue	archéologue	nc	nc	_	9	suj	_	_
4fbaa231-f077-40ee-9e2c-1de130582f4c.xml.macaon	365	5	suédois	suédois	adj	adj	_	4	mod	_	_
4fbaa231-f077-40ee-9e2c-1de130582f4c.xml.macaon	366	6	Hans	Hans	np	np	_	4	mod	_	_	B:Giving:FE:Donor:G:369
4fbaa231-f077-40ee-9e2c-1de130582f4c.xml.macaon	367	7	Olof	Olof	np	np	_	6	mod	_	_	I:Giving:FE:Donor:G:369
4fbaa231-f077-40ee-9e2c-1de130582f4c.xml.macaon	368	8	Hildebrand	Hildebrand	np	np	_	6	mod	_	_	I:Giving:FE:Donor:G:369
4fbaa231-f077-40ee-9e2c-1de130582f4c.xml.macaon	369	9	donna	donner	v	v	_	_	_	_	_	B:Giving:TARGET:donner:G:369
4fbaa231-f077-40ee-9e2c-1de130582f4c.xml.macaon	370	10	,	,	ponctw	ponctw	_	9	ponct	_	_
4fbaa231-f077-40ee-9e2c-1de130582f4c.xml.macaon	371	11	en	en	prep	prep	_	9	mod	_	_	B:Giving:FE:Time:G:369
4fbaa231-f077-40ee-9e2c-1de130582f4c.xml.macaon	372	12	1872	1872	nc	nc	_	11	obj	_	_	I:Giving:FE:Time:G:369
4fbaa231-f077-40ee-9e2c-1de130582f4c.xml.macaon	373	13	,	,	ponctw	ponctw	_	21	ponct	_	_
4fbaa231-f077-40ee-9e2c-1de130582f4c.xml.macaon	374	14	le	le	det	det	_	15	det	_	_	B:Giving:FE:Theme:G:369
4fbaa231-f077-40ee-9e2c-1de130582f4c.xml.macaon	375	15	nom	nom	nc	nc	_	21	suj	_	_	I:Giving:FE:Theme:G:369
4fbaa231-f077-40ee-9e2c-1de130582f4c.xml.macaon	376	16	de	de	prep	prep	_	15	dep	_	_	I:Giving:FE:Theme:G:369
4fbaa231-f077-40ee-9e2c-1de130582f4c.xml.macaon	377	17	Hallstatt	Hallstatt	np	np	_	16	obj	_	_	I:Giving:FE:Theme:G:369
4fbaa231-f077-40ee-9e2c-1de130582f4c.xml.macaon	378	18	à	à	prep	prep	_	21	mod	_	_
4fbaa231-f077-40ee-9e2c-1de130582f4c.xml.macaon	379	19	ce#qu'	ce#qu'	pro	pro	_	18	obj	_	_
4fbaa231-f077-40ee-9e2c-1de130582f4c.xml.macaon	380	20	on	on	cln	cln	_	21	suj	_	_
4fbaa231-f077-40ee-9e2c-1de130582f4c.xml.macaon	381	21	appelait	appeler	v	v	_	12	mod_rel	_	_	B:OTHER:G
4fbaa231-f077-40ee-9e2c-1de130582f4c.xml.macaon	382	22	alors	alors	adv	adv	_	21	mod	_	_
4fbaa231-f077-40ee-9e2c-1de130582f4c.xml.macaon	383	23	le	le	det	det	_	26	det	_	_	B:Giving:FE:Recipient:G:369
4fbaa231-f077-40ee-9e2c-1de130582f4c.xml.macaon	384	24	«	«	ponctw	ponctw	_	26	ponct	_	_	I:Giving:FE:Recipient:G:369
4fbaa231-f077-40ee-9e2c-1de130582f4c.xml.macaon	385	25	Premier	Premier	adj	adj	_	26	mod	_	_	I:Giving:FE:Recipient:G:369
4fbaa231-f077-40ee-9e2c-1de130582f4c.xml.macaon	386	26	âge	âge	nc	nc	_	21	obj	_	_	I:Giving:FE:Recipient:G:369
4fbaa231-f077-40ee-9e2c-1de130582f4c.xml.macaon	387	27	du	du	prep	prep	_	26	dep	_	_	I:Giving:FE:Recipient:G:369
4fbaa231-f077-40ee-9e2c-1de130582f4c.xml.macaon	388	28	fer	fer	nc	nc	_	27	obj	_	_	I:Giving:FE:Recipient:G:369
4fbaa231-f077-40ee-9e2c-1de130582f4c.xml.macaon	389	29	»	»	ponctw	ponctw	_	26	ponct	_	_	I:Giving:FE:Recipient:G:369
4fbaa231-f077-40ee-9e2c-1de130582f4c.xml.macaon	390	30	(	(	ponctw	ponctw	_	26	ponct	_	_
4fbaa231-f077-40ee-9e2c-1de130582f4c.xml.macaon	391	31	de	de	prep	prep	_	26	dep	_	_
4fbaa231-f077-40ee-9e2c-1de130582f4c.xml.macaon	392	32	-	-	ponctw	ponctw	_	31	ponct	_	_
4fbaa231-f077-40ee-9e2c-1de130582f4c.xml.macaon	393	33	800	800	nc	nc	_	31	obj	_	_
4fbaa231-f077-40ee-9e2c-1de130582f4c.xml.macaon	394	34	à	à	prep	prep	_	33	dep	_	_
4fbaa231-f077-40ee-9e2c-1de130582f4c.xml.macaon	395	35	-	-	ponctw	ponctw	_	34	ponct	_	_
4fbaa231-f077-40ee-9e2c-1de130582f4c.xml.macaon	396	36	480	480	nc	nc	_	34	obj	_	_
4fbaa231-f077-40ee-9e2c-1de130582f4c.xml.macaon	397	37	)	)	ponctw	ponctw	_	36	ponct	_	_
4fbaa231-f077-40ee-9e2c-1de130582f4c.xml.macaon	398	38	,	,	ponctw	ponctw	_	36	ponct	_	_
4fbaa231-f077-40ee-9e2c-1de130582f4c.xml.macaon	399	39	tandis#que	tandis#que	csu	csu	_	36	mod	_	_
4fbaa231-f077-40ee-9e2c-1de130582f4c.xml.macaon	400	40	le	le	det	det	_	43	det	_	_
4fbaa231-f077-40ee-9e2c-1de130582f4c.xml.macaon	401	41	«	«	ponctw	ponctw	_	43	ponct	_	_
4fbaa231-f077-40ee-9e2c-1de130582f4c.xml.macaon	402	42	Second	Second	adj	adj	_	43	mod	_	_
4fbaa231-f077-40ee-9e2c-1de130582f4c.xml.macaon	403	43	âge	âge	nc	nc	_	39	__JOKER__	_	_
4fbaa231-f077-40ee-9e2c-1de130582f4c.xml.macaon	404	44	du	du	prep	prep	_	43	dep	_	_
4fbaa231-f077-40ee-9e2c-1de130582f4c.xml.macaon	405	45	fer	fer	nc	nc	_	44	obj	_	_
4fbaa231-f077-40ee-9e2c-1de130582f4c.xml.macaon	406	46	»	»	ponctw	ponctw	_	43	ponct	_	_
4fbaa231-f077-40ee-9e2c-1de130582f4c.xml.macaon	407	47	(	(	ponctw	ponctw	_	43	ponct	_	_
4fbaa231-f077-40ee-9e2c-1de130582f4c.xml.macaon	408	48	de	de	prep	prep	_	36	dep	_	_
4fbaa231-f077-40ee-9e2c-1de130582f4c.xml.macaon	409	49	-	-	ponctw	ponctw	_	48	ponct	_	_
4fbaa231-f077-40ee-9e2c-1de130582f4c.xml.macaon	410	50	480	480	nc	nc	_	48	obj	_	_
4fbaa231-f077-40ee-9e2c-1de130582f4c.xml.macaon	411	51	à	à	prep	prep	_	56	mod	_	_
4fbaa231-f077-40ee-9e2c-1de130582f4c.xml.macaon	412	52	-	-	ponctw	ponctw	_	51	ponct	_	_
4fbaa231-f077-40ee-9e2c-1de130582f4c.xml.macaon	413	53	50	50	nc	nc	_	51	obj	_	_
4fbaa231-f077-40ee-9e2c-1de130582f4c.xml.macaon	414	54	)	)	ponctw	ponctw	_	56	ponct	_	_
4fbaa231-f077-40ee-9e2c-1de130582f4c.xml.macaon	415	55	fut	être	v	v	_	56	aux_tps	_	_
4fbaa231-f077-40ee-9e2c-1de130582f4c.xml.macaon	416	56	nommé	nommer	vppart	vppart	_	50	mod_rel	_	_	B:OTHER:G
4fbaa231-f077-40ee-9e2c-1de130582f4c.xml.macaon	417	57	«	«	ponctw	ponctw	_	56	ponct	_	_
4fbaa231-f077-40ee-9e2c-1de130582f4c.xml.macaon	418	58	La	La	det	det	_	59	det	_	_
4fbaa231-f077-40ee-9e2c-1de130582f4c.xml.macaon	419	59	Tène	Tène	nc	nc	_	57	dep_coord	_	_
4fbaa231-f077-40ee-9e2c-1de130582f4c.xml.macaon	420	60	(	(	ponctw	ponctw	_	59	ponct	_	_
4fbaa231-f077-40ee-9e2c-1de130582f4c.xml.macaon	421	61	wp	wp	nc	nc	_	59	mod	_	_
4fbaa231-f077-40ee-9e2c-1de130582f4c.xml.macaon	422	62	)	)	ponctw	ponctw	_	61	ponct	_	_
4fbaa231-f077-40ee-9e2c-1de130582f4c.xml.macaon	423	63	»	»	ponctw	ponctw	_	59	ponct	_	_
4fbaa231-f077-40ee-9e2c-1de130582f4c.xml.macaon	424	64	,	,	ponctw	ponctw	_	56	ponct	_	_
4fbaa231-f077-40ee-9e2c-1de130582f4c.xml.macaon	425	65	du	du	prep	prep	_	50	dep	_	_
4fbaa231-f077-40ee-9e2c-1de130582f4c.xml.macaon	426	66	nom	nom	nc	nc	_	65	obj	_	_
4fbaa231-f077-40ee-9e2c-1de130582f4c.xml.macaon	427	67	d'	de	prep	prep	_	66	dep	_	_
4fbaa231-f077-40ee-9e2c-1de130582f4c.xml.macaon	428	68	un	un	det	det	_	69	det	_	_
4fbaa231-f077-40ee-9e2c-1de130582f4c.xml.macaon	429	69	village	village	nc	nc	_	67	obj	_	_
4fbaa231-f077-40ee-9e2c-1de130582f4c.xml.macaon	430	70	suisse	suisse	adj	adj	_	69	mod	_	_
4fbaa231-f077-40ee-9e2c-1de130582f4c.xml.macaon	431	71	situé	situer	vppart	vppart	_	69	mod	_	_
4fbaa231-f077-40ee-9e2c-1de130582f4c.xml.macaon	432	72	au	au	prep	prep	_	71	mod	_	_
4fbaa231-f077-40ee-9e2c-1de130582f4c.xml.macaon	433	73	bord	bord	nc	nc	_	72	obj	_	_
4fbaa231-f077-40ee-9e2c-1de130582f4c.xml.macaon	434	74	du	du	prep	prep	_	71	mod	_	_
4fbaa231-f077-40ee-9e2c-1de130582f4c.xml.macaon	435	75	lac	lac	nc	nc	_	74	obj	_	_
4fbaa231-f077-40ee-9e2c-1de130582f4c.xml.macaon	436	76	de	de	prep	prep	_	75	dep	_	_
4fbaa231-f077-40ee-9e2c-1de130582f4c.xml.macaon	437	77	Neuchâtel	Neuchâtel	np	np	_	76	obj	_	_
4fbaa231-f077-40ee-9e2c-1de130582f4c.xml.macaon	438	78	.	.	poncts	poncts	_	9	ponct	_	_

4fbaa231-f077-40ee-9e2c-1de130582f4c.xml.macaon	439	1	Cette	cette	det	det	_	2	det	_	_
4fbaa231-f077-40ee-9e2c-1de130582f4c.xml.macaon	440	2	distinction	distinction	nc	nc	_	3	suj	_	_
4fbaa231-f077-40ee-9e2c-1de130582f4c.xml.macaon	441	3	est	être	v	v	_	_	_	_	_
4fbaa231-f077-40ee-9e2c-1de130582f4c.xml.macaon	442	4	encore	encore	adv	adv	_	3	mod	_	_
4fbaa231-f077-40ee-9e2c-1de130582f4c.xml.macaon	443	5	en#vigueur	en#vigueur	adv	adv	_	3	mod	_	_
4fbaa231-f077-40ee-9e2c-1de130582f4c.xml.macaon	444	6	.	.	poncts	poncts	_	3	ponct	_	_

4fbaa231-f077-40ee-9e2c-1de130582f4c.xml.macaon	445	1	Exemples	exemple	nc	nc	_	4	suj	_	_	B:Becoming_aware:FE:Phenomenon:G:448
4fbaa231-f077-40ee-9e2c-1de130582f4c.xml.macaon	446	2	d'	de	prep	prep	_	1	dep	_	_	I:Becoming_aware:FE:Phenomenon:G:448
4fbaa231-f077-40ee-9e2c-1de130582f4c.xml.macaon	447	3	objets	objet	nc	nc	_	2	obj	_	_	I:Becoming_aware:FE:Phenomenon:G:448
4fbaa231-f077-40ee-9e2c-1de130582f4c.xml.macaon	448	4	découverts	découvrir	vppart	vppart	_	_	_	_	_	B:Becoming_aware:TARGET:découvrir:G:448
4fbaa231-f077-40ee-9e2c-1de130582f4c.xml.macaon	449	5	dans	dans	prep	prep	_	4	mod	_	_	B:Becoming_aware:FE:Ground:G:448
4fbaa231-f077-40ee-9e2c-1de130582f4c.xml.macaon	450	6	les	le	det	det	_	7	det	_	_	I:Becoming_aware:FE:Ground:G:448
4fbaa231-f077-40ee-9e2c-1de130582f4c.xml.macaon	451	7	tombes	tombe	nc	nc	_	5	obj	_	_	I:Becoming_aware:FE:Ground:G:448
4fbaa231-f077-40ee-9e2c-1de130582f4c.xml.macaon	452	8	de	de	prep	prep	_	7	dep	_	_	I:Becoming_aware:FE:Ground:G:448
4fbaa231-f077-40ee-9e2c-1de130582f4c.xml.macaon	453	9	Hallstatt	Hallstatt	np	np	_	8	obj	_	_	I:Becoming_aware:FE:Ground:G:448

4fbaa231-f077-40ee-9e2c-1de130582f4c.xml.macaon	454	1	Épée	Épée	vppart	vppart	_	_	_	_	_
4fbaa231-f077-40ee-9e2c-1de130582f4c.xml.macaon	455	2	à	à	prep	prep	_	1	a_obj	_	_
4fbaa231-f077-40ee-9e2c-1de130582f4c.xml.macaon	456	3	lame	lame	nc	nc	_	2	obj	_	_
4fbaa231-f077-40ee-9e2c-1de130582f4c.xml.macaon	457	4	de	de	prep	prep	_	3	dep	_	_
4fbaa231-f077-40ee-9e2c-1de130582f4c.xml.macaon	458	5	fer	fer	nc	nc	_	4	obj	_	_
4fbaa231-f077-40ee-9e2c-1de130582f4c.xml.macaon	459	6	et	et	coo	coo	_	2	coord	_	_
4fbaa231-f077-40ee-9e2c-1de130582f4c.xml.macaon	460	7	poignée	poignée	nc	nc	_	6	dep_coord	_	_
4fbaa231-f077-40ee-9e2c-1de130582f4c.xml.macaon	461	8	en	en	prep	prep	_	6	dep_coord	_	_
4fbaa231-f077-40ee-9e2c-1de130582f4c.xml.macaon	462	9	ivoire	ivoire	nc	nc	_	8	obj	_	_
4fbaa231-f077-40ee-9e2c-1de130582f4c.xml.macaon	463	10	avec	avec	prep	prep	_	9	dep	_	_
4fbaa231-f077-40ee-9e2c-1de130582f4c.xml.macaon	464	11	insertions	insertion	nc	nc	_	10	obj	_	_
4fbaa231-f077-40ee-9e2c-1de130582f4c.xml.macaon	465	12	d'	de	prep	prep	_	11	dep	_	_
4fbaa231-f077-40ee-9e2c-1de130582f4c.xml.macaon	466	13	ambre	ambre	nc	nc	_	12	obj	_	_

4fbaa231-f077-40ee-9e2c-1de130582f4c.xml.macaon	467	1	Casque	casque	csu	csu	_	_	_	_	_
4fbaa231-f077-40ee-9e2c-1de130582f4c.xml.macaon	468	2	en	en	prep	prep	_	1	obj	_	_
4fbaa231-f077-40ee-9e2c-1de130582f4c.xml.macaon	469	3	bronze	bronze	nc	nc	_	2	obj	_	_

4fbaa231-f077-40ee-9e2c-1de130582f4c.xml.macaon	470	1	Récipient	Récipient	v	v	_	_	_	_	_
4fbaa231-f077-40ee-9e2c-1de130582f4c.xml.macaon	471	2	de	de	prep	prep	_	1	de_obj	_	_
4fbaa231-f077-40ee-9e2c-1de130582f4c.xml.macaon	472	3	bronze	bronze	nc	nc	_	2	obj	_	_
4fbaa231-f077-40ee-9e2c-1de130582f4c.xml.macaon	473	4	avec	avec	prep	prep	_	1	mod	_	_
4fbaa231-f077-40ee-9e2c-1de130582f4c.xml.macaon	474	5	applique	applique	nc	nc	_	4	obj	_	_
4fbaa231-f077-40ee-9e2c-1de130582f4c.xml.macaon	475	6	zoomorphe	zoomorphe	adj	adj	_	5	mod	_	_

4fbaa231-f077-40ee-9e2c-1de130582f4c.xml.macaon	476	1	47	47	det	det	_	2	det	_	_
4fbaa231-f077-40ee-9e2c-1de130582f4c.xml.macaon	477	2	°	degré	nc	nc	_	_	_	_	_
4fbaa231-f077-40ee-9e2c-1de130582f4c.xml.macaon	478	3	34	34	det	det	_	4	det	_	_
4fbaa231-f077-40ee-9e2c-1de130582f4c.xml.macaon	479	4	′	′	nc	nc	_	2	mod	_	_
4fbaa231-f077-40ee-9e2c-1de130582f4c.xml.macaon	480	5	N	N	prep	prep	_	4	dep	_	_
4fbaa231-f077-40ee-9e2c-1de130582f4c.xml.macaon	481	6	13	13	det	det	_	7	det	_	_
4fbaa231-f077-40ee-9e2c-1de130582f4c.xml.macaon	482	7	°	degré	nc	nc	_	5	obj	_	_
4fbaa231-f077-40ee-9e2c-1de130582f4c.xml.macaon	483	8	39	39	adj	adj	_	7	mod	_	_
4fbaa231-f077-40ee-9e2c-1de130582f4c.xml.macaon	484	9	′	′	prep	prep	_	7	dep	_	_
4fbaa231-f077-40ee-9e2c-1de130582f4c.xml.macaon	485	10	E	E	nc	nc	_	9	obj	_	_
4fbaa231-f077-40ee-9e2c-1de130582f4c.xml.macaon	486	11	/	/	ponctw	ponctw	_	10	ponct	_	_
4fbaa231-f077-40ee-9e2c-1de130582f4c.xml.macaon	487	12	47.56	47.56	nc	nc	_	10	mod	_	_
4fbaa231-f077-40ee-9e2c-1de130582f4c.xml.macaon	488	13	,	,	ponctw	ponctw	_	12	ponct	_	_
4fbaa231-f077-40ee-9e2c-1de130582f4c.xml.macaon	489	14	13.65	13.65	nc	nc	_	12	mod	_	_
