503381c4-b36e-45a0-bdf6-bb3118b4cbd3.xml.macaon	0	1	vikidia	vikidia	nc	nc	_	_	_	_	_

503381c4-b36e-45a0-bdf6-bb3118b4cbd3.xml.macaon	1	1	503381c4	503381c4	adj	adj	_	3	mod	_	_
503381c4-b36e-45a0-bdf6-bb3118b4cbd3.xml.macaon	2	2	-	-	ponctw	ponctw	_	1	ponct	_	_
503381c4-b36e-45a0-bdf6-bb3118b4cbd3.xml.macaon	3	3	b36e	b36e	nc	nc	_	_	_	_	_
503381c4-b36e-45a0-bdf6-bb3118b4cbd3.xml.macaon	4	4	-	-	ponctw	ponctw	_	3	ponct	_	_
503381c4-b36e-45a0-bdf6-bb3118b4cbd3.xml.macaon	5	5	45a0	45a0	nc	nc	_	3	mod	_	_
503381c4-b36e-45a0-bdf6-bb3118b4cbd3.xml.macaon	6	6	-	-	ponctw	ponctw	_	5	ponct	_	_
503381c4-b36e-45a0-bdf6-bb3118b4cbd3.xml.macaon	7	7	bdf6	bdf6	nc	nc	_	5	mod	_	_
503381c4-b36e-45a0-bdf6-bb3118b4cbd3.xml.macaon	8	8	-	-	ponctw	ponctw	_	7	ponct	_	_
503381c4-b36e-45a0-bdf6-bb3118b4cbd3.xml.macaon	9	9	bb3118b4cbd3	bb3118b4cbd3	nc	nc	_	7	mod	_	_

503381c4-b36e-45a0-bdf6-bb3118b4cbd3.xml.macaon	10	1	ADDED	ADDED	nc	nc	_	_	_	_	_

503381c4-b36e-45a0-bdf6-bb3118b4cbd3.xml.macaon	11	1	2016	2016	adj	adj	_	3	mod	_	_
503381c4-b36e-45a0-bdf6-bb3118b4cbd3.xml.macaon	12	2	-	-	ponctw	ponctw	_	1	ponct	_	_
503381c4-b36e-45a0-bdf6-bb3118b4cbd3.xml.macaon	13	3	06	06	nc	nc	_	_	_	_	_
503381c4-b36e-45a0-bdf6-bb3118b4cbd3.xml.macaon	14	4	-	-	ponctw	ponctw	_	3	ponct	_	_
503381c4-b36e-45a0-bdf6-bb3118b4cbd3.xml.macaon	15	5	15T14	15T14	nc	nc	_	3	mod	_	_
503381c4-b36e-45a0-bdf6-bb3118b4cbd3.xml.macaon	16	6	:	:	ponctw	ponctw	_	5	ponct	_	_
503381c4-b36e-45a0-bdf6-bb3118b4cbd3.xml.macaon	17	7	32	32	nc	nc	_	5	mod	_	_
503381c4-b36e-45a0-bdf6-bb3118b4cbd3.xml.macaon	18	8	:	:	ponctw	ponctw	_	7	ponct	_	_
503381c4-b36e-45a0-bdf6-bb3118b4cbd3.xml.macaon	19	9	36Z	36Z	nc	nc	_	7	mod	_	_

503381c4-b36e-45a0-bdf6-bb3118b4cbd3.xml.macaon	20	1	Aurignacien	aurignacien	adv	adv	_	_	_	_	_

503381c4-b36e-45a0-bdf6-bb3118b4cbd3.xml.macaon	21	1	L'	L'	det	det	_	2	det	_	_	B:Activity_start:FE:Activity:G:28
503381c4-b36e-45a0-bdf6-bb3118b4cbd3.xml.macaon	22	2	Aurignacien	Aurignacien	np	np	_	3	__JOKER__	_	_	I:Activity_start:FE:Activity:G:28
503381c4-b36e-45a0-bdf6-bb3118b4cbd3.xml.macaon	23	3	est	être	v	v	_	_	_	_	_
503381c4-b36e-45a0-bdf6-bb3118b4cbd3.xml.macaon	24	4	une	un	det	det	_	5	det	_	_
503381c4-b36e-45a0-bdf6-bb3118b4cbd3.xml.macaon	25	5	culture	culture	nc	nc	_	3	ats	_	_
503381c4-b36e-45a0-bdf6-bb3118b4cbd3.xml.macaon	26	6	archéologique	archéologique	adj	adj	_	5	mod	_	_
503381c4-b36e-45a0-bdf6-bb3118b4cbd3.xml.macaon	27	7	du	du	prep	prep	_	3	mod	_	_
503381c4-b36e-45a0-bdf6-bb3118b4cbd3.xml.macaon	28	8	début	début	nc	nc	_	7	obj	_	_	B:Activity_start:TARGET:début:G:28
503381c4-b36e-45a0-bdf6-bb3118b4cbd3.xml.macaon	29	9	du	du	prep	prep	_	8	dep	_	_	B:Activity_start:FE:Time:G:28
503381c4-b36e-45a0-bdf6-bb3118b4cbd3.xml.macaon	30	10	Paléolithique	Paléolithique	np	np	_	9	obj	_	_	I:Activity_start:FE:Time:G:28
503381c4-b36e-45a0-bdf6-bb3118b4cbd3.xml.macaon	31	11	supérieur	supérieur	adj	adj	_	10	mod	_	_	I:Activity_start:FE:Time:G:28
503381c4-b36e-45a0-bdf6-bb3118b4cbd3.xml.macaon	32	12	.	.	poncts	poncts	_	3	ponct	_	_

503381c4-b36e-45a0-bdf6-bb3118b4cbd3.xml.macaon	33	1	Il	il	cln	cln	_	2	suj	_	_	B:Age:FE:Entity:G:34
503381c4-b36e-45a0-bdf6-bb3118b4cbd3.xml.macaon	34	2	date	dater	v	v	_	_	_	_	_	B:Age:TARGET:dater:G:34
503381c4-b36e-45a0-bdf6-bb3118b4cbd3.xml.macaon	35	3	d'	d'	advneg	advneg	_	2	mod	_	_	B:Age:FE:Age:G:34
503381c4-b36e-45a0-bdf6-bb3118b4cbd3.xml.macaon	36	4	environ	environ	adv	adv	_	2	mod	_	_	I:Age:FE:Age:G:34
503381c4-b36e-45a0-bdf6-bb3118b4cbd3.xml.macaon	37	5	39	39	det	det	_	2	__JOKER__	_	_	I:Age:FE:Age:G:34
503381c4-b36e-45a0-bdf6-bb3118b4cbd3.xml.macaon	38	6	à	à	prep	prep	_	2	mod	_	_	I:Age:FE:Age:G:34
503381c4-b36e-45a0-bdf6-bb3118b4cbd3.xml.macaon	39	7	28#000	28#000	det	det	_	8	det	_	_	I:Age:FE:Age:G:34
503381c4-b36e-45a0-bdf6-bb3118b4cbd3.xml.macaon	40	8	ans	an	nc	nc	_	6	obj	_	_	I:Age:FE:Age:G:34
503381c4-b36e-45a0-bdf6-bb3118b4cbd3.xml.macaon	41	9	avant	avant	prep	prep	_	8	dep	_	_	I:Age:FE:Age:G:34
503381c4-b36e-45a0-bdf6-bb3118b4cbd3.xml.macaon	42	10	le	le	det	det	_	11	det	_	_	I:Age:FE:Age:G:34
503381c4-b36e-45a0-bdf6-bb3118b4cbd3.xml.macaon	43	11	présent	présent	nc	nc	_	9	obj	_	_	I:Age:FE:Age:G:34
503381c4-b36e-45a0-bdf6-bb3118b4cbd3.xml.macaon	44	12	.	.	poncts	poncts	_	2	ponct	_	_

503381c4-b36e-45a0-bdf6-bb3118b4cbd3.xml.macaon	45	1	En	en	prep	prep	_	_	_	_	_
503381c4-b36e-45a0-bdf6-bb3118b4cbd3.xml.macaon	46	2	Europe	Europe	np	np	_	1	obj	_	_
503381c4-b36e-45a0-bdf6-bb3118b4cbd3.xml.macaon	47	3	centrale	central	adj	adj	_	2	mod	_	_
503381c4-b36e-45a0-bdf6-bb3118b4cbd3.xml.macaon	48	4	et	et	coo	coo	_	2	coord	_	_
503381c4-b36e-45a0-bdf6-bb3118b4cbd3.xml.macaon	49	5	occidentale	occidental	adj	adj	_	4	dep_coord	_	_
503381c4-b36e-45a0-bdf6-bb3118b4cbd3.xml.macaon	50	6	,	,	ponctw	ponctw	_	9	ponct	_	_
503381c4-b36e-45a0-bdf6-bb3118b4cbd3.xml.macaon	51	7	l'	le	det	det	_	8	det	_	_
503381c4-b36e-45a0-bdf6-bb3118b4cbd3.xml.macaon	52	8	Aurignacien	Aurignacien	np	np	_	9	suj	_	_
503381c4-b36e-45a0-bdf6-bb3118b4cbd3.xml.macaon	53	9	semble	sembler	v	v	_	4	dep_coord	_	_
503381c4-b36e-45a0-bdf6-bb3118b4cbd3.xml.macaon	54	10	correspondre	correspondre	vinf	vinf	_	9	obj	_	_
503381c4-b36e-45a0-bdf6-bb3118b4cbd3.xml.macaon	55	11	à	à	prep	prep	_	10	a_obj	_	_
503381c4-b36e-45a0-bdf6-bb3118b4cbd3.xml.macaon	56	12	l'	le	det	det	_	13	det	_	_
503381c4-b36e-45a0-bdf6-bb3118b4cbd3.xml.macaon	57	13	arrivée	arrivé	nc	nc	_	11	obj	_	_
503381c4-b36e-45a0-bdf6-bb3118b4cbd3.xml.macaon	58	14	de#l'	de#l'	prep	prep	_	10	mod	_	_
503381c4-b36e-45a0-bdf6-bb3118b4cbd3.xml.macaon	59	15	Homo#sapiens	Homo#sapiens	np	np	_	14	obj	_	_
503381c4-b36e-45a0-bdf6-bb3118b4cbd3.xml.macaon	60	16	.	.	poncts	poncts	_	9	ponct	_	_

503381c4-b36e-45a0-bdf6-bb3118b4cbd3.xml.macaon	61	1	Préhistoire	préhistoire	nc	nc	_	_	_	_	_

503381c4-b36e-45a0-bdf6-bb3118b4cbd3.xml.macaon	62	1	Aurignacien	aurignacien	adv	adv	_	_	_	_	_

503381c4-b36e-45a0-bdf6-bb3118b4cbd3.xml.macaon	63	1	L'	L'	det	det	_	2	det	_	_	B:Activity_start:FE:Activity:G:70
503381c4-b36e-45a0-bdf6-bb3118b4cbd3.xml.macaon	64	2	Aurignacien	Aurignacien	np	np	_	3	__JOKER__	_	_	I:Activity_start:FE:Activity:G:70
503381c4-b36e-45a0-bdf6-bb3118b4cbd3.xml.macaon	65	3	est	être	v	v	_	_	_	_	_
503381c4-b36e-45a0-bdf6-bb3118b4cbd3.xml.macaon	66	4	une	un	det	det	_	5	det	_	_
503381c4-b36e-45a0-bdf6-bb3118b4cbd3.xml.macaon	67	5	culture	culture	nc	nc	_	3	ats	_	_
503381c4-b36e-45a0-bdf6-bb3118b4cbd3.xml.macaon	68	6	archéologique	archéologique	adj	adj	_	5	mod	_	_
503381c4-b36e-45a0-bdf6-bb3118b4cbd3.xml.macaon	69	7	du	du	prep	prep	_	3	mod	_	_
503381c4-b36e-45a0-bdf6-bb3118b4cbd3.xml.macaon	70	8	début	début	nc	nc	_	7	obj	_	_	B:Activity_start:TARGET:début:G:70
503381c4-b36e-45a0-bdf6-bb3118b4cbd3.xml.macaon	71	9	du	du	prep	prep	_	8	dep	_	_	B:Activity_start:FE:Time:G:70
503381c4-b36e-45a0-bdf6-bb3118b4cbd3.xml.macaon	72	10	Paléolithique	Paléolithique	np	np	_	9	obj	_	_	I:Activity_start:FE:Time:G:70
503381c4-b36e-45a0-bdf6-bb3118b4cbd3.xml.macaon	73	11	supérieur	supérieur	adj	adj	_	10	mod	_	_	I:Activity_start:FE:Time:G:70
503381c4-b36e-45a0-bdf6-bb3118b4cbd3.xml.macaon	74	12	.	.	poncts	poncts	_	3	ponct	_	_

503381c4-b36e-45a0-bdf6-bb3118b4cbd3.xml.macaon	75	1	Il	il	cln	cln	_	2	suj	_	_	B:Age:FE:Entity:G:76
503381c4-b36e-45a0-bdf6-bb3118b4cbd3.xml.macaon	76	2	date	dater	v	v	_	_	_	_	_	B:Age:TARGET:dater:G:76
503381c4-b36e-45a0-bdf6-bb3118b4cbd3.xml.macaon	77	3	d'	d'	advneg	advneg	_	2	mod	_	_	B:Age:FE:Age:G:76
503381c4-b36e-45a0-bdf6-bb3118b4cbd3.xml.macaon	78	4	environ	environ	adv	adv	_	2	mod	_	_	I:Age:FE:Age:G:76
503381c4-b36e-45a0-bdf6-bb3118b4cbd3.xml.macaon	79	5	39	39	det	det	_	2	__JOKER__	_	_	I:Age:FE:Age:G:76
503381c4-b36e-45a0-bdf6-bb3118b4cbd3.xml.macaon	80	6	à	à	prep	prep	_	2	mod	_	_	I:Age:FE:Age:G:76
503381c4-b36e-45a0-bdf6-bb3118b4cbd3.xml.macaon	81	7	28#000	28#000	det	det	_	8	det	_	_	I:Age:FE:Age:G:76
503381c4-b36e-45a0-bdf6-bb3118b4cbd3.xml.macaon	82	8	ans	an	nc	nc	_	6	obj	_	_	I:Age:FE:Age:G:76
503381c4-b36e-45a0-bdf6-bb3118b4cbd3.xml.macaon	83	9	avant	avant	prep	prep	_	8	dep	_	_	I:Age:FE:Age:G:76
503381c4-b36e-45a0-bdf6-bb3118b4cbd3.xml.macaon	84	10	le	le	det	det	_	11	det	_	_	I:Age:FE:Age:G:76
503381c4-b36e-45a0-bdf6-bb3118b4cbd3.xml.macaon	85	11	présent	présent	nc	nc	_	9	obj	_	_	I:Age:FE:Age:G:76
503381c4-b36e-45a0-bdf6-bb3118b4cbd3.xml.macaon	86	12	.	.	poncts	poncts	_	2	ponct	_	_

503381c4-b36e-45a0-bdf6-bb3118b4cbd3.xml.macaon	87	1	En	en	prep	prep	_	_	_	_	_
503381c4-b36e-45a0-bdf6-bb3118b4cbd3.xml.macaon	88	2	Europe	Europe	np	np	_	1	obj	_	_
503381c4-b36e-45a0-bdf6-bb3118b4cbd3.xml.macaon	89	3	centrale	central	adj	adj	_	2	mod	_	_
503381c4-b36e-45a0-bdf6-bb3118b4cbd3.xml.macaon	90	4	et	et	coo	coo	_	2	coord	_	_
503381c4-b36e-45a0-bdf6-bb3118b4cbd3.xml.macaon	91	5	occidentale	occidental	adj	adj	_	4	dep_coord	_	_
503381c4-b36e-45a0-bdf6-bb3118b4cbd3.xml.macaon	92	6	,	,	ponctw	ponctw	_	9	ponct	_	_
503381c4-b36e-45a0-bdf6-bb3118b4cbd3.xml.macaon	93	7	l'	le	det	det	_	8	det	_	_
503381c4-b36e-45a0-bdf6-bb3118b4cbd3.xml.macaon	94	8	Aurignacien	Aurignacien	np	np	_	9	suj	_	_
503381c4-b36e-45a0-bdf6-bb3118b4cbd3.xml.macaon	95	9	semble	sembler	v	v	_	4	dep_coord	_	_
503381c4-b36e-45a0-bdf6-bb3118b4cbd3.xml.macaon	96	10	correspondre	correspondre	vinf	vinf	_	9	obj	_	_
503381c4-b36e-45a0-bdf6-bb3118b4cbd3.xml.macaon	97	11	à	à	prep	prep	_	10	a_obj	_	_
503381c4-b36e-45a0-bdf6-bb3118b4cbd3.xml.macaon	98	12	l'	le	det	det	_	13	det	_	_
503381c4-b36e-45a0-bdf6-bb3118b4cbd3.xml.macaon	99	13	arrivée	arrivé	nc	nc	_	11	obj	_	_
503381c4-b36e-45a0-bdf6-bb3118b4cbd3.xml.macaon	100	14	de#l'	de#l'	prep	prep	_	10	mod	_	_
503381c4-b36e-45a0-bdf6-bb3118b4cbd3.xml.macaon	101	15	Homo#sapiens	Homo#sapiens	np	np	_	14	obj	_	_
503381c4-b36e-45a0-bdf6-bb3118b4cbd3.xml.macaon	102	16	.	.	poncts	poncts	_	9	ponct	_	_

503381c4-b36e-45a0-bdf6-bb3118b4cbd3.xml.macaon	103	1	Le	le	det	det	_	2	det	_	_	B:Origin:FE:Entity:G:105
503381c4-b36e-45a0-bdf6-bb3118b4cbd3.xml.macaon	104	2	nom	nom	nc	nc	_	3	suj	_	_	I:Origin:FE:Entity:G:105
503381c4-b36e-45a0-bdf6-bb3118b4cbd3.xml.macaon	105	3	provient	provenir	v	v	_	_	_	_	_	B:Origin:TARGET:provenir:G:105
503381c4-b36e-45a0-bdf6-bb3118b4cbd3.xml.macaon	106	4	de	de	prep	prep	_	3	de_obj	_	_
503381c4-b36e-45a0-bdf6-bb3118b4cbd3.xml.macaon	107	5	la	le	det	det	_	6	det	_	_	B:Origin:FE:Origin:G:105
503381c4-b36e-45a0-bdf6-bb3118b4cbd3.xml.macaon	108	6	grotte	grotte	nc	nc	_	4	obj	_	_	I:Origin:FE:Origin:G:105
503381c4-b36e-45a0-bdf6-bb3118b4cbd3.xml.macaon	109	7	d'	de	prep	prep	_	6	dep	_	_	I:Origin:FE:Origin:G:105
503381c4-b36e-45a0-bdf6-bb3118b4cbd3.xml.macaon	110	8	Aurignac	Aurignac	np	np	_	7	obj	_	_	I:Origin:FE:Origin:G:105
503381c4-b36e-45a0-bdf6-bb3118b4cbd3.xml.macaon	111	9	en	en	prep	prep	_	6	dep	_	_	I:Origin:FE:Origin:G:105
503381c4-b36e-45a0-bdf6-bb3118b4cbd3.xml.macaon	112	10	Haute-Garonne	Haute-Garonne	np	np	_	9	obj	_	_	I:Origin:FE:Origin:G:105
503381c4-b36e-45a0-bdf6-bb3118b4cbd3.xml.macaon	113	11	fouillée	fouiller	vppart	vppart	_	6	mod	_	_	B:Scrutiny:TARGET:fouiller:G:113
503381c4-b36e-45a0-bdf6-bb3118b4cbd3.xml.macaon	114	12	à#partir#de	à#partir#de	prep	prep	_	11	mod	_	_	B:Scrutiny:FE:Time:G:113
503381c4-b36e-45a0-bdf6-bb3118b4cbd3.xml.macaon	115	13	1860	1860	nc	nc	_	12	obj	_	_	I:Scrutiny:FE:Time:G:113
503381c4-b36e-45a0-bdf6-bb3118b4cbd3.xml.macaon	116	14	.	.	poncts	poncts	_	3	ponct	_	_

503381c4-b36e-45a0-bdf6-bb3118b4cbd3.xml.macaon	117	1	Le	le	det	det	_	2	det	_	_
503381c4-b36e-45a0-bdf6-bb3118b4cbd3.xml.macaon	118	2	nom	nom	nc	nc	_	5	suj	_	_
503381c4-b36e-45a0-bdf6-bb3118b4cbd3.xml.macaon	119	3	a	avoir	v	v	_	5	aux_tps	_	_
503381c4-b36e-45a0-bdf6-bb3118b4cbd3.xml.macaon	120	4	été	être	vppart	vppart	_	5	aux_pass	_	_
503381c4-b36e-45a0-bdf6-bb3118b4cbd3.xml.macaon	121	5	associé	associer	vppart	vppart	_	_	_	_	_
503381c4-b36e-45a0-bdf6-bb3118b4cbd3.xml.macaon	122	6	(	(	ponctw	ponctw	_	5	ponct	_	_
503381c4-b36e-45a0-bdf6-bb3118b4cbd3.xml.macaon	123	7	site	site	nc	nc	_	6	dep_coord	_	_
503381c4-b36e-45a0-bdf6-bb3118b4cbd3.xml.macaon	124	8	éponyme	éponyme	adj	adj	_	7	mod	_	_
503381c4-b36e-45a0-bdf6-bb3118b4cbd3.xml.macaon	125	9	)	)	ponctw	ponctw	_	7	ponct	_	_
503381c4-b36e-45a0-bdf6-bb3118b4cbd3.xml.macaon	126	10	à	à	prep	prep	_	5	a_obj	_	_
503381c4-b36e-45a0-bdf6-bb3118b4cbd3.xml.macaon	127	11	cette	ce	det	det	_	12	det	_	_
503381c4-b36e-45a0-bdf6-bb3118b4cbd3.xml.macaon	128	12	culture	culture	nc	nc	_	10	obj	_	_
503381c4-b36e-45a0-bdf6-bb3118b4cbd3.xml.macaon	129	13	en	en	prep	prep	_	12	dep	_	_
503381c4-b36e-45a0-bdf6-bb3118b4cbd3.xml.macaon	130	14	1906	1906	nc	nc	_	13	obj	_	_
503381c4-b36e-45a0-bdf6-bb3118b4cbd3.xml.macaon	131	15	.	.	poncts	poncts	_	5	ponct	_	_

503381c4-b36e-45a0-bdf6-bb3118b4cbd3.xml.macaon	132	1	L'	L'	det	det	_	2	det	_	_
503381c4-b36e-45a0-bdf6-bb3118b4cbd3.xml.macaon	133	2	Aurignacien	Aurignacien	np	np	_	3	suj	_	_
503381c4-b36e-45a0-bdf6-bb3118b4cbd3.xml.macaon	134	3	est	être	v	v	_	4	aux_tps	_	_
503381c4-b36e-45a0-bdf6-bb3118b4cbd3.xml.macaon	135	4	caractérisé	caractériser	vppart	vppart	_	_	_	_	_
503381c4-b36e-45a0-bdf6-bb3118b4cbd3.xml.macaon	136	5	par	par	prep	prep	_	4	mod	_	_
503381c4-b36e-45a0-bdf6-bb3118b4cbd3.xml.macaon	137	6	son	son	det	det	_	7	det	_	_
503381c4-b36e-45a0-bdf6-bb3118b4cbd3.xml.macaon	138	7	industrie	industrie	nc	nc	_	5	obj	_	_
503381c4-b36e-45a0-bdf6-bb3118b4cbd3.xml.macaon	139	8	osseuse	osseux	adj	adj	_	7	mod	_	_
503381c4-b36e-45a0-bdf6-bb3118b4cbd3.xml.macaon	140	9	(	(	ponctw	ponctw	_	7	ponct	_	_
503381c4-b36e-45a0-bdf6-bb3118b4cbd3.xml.macaon	141	10	sagaies	sagaie	nc	nc	_	5	obj	_	_
503381c4-b36e-45a0-bdf6-bb3118b4cbd3.xml.macaon	142	11	à	à	prep	prep	_	10	dep	_	_
503381c4-b36e-45a0-bdf6-bb3118b4cbd3.xml.macaon	143	12	bases	base	nc	nc	_	11	obj	_	_
503381c4-b36e-45a0-bdf6-bb3118b4cbd3.xml.macaon	144	13	fendues	fendre	adj	adj	_	12	mod	_	_
503381c4-b36e-45a0-bdf6-bb3118b4cbd3.xml.macaon	145	14	)	)	ponctw	ponctw	_	10	ponct	_	_
503381c4-b36e-45a0-bdf6-bb3118b4cbd3.xml.macaon	146	15	et	et	coo	coo	_	10	coord	_	_
503381c4-b36e-45a0-bdf6-bb3118b4cbd3.xml.macaon	147	16	lithique	lithique	adj	adj	_	15	dep_coord	_	_
503381c4-b36e-45a0-bdf6-bb3118b4cbd3.xml.macaon	148	17	(	(	ponctw	ponctw	_	16	ponct	_	_
503381c4-b36e-45a0-bdf6-bb3118b4cbd3.xml.macaon	149	18	pièces	pièce	nc	nc	_	15	dep_coord	_	_
503381c4-b36e-45a0-bdf6-bb3118b4cbd3.xml.macaon	150	19	carénées	caréné	adj	adj	_	18	mod	_	_
503381c4-b36e-45a0-bdf6-bb3118b4cbd3.xml.macaon	151	20	,	,	ponctw	ponctw	_	18	ponct	_	_
503381c4-b36e-45a0-bdf6-bb3118b4cbd3.xml.macaon	152	21	lamelles	lamelle	nc	nc	_	18	mod	_	_
503381c4-b36e-45a0-bdf6-bb3118b4cbd3.xml.macaon	153	22	,	,	ponctw	ponctw	_	21	ponct	_	_
503381c4-b36e-45a0-bdf6-bb3118b4cbd3.xml.macaon	154	23	lames	lame	nc	nc	_	21	mod	_	_
503381c4-b36e-45a0-bdf6-bb3118b4cbd3.xml.macaon	155	24	retouchées	retoucher	vppart	vppart	_	23	mod	_	_
503381c4-b36e-45a0-bdf6-bb3118b4cbd3.xml.macaon	156	25	,	,	ponctw	ponctw	_	24	ponct	_	_
503381c4-b36e-45a0-bdf6-bb3118b4cbd3.xml.macaon	157	26	etc.	etc.	coo	coo	_	23	coord	_	_

503381c4-b36e-45a0-bdf6-bb3118b4cbd3.xml.macaon	158	1	en	en	prep	prep	_	_	_	_	_
503381c4-b36e-45a0-bdf6-bb3118b4cbd3.xml.macaon	159	2	pierre	pierre	nc	nc	_	1	obj	_	_
503381c4-b36e-45a0-bdf6-bb3118b4cbd3.xml.macaon	160	3	)	)	ponctw	ponctw	_	2	ponct	_	_
503381c4-b36e-45a0-bdf6-bb3118b4cbd3.xml.macaon	161	4	.	.	poncts	poncts	_	2	__JOKER__	_	_

503381c4-b36e-45a0-bdf6-bb3118b4cbd3.xml.macaon	162	1	Les	les	det	det	_	2	det	_	_
503381c4-b36e-45a0-bdf6-bb3118b4cbd3.xml.macaon	163	2	populations	population	nc	nc	_	6	suj	_	_
503381c4-b36e-45a0-bdf6-bb3118b4cbd3.xml.macaon	164	3	de#l'	de#l'	prep	prep	_	2	dep	_	_
503381c4-b36e-45a0-bdf6-bb3118b4cbd3.xml.macaon	165	4	Aurignacien	Aurignacien	np	np	_	3	obj	_	_
503381c4-b36e-45a0-bdf6-bb3118b4cbd3.xml.macaon	166	5	ont	avoir	v	v	_	6	aux_tps	_	_
503381c4-b36e-45a0-bdf6-bb3118b4cbd3.xml.macaon	167	6	laissé	laisser	vppart	vppart	_	_	_	_	_
503381c4-b36e-45a0-bdf6-bb3118b4cbd3.xml.macaon	168	7	de	un	det	det	_	9	det	_	_
503381c4-b36e-45a0-bdf6-bb3118b4cbd3.xml.macaon	169	8	nombreux	nombreux	adj	adj	_	9	mod	_	_
503381c4-b36e-45a0-bdf6-bb3118b4cbd3.xml.macaon	170	9	documents	document	nc	nc	_	6	obj	_	_
503381c4-b36e-45a0-bdf6-bb3118b4cbd3.xml.macaon	171	10	artistiques	artistique	adj	adj	_	9	mod	_	_
503381c4-b36e-45a0-bdf6-bb3118b4cbd3.xml.macaon	172	11	,	,	ponctw	ponctw	_	9	ponct	_	_
503381c4-b36e-45a0-bdf6-bb3118b4cbd3.xml.macaon	173	12	comme	comme	prep	prep	_	6	mod	_	_
503381c4-b36e-45a0-bdf6-bb3118b4cbd3.xml.macaon	174	13	des	un	det	det	_	14	det	_	_
503381c4-b36e-45a0-bdf6-bb3118b4cbd3.xml.macaon	175	14	coquillages	coquillage	nc	nc	_	12	obj	_	_
503381c4-b36e-45a0-bdf6-bb3118b4cbd3.xml.macaon	176	15	perforés	perforer	adj	adj	_	14	mod	_	_
503381c4-b36e-45a0-bdf6-bb3118b4cbd3.xml.macaon	177	16	,	,	ponctw	ponctw	_	22	ponct	_	_
503381c4-b36e-45a0-bdf6-bb3118b4cbd3.xml.macaon	178	17	des	un	det	det	_	18	det	_	_
503381c4-b36e-45a0-bdf6-bb3118b4cbd3.xml.macaon	179	18	objets	objet	nc	nc	_	22	suj	_	_
503381c4-b36e-45a0-bdf6-bb3118b4cbd3.xml.macaon	180	19	sculptés	sculpter	vppart	vppart	_	18	mod	_	_
503381c4-b36e-45a0-bdf6-bb3118b4cbd3.xml.macaon	181	20	en	en	prep	prep	_	19	mod	_	_
503381c4-b36e-45a0-bdf6-bb3118b4cbd3.xml.macaon	182	21	ronde	ronde	nc	nc	_	20	obj	_	_
503381c4-b36e-45a0-bdf6-bb3118b4cbd3.xml.macaon	183	22	bosse	bosser	v	v	_	14	mod_rel	_	_
503381c4-b36e-45a0-bdf6-bb3118b4cbd3.xml.macaon	184	23	mais#aussi	mais#aussi	adv	adv	_	22	mod	_	_
503381c4-b36e-45a0-bdf6-bb3118b4cbd3.xml.macaon	185	24	des	un	det	det	_	25	det	_	_
503381c4-b36e-45a0-bdf6-bb3118b4cbd3.xml.macaon	186	25	peintures	peinture	nc	nc	_	22	obj	_	_
503381c4-b36e-45a0-bdf6-bb3118b4cbd3.xml.macaon	187	26	(	(	ponctw	ponctw	_	22	ponct	_	_
503381c4-b36e-45a0-bdf6-bb3118b4cbd3.xml.macaon	188	27	comme	comme	prep	prep	_	22	mod	_	_
503381c4-b36e-45a0-bdf6-bb3118b4cbd3.xml.macaon	189	28	celles	celui	pro	pro	_	27	obj	_	_
503381c4-b36e-45a0-bdf6-bb3118b4cbd3.xml.macaon	190	29	de	de	prep	prep	_	28	dep	_	_
503381c4-b36e-45a0-bdf6-bb3118b4cbd3.xml.macaon	191	30	la	le	det	det	_	31	det	_	_
503381c4-b36e-45a0-bdf6-bb3118b4cbd3.xml.macaon	192	31	grotte	grotte	nc	nc	_	29	obj	_	_
503381c4-b36e-45a0-bdf6-bb3118b4cbd3.xml.macaon	193	32	Chauvet	Chauvet	np	np	_	31	mod	_	_
503381c4-b36e-45a0-bdf6-bb3118b4cbd3.xml.macaon	194	33	en	en	prep	prep	_	31	dep	_	_
503381c4-b36e-45a0-bdf6-bb3118b4cbd3.xml.macaon	195	34	Ardèche	Ardèche	np	np	_	33	obj	_	_
503381c4-b36e-45a0-bdf6-bb3118b4cbd3.xml.macaon	196	35	ou	ou	coo	coo	_	29	coord	_	_
503381c4-b36e-45a0-bdf6-bb3118b4cbd3.xml.macaon	197	36	de	de	prep	prep	_	35	dep_coord	_	_
503381c4-b36e-45a0-bdf6-bb3118b4cbd3.xml.macaon	198	37	La	La	det	det	_	38	det	_	_
503381c4-b36e-45a0-bdf6-bb3118b4cbd3.xml.macaon	199	38	Ferrassie	Ferrassie	np	np	_	36	obj	_	_
503381c4-b36e-45a0-bdf6-bb3118b4cbd3.xml.macaon	200	39	en	en	prep	prep	_	35	dep_coord	_	_
503381c4-b36e-45a0-bdf6-bb3118b4cbd3.xml.macaon	201	40	Dordogne	Dordogne	np	np	_	39	obj	_	_
503381c4-b36e-45a0-bdf6-bb3118b4cbd3.xml.macaon	202	41	)	)	ponctw	ponctw	_	40	ponct	_	_
503381c4-b36e-45a0-bdf6-bb3118b4cbd3.xml.macaon	203	42	.	.	poncts	poncts	_	22	ponct	_	_

503381c4-b36e-45a0-bdf6-bb3118b4cbd3.xml.macaon	204	1	Le	le	det	det	_	2	det	_	_
503381c4-b36e-45a0-bdf6-bb3118b4cbd3.xml.macaon	205	2	milieu	milieu	nc	nc	_	_	_	_	_
503381c4-b36e-45a0-bdf6-bb3118b4cbd3.xml.macaon	206	3	environnant	environner	vprespart	vprespart	_	2	__JOKER__	_	_

503381c4-b36e-45a0-bdf6-bb3118b4cbd3.xml.macaon	207	1	Carte	carte	nc	nc	_	_	_	_	_
503381c4-b36e-45a0-bdf6-bb3118b4cbd3.xml.macaon	208	2	de	de	prep	prep	_	1	dep	_	_
503381c4-b36e-45a0-bdf6-bb3118b4cbd3.xml.macaon	209	3	la	le	det	det	_	4	det	_	_
503381c4-b36e-45a0-bdf6-bb3118b4cbd3.xml.macaon	210	4	présence	présence	nc	nc	_	2	obj	_	_
503381c4-b36e-45a0-bdf6-bb3118b4cbd3.xml.macaon	211	5	des	des	prep	prep	_	4	dep	_	_
503381c4-b36e-45a0-bdf6-bb3118b4cbd3.xml.macaon	212	6	Aurignaciens	aurignacien	nc	nc	_	5	obj	_	_
503381c4-b36e-45a0-bdf6-bb3118b4cbd3.xml.macaon	213	7	en	en	prep	prep	_	6	dep	_	_
503381c4-b36e-45a0-bdf6-bb3118b4cbd3.xml.macaon	214	8	Europe	Europe	np	np	_	7	obj	_	_

503381c4-b36e-45a0-bdf6-bb3118b4cbd3.xml.macaon	215	1	Vers	Vers	np	np	_	_	_	_	_
503381c4-b36e-45a0-bdf6-bb3118b4cbd3.xml.macaon	216	2	35#000	35#000	nc	nc	_	1	mod	_	_
503381c4-b36e-45a0-bdf6-bb3118b4cbd3.xml.macaon	217	3	et	et	coo	coo	_	2	coord	_	_
503381c4-b36e-45a0-bdf6-bb3118b4cbd3.xml.macaon	218	4	30#000	30#000	nc	nc	_	3	dep_coord	_	_
503381c4-b36e-45a0-bdf6-bb3118b4cbd3.xml.macaon	219	5	BP	BP	np	np	_	4	mod	_	_
503381c4-b36e-45a0-bdf6-bb3118b4cbd3.xml.macaon	220	6	le	le	det	det	_	7	det	_	_	B:Becoming:FE:Entity:G:235
503381c4-b36e-45a0-bdf6-bb3118b4cbd3.xml.macaon	221	7	climat	climat	nc	nc	_	8	suj	_	_	I:Becoming:FE:Entity:G:235
503381c4-b36e-45a0-bdf6-bb3118b4cbd3.xml.macaon	222	8	connait	connait	v	v	_	3	dep_coord	_	_
503381c4-b36e-45a0-bdf6-bb3118b4cbd3.xml.macaon	223	9	une	un	det	det	_	10	det	_	_
503381c4-b36e-45a0-bdf6-bb3118b4cbd3.xml.macaon	224	10	période	période	nc	nc	_	8	obj	_	_
503381c4-b36e-45a0-bdf6-bb3118b4cbd3.xml.macaon	225	11	tempérée	tempérer	vppart	vppart	_	10	mod	_	_
503381c4-b36e-45a0-bdf6-bb3118b4cbd3.xml.macaon	226	12	mais	mais	coo	coo	_	10	coord	_	_
503381c4-b36e-45a0-bdf6-bb3118b4cbd3.xml.macaon	227	13	il	il	cln	cln	_	15	suj	_	_
503381c4-b36e-45a0-bdf6-bb3118b4cbd3.xml.macaon	228	14	se	se	clr	clr	_	15	aff	_	_
503381c4-b36e-45a0-bdf6-bb3118b4cbd3.xml.macaon	229	15	dégrade	dégrader	v	v	_	12	dep_coord	_	_
503381c4-b36e-45a0-bdf6-bb3118b4cbd3.xml.macaon	230	16	progressivement	progressivement	adv	adv	_	15	mod	_	_
503381c4-b36e-45a0-bdf6-bb3118b4cbd3.xml.macaon	231	17	à#partir#de	à#partir#de	prep	prep	_	15	de_obj	_	_
503381c4-b36e-45a0-bdf6-bb3118b4cbd3.xml.macaon	232	18	30#000	30#000	nc	nc	_	17	obj	_	_
503381c4-b36e-45a0-bdf6-bb3118b4cbd3.xml.macaon	233	19	,	,	ponctw	ponctw	_	21	ponct	_	_
503381c4-b36e-45a0-bdf6-bb3118b4cbd3.xml.macaon	234	20	il	il	cln	cln	_	21	suj	_	_	B:Becoming:FE:Entity:G:235
503381c4-b36e-45a0-bdf6-bb3118b4cbd3.xml.macaon	235	21	devient	devenir	v	v	_	12	dep_coord	_	_	B:Becoming:TARGET:devenir:G:235
503381c4-b36e-45a0-bdf6-bb3118b4cbd3.xml.macaon	236	22	froid	froid	adj	adj	_	21	ats	_	_	B:Becoming:FE:Final_quality:G:235
503381c4-b36e-45a0-bdf6-bb3118b4cbd3.xml.macaon	237	23	et	et	coo	coo	_	21	coord	_	_	I:Becoming:FE:Final_quality:G:235
503381c4-b36e-45a0-bdf6-bb3118b4cbd3.xml.macaon	238	24	sec	sec	nc	nc	_	23	dep_coord	_	_	I:Becoming:FE:Final_quality:G:235
503381c4-b36e-45a0-bdf6-bb3118b4cbd3.xml.macaon	239	25	.	.	poncts	poncts	_	8	ponct	_	_

503381c4-b36e-45a0-bdf6-bb3118b4cbd3.xml.macaon	240	1	Les	les	det	det	_	2	det	_	_
503381c4-b36e-45a0-bdf6-bb3118b4cbd3.xml.macaon	241	2	pollens	pollen	nc	nc	_	11	suj	_	_
503381c4-b36e-45a0-bdf6-bb3118b4cbd3.xml.macaon	242	3	recueillis	recueillir	vppart	vppart	_	2	mod	_	_
503381c4-b36e-45a0-bdf6-bb3118b4cbd3.xml.macaon	243	4	à	à	prep	prep	_	3	a_obj	_	_
503381c4-b36e-45a0-bdf6-bb3118b4cbd3.xml.macaon	244	5	Arcy-sur-Cure	Arcy-sur-Cure	np	np	_	4	obj	_	_
503381c4-b36e-45a0-bdf6-bb3118b4cbd3.xml.macaon	245	6	(	(	ponctw	ponctw	_	2	ponct	_	_
503381c4-b36e-45a0-bdf6-bb3118b4cbd3.xml.macaon	246	7	dans	dans	prep	prep	_	11	mod	_	_
503381c4-b36e-45a0-bdf6-bb3118b4cbd3.xml.macaon	247	8	l'	le	det	det	_	9	det	_	_
503381c4-b36e-45a0-bdf6-bb3118b4cbd3.xml.macaon	248	9	Yonne	Yonne	np	np	_	7	obj	_	_
503381c4-b36e-45a0-bdf6-bb3118b4cbd3.xml.macaon	249	10	)	)	ponctw	ponctw	_	11	ponct	_	_
503381c4-b36e-45a0-bdf6-bb3118b4cbd3.xml.macaon	250	11	montre	montrer	v	v	_	_	_	_	_
503381c4-b36e-45a0-bdf6-bb3118b4cbd3.xml.macaon	251	12	que	que	csu	csu	_	11	obj	_	_
503381c4-b36e-45a0-bdf6-bb3118b4cbd3.xml.macaon	252	13	la	le	det	det	_	14	det	_	_
503381c4-b36e-45a0-bdf6-bb3118b4cbd3.xml.macaon	253	14	végétation	végétation	nc	nc	_	15	suj	_	_
503381c4-b36e-45a0-bdf6-bb3118b4cbd3.xml.macaon	254	15	passe	passer	v	v	_	12	obj	_	_
503381c4-b36e-45a0-bdf6-bb3118b4cbd3.xml.macaon	255	16	d'	de	prep	prep	_	15	de_obj	_	_
503381c4-b36e-45a0-bdf6-bb3118b4cbd3.xml.macaon	256	17	une	un	det	det	_	18	det	_	_
503381c4-b36e-45a0-bdf6-bb3118b4cbd3.xml.macaon	257	18	forêt	forêt	nc	nc	_	16	obj	_	_
503381c4-b36e-45a0-bdf6-bb3118b4cbd3.xml.macaon	258	19	claire	clair	adj	adj	_	18	mod	_	_
503381c4-b36e-45a0-bdf6-bb3118b4cbd3.xml.macaon	259	20	de	de	prep	prep	_	18	dep	_	_
503381c4-b36e-45a0-bdf6-bb3118b4cbd3.xml.macaon	260	21	feuillus	feuillu	nc	nc	_	20	obj	_	_
503381c4-b36e-45a0-bdf6-bb3118b4cbd3.xml.macaon	261	22	et	et	coo	coo	_	20	coord	_	_
503381c4-b36e-45a0-bdf6-bb3118b4cbd3.xml.macaon	262	23	de	de	prep	prep	_	22	dep_coord	_	_
503381c4-b36e-45a0-bdf6-bb3118b4cbd3.xml.macaon	263	24	conifères	conifère	nc	nc	_	23	obj	_	_
503381c4-b36e-45a0-bdf6-bb3118b4cbd3.xml.macaon	264	25	à	à	prep	prep	_	24	dep	_	_
503381c4-b36e-45a0-bdf6-bb3118b4cbd3.xml.macaon	265	26	des	un	det	det	_	27	det	_	_
503381c4-b36e-45a0-bdf6-bb3118b4cbd3.xml.macaon	266	27	bosquets	bosquet	nc	nc	_	25	obj	_	_
503381c4-b36e-45a0-bdf6-bb3118b4cbd3.xml.macaon	267	28	de	de	prep	prep	_	27	dep	_	_
503381c4-b36e-45a0-bdf6-bb3118b4cbd3.xml.macaon	268	29	pins	pin	nc	nc	_	28	obj	_	_
503381c4-b36e-45a0-bdf6-bb3118b4cbd3.xml.macaon	269	30	et	et	coo	coo	_	20	coord	_	_
503381c4-b36e-45a0-bdf6-bb3118b4cbd3.xml.macaon	270	31	de	de	prep	prep	_	30	dep_coord	_	_
503381c4-b36e-45a0-bdf6-bb3118b4cbd3.xml.macaon	271	32	bouleaux	bouleau	nc	nc	_	31	obj	_	_
503381c4-b36e-45a0-bdf6-bb3118b4cbd3.xml.macaon	272	33	dans	dans	prep	prep	_	30	dep_coord	_	_
503381c4-b36e-45a0-bdf6-bb3118b4cbd3.xml.macaon	273	34	la	le	det	det	_	35	det	_	_
503381c4-b36e-45a0-bdf6-bb3118b4cbd3.xml.macaon	274	35	vallée	vallée	nc	nc	_	33	obj	_	_
503381c4-b36e-45a0-bdf6-bb3118b4cbd3.xml.macaon	275	36	alors#que	alors#que	adj	adj	_	35	mod	_	_
503381c4-b36e-45a0-bdf6-bb3118b4cbd3.xml.macaon	276	37	plateau	plateau	nc	nc	_	33	obj	_	_	B:Becoming:FE:Entity:G:280
503381c4-b36e-45a0-bdf6-bb3118b4cbd3.xml.macaon	277	38	qui	qui	prorel	prorel	_	40	suj	_	_
503381c4-b36e-45a0-bdf6-bb3118b4cbd3.xml.macaon	278	39	la	la	clo	clo	_	40	__JOKER__	_	_
503381c4-b36e-45a0-bdf6-bb3118b4cbd3.xml.macaon	279	40	surmonte	surmonter	v	v	_	30	dep_coord	_	_
503381c4-b36e-45a0-bdf6-bb3118b4cbd3.xml.macaon	280	41	devient	devenir	v	v	_	30	dep_coord	_	_	B:Becoming:TARGET:devenir:G:280
503381c4-b36e-45a0-bdf6-bb3118b4cbd3.xml.macaon	281	42	une	un	det	det	_	43	det	_	_	B:Becoming:FE:Final_category:G:280
503381c4-b36e-45a0-bdf6-bb3118b4cbd3.xml.macaon	282	43	steppe	steppe	nc	nc	_	41	obj	_	_	I:Becoming:FE:Final_category:G:280
503381c4-b36e-45a0-bdf6-bb3118b4cbd3.xml.macaon	283	44	.	.	poncts	poncts	_	11	__JOKER__	_	_

503381c4-b36e-45a0-bdf6-bb3118b4cbd3.xml.macaon	284	1	La	la	det	det	_	2	det	_	_
503381c4-b36e-45a0-bdf6-bb3118b4cbd3.xml.macaon	285	2	faune	faune	nc	nc	_	4	suj	_	_
503381c4-b36e-45a0-bdf6-bb3118b4cbd3.xml.macaon	286	3	est	être	v	v	_	4	aux_tps	_	_
503381c4-b36e-45a0-bdf6-bb3118b4cbd3.xml.macaon	287	4	composée	composer	vppart	vppart	_	_	_	_	_
503381c4-b36e-45a0-bdf6-bb3118b4cbd3.xml.macaon	288	5	d'	un	det	det	_	8	det	_	_
503381c4-b36e-45a0-bdf6-bb3118b4cbd3.xml.macaon	289	6	herbivores	herbivore	adj	adj	_	8	mod	_	_
503381c4-b36e-45a0-bdf6-bb3118b4cbd3.xml.macaon	290	7	:	:	ponctw	ponctw	_	8	ponct	_	_
503381c4-b36e-45a0-bdf6-bb3118b4cbd3.xml.macaon	291	8	mammouths	mammouth	nc	nc	_	20	__JOKER__	_	_
503381c4-b36e-45a0-bdf6-bb3118b4cbd3.xml.macaon	292	9	,	,	ponctw	ponctw	_	8	ponct	_	_
503381c4-b36e-45a0-bdf6-bb3118b4cbd3.xml.macaon	293	10	rhinocéros	rhinocéros	nc	nc	_	8	mod	_	_
503381c4-b36e-45a0-bdf6-bb3118b4cbd3.xml.macaon	294	11	laineux	laineux	adj	adj	_	10	mod	_	_
503381c4-b36e-45a0-bdf6-bb3118b4cbd3.xml.macaon	295	12	,	,	ponctw	ponctw	_	10	ponct	_	_
503381c4-b36e-45a0-bdf6-bb3118b4cbd3.xml.macaon	296	13	rennes	renne	nc	nc	_	10	mod	_	_
503381c4-b36e-45a0-bdf6-bb3118b4cbd3.xml.macaon	297	14	,	,	ponctw	ponctw	_	13	ponct	_	_
503381c4-b36e-45a0-bdf6-bb3118b4cbd3.xml.macaon	298	15	chevaux	cheval	nc	nc	_	13	mod	_	_
503381c4-b36e-45a0-bdf6-bb3118b4cbd3.xml.macaon	299	16	,	,	ponctw	ponctw	_	15	ponct	_	_
503381c4-b36e-45a0-bdf6-bb3118b4cbd3.xml.macaon	300	17	bœufs	bœufs	nc	nc	_	15	mod	_	_
503381c4-b36e-45a0-bdf6-bb3118b4cbd3.xml.macaon	301	18	,	,	ponctw	ponctw	_	17	ponct	_	_
503381c4-b36e-45a0-bdf6-bb3118b4cbd3.xml.macaon	302	19	marmottes	marmotte	nc	nc	_	17	mod	_	_
503381c4-b36e-45a0-bdf6-bb3118b4cbd3.xml.macaon	303	20	...	...	poncts	poncts	_	4	__JOKER__	_	_

503381c4-b36e-45a0-bdf6-bb3118b4cbd3.xml.macaon	304	1	et	et	coo	coo	_	_	_	_	_
503381c4-b36e-45a0-bdf6-bb3118b4cbd3.xml.macaon	305	2	de	de	prep	prep	_	1	dep_coord	_	_
503381c4-b36e-45a0-bdf6-bb3118b4cbd3.xml.macaon	306	3	carnivores	carnivore	nc	nc	_	2	obj	_	_
503381c4-b36e-45a0-bdf6-bb3118b4cbd3.xml.macaon	307	4	:	:	ponctw	ponctw	_	3	ponct	_	_
503381c4-b36e-45a0-bdf6-bb3118b4cbd3.xml.macaon	308	5	ours	ours	nc	nc	_	3	mod	_	_
503381c4-b36e-45a0-bdf6-bb3118b4cbd3.xml.macaon	309	6	,	,	ponctw	ponctw	_	5	ponct	_	_
503381c4-b36e-45a0-bdf6-bb3118b4cbd3.xml.macaon	310	7	grands	grand	adj	adj	_	8	mod	_	_
503381c4-b36e-45a0-bdf6-bb3118b4cbd3.xml.macaon	311	8	félins	félin	nc	nc	_	5	mod	_	_
503381c4-b36e-45a0-bdf6-bb3118b4cbd3.xml.macaon	312	9	,	,	ponctw	ponctw	_	8	ponct	_	_
503381c4-b36e-45a0-bdf6-bb3118b4cbd3.xml.macaon	313	10	loups	loup	nc	nc	_	8	mod	_	_
503381c4-b36e-45a0-bdf6-bb3118b4cbd3.xml.macaon	314	11	,	,	ponctw	ponctw	_	10	ponct	_	_
503381c4-b36e-45a0-bdf6-bb3118b4cbd3.xml.macaon	315	12	hyènes	hyène	nc	nc	_	10	mod	_	_
503381c4-b36e-45a0-bdf6-bb3118b4cbd3.xml.macaon	316	13	,	,	ponctw	ponctw	_	8	ponct	_	_
503381c4-b36e-45a0-bdf6-bb3118b4cbd3.xml.macaon	317	14	…	…	coo	coo	_	8	coord	_	_

503381c4-b36e-45a0-bdf6-bb3118b4cbd3.xml.macaon	318	1	Les	les	det	det	_	2	det	_	_
503381c4-b36e-45a0-bdf6-bb3118b4cbd3.xml.macaon	319	2	Aurignaciens	aurignacien	nc	nc	_	_	_	_	_

503381c4-b36e-45a0-bdf6-bb3118b4cbd3.xml.macaon	320	1	Vu#qu'	vu#que	csu	csu	_	_	_	_	_
503381c4-b36e-45a0-bdf6-bb3118b4cbd3.xml.macaon	321	2	ils	ils	cln	cln	_	3	suj	_	_	B:Hunting:FE:Hunter:G:327
503381c4-b36e-45a0-bdf6-bb3118b4cbd3.xml.macaon	322	3	pratiquaient	pratiquer	v	v	_	1	obj	_	_
503381c4-b36e-45a0-bdf6-bb3118b4cbd3.xml.macaon	323	4	le	le	det	det	_	5	det	_	_
503381c4-b36e-45a0-bdf6-bb3118b4cbd3.xml.macaon	324	5	nomadisme	nomadisme	nc	nc	_	3	obj	_	_
503381c4-b36e-45a0-bdf6-bb3118b4cbd3.xml.macaon	325	6	et	et	coo	coo	_	5	coord	_	_
503381c4-b36e-45a0-bdf6-bb3118b4cbd3.xml.macaon	326	7	la	le	det	det	_	8	det	_	_
503381c4-b36e-45a0-bdf6-bb3118b4cbd3.xml.macaon	327	8	chasse	chasse	nc	nc	_	6	dep_coord	_	_	B:Hunting:TARGET:chasse:G:327
503381c4-b36e-45a0-bdf6-bb3118b4cbd3.xml.macaon	328	9	les	le	det	det	_	10	det	_	_	B:Hunting:FE:Hunter:G:327
503381c4-b36e-45a0-bdf6-bb3118b4cbd3.xml.macaon	329	10	Aurignaciens	aurignacien	nc	nc	_	11	suj	_	_	I:Hunting:FE:Hunter:G:327
503381c4-b36e-45a0-bdf6-bb3118b4cbd3.xml.macaon	330	11	devaient	devoir	v	v	_	1	obj	_	_
503381c4-b36e-45a0-bdf6-bb3118b4cbd3.xml.macaon	331	12	être	être	vinf	vinf	_	11	obj	_	_
503381c4-b36e-45a0-bdf6-bb3118b4cbd3.xml.macaon	332	13	très	très	adv	adv	_	14	mod	_	_
503381c4-b36e-45a0-bdf6-bb3118b4cbd3.xml.macaon	333	14	peu	peu	adv	adv	_	15	mod	_	_
503381c4-b36e-45a0-bdf6-bb3118b4cbd3.xml.macaon	334	15	nombreux	nombreux	adj	adj	_	11	ats	_	_
503381c4-b36e-45a0-bdf6-bb3118b4cbd3.xml.macaon	335	16	.	.	poncts	poncts	_	1	__JOKER__	_	_

503381c4-b36e-45a0-bdf6-bb3118b4cbd3.xml.macaon	336	1	Leurs	son	det	det	_	2	det	_	_
503381c4-b36e-45a0-bdf6-bb3118b4cbd3.xml.macaon	337	2	groupes	groupe	nc	nc	_	3	suj	_	_
503381c4-b36e-45a0-bdf6-bb3118b4cbd3.xml.macaon	338	3	devaient	devoir	v	v	_	5	aux_tps	_	_
503381c4-b36e-45a0-bdf6-bb3118b4cbd3.xml.macaon	339	4	être	être	vinf	vinf	_	5	aux_pass	_	_
503381c4-b36e-45a0-bdf6-bb3118b4cbd3.xml.macaon	340	5	isolés	isoler	vppart	vppart	_	_	_	_	_
503381c4-b36e-45a0-bdf6-bb3118b4cbd3.xml.macaon	341	6	les#uns	l'un	pro	pro	_	5	__JOKER__	_	_
503381c4-b36e-45a0-bdf6-bb3118b4cbd3.xml.macaon	342	7	des	des	prep	prep	_	5	mod	_	_
503381c4-b36e-45a0-bdf6-bb3118b4cbd3.xml.macaon	343	8	autres	autre	pro	pro	_	7	obj	_	_
503381c4-b36e-45a0-bdf6-bb3118b4cbd3.xml.macaon	344	9	dans	dans	prep	prep	_	5	mod	_	_
503381c4-b36e-45a0-bdf6-bb3118b4cbd3.xml.macaon	345	10	l'	le	det	det	_	12	det	_	_
503381c4-b36e-45a0-bdf6-bb3118b4cbd3.xml.macaon	346	11	immense	immense	adj	adj	_	12	mod	_	_
503381c4-b36e-45a0-bdf6-bb3118b4cbd3.xml.macaon	347	12	territoire	territoire	nc	nc	_	9	obj	_	_
503381c4-b36e-45a0-bdf6-bb3118b4cbd3.xml.macaon	348	13	où	où	prorel	prorel	_	16	suj	_	_
503381c4-b36e-45a0-bdf6-bb3118b4cbd3.xml.macaon	349	14	ils	ils	cln	cln	_	16	suj	_	_
503381c4-b36e-45a0-bdf6-bb3118b4cbd3.xml.macaon	350	15	ont	avoir	v	v	_	16	aux_tps	_	_
503381c4-b36e-45a0-bdf6-bb3118b4cbd3.xml.macaon	351	16	laissé	laisser	vppart	vppart	_	12	mod_rel	_	_
503381c4-b36e-45a0-bdf6-bb3118b4cbd3.xml.macaon	352	17	des	des	prep	prep	_	16	mod	_	_
503381c4-b36e-45a0-bdf6-bb3118b4cbd3.xml.macaon	353	18	traces	trace	nc	nc	_	17	obj	_	_
503381c4-b36e-45a0-bdf6-bb3118b4cbd3.xml.macaon	354	19	.	.	poncts	poncts	_	16	ponct	_	_

503381c4-b36e-45a0-bdf6-bb3118b4cbd3.xml.macaon	355	1	Ils	ils	cln	cln	_	3	suj	_	_
503381c4-b36e-45a0-bdf6-bb3118b4cbd3.xml.macaon	356	2	ne	ne	advneg	advneg	_	3	mod	_	_
503381c4-b36e-45a0-bdf6-bb3118b4cbd3.xml.macaon	357	3	devaient	devoir	v	v	_	_	_	_	_
503381c4-b36e-45a0-bdf6-bb3118b4cbd3.xml.macaon	358	4	pas	pas	advneg	advneg	_	3	mod	_	_
503381c4-b36e-45a0-bdf6-bb3118b4cbd3.xml.macaon	359	5	être	être	vinf	vinf	_	3	obj	_	_
503381c4-b36e-45a0-bdf6-bb3118b4cbd3.xml.macaon	360	6	plus#de	plus#de	prep	prep	_	5	mod	_	_
503381c4-b36e-45a0-bdf6-bb3118b4cbd3.xml.macaon	361	7	quelques	quelque	det	det	_	8	det	_	_
503381c4-b36e-45a0-bdf6-bb3118b4cbd3.xml.macaon	362	8	milliers	millier	nc	nc	_	6	obj	_	_
503381c4-b36e-45a0-bdf6-bb3118b4cbd3.xml.macaon	363	9	.	.	poncts	poncts	_	3	ponct	_	_

503381c4-b36e-45a0-bdf6-bb3118b4cbd3.xml.macaon	364	1	Les	les	det	det	_	2	det	_	_	B:Hunting:FE:Hunter:G:372
503381c4-b36e-45a0-bdf6-bb3118b4cbd3.xml.macaon	365	2	hommes	homme	nc	nc	_	5	suj	_	_	I:Hunting:FE:Hunter:G:372
503381c4-b36e-45a0-bdf6-bb3118b4cbd3.xml.macaon	366	3	de#l'	de#l'	prep	prep	_	2	dep	_	_	I:Hunting:FE:Hunter:G:372
503381c4-b36e-45a0-bdf6-bb3118b4cbd3.xml.macaon	367	4	Aurignacien	Aurignacien	np	np	_	3	obj	_	_	I:Hunting:FE:Hunter:G:372
503381c4-b36e-45a0-bdf6-bb3118b4cbd3.xml.macaon	368	5	vivaient	vivre	v	v	_	_	_	_	_
503381c4-b36e-45a0-bdf6-bb3118b4cbd3.xml.macaon	369	6	surtout	surtout	adv	adv	_	5	mod	_	_
503381c4-b36e-45a0-bdf6-bb3118b4cbd3.xml.macaon	370	7	de	de	prep	prep	_	5	de_obj	_	_
503381c4-b36e-45a0-bdf6-bb3118b4cbd3.xml.macaon	371	8	la	le	det	det	_	9	det	_	_
503381c4-b36e-45a0-bdf6-bb3118b4cbd3.xml.macaon	372	9	chasse	chasse	nc	nc	_	7	obj	_	_	B:Hunting:TARGET:chasse:G:372
503381c4-b36e-45a0-bdf6-bb3118b4cbd3.xml.macaon	373	10	de	de	prep	prep	_	9	dep	_	_	B:Hunting:FE:Food:G:372
503381c4-b36e-45a0-bdf6-bb3118b4cbd3.xml.macaon	374	11	grands	grand	adj	adj	_	12	mod	_	_	I:Hunting:FE:Food:G:372
503381c4-b36e-45a0-bdf6-bb3118b4cbd3.xml.macaon	375	12	mammifères	mammifère	nc	nc	_	10	obj	_	_	I:Hunting:FE:Food:G:372
503381c4-b36e-45a0-bdf6-bb3118b4cbd3.xml.macaon	376	13	terrestres	terrestre	adj	adj	_	12	mod	_	_	I:Hunting:FE:Food:G:372
503381c4-b36e-45a0-bdf6-bb3118b4cbd3.xml.macaon	377	14	.	.	poncts	poncts	_	5	ponct	_	_

503381c4-b36e-45a0-bdf6-bb3118b4cbd3.xml.macaon	378	1	On	on	cln	cln	_	3	suj	_	_	B:Locating:FE:Perceiver:G:380
503381c4-b36e-45a0-bdf6-bb3118b4cbd3.xml.macaon	379	2	a	avoir	v	v	_	3	aux_tps	_	_
503381c4-b36e-45a0-bdf6-bb3118b4cbd3.xml.macaon	380	3	trouvé	trouver	vppart	vppart	_	_	_	_	_	B:Locating:TARGET:trouver:G:380
503381c4-b36e-45a0-bdf6-bb3118b4cbd3.xml.macaon	381	4	très	très	adv	adv	_	5	mod	_	_	B:Locating:FE:Sought_entity:G:380
503381c4-b36e-45a0-bdf6-bb3118b4cbd3.xml.macaon	382	5	peu#de	peu#de	adj	adj	_	6	mod	_	_	I:Locating:FE:Sought_entity:G:380
503381c4-b36e-45a0-bdf6-bb3118b4cbd3.xml.macaon	383	6	traces	trace	nc	nc	_	3	obj	_	_	I:Locating:FE:Sought_entity:G:380
503381c4-b36e-45a0-bdf6-bb3118b4cbd3.xml.macaon	384	7	de	de	prep	prep	_	6	dep	_	_	I:Locating:FE:Sought_entity:G:380
503381c4-b36e-45a0-bdf6-bb3118b4cbd3.xml.macaon	385	8	consommation	consommation	nc	nc	_	7	obj	_	_	I:Locating:FE:Sought_entity:G:380
503381c4-b36e-45a0-bdf6-bb3118b4cbd3.xml.macaon	386	9	de	de	prep	prep	_	6	dep	_	_	I:Locating:FE:Sought_entity:G:380
503381c4-b36e-45a0-bdf6-bb3118b4cbd3.xml.macaon	387	10	poissons	poisson	nc	nc	_	9	obj	_	_	I:Locating:FE:Sought_entity:G:380
503381c4-b36e-45a0-bdf6-bb3118b4cbd3.xml.macaon	388	11	ou	ou	coo	coo	_	10	coord	_	_	I:Locating:FE:Sought_entity:G:380
503381c4-b36e-45a0-bdf6-bb3118b4cbd3.xml.macaon	389	12	d'	un	det	det	_	13	det	_	_	I:Locating:FE:Sought_entity:G:380
503381c4-b36e-45a0-bdf6-bb3118b4cbd3.xml.macaon	390	13	oiseaux	oiseau	nc	nc	_	11	dep_coord	_	_	I:Locating:FE:Sought_entity:G:380
503381c4-b36e-45a0-bdf6-bb3118b4cbd3.xml.macaon	391	14	.	.	poncts	poncts	_	3	ponct	_	_

503381c4-b36e-45a0-bdf6-bb3118b4cbd3.xml.macaon	392	1	Il	il	cln	cln	_	2	suj	_	_
503381c4-b36e-45a0-bdf6-bb3118b4cbd3.xml.macaon	393	2	est	être	v	v	_	_	_	_	_
503381c4-b36e-45a0-bdf6-bb3118b4cbd3.xml.macaon	394	3	très	très	adv	adv	_	4	mod	_	_
503381c4-b36e-45a0-bdf6-bb3118b4cbd3.xml.macaon	395	4	probable	probable	adj	adj	_	2	ats	_	_
503381c4-b36e-45a0-bdf6-bb3118b4cbd3.xml.macaon	396	5	que	que	csu	csu	_	2	obj	_	_
503381c4-b36e-45a0-bdf6-bb3118b4cbd3.xml.macaon	397	6	les	le	det	det	_	7	det	_	_
503381c4-b36e-45a0-bdf6-bb3118b4cbd3.xml.macaon	398	7	végétaux	végétaux	nc	nc	_	9	suj	_	_
503381c4-b36e-45a0-bdf6-bb3118b4cbd3.xml.macaon	399	8	ne	ne	advneg	advneg	_	9	mod	_	_
503381c4-b36e-45a0-bdf6-bb3118b4cbd3.xml.macaon	400	9	jouaient	jouer	v	v	_	5	obj	_	_
503381c4-b36e-45a0-bdf6-bb3118b4cbd3.xml.macaon	401	10	qu	qu	advneg	advneg	_	9	mod	_	_
503381c4-b36e-45a0-bdf6-bb3118b4cbd3.xml.macaon	402	11	’	’	prep	prep	_	9	mod	_	_
503381c4-b36e-45a0-bdf6-bb3118b4cbd3.xml.macaon	403	12	un	un	det	det	_	13	det	_	_
503381c4-b36e-45a0-bdf6-bb3118b4cbd3.xml.macaon	404	13	rôle	rôle	nc	nc	_	11	obj	_	_
503381c4-b36e-45a0-bdf6-bb3118b4cbd3.xml.macaon	405	14	très	très	adv	adv	_	15	mod	_	_
503381c4-b36e-45a0-bdf6-bb3118b4cbd3.xml.macaon	406	15	marginal	marginal	adj	adj	_	13	mod	_	_
503381c4-b36e-45a0-bdf6-bb3118b4cbd3.xml.macaon	407	16	dans	dans	prep	prep	_	9	mod	_	_
503381c4-b36e-45a0-bdf6-bb3118b4cbd3.xml.macaon	408	17	le	le	det	det	_	18	det	_	_
503381c4-b36e-45a0-bdf6-bb3118b4cbd3.xml.macaon	409	18	régime	régime	nc	nc	_	16	obj	_	_
503381c4-b36e-45a0-bdf6-bb3118b4cbd3.xml.macaon	410	19	alimentaire	alimentaire	adj	adj	_	18	mod	_	_
503381c4-b36e-45a0-bdf6-bb3118b4cbd3.xml.macaon	411	20	.	.	poncts	poncts	_	2	ponct	_	_

503381c4-b36e-45a0-bdf6-bb3118b4cbd3.xml.macaon	412	1	Les	les	det	det	_	2	det	_	_
503381c4-b36e-45a0-bdf6-bb3118b4cbd3.xml.macaon	413	2	Aurignaciens	aurignacien	nc	nc	_	3	suj	_	_
503381c4-b36e-45a0-bdf6-bb3118b4cbd3.xml.macaon	414	3	étaient	étayer	v	v	_	_	_	_	_
503381c4-b36e-45a0-bdf6-bb3118b4cbd3.xml.macaon	415	4	nomades	nomade	adj	adj	_	3	ats	_	_
503381c4-b36e-45a0-bdf6-bb3118b4cbd3.xml.macaon	416	5	et	et	coo	coo	_	3	coord	_	_
503381c4-b36e-45a0-bdf6-bb3118b4cbd3.xml.macaon	417	6	occupaient	occuper	v	v	_	5	dep_coord	_	_
503381c4-b36e-45a0-bdf6-bb3118b4cbd3.xml.macaon	418	7	des	un	det	det	_	8	det	_	_
503381c4-b36e-45a0-bdf6-bb3118b4cbd3.xml.macaon	419	8	habitats	habitat	nc	nc	_	6	obj	_	_
503381c4-b36e-45a0-bdf6-bb3118b4cbd3.xml.macaon	420	9	plus#ou#moins	plus#ou#moins	adv	adv	_	10	mod	_	_
503381c4-b36e-45a0-bdf6-bb3118b4cbd3.xml.macaon	421	10	temporaires	temporaire	adj	adj	_	8	mod	_	_
503381c4-b36e-45a0-bdf6-bb3118b4cbd3.xml.macaon	422	11	suivant	suivre	vprespart	vprespart	_	10	__JOKER__	_	_
503381c4-b36e-45a0-bdf6-bb3118b4cbd3.xml.macaon	423	12	les	le	det	det	_	13	det	_	_
503381c4-b36e-45a0-bdf6-bb3118b4cbd3.xml.macaon	424	13	saisons	saison	nc	nc	_	6	obj	_	_
503381c4-b36e-45a0-bdf6-bb3118b4cbd3.xml.macaon	425	14	.	.	poncts	poncts	_	3	ponct	_	_

503381c4-b36e-45a0-bdf6-bb3118b4cbd3.xml.macaon	426	1	Pour	pour	prep	prep	_	7	mod	_	_
503381c4-b36e-45a0-bdf6-bb3118b4cbd3.xml.macaon	427	2	ceux-ci	celui-ci	pro	pro	_	1	obj	_	_
503381c4-b36e-45a0-bdf6-bb3118b4cbd3.xml.macaon	428	3	,	,	ponctw	ponctw	_	7	ponct	_	_
503381c4-b36e-45a0-bdf6-bb3118b4cbd3.xml.macaon	429	4	ces	ce	det	det	_	5	det	_	_	B:Buildings:FE:Agent:G:462
503381c4-b36e-45a0-bdf6-bb3118b4cbd3.xml.macaon	430	5	populations	population	nc	nc	_	7	suj	_	_	I:Buildings:FE:Agent:G:462
503381c4-b36e-45a0-bdf6-bb3118b4cbd3.xml.macaon	431	6	ont	avoir	v	v	_	7	aux_tps	_	_
503381c4-b36e-45a0-bdf6-bb3118b4cbd3.xml.macaon	432	7	recouru	recourir	vppart	vppart	_	_	_	_	_
503381c4-b36e-45a0-bdf6-bb3118b4cbd3.xml.macaon	433	8	abondamment	abondamment	adv	adv	_	7	mod	_	_
503381c4-b36e-45a0-bdf6-bb3118b4cbd3.xml.macaon	434	9	aux	aux	prep	prep	_	7	mod	_	_
503381c4-b36e-45a0-bdf6-bb3118b4cbd3.xml.macaon	435	10	entrées	entrée	nc	nc	_	9	obj	_	_
503381c4-b36e-45a0-bdf6-bb3118b4cbd3.xml.macaon	436	11	de	de	prep	prep	_	10	dep	_	_
503381c4-b36e-45a0-bdf6-bb3118b4cbd3.xml.macaon	437	12	cavités	cavité	nc	nc	_	11	obj	_	_
503381c4-b36e-45a0-bdf6-bb3118b4cbd3.xml.macaon	438	13	ou	ou	coo	coo	_	11	coord	_	_
503381c4-b36e-45a0-bdf6-bb3118b4cbd3.xml.macaon	439	14	aux	aux	prep	prep	_	13	dep_coord	_	_
503381c4-b36e-45a0-bdf6-bb3118b4cbd3.xml.macaon	440	15	abris	abri	nc	nc	_	14	obj	_	_
503381c4-b36e-45a0-bdf6-bb3118b4cbd3.xml.macaon	441	16	sous	sous	prep	prep	_	15	dep	_	_
503381c4-b36e-45a0-bdf6-bb3118b4cbd3.xml.macaon	442	17	roche	roche	nc	nc	_	16	obj	_	_
503381c4-b36e-45a0-bdf6-bb3118b4cbd3.xml.macaon	443	18	lorsque	lorsque	csu	csu	_	15	mod	_	_
503381c4-b36e-45a0-bdf6-bb3118b4cbd3.xml.macaon	444	19	ceux-ci	celui-ci	pro	pro	_	20	suj	_	_
503381c4-b36e-45a0-bdf6-bb3118b4cbd3.xml.macaon	445	20	étaient	étayer	v	v	_	18	obj	_	_
503381c4-b36e-45a0-bdf6-bb3118b4cbd3.xml.macaon	446	21	présents	présent	adj	adj	_	20	ats	_	_
503381c4-b36e-45a0-bdf6-bb3118b4cbd3.xml.macaon	447	22	,	,	ponctw	ponctw	_	20	ponct	_	_
503381c4-b36e-45a0-bdf6-bb3118b4cbd3.xml.macaon	448	23	quoi	quoi	pri	pri	_	27	__JOKER__	_	_
503381c4-b36e-45a0-bdf6-bb3118b4cbd3.xml.macaon	449	24	qu	qu	det	det	_	25	det	_	_
503381c4-b36e-45a0-bdf6-bb3118b4cbd3.xml.macaon	450	25	’	’	nc	nc	_	27	suj	_	_
503381c4-b36e-45a0-bdf6-bb3118b4cbd3.xml.macaon	451	26	elles	elles	cln	cln	_	27	suj	_	_
503381c4-b36e-45a0-bdf6-bb3118b4cbd3.xml.macaon	452	27	fussent	être	v	v	_	18	obj	_	_
503381c4-b36e-45a0-bdf6-bb3118b4cbd3.xml.macaon	453	28	tout#à#fait	tout#à#fait	adv	adv	_	29	mod	_	_
503381c4-b36e-45a0-bdf6-bb3118b4cbd3.xml.macaon	454	29	capables	capable	adj	adj	_	27	ats	_	_
503381c4-b36e-45a0-bdf6-bb3118b4cbd3.xml.macaon	455	30	de	de	prep	prep	_	27	de_obj	_	_
503381c4-b36e-45a0-bdf6-bb3118b4cbd3.xml.macaon	456	31	dresser	dresser	vinf	vinf	_	30	obj	_	_
503381c4-b36e-45a0-bdf6-bb3118b4cbd3.xml.macaon	457	32	des	un	det	det	_	33	det	_	_
503381c4-b36e-45a0-bdf6-bb3118b4cbd3.xml.macaon	458	33	tentes	tente	nc	nc	_	31	obj	_	_
503381c4-b36e-45a0-bdf6-bb3118b4cbd3.xml.macaon	459	34	,	,	ponctw	ponctw	_	33	ponct	_	_
503381c4-b36e-45a0-bdf6-bb3118b4cbd3.xml.macaon	460	35	voire	voire	coo	coo	_	30	coord	_	_
503381c4-b36e-45a0-bdf6-bb3118b4cbd3.xml.macaon	461	36	de	de	prep	prep	_	35	dep_coord	_	_
503381c4-b36e-45a0-bdf6-bb3118b4cbd3.xml.macaon	462	37	construire	construire	vinf	vinf	_	36	obj	_	_	B:Buildings:TARGET:construire:G:462
503381c4-b36e-45a0-bdf6-bb3118b4cbd3.xml.macaon	463	38	des	un	det	det	_	39	det	_	_	B:Buildings:FE:Created_entity:G:462
503381c4-b36e-45a0-bdf6-bb3118b4cbd3.xml.macaon	464	39	cabanes	cabane	nc	nc	_	37	obj	_	_	I:Buildings:FE:Created_entity:G:462
503381c4-b36e-45a0-bdf6-bb3118b4cbd3.xml.macaon	465	40	.	.	poncts	poncts	_	27	ponct	_	_

503381c4-b36e-45a0-bdf6-bb3118b4cbd3.xml.macaon	466	1	Ils	ils	cln	cln	_	2	suj	_	_
503381c4-b36e-45a0-bdf6-bb3118b4cbd3.xml.macaon	467	2	abandonnaient	abandonner	v	v	_	_	_	_	_
503381c4-b36e-45a0-bdf6-bb3118b4cbd3.xml.macaon	468	3	un	un	det	det	_	4	det	_	_
503381c4-b36e-45a0-bdf6-bb3118b4cbd3.xml.macaon	469	4	site	site	nc	nc	_	2	obj	_	_
503381c4-b36e-45a0-bdf6-bb3118b4cbd3.xml.macaon	470	5	à	à	prep	prep	_	4	dep	_	_
503381c4-b36e-45a0-bdf6-bb3118b4cbd3.xml.macaon	471	6	la	le	det	det	_	7	det	_	_
503381c4-b36e-45a0-bdf6-bb3118b4cbd3.xml.macaon	472	7	suite	suite	nc	nc	_	5	obj	_	_
503381c4-b36e-45a0-bdf6-bb3118b4cbd3.xml.macaon	473	8	de	de	prep	prep	_	7	dep	_	_
503381c4-b36e-45a0-bdf6-bb3118b4cbd3.xml.macaon	474	9	la	le	det	det	_	10	det	_	_
503381c4-b36e-45a0-bdf6-bb3118b4cbd3.xml.macaon	475	10	raréfaction	raréfaction	nc	nc	_	8	obj	_	_
503381c4-b36e-45a0-bdf6-bb3118b4cbd3.xml.macaon	476	11	de	de	prep	prep	_	10	dep	_	_
503381c4-b36e-45a0-bdf6-bb3118b4cbd3.xml.macaon	477	12	la	le	det	det	_	13	det	_	_
503381c4-b36e-45a0-bdf6-bb3118b4cbd3.xml.macaon	478	13	nourriture	nourriture	nc	nc	_	11	obj	_	_	B:Hunting:FE:Food:G:481
503381c4-b36e-45a0-bdf6-bb3118b4cbd3.xml.macaon	479	14	du#fait#de	du#fait#de	prep	prep	_	13	dep	_	_
503381c4-b36e-45a0-bdf6-bb3118b4cbd3.xml.macaon	480	15	la	le	det	det	_	16	det	_	_
503381c4-b36e-45a0-bdf6-bb3118b4cbd3.xml.macaon	481	16	chasse	chasse	nc	nc	_	14	obj	_	_	B:Hunting:TARGET:chasse:G:481
503381c4-b36e-45a0-bdf6-bb3118b4cbd3.xml.macaon	482	17	ou	ou	coo	coo	_	16	coord	_	_
503381c4-b36e-45a0-bdf6-bb3118b4cbd3.xml.macaon	483	18	des	un	det	det	_	19	det	_	_
503381c4-b36e-45a0-bdf6-bb3118b4cbd3.xml.macaon	484	19	migrations	migration	nc	nc	_	17	dep_coord	_	_
503381c4-b36e-45a0-bdf6-bb3118b4cbd3.xml.macaon	485	20	animales	animal	adj	adj	_	19	mod	_	_
503381c4-b36e-45a0-bdf6-bb3118b4cbd3.xml.macaon	486	21	.	.	poncts	poncts	_	2	ponct	_	_

503381c4-b36e-45a0-bdf6-bb3118b4cbd3.xml.macaon	487	1	Au	au	prep	prep	_	10	mod	_	_
503381c4-b36e-45a0-bdf6-bb3118b4cbd3.xml.macaon	488	2	débit	débit	nc	nc	_	1	obj	_	_
503381c4-b36e-45a0-bdf6-bb3118b4cbd3.xml.macaon	489	3	de	de	prep	prep	_	2	dep	_	_
503381c4-b36e-45a0-bdf6-bb3118b4cbd3.xml.macaon	490	4	la	le	det	det	_	5	det	_	_
503381c4-b36e-45a0-bdf6-bb3118b4cbd3.xml.macaon	491	5	période	période	nc	nc	_	3	obj	_	_
503381c4-b36e-45a0-bdf6-bb3118b4cbd3.xml.macaon	492	6	aurignacienne	aurignacien	adj	adj	_	5	mod	_	_
503381c4-b36e-45a0-bdf6-bb3118b4cbd3.xml.macaon	493	7	,	,	ponctw	ponctw	_	10	ponct	_	_
503381c4-b36e-45a0-bdf6-bb3118b4cbd3.xml.macaon	494	8	les	le	det	det	_	9	det	_	_
503381c4-b36e-45a0-bdf6-bb3118b4cbd3.xml.macaon	495	9	Homo#sapiens	homo#sapiens	nc	nc	_	10	suj	_	_
503381c4-b36e-45a0-bdf6-bb3118b4cbd3.xml.macaon	496	10	vivaient	vivre	v	v	_	_	_	_	_
503381c4-b36e-45a0-bdf6-bb3118b4cbd3.xml.macaon	497	11	en#même#temps	en#même#temps	adv	adv	_	10	mod	_	_
503381c4-b36e-45a0-bdf6-bb3118b4cbd3.xml.macaon	498	12	que	que	csu	csu	_	10	obj	_	_
503381c4-b36e-45a0-bdf6-bb3118b4cbd3.xml.macaon	499	13	les	le	det	det	_	14	det	_	_
503381c4-b36e-45a0-bdf6-bb3118b4cbd3.xml.macaon	500	14	Néanderthaliens	Néanderthaliens	nc	nc	_	10	obj	_	_
503381c4-b36e-45a0-bdf6-bb3118b4cbd3.xml.macaon	501	15	de	de	prep	prep	_	14	dep	_	_
503381c4-b36e-45a0-bdf6-bb3118b4cbd3.xml.macaon	502	16	la	le	det	det	_	17	det	_	_
503381c4-b36e-45a0-bdf6-bb3118b4cbd3.xml.macaon	503	17	culture	culture	nc	nc	_	15	obj	_	_
503381c4-b36e-45a0-bdf6-bb3118b4cbd3.xml.macaon	504	18	Châtelperronienne	Châtelperronienne	np	np	_	17	mod	_	_
503381c4-b36e-45a0-bdf6-bb3118b4cbd3.xml.macaon	505	19	.	.	poncts	poncts	_	10	ponct	_	_

503381c4-b36e-45a0-bdf6-bb3118b4cbd3.xml.macaon	506	1	L'	L'	det	det	_	2	det	_	_
503381c4-b36e-45a0-bdf6-bb3118b4cbd3.xml.macaon	507	2	outillage	outillage	nc	nc	_	_	_	_	_
503381c4-b36e-45a0-bdf6-bb3118b4cbd3.xml.macaon	508	3	des	des	prep	prep	_	2	dep	_	_
503381c4-b36e-45a0-bdf6-bb3118b4cbd3.xml.macaon	509	4	hommes	homme	nc	nc	_	3	obj	_	_
503381c4-b36e-45a0-bdf6-bb3118b4cbd3.xml.macaon	510	5	de#l'	de#l'	prep	prep	_	4	dep	_	_
503381c4-b36e-45a0-bdf6-bb3118b4cbd3.xml.macaon	511	6	Aurignacien	Aurignacien	np	np	_	5	obj	_	_

503381c4-b36e-45a0-bdf6-bb3118b4cbd3.xml.macaon	512	1	Le	le	det	det	_	2	det	_	_
503381c4-b36e-45a0-bdf6-bb3118b4cbd3.xml.macaon	513	2	débitage	débitage	nc	nc	_	_	_	_	_
503381c4-b36e-45a0-bdf6-bb3118b4cbd3.xml.macaon	514	3	aurignacien	aurignacien	adj	adj	_	2	mod	_	_

503381c4-b36e-45a0-bdf6-bb3118b4cbd3.xml.macaon	515	1	Les	les	det	det	_	2	det	_	_
503381c4-b36e-45a0-bdf6-bb3118b4cbd3.xml.macaon	516	2	outils	outil	nc	nc	_	_	_	_	_
503381c4-b36e-45a0-bdf6-bb3118b4cbd3.xml.macaon	517	3	en	en	prep	prep	_	2	dep	_	_
503381c4-b36e-45a0-bdf6-bb3118b4cbd3.xml.macaon	518	4	pierre	pierre	nc	nc	_	3	obj	_	_
503381c4-b36e-45a0-bdf6-bb3118b4cbd3.xml.macaon	519	5	(	(	ponctw	ponctw	_	2	ponct	_	_
503381c4-b36e-45a0-bdf6-bb3118b4cbd3.xml.macaon	520	6	lithiques	lithique	adj	adj	_	2	mod	_	_
503381c4-b36e-45a0-bdf6-bb3118b4cbd3.xml.macaon	521	7	)	)	ponctw	ponctw	_	10	ponct	_	_
503381c4-b36e-45a0-bdf6-bb3118b4cbd3.xml.macaon	522	8	de#l'	de#l'	prep	prep	_	10	mod	_	_
503381c4-b36e-45a0-bdf6-bb3118b4cbd3.xml.macaon	523	9	Aurignacien	Aurignacien	np	np	_	8	obj	_	_
503381c4-b36e-45a0-bdf6-bb3118b4cbd3.xml.macaon	524	10	comporte	comporter	v	v	_	_	_	_	_
503381c4-b36e-45a0-bdf6-bb3118b4cbd3.xml.macaon	525	11	de	un	det	det	_	13	det	_	_
503381c4-b36e-45a0-bdf6-bb3118b4cbd3.xml.macaon	526	12	grandes	grand	adj	adj	_	13	mod	_	_
503381c4-b36e-45a0-bdf6-bb3118b4cbd3.xml.macaon	527	13	lames	lame	nc	nc	_	10	obj	_	_
503381c4-b36e-45a0-bdf6-bb3118b4cbd3.xml.macaon	528	14	épaisses	épais	adj	adj	_	13	mod	_	_
503381c4-b36e-45a0-bdf6-bb3118b4cbd3.xml.macaon	529	15	.	.	poncts	poncts	_	10	ponct	_	_

503381c4-b36e-45a0-bdf6-bb3118b4cbd3.xml.macaon	530	1	Ces	ces	det	det	_	2	det	_	_
503381c4-b36e-45a0-bdf6-bb3118b4cbd3.xml.macaon	531	2	lames	lame	nc	nc	_	5	suj	_	_
503381c4-b36e-45a0-bdf6-bb3118b4cbd3.xml.macaon	532	3	ont	avoir	v	v	_	5	aux_tps	_	_
503381c4-b36e-45a0-bdf6-bb3118b4cbd3.xml.macaon	533	4	été	être	vppart	vppart	_	5	aux_pass	_	_
503381c4-b36e-45a0-bdf6-bb3118b4cbd3.xml.macaon	534	5	travaillées	travailler	vppart	vppart	_	_	_	_	_
503381c4-b36e-45a0-bdf6-bb3118b4cbd3.xml.macaon	535	6	par	par	prep	prep	_	5	p_obj	_	_
503381c4-b36e-45a0-bdf6-bb3118b4cbd3.xml.macaon	536	7	des	un	det	det	_	8	det	_	_
503381c4-b36e-45a0-bdf6-bb3118b4cbd3.xml.macaon	537	8	retouches	retouche	nc	nc	_	6	obj	_	_
503381c4-b36e-45a0-bdf6-bb3118b4cbd3.xml.macaon	538	9	écailleuses	écailleux	adj	adj	_	8	mod	_	_
503381c4-b36e-45a0-bdf6-bb3118b4cbd3.xml.macaon	539	10	observables	observable	adj	adj	_	8	mod	_	_
503381c4-b36e-45a0-bdf6-bb3118b4cbd3.xml.macaon	540	11	sur	sur	prep	prep	_	5	mod	_	_
503381c4-b36e-45a0-bdf6-bb3118b4cbd3.xml.macaon	541	12	les	le	det	det	_	14	det	_	_
503381c4-b36e-45a0-bdf6-bb3118b4cbd3.xml.macaon	542	13	deux	deux	adj	adj	_	14	mod	_	_
503381c4-b36e-45a0-bdf6-bb3118b4cbd3.xml.macaon	543	14	côtés	côté	nc	nc	_	11	obj	_	_
503381c4-b36e-45a0-bdf6-bb3118b4cbd3.xml.macaon	544	15	des	des	prep	prep	_	20	mod	_	_
503381c4-b36e-45a0-bdf6-bb3118b4cbd3.xml.macaon	545	16	lames	lame	nc	nc	_	15	obj	_	_
503381c4-b36e-45a0-bdf6-bb3118b4cbd3.xml.macaon	546	17	qui	qui	prorel	prorel	_	20	suj	_	_
503381c4-b36e-45a0-bdf6-bb3118b4cbd3.xml.macaon	547	18	sont	être	v	v	_	20	aux_tps	_	_
503381c4-b36e-45a0-bdf6-bb3118b4cbd3.xml.macaon	548	19	parfois	parfois	adv	adv	_	20	mod	_	_
503381c4-b36e-45a0-bdf6-bb3118b4cbd3.xml.macaon	549	20	munies	munir	vppart	vppart	_	14	mod	_	_
503381c4-b36e-45a0-bdf6-bb3118b4cbd3.xml.macaon	550	21	d'	un	det	det	_	22	det	_	_
503381c4-b36e-45a0-bdf6-bb3118b4cbd3.xml.macaon	551	22	encoches	encoche	nc	nc	_	20	obj	_	_
503381c4-b36e-45a0-bdf6-bb3118b4cbd3.xml.macaon	552	23	de	de	prep	prep	_	22	dep	_	_
503381c4-b36e-45a0-bdf6-bb3118b4cbd3.xml.macaon	553	24	chaque	chaque	det	det	_	25	det	_	_
503381c4-b36e-45a0-bdf6-bb3118b4cbd3.xml.macaon	554	25	côté	côté	nc	nc	_	23	obj	_	_
503381c4-b36e-45a0-bdf6-bb3118b4cbd3.xml.macaon	555	26	(	(	ponctw	ponctw	_	25	ponct	_	_
503381c4-b36e-45a0-bdf6-bb3118b4cbd3.xml.macaon	556	27	la	le	det	det	_	29	det	_	_
503381c4-b36e-45a0-bdf6-bb3118b4cbd3.xml.macaon	557	28	«	«	ponctw	ponctw	_	29	ponct	_	_
503381c4-b36e-45a0-bdf6-bb3118b4cbd3.xml.macaon	558	29	lame	lame	nc	nc	_	23	obj	_	_
503381c4-b36e-45a0-bdf6-bb3118b4cbd3.xml.macaon	559	30	étranglée	étranglé	adj	adj	_	29	mod	_	_
503381c4-b36e-45a0-bdf6-bb3118b4cbd3.xml.macaon	560	31	»	»	ponctw	ponctw	_	29	ponct	_	_
503381c4-b36e-45a0-bdf6-bb3118b4cbd3.xml.macaon	561	32	)	)	ponctw	ponctw	_	29	ponct	_	_
503381c4-b36e-45a0-bdf6-bb3118b4cbd3.xml.macaon	562	33	.	.	poncts	poncts	_	5	ponct	_	_

503381c4-b36e-45a0-bdf6-bb3118b4cbd3.xml.macaon	563	1	On	on	cln	cln	_	2	suj	_	_	B:Locating:FE:Perceiver:G:564
503381c4-b36e-45a0-bdf6-bb3118b4cbd3.xml.macaon	564	2	trouve	trouver	v	v	_	_	_	_	_	B:Locating:TARGET:trouver:G:564
503381c4-b36e-45a0-bdf6-bb3118b4cbd3.xml.macaon	565	3	également	également	adv	adv	_	2	mod	_	_
503381c4-b36e-45a0-bdf6-bb3118b4cbd3.xml.macaon	566	4	de	un	det	det	_	6	det	_	_	B:Origin:FE:Entity:G:570
503381c4-b36e-45a0-bdf6-bb3118b4cbd3.xml.macaon	567	5	nombreuses	nombreux	adj	adj	_	6	mod	_	_	I:Origin:FE:Entity:G:570
503381c4-b36e-45a0-bdf6-bb3118b4cbd3.xml.macaon	568	6	pièces	pièce	nc	nc	_	2	obj	_	_	I:Origin:FE:Entity:G:570	B:Giving:FE:Donor:G:579
503381c4-b36e-45a0-bdf6-bb3118b4cbd3.xml.macaon	569	7	carénées	caréné	adj	adj	_	6	mod	_	_	I:Origin:FE:Entity:G:570	I:Giving:FE:Donor:G:579
503381c4-b36e-45a0-bdf6-bb3118b4cbd3.xml.macaon	570	8	provenant	provenir	vprespart	vprespart	_	7	__JOKER__	_	_	B:Origin:TARGET:provenir:G:570
503381c4-b36e-45a0-bdf6-bb3118b4cbd3.xml.macaon	571	9	de#l'	du	det	det	_	10	det	_	_	B:Origin:FE:Origin:G:570
503381c4-b36e-45a0-bdf6-bb3118b4cbd3.xml.macaon	572	10	enlèvement	enlèvement	nc	nc	_	6	mod	_	_	I:Origin:FE:Origin:G:570
503381c4-b36e-45a0-bdf6-bb3118b4cbd3.xml.macaon	573	11	réguliers	régulier	adj	adj	_	10	mod	_	_	I:Origin:FE:Origin:G:570
503381c4-b36e-45a0-bdf6-bb3118b4cbd3.xml.macaon	574	12	d'	de	prep	prep	_	10	dep	_	_	I:Origin:FE:Origin:G:570
503381c4-b36e-45a0-bdf6-bb3118b4cbd3.xml.macaon	575	13	éclats	éclat	nc	nc	_	12	obj	_	_	I:Origin:FE:Origin:G:570
503381c4-b36e-45a0-bdf6-bb3118b4cbd3.xml.macaon	576	14	minces	mince	adj	adj	_	13	mod	_	_	I:Origin:FE:Origin:G:570
503381c4-b36e-45a0-bdf6-bb3118b4cbd3.xml.macaon	577	15	et	et	coo	coo	_	10	coord	_	_
503381c4-b36e-45a0-bdf6-bb3118b4cbd3.xml.macaon	578	16	qui	qui	prorel	prorel	_	17	suj	_	_	B:Giving:FE:Donor:G:579
503381c4-b36e-45a0-bdf6-bb3118b4cbd3.xml.macaon	579	17	donnent	donner	v	v	_	15	dep_coord	_	_	B:Giving:TARGET:donner:G:579
503381c4-b36e-45a0-bdf6-bb3118b4cbd3.xml.macaon	580	18	des	un	det	det	_	19	det	_	_	B:Giving:FE:Theme:G:579
503381c4-b36e-45a0-bdf6-bb3118b4cbd3.xml.macaon	581	19	grattoirs	grattoir	nc	nc	_	17	obj	_	_	I:Giving:FE:Theme:G:579
503381c4-b36e-45a0-bdf6-bb3118b4cbd3.xml.macaon	582	20	carénés	caréné	adj	adj	_	19	mod	_	_	I:Giving:FE:Theme:G:579
503381c4-b36e-45a0-bdf6-bb3118b4cbd3.xml.macaon	583	21	qui	qui	prorel	prorel	_	22	suj	_	_
503381c4-b36e-45a0-bdf6-bb3118b4cbd3.xml.macaon	584	22	servent	servir	v	v	_	19	mod_rel	_	_	B:Giving:FE:Purpose:G:579
503381c4-b36e-45a0-bdf6-bb3118b4cbd3.xml.macaon	585	23	à	à	prep	prep	_	22	a_obj	_	_	I:Giving:FE:Purpose:G:579
503381c4-b36e-45a0-bdf6-bb3118b4cbd3.xml.macaon	586	24	gratter	gratter	vinf	vinf	_	23	obj	_	_	I:Giving:FE:Purpose:G:579
503381c4-b36e-45a0-bdf6-bb3118b4cbd3.xml.macaon	587	25	les	le	det	det	_	26	det	_	_	I:Giving:FE:Purpose:G:579
503381c4-b36e-45a0-bdf6-bb3118b4cbd3.xml.macaon	588	26	peaux	peau	nc	nc	_	24	obj	_	_	I:Giving:FE:Purpose:G:579
503381c4-b36e-45a0-bdf6-bb3118b4cbd3.xml.macaon	589	27	,	,	ponctw	ponctw	_	26	ponct	_	_
503381c4-b36e-45a0-bdf6-bb3118b4cbd3.xml.macaon	590	28	burins	burin	nc	nc	_	24	obj	_	_	B:Giving:FE:Theme:G:579
503381c4-b36e-45a0-bdf6-bb3118b4cbd3.xml.macaon	591	29	carénés	caréné	adj	adj	_	28	mod	_	_	I:Giving:FE:Theme:G:579
503381c4-b36e-45a0-bdf6-bb3118b4cbd3.xml.macaon	592	30	et	et	coo	coo	_	28	coord	_	_	I:Giving:FE:Theme:G:579
503381c4-b36e-45a0-bdf6-bb3118b4cbd3.xml.macaon	593	31	burins	burin	nc	nc	_	30	dep_coord	_	_	I:Giving:FE:Theme:G:579
503381c4-b36e-45a0-bdf6-bb3118b4cbd3.xml.macaon	594	32	busqués	busquer	vppart	vppart	_	31	mod	_	_	I:Giving:FE:Theme:G:579
503381c4-b36e-45a0-bdf6-bb3118b4cbd3.xml.macaon	595	33	pour	pour	prep	prep	_	32	mod	_	_	B:Giving:FE:Purpose:G:579
503381c4-b36e-45a0-bdf6-bb3118b4cbd3.xml.macaon	596	34	graver	graver	vinf	vinf	_	33	obj	_	_	I:Giving:FE:Purpose:G:579
503381c4-b36e-45a0-bdf6-bb3118b4cbd3.xml.macaon	597	35	et	et	coo	coo	_	33	coord	_	_	I:Giving:FE:Purpose:G:579
503381c4-b36e-45a0-bdf6-bb3118b4cbd3.xml.macaon	598	36	travailler	travailler	vinf	vinf	_	33	obj	_	_	I:Giving:FE:Purpose:G:579
503381c4-b36e-45a0-bdf6-bb3118b4cbd3.xml.macaon	599	37	l'	le	det	det	_	38	det	_	_	I:Giving:FE:Purpose:G:579
503381c4-b36e-45a0-bdf6-bb3118b4cbd3.xml.macaon	600	38	os	os	nc	nc	_	36	obj	_	_	I:Giving:FE:Purpose:G:579
503381c4-b36e-45a0-bdf6-bb3118b4cbd3.xml.macaon	601	39	.	.	poncts	poncts	_	2	ponct	_	_

503381c4-b36e-45a0-bdf6-bb3118b4cbd3.xml.macaon	602	1	Les	les	det	det	_	2	det	_	_
503381c4-b36e-45a0-bdf6-bb3118b4cbd3.xml.macaon	603	2	outils	outil	nc	nc	_	7	suj	_	_
503381c4-b36e-45a0-bdf6-bb3118b4cbd3.xml.macaon	604	3	en	en	prep	prep	_	2	dep	_	_
503381c4-b36e-45a0-bdf6-bb3118b4cbd3.xml.macaon	605	4	matière	matière	nc	nc	_	3	obj	_	_
503381c4-b36e-45a0-bdf6-bb3118b4cbd3.xml.macaon	606	5	dure	dur	adj	adj	_	4	mod	_	_
503381c4-b36e-45a0-bdf6-bb3118b4cbd3.xml.macaon	607	6	animale	animal	adj	adj	_	4	mod	_	_
503381c4-b36e-45a0-bdf6-bb3118b4cbd3.xml.macaon	608	7	montrent	montrer	v	v	_	_	_	_	_
503381c4-b36e-45a0-bdf6-bb3118b4cbd3.xml.macaon	609	8	une	un	det	det	_	9	det	_	_
503381c4-b36e-45a0-bdf6-bb3118b4cbd3.xml.macaon	610	9	nouveauté	nouveauté	nc	nc	_	7	obj	_	_
503381c4-b36e-45a0-bdf6-bb3118b4cbd3.xml.macaon	611	10	comme	comme	prep	prep	_	7	mod	_	_
503381c4-b36e-45a0-bdf6-bb3118b4cbd3.xml.macaon	612	11	les	le	det	det	_	12	det	_	_
503381c4-b36e-45a0-bdf6-bb3118b4cbd3.xml.macaon	613	12	pointes	pointe	nc	nc	_	10	obj	_	_
503381c4-b36e-45a0-bdf6-bb3118b4cbd3.xml.macaon	614	13	de	de	prep	prep	_	12	dep	_	_
503381c4-b36e-45a0-bdf6-bb3118b4cbd3.xml.macaon	615	14	sagaies	sagaie	nc	nc	_	13	obj	_	_
503381c4-b36e-45a0-bdf6-bb3118b4cbd3.xml.macaon	616	15	à	à	prep	prep	_	14	dep	_	_
503381c4-b36e-45a0-bdf6-bb3118b4cbd3.xml.macaon	617	16	base	base	nc	nc	_	15	obj	_	_
503381c4-b36e-45a0-bdf6-bb3118b4cbd3.xml.macaon	618	17	fendue	fendre	adj	adj	_	16	mod	_	_
503381c4-b36e-45a0-bdf6-bb3118b4cbd3.xml.macaon	619	18	en	en	prep	prep	_	16	dep	_	_
503381c4-b36e-45a0-bdf6-bb3118b4cbd3.xml.macaon	620	19	ivoire	ivoire	nc	nc	_	18	obj	_	_
503381c4-b36e-45a0-bdf6-bb3118b4cbd3.xml.macaon	621	20	ou	ou	coo	coo	_	10	coord	_	_
503381c4-b36e-45a0-bdf6-bb3118b4cbd3.xml.macaon	622	21	en	en	prep	prep	_	20	dep_coord	_	_
503381c4-b36e-45a0-bdf6-bb3118b4cbd3.xml.macaon	623	22	bois	bois	nc	nc	_	21	obj	_	_
503381c4-b36e-45a0-bdf6-bb3118b4cbd3.xml.macaon	624	23	de	de	prep	prep	_	22	dep	_	_
503381c4-b36e-45a0-bdf6-bb3118b4cbd3.xml.macaon	625	24	renne	renne	nc	nc	_	23	obj	_	_
503381c4-b36e-45a0-bdf6-bb3118b4cbd3.xml.macaon	626	25	.	.	poncts	poncts	_	7	ponct	_	_

503381c4-b36e-45a0-bdf6-bb3118b4cbd3.xml.macaon	627	1	Toujours	toujours	adv	adv	_	2	mod	_	_
503381c4-b36e-45a0-bdf6-bb3118b4cbd3.xml.macaon	628	2	confectionnés	confectionner	vppart	vppart	_	6	__JOKER__	_	_
503381c4-b36e-45a0-bdf6-bb3118b4cbd3.xml.macaon	629	3	dans	dans	prep	prep	_	2	mod	_	_
503381c4-b36e-45a0-bdf6-bb3118b4cbd3.xml.macaon	630	4	ces	ce	det	det	_	5	det	_	_
503381c4-b36e-45a0-bdf6-bb3118b4cbd3.xml.macaon	631	5	matériaux	matériau	nc	nc	_	3	obj	_	_
503381c4-b36e-45a0-bdf6-bb3118b4cbd3.xml.macaon	632	6	on	on	cln	cln	_	7	suj	_	_
503381c4-b36e-45a0-bdf6-bb3118b4cbd3.xml.macaon	633	7	trouve	trouver	v	v	_	_	_	_	_	B:Locating:TARGET:trouver:G:633
503381c4-b36e-45a0-bdf6-bb3118b4cbd3.xml.macaon	634	8	les	le	det	det	_	10	det	_	_
503381c4-b36e-45a0-bdf6-bb3118b4cbd3.xml.macaon	635	9	premiers	premier	adj	adj	_	10	mod	_	_
503381c4-b36e-45a0-bdf6-bb3118b4cbd3.xml.macaon	636	10	bâtons	bâton	nc	nc	_	7	obj	_	_
503381c4-b36e-45a0-bdf6-bb3118b4cbd3.xml.macaon	637	11	percés	percer	vppart	vppart	_	10	mod	_	_
503381c4-b36e-45a0-bdf6-bb3118b4cbd3.xml.macaon	638	12	,	,	ponctw	ponctw	_	10	ponct	_	_
503381c4-b36e-45a0-bdf6-bb3118b4cbd3.xml.macaon	639	13	des	un	det	det	_	14	det	_	_
503381c4-b36e-45a0-bdf6-bb3118b4cbd3.xml.macaon	640	14	poinçons	poinçon	nc	nc	_	10	mod	_	_
503381c4-b36e-45a0-bdf6-bb3118b4cbd3.xml.macaon	641	15	,	,	ponctw	ponctw	_	14	ponct	_	_
503381c4-b36e-45a0-bdf6-bb3118b4cbd3.xml.macaon	642	16	des	un	det	det	_	17	det	_	_
503381c4-b36e-45a0-bdf6-bb3118b4cbd3.xml.macaon	643	17	baguettes	baguette	nc	nc	_	14	mod	_	_
503381c4-b36e-45a0-bdf6-bb3118b4cbd3.xml.macaon	644	18	,	,	ponctw	ponctw	_	17	ponct	_	_
503381c4-b36e-45a0-bdf6-bb3118b4cbd3.xml.macaon	645	19	des	un	det	det	_	20	det	_	_
503381c4-b36e-45a0-bdf6-bb3118b4cbd3.xml.macaon	646	20	lissoirs	lissoir	nc	nc	_	17	mod	_	_
503381c4-b36e-45a0-bdf6-bb3118b4cbd3.xml.macaon	647	21	.	.	poncts	poncts	_	7	ponct	_	_

503381c4-b36e-45a0-bdf6-bb3118b4cbd3.xml.macaon	648	1	L'	L'	det	det	_	2	det	_	_
503381c4-b36e-45a0-bdf6-bb3118b4cbd3.xml.macaon	649	2	art	art	nc	nc	_	_	_	_	_
503381c4-b36e-45a0-bdf6-bb3118b4cbd3.xml.macaon	650	3	des	des	prep	prep	_	2	dep	_	_
503381c4-b36e-45a0-bdf6-bb3118b4cbd3.xml.macaon	651	4	Aurignaciens	aurignacien	nc	nc	_	3	obj	_	_

503381c4-b36e-45a0-bdf6-bb3118b4cbd3.xml.macaon	652	1	Une	une	det	det	_	2	det	_	_
503381c4-b36e-45a0-bdf6-bb3118b4cbd3.xml.macaon	653	2	sculpture	sculpture	nc	nc	_	_	_	_	_
503381c4-b36e-45a0-bdf6-bb3118b4cbd3.xml.macaon	654	3	aurignacienne	aurignacien	adj	adj	_	2	mod	_	_

503381c4-b36e-45a0-bdf6-bb3118b4cbd3.xml.macaon	655	1	Les	les	det	det	_	2	det	_	_
503381c4-b36e-45a0-bdf6-bb3118b4cbd3.xml.macaon	656	2	Aurignaciens	aurignacien	nc	nc	_	3	suj	_	_
503381c4-b36e-45a0-bdf6-bb3118b4cbd3.xml.macaon	657	3	sont	être	v	v	_	_	_	_	_
503381c4-b36e-45a0-bdf6-bb3118b4cbd3.xml.macaon	658	4	les	le	det	det	_	6	det	_	_
503381c4-b36e-45a0-bdf6-bb3118b4cbd3.xml.macaon	659	5	premiers	premier	adj	adj	_	6	mod	_	_
503381c4-b36e-45a0-bdf6-bb3118b4cbd3.xml.macaon	660	6	humains	humains	nc	nc	_	3	ats	_	_
503381c4-b36e-45a0-bdf6-bb3118b4cbd3.xml.macaon	661	7	dont	dont	prorel	prorel	_	10	suj	_	_
503381c4-b36e-45a0-bdf6-bb3118b4cbd3.xml.macaon	662	8	on	on	cln	cln	_	10	suj	_	_	B:Locating:FE:Perceiver:G:664
503381c4-b36e-45a0-bdf6-bb3118b4cbd3.xml.macaon	663	9	ait	avoir	v	v	_	10	aux_tps	_	_
503381c4-b36e-45a0-bdf6-bb3118b4cbd3.xml.macaon	664	10	retrouvé	retrouver	vppart	vppart	_	6	mod_rel	_	_	B:Locating:TARGET:retrouver:G:664
503381c4-b36e-45a0-bdf6-bb3118b4cbd3.xml.macaon	665	11	les	le	det	det	_	12	det	_	_	B:Locating:FE:Sought_entity:G:664
503381c4-b36e-45a0-bdf6-bb3118b4cbd3.xml.macaon	666	12	traces	trace	nc	nc	_	6	mod	_	_	I:Locating:FE:Sought_entity:G:664
503381c4-b36e-45a0-bdf6-bb3118b4cbd3.xml.macaon	667	13	d'	de	prep	prep	_	12	dep	_	_	I:Locating:FE:Sought_entity:G:664
503381c4-b36e-45a0-bdf6-bb3118b4cbd3.xml.macaon	668	14	une	un	det	det	_	15	det	_	_	I:Locating:FE:Sought_entity:G:664
503381c4-b36e-45a0-bdf6-bb3118b4cbd3.xml.macaon	669	15	représentation	représentation	nc	nc	_	13	obj	_	_	I:Locating:FE:Sought_entity:G:664
503381c4-b36e-45a0-bdf6-bb3118b4cbd3.xml.macaon	670	16	figurative	figuratif	adj	adj	_	15	mod	_	_	I:Locating:FE:Sought_entity:G:664
503381c4-b36e-45a0-bdf6-bb3118b4cbd3.xml.macaon	671	17	de	de	prep	prep	_	15	dep	_	_	I:Locating:FE:Sought_entity:G:664
503381c4-b36e-45a0-bdf6-bb3118b4cbd3.xml.macaon	672	18	leur	son	det	det	_	19	det	_	_	I:Locating:FE:Sought_entity:G:664
503381c4-b36e-45a0-bdf6-bb3118b4cbd3.xml.macaon	673	19	environnement	environnement	nc	nc	_	17	obj	_	_	I:Locating:FE:Sought_entity:G:664
503381c4-b36e-45a0-bdf6-bb3118b4cbd3.xml.macaon	674	20	vivant	vivant	adj	adj	_	19	mod	_	_	I:Locating:FE:Sought_entity:G:664
503381c4-b36e-45a0-bdf6-bb3118b4cbd3.xml.macaon	675	21	.	.	poncts	poncts	_	3	ponct	_	_

503381c4-b36e-45a0-bdf6-bb3118b4cbd3.xml.macaon	676	1	Les	les	det	det	_	2	det	_	_	B:Buildings:FE:Agent#Components:G:678
503381c4-b36e-45a0-bdf6-bb3118b4cbd3.xml.macaon	677	2	Aurignaciens	aurignacien	nc	nc	_	3	suj	_	_	I:Buildings:FE:Agent#Components:G:678
503381c4-b36e-45a0-bdf6-bb3118b4cbd3.xml.macaon	678	3	fabriquent	fabriquer	v	v	_	_	_	_	_	B:Buildings:TARGET:fabriquer:G:678
503381c4-b36e-45a0-bdf6-bb3118b4cbd3.xml.macaon	679	4	des	un	det	det	_	5	det	_	_	B:Buildings:FE:Created_entity:G:678
503381c4-b36e-45a0-bdf6-bb3118b4cbd3.xml.macaon	680	5	parures	parure	nc	nc	_	3	obj	_	_	I:Buildings:FE:Created_entity:G:678
503381c4-b36e-45a0-bdf6-bb3118b4cbd3.xml.macaon	681	6	en	en	prep	prep	_	5	dep	_	_	B:Buildings:FE:Instrument:G:678
503381c4-b36e-45a0-bdf6-bb3118b4cbd3.xml.macaon	682	7	dents	dent	nc	nc	_	6	obj	_	_	I:Buildings:FE:Instrument:G:678
503381c4-b36e-45a0-bdf6-bb3118b4cbd3.xml.macaon	683	8	animales	animal	adj	adj	_	7	mod	_	_	I:Buildings:FE:Instrument:G:678
503381c4-b36e-45a0-bdf6-bb3118b4cbd3.xml.macaon	684	9	perforées	perforer	vppart	vppart	_	7	mod	_	_	I:Buildings:FE:Instrument:G:678
503381c4-b36e-45a0-bdf6-bb3118b4cbd3.xml.macaon	685	10	ou	ou	coo	coo	_	7	coord	_	_
503381c4-b36e-45a0-bdf6-bb3118b4cbd3.xml.macaon	686	11	coquillages	coquillage	nc	nc	_	6	obj	_	_	B:Buildings:FE:Created_entity:G:678
503381c4-b36e-45a0-bdf6-bb3118b4cbd3.xml.macaon	687	12	fossiles	fossile	adj	adj	_	11	mod	_	_	I:Buildings:FE:Created_entity:G:678
503381c4-b36e-45a0-bdf6-bb3118b4cbd3.xml.macaon	688	13	ou	ou	coo	coo	_	12	coord	_	_	I:Buildings:FE:Created_entity:G:678
503381c4-b36e-45a0-bdf6-bb3118b4cbd3.xml.macaon	689	14	contemporains	contemporain	adj	adj	_	13	dep_coord	_	_	I:Buildings:FE:Created_entity:G:678
503381c4-b36e-45a0-bdf6-bb3118b4cbd3.xml.macaon	690	15	,	,	ponctw	ponctw	_	14	ponct	_	_
503381c4-b36e-45a0-bdf6-bb3118b4cbd3.xml.macaon	691	16	en	en	prep	prep	_	13	dep_coord	_	_	B:Buildings:FE:Instrument:G:678
503381c4-b36e-45a0-bdf6-bb3118b4cbd3.xml.macaon	692	17	ivoire	ivoire	nc	nc	_	16	obj	_	_	I:Buildings:FE:Instrument:G:678
503381c4-b36e-45a0-bdf6-bb3118b4cbd3.xml.macaon	693	18	,	,	ponctw	ponctw	_	13	ponct	_	_	I:Buildings:FE:Instrument:G:678
503381c4-b36e-45a0-bdf6-bb3118b4cbd3.xml.macaon	694	19	en	en	prep	prep	_	13	dep_coord	_	_	I:Buildings:FE:Instrument:G:678
503381c4-b36e-45a0-bdf6-bb3118b4cbd3.xml.macaon	695	20	bois	bois	nc	nc	_	19	obj	_	_	I:Buildings:FE:Instrument:G:678
503381c4-b36e-45a0-bdf6-bb3118b4cbd3.xml.macaon	696	21	de	de	prep	prep	_	20	dep	_	_	I:Buildings:FE:Instrument:G:678
503381c4-b36e-45a0-bdf6-bb3118b4cbd3.xml.macaon	697	22	cervidé	cervidé	nc	nc	_	21	obj	_	_	I:Buildings:FE:Instrument:G:678
503381c4-b36e-45a0-bdf6-bb3118b4cbd3.xml.macaon	698	23	.	.	poncts	poncts	_	3	ponct	_	_

503381c4-b36e-45a0-bdf6-bb3118b4cbd3.xml.macaon	699	1	Les	les	det	det	_	2	det	_	_	B:Origin:FE:Entity:G:702	B:Becoming_aware:FE:Phenomenon:G:713
503381c4-b36e-45a0-bdf6-bb3118b4cbd3.xml.macaon	700	2	coquillages	coquillage	nc	nc	_	3	suj	_	_	I:Origin:FE:Entity:G:702	I:Becoming_aware:FE:Phenomenon:G:713
503381c4-b36e-45a0-bdf6-bb3118b4cbd3.xml.macaon	701	3	peuvent	pouvoir	v	v	_	_	_	_	_
503381c4-b36e-45a0-bdf6-bb3118b4cbd3.xml.macaon	702	4	provenir	provenir	vinf	vinf	_	3	obj	_	_	B:Origin:TARGET:provenir:G:702
503381c4-b36e-45a0-bdf6-bb3118b4cbd3.xml.macaon	703	5	de	de	prep	prep	_	4	de_obj	_	_	B:Origin:FE:Origin:G:702
503381c4-b36e-45a0-bdf6-bb3118b4cbd3.xml.macaon	704	6	gisements	gisement	nc	nc	_	5	obj	_	_	I:Origin:FE:Origin:G:702	B:Becoming_aware:FE:Ground:G:713
503381c4-b36e-45a0-bdf6-bb3118b4cbd3.xml.macaon	705	7	très	très	adv	adv	_	8	mod	_	_	I:Origin:FE:Origin:G:702
503381c4-b36e-45a0-bdf6-bb3118b4cbd3.xml.macaon	706	8	éloignés	éloigner	vppart	vppart	_	6	mod	_	_	I:Origin:FE:Origin:G:702
503381c4-b36e-45a0-bdf6-bb3118b4cbd3.xml.macaon	707	9	du	du	prep	prep	_	8	mod	_	_	I:Origin:FE:Origin:G:702
503381c4-b36e-45a0-bdf6-bb3118b4cbd3.xml.macaon	708	10	site	site	nc	nc	_	9	obj	_	_	I:Origin:FE:Origin:G:702
503381c4-b36e-45a0-bdf6-bb3118b4cbd3.xml.macaon	709	11	dans	dans	prep	prep	_	15	mod	_	_	I:Origin:FE:Origin:G:702	B:Becoming_aware:FE:Ground:G:713
503381c4-b36e-45a0-bdf6-bb3118b4cbd3.xml.macaon	710	12	lesquels	lequel	prorel	prorel	_	15	suj	_	_	I:Origin:FE:Origin:G:702	I:Becoming_aware:FE:Ground:G:713
503381c4-b36e-45a0-bdf6-bb3118b4cbd3.xml.macaon	711	13	ils	ils	cln	cln	_	15	suj	_	_	I:Origin:FE:Origin:G:702	B:Becoming_aware:FE:Phenomenon:G:713
503381c4-b36e-45a0-bdf6-bb3118b4cbd3.xml.macaon	712	14	furent	être	v	v	_	15	aux_tps	_	_	I:Origin:FE:Origin:G:702
503381c4-b36e-45a0-bdf6-bb3118b4cbd3.xml.macaon	713	15	découverts	découvrir	vppart	vppart	_	6	mod_rel	_	_	I:Origin:FE:Origin:G:702	B:Becoming_aware:TARGET:découvrir:G:713
503381c4-b36e-45a0-bdf6-bb3118b4cbd3.xml.macaon	714	16	.	.	poncts	poncts	_	15	ponct	_	_

503381c4-b36e-45a0-bdf6-bb3118b4cbd3.xml.macaon	715	1	Les	les	det	det	_	2	det	_	_	B:Creating:FE:Creator:G:717
503381c4-b36e-45a0-bdf6-bb3118b4cbd3.xml.macaon	716	2	Aurignaciens	aurignacien	nc	nc	_	3	suj	_	_	I:Creating:FE:Creator:G:717
503381c4-b36e-45a0-bdf6-bb3118b4cbd3.xml.macaon	717	3	créent	créer	v	v	_	_	_	_	_	B:Creating:TARGET:créer:G:717
503381c4-b36e-45a0-bdf6-bb3118b4cbd3.xml.macaon	718	4	des	un	det	det	_	5	det	_	_	B:Creating:FE:Created_entity:G:717
503381c4-b36e-45a0-bdf6-bb3118b4cbd3.xml.macaon	719	5	statuettes	statuette	nc	nc	_	3	obj	_	_	I:Creating:FE:Created_entity:G:717
503381c4-b36e-45a0-bdf6-bb3118b4cbd3.xml.macaon	720	6	en	en	prep	prep	_	5	dep	_	_	I:Creating:FE:Created_entity:G:717
503381c4-b36e-45a0-bdf6-bb3118b4cbd3.xml.macaon	721	7	ronde	ronde	nc	nc	_	6	obj	_	_	I:Creating:FE:Created_entity:G:717
503381c4-b36e-45a0-bdf6-bb3118b4cbd3.xml.macaon	722	8	bosse	bosser	v	v	_	3	mod	_	_	I:Creating:FE:Created_entity:G:717
503381c4-b36e-45a0-bdf6-bb3118b4cbd3.xml.macaon	723	9	représentant	représenter	vprespart	vprespart	_	8	__JOKER__	_	_
503381c4-b36e-45a0-bdf6-bb3118b4cbd3.xml.macaon	724	10	des	un	det	det	_	11	det	_	_
503381c4-b36e-45a0-bdf6-bb3118b4cbd3.xml.macaon	725	11	mammouths	mammouth	nc	nc	_	9	__JOKER__	_	_
503381c4-b36e-45a0-bdf6-bb3118b4cbd3.xml.macaon	726	12	,	,	ponctw	ponctw	_	11	ponct	_	_
503381c4-b36e-45a0-bdf6-bb3118b4cbd3.xml.macaon	727	13	des	un	det	det	_	14	det	_	_
503381c4-b36e-45a0-bdf6-bb3118b4cbd3.xml.macaon	728	14	félins	félin	nc	nc	_	9	obj	_	_
503381c4-b36e-45a0-bdf6-bb3118b4cbd3.xml.macaon	729	15	,	,	ponctw	ponctw	_	14	ponct	_	_
503381c4-b36e-45a0-bdf6-bb3118b4cbd3.xml.macaon	730	16	des	un	det	det	_	17	det	_	_
503381c4-b36e-45a0-bdf6-bb3118b4cbd3.xml.macaon	731	17	ours	ours	nc	nc	_	9	__JOKER__	_	_
503381c4-b36e-45a0-bdf6-bb3118b4cbd3.xml.macaon	732	18	,	,	ponctw	ponctw	_	17	ponct	_	_
503381c4-b36e-45a0-bdf6-bb3118b4cbd3.xml.macaon	733	19	des	un	det	det	_	20	det	_	_
503381c4-b36e-45a0-bdf6-bb3118b4cbd3.xml.macaon	734	20	chevaux	cheval	nc	nc	_	9	__JOKER__	_	_
503381c4-b36e-45a0-bdf6-bb3118b4cbd3.xml.macaon	735	21	et	et	coo	coo	_	20	coord	_	_
503381c4-b36e-45a0-bdf6-bb3118b4cbd3.xml.macaon	736	22	des	des	prep	prep	_	21	dep_coord	_	_
503381c4-b36e-45a0-bdf6-bb3118b4cbd3.xml.macaon	737	23	hommes	homme	nc	nc	_	22	obj	_	_
503381c4-b36e-45a0-bdf6-bb3118b4cbd3.xml.macaon	738	24	.	.	poncts	poncts	_	3	ponct	_	_

503381c4-b36e-45a0-bdf6-bb3118b4cbd3.xml.macaon	739	1	Elles	elles	cln	cln	_	4	suj	_	_
503381c4-b36e-45a0-bdf6-bb3118b4cbd3.xml.macaon	740	2	ont	avoir	v	v	_	4	aux_tps	_	_
503381c4-b36e-45a0-bdf6-bb3118b4cbd3.xml.macaon	741	3	été	être	vppart	vppart	_	4	aux_pass	_	_
503381c4-b36e-45a0-bdf6-bb3118b4cbd3.xml.macaon	742	4	sculptées	sculpter	vppart	vppart	_	_	_	_	_
503381c4-b36e-45a0-bdf6-bb3118b4cbd3.xml.macaon	743	5	dans	dans	prep	prep	_	4	mod	_	_
503381c4-b36e-45a0-bdf6-bb3118b4cbd3.xml.macaon	744	6	l'	le	det	det	_	7	det	_	_
503381c4-b36e-45a0-bdf6-bb3118b4cbd3.xml.macaon	745	7	ivoire	ivoire	nc	nc	_	5	obj	_	_
503381c4-b36e-45a0-bdf6-bb3118b4cbd3.xml.macaon	746	8	de	de	prep	prep	_	7	dep	_	_
503381c4-b36e-45a0-bdf6-bb3118b4cbd3.xml.macaon	747	9	mammouth	mammouth	nc	nc	_	8	obj	_	_
503381c4-b36e-45a0-bdf6-bb3118b4cbd3.xml.macaon	748	10	.	.	poncts	poncts	_	5	__JOKER__	_	_

503381c4-b36e-45a0-bdf6-bb3118b4cbd3.xml.macaon	749	1	Ils	ils	cln	cln	_	2	suj	_	_
503381c4-b36e-45a0-bdf6-bb3118b4cbd3.xml.macaon	750	2	gravent	graver	v	v	_	_	_	_	_
503381c4-b36e-45a0-bdf6-bb3118b4cbd3.xml.macaon	751	3	également	également	adv	adv	_	2	mod	_	_
503381c4-b36e-45a0-bdf6-bb3118b4cbd3.xml.macaon	752	4	des	un	det	det	_	5	det	_	_
503381c4-b36e-45a0-bdf6-bb3118b4cbd3.xml.macaon	753	5	plaques	plaque	nc	nc	_	2	obj	_	_
503381c4-b36e-45a0-bdf6-bb3118b4cbd3.xml.macaon	754	6	de	de	prep	prep	_	5	dep	_	_
503381c4-b36e-45a0-bdf6-bb3118b4cbd3.xml.macaon	755	7	roches	roche	nc	nc	_	6	obj	_	_
503381c4-b36e-45a0-bdf6-bb3118b4cbd3.xml.macaon	756	8	dures	dur	adj	adj	_	7	mod	_	_
503381c4-b36e-45a0-bdf6-bb3118b4cbd3.xml.macaon	757	9	.	.	poncts	poncts	_	2	ponct	_	_

503381c4-b36e-45a0-bdf6-bb3118b4cbd3.xml.macaon	758	1	Les	les	det	det	_	2	det	_	_
503381c4-b36e-45a0-bdf6-bb3118b4cbd3.xml.macaon	759	2	peintures	peinture	nc	nc	_	4	suj	_	_
503381c4-b36e-45a0-bdf6-bb3118b4cbd3.xml.macaon	760	3	aurignaciennes	aurignacien	adj	adj	_	2	mod	_	_
503381c4-b36e-45a0-bdf6-bb3118b4cbd3.xml.macaon	761	4	sont	être	v	v	_	_	_	_	_
503381c4-b36e-45a0-bdf6-bb3118b4cbd3.xml.macaon	762	5	celles	celui	pro	pro	_	4	__JOKER__	_	_
503381c4-b36e-45a0-bdf6-bb3118b4cbd3.xml.macaon	763	6	de	de	prep	prep	_	5	dep	_	_
503381c4-b36e-45a0-bdf6-bb3118b4cbd3.xml.macaon	764	7	la	le	det	det	_	8	det	_	_
503381c4-b36e-45a0-bdf6-bb3118b4cbd3.xml.macaon	765	8	Grotte	grotte	nc	nc	_	6	obj	_	_
503381c4-b36e-45a0-bdf6-bb3118b4cbd3.xml.macaon	766	9	Chauvet	Chauvet	np	np	_	8	mod	_	_
503381c4-b36e-45a0-bdf6-bb3118b4cbd3.xml.macaon	767	10	ou	ou	coo	coo	_	6	coord	_	_
503381c4-b36e-45a0-bdf6-bb3118b4cbd3.xml.macaon	768	11	de#l'	de#l'	prep	prep	_	10	dep_coord	_	_
503381c4-b36e-45a0-bdf6-bb3118b4cbd3.xml.macaon	769	12	abri	abri	nc	nc	_	11	obj	_	_
503381c4-b36e-45a0-bdf6-bb3118b4cbd3.xml.macaon	770	13	de	de	prep	prep	_	12	dep	_	_
503381c4-b36e-45a0-bdf6-bb3118b4cbd3.xml.macaon	771	14	La	La	det	det	_	15	det	_	_
503381c4-b36e-45a0-bdf6-bb3118b4cbd3.xml.macaon	772	15	Ferrassie	Ferrassie	np	np	_	13	obj	_	_
503381c4-b36e-45a0-bdf6-bb3118b4cbd3.xml.macaon	773	16	et	et	coo	coo	_	15	coord	_	_
503381c4-b36e-45a0-bdf6-bb3118b4cbd3.xml.macaon	774	17	d'autres	d'autres	det	det	_	18	det	_	_
503381c4-b36e-45a0-bdf6-bb3118b4cbd3.xml.macaon	775	18	sites	site	nc	nc	_	13	obj	_	_
503381c4-b36e-45a0-bdf6-bb3118b4cbd3.xml.macaon	776	19	en	en	prep	prep	_	18	dep	_	_
503381c4-b36e-45a0-bdf6-bb3118b4cbd3.xml.macaon	777	20	Dordogne	Dordogne	np	np	_	19	obj	_	_
503381c4-b36e-45a0-bdf6-bb3118b4cbd3.xml.macaon	778	21	,	,	ponctw	ponctw	_	18	ponct	_	_
503381c4-b36e-45a0-bdf6-bb3118b4cbd3.xml.macaon	779	22	en	en	prep	prep	_	18	dep	_	_
503381c4-b36e-45a0-bdf6-bb3118b4cbd3.xml.macaon	780	23	Gironde	Gironde	np	np	_	22	obj	_	_
503381c4-b36e-45a0-bdf6-bb3118b4cbd3.xml.macaon	781	24	,	,	ponctw	ponctw	_	23	ponct	_	_
503381c4-b36e-45a0-bdf6-bb3118b4cbd3.xml.macaon	782	25	ou	ou	coo	coo	_	23	coord	_	_
503381c4-b36e-45a0-bdf6-bb3118b4cbd3.xml.macaon	783	26	en	en	prep	prep	_	25	dep_coord	_	_
503381c4-b36e-45a0-bdf6-bb3118b4cbd3.xml.macaon	784	27	Italie	Italie	np	np	_	26	obj	_	_
503381c4-b36e-45a0-bdf6-bb3118b4cbd3.xml.macaon	785	28	du	du	prep	prep	_	25	dep_coord	_	_
503381c4-b36e-45a0-bdf6-bb3118b4cbd3.xml.macaon	786	29	Nord	Nord	np	np	_	28	obj	_	_
503381c4-b36e-45a0-bdf6-bb3118b4cbd3.xml.macaon	787	30	.	.	poncts	poncts	_	4	ponct	_	_

503381c4-b36e-45a0-bdf6-bb3118b4cbd3.xml.macaon	788	1	Références	référence	nc	nc	_	_	_	_	_
