5647fb5d-ba8b-497f-915e-34b13a7e099d.xml.macaon	0	1	vikidia	vikidia	nc	nc	_	_	_	_	_

5647fb5d-ba8b-497f-915e-34b13a7e099d.xml.macaon	1	1	5647fb5d	5647fb5d	adj	adj	_	3	mod	_	_
5647fb5d-ba8b-497f-915e-34b13a7e099d.xml.macaon	2	2	-	-	ponctw	ponctw	_	1	ponct	_	_
5647fb5d-ba8b-497f-915e-34b13a7e099d.xml.macaon	3	3	ba8b	ba8b	nc	nc	_	_	_	_	_
5647fb5d-ba8b-497f-915e-34b13a7e099d.xml.macaon	4	4	-	-	ponctw	ponctw	_	3	ponct	_	_
5647fb5d-ba8b-497f-915e-34b13a7e099d.xml.macaon	5	5	497f	497f	nc	nc	_	3	mod	_	_
5647fb5d-ba8b-497f-915e-34b13a7e099d.xml.macaon	6	6	-	-	ponctw	ponctw	_	5	ponct	_	_
5647fb5d-ba8b-497f-915e-34b13a7e099d.xml.macaon	7	7	915e	915e	adj	adj	_	5	mod	_	_
5647fb5d-ba8b-497f-915e-34b13a7e099d.xml.macaon	8	8	-	-	ponctw	ponctw	_	5	ponct	_	_
5647fb5d-ba8b-497f-915e-34b13a7e099d.xml.macaon	9	9	34b13a7e099d	34b13a7e099d	adj	adj	_	5	mod	_	_

5647fb5d-ba8b-497f-915e-34b13a7e099d.xml.macaon	10	1	ADDED	ADDED	nc	nc	_	_	_	_	_

5647fb5d-ba8b-497f-915e-34b13a7e099d.xml.macaon	11	1	2016	2016	adj	adj	_	3	mod	_	_
5647fb5d-ba8b-497f-915e-34b13a7e099d.xml.macaon	12	2	-	-	ponctw	ponctw	_	1	ponct	_	_
5647fb5d-ba8b-497f-915e-34b13a7e099d.xml.macaon	13	3	06	06	nc	nc	_	_	_	_	_
5647fb5d-ba8b-497f-915e-34b13a7e099d.xml.macaon	14	4	-	-	ponctw	ponctw	_	3	ponct	_	_
5647fb5d-ba8b-497f-915e-34b13a7e099d.xml.macaon	15	5	15T14	15T14	nc	nc	_	3	mod	_	_
5647fb5d-ba8b-497f-915e-34b13a7e099d.xml.macaon	16	6	:	:	ponctw	ponctw	_	5	ponct	_	_
5647fb5d-ba8b-497f-915e-34b13a7e099d.xml.macaon	17	7	32	32	nc	nc	_	5	mod	_	_
5647fb5d-ba8b-497f-915e-34b13a7e099d.xml.macaon	18	8	:	:	ponctw	ponctw	_	7	ponct	_	_
5647fb5d-ba8b-497f-915e-34b13a7e099d.xml.macaon	19	9	06Z	06Z	nc	nc	_	7	mod	_	_

5647fb5d-ba8b-497f-915e-34b13a7e099d.xml.macaon	20	1	Quiz	Quiz	np	np	_	_	_	_	_
5647fb5d-ba8b-497f-915e-34b13a7e099d.xml.macaon	21	2	:	:	ponctw	ponctw	_	1	ponct	_	_
5647fb5d-ba8b-497f-915e-34b13a7e099d.xml.macaon	22	3	Hommes	Hommes	np	np	_	1	mod	_	_
5647fb5d-ba8b-497f-915e-34b13a7e099d.xml.macaon	23	4	préhistoriques	préhistorique	adj	adj	_	1	mod	_	_

5647fb5d-ba8b-497f-915e-34b13a7e099d.xml.macaon	24	1	Préhistoire	préhistoire	nc	nc	_	_	_	_	_

5647fb5d-ba8b-497f-915e-34b13a7e099d.xml.macaon	25	1	Quiz	Quiz	np	np	_	_	_	_	_
5647fb5d-ba8b-497f-915e-34b13a7e099d.xml.macaon	26	2	:	:	ponctw	ponctw	_	1	ponct	_	_
5647fb5d-ba8b-497f-915e-34b13a7e099d.xml.macaon	27	3	Hommes	Hommes	np	np	_	1	mod	_	_
5647fb5d-ba8b-497f-915e-34b13a7e099d.xml.macaon	28	4	préhistoriques	préhistorique	adj	adj	_	1	mod	_	_
