646dba53-4ece-4fb4-85b3-4e64a011cff0.xml.macaon	0	1	vikidia	vikidia	nc	nc	_	_	_	_	_

646dba53-4ece-4fb4-85b3-4e64a011cff0.xml.macaon	1	1	646dba53	646dba53	adj	adj	_	3	mod	_	_
646dba53-4ece-4fb4-85b3-4e64a011cff0.xml.macaon	2	2	-	-	ponctw	ponctw	_	1	ponct	_	_
646dba53-4ece-4fb4-85b3-4e64a011cff0.xml.macaon	3	3	4ece	4ece	nc	nc	_	_	_	_	_
646dba53-4ece-4fb4-85b3-4e64a011cff0.xml.macaon	4	4	-	-	ponctw	ponctw	_	3	ponct	_	_
646dba53-4ece-4fb4-85b3-4e64a011cff0.xml.macaon	5	5	4fb4	4fb4	nc	nc	_	3	mod	_	_
646dba53-4ece-4fb4-85b3-4e64a011cff0.xml.macaon	6	6	-	-	ponctw	ponctw	_	5	ponct	_	_
646dba53-4ece-4fb4-85b3-4e64a011cff0.xml.macaon	7	7	85b3	85b3	nc	nc	_	5	mod	_	_
646dba53-4ece-4fb4-85b3-4e64a011cff0.xml.macaon	8	8	-	-	ponctw	ponctw	_	7	ponct	_	_
646dba53-4ece-4fb4-85b3-4e64a011cff0.xml.macaon	9	9	4e64a011cff0	4e64a011cff0	nc	nc	_	7	mod	_	_

646dba53-4ece-4fb4-85b3-4e64a011cff0.xml.macaon	10	1	ADDED	ADDED	nc	nc	_	_	_	_	_

646dba53-4ece-4fb4-85b3-4e64a011cff0.xml.macaon	11	1	2016	2016	adj	adj	_	3	mod	_	_
646dba53-4ece-4fb4-85b3-4e64a011cff0.xml.macaon	12	2	-	-	ponctw	ponctw	_	1	ponct	_	_
646dba53-4ece-4fb4-85b3-4e64a011cff0.xml.macaon	13	3	06	06	nc	nc	_	_	_	_	_
646dba53-4ece-4fb4-85b3-4e64a011cff0.xml.macaon	14	4	-	-	ponctw	ponctw	_	3	ponct	_	_
646dba53-4ece-4fb4-85b3-4e64a011cff0.xml.macaon	15	5	15T14	15T14	nc	nc	_	3	mod	_	_
646dba53-4ece-4fb4-85b3-4e64a011cff0.xml.macaon	16	6	:	:	ponctw	ponctw	_	5	ponct	_	_
646dba53-4ece-4fb4-85b3-4e64a011cff0.xml.macaon	17	7	32	32	nc	nc	_	5	mod	_	_
646dba53-4ece-4fb4-85b3-4e64a011cff0.xml.macaon	18	8	:	:	ponctw	ponctw	_	7	ponct	_	_
646dba53-4ece-4fb4-85b3-4e64a011cff0.xml.macaon	19	9	13Z	13Z	nc	nc	_	7	mod	_	_

646dba53-4ece-4fb4-85b3-4e64a011cff0.xml.macaon	20	1	Homme	homme	nc	nc	_	_	_	_	_
646dba53-4ece-4fb4-85b3-4e64a011cff0.xml.macaon	21	2	de	de	prep	prep	_	1	dep	_	_
646dba53-4ece-4fb4-85b3-4e64a011cff0.xml.macaon	22	3	Florès	Florès	np	np	_	2	obj	_	_

646dba53-4ece-4fb4-85b3-4e64a011cff0.xml.macaon	23	1	L'	L'	det	det	_	2	det	_	_	B:Dimension:FE:Object:G:33
646dba53-4ece-4fb4-85b3-4e64a011cff0.xml.macaon	24	2	Homme	homme	nc	nc	_	5	suj	_	_	I:Dimension:FE:Object:G:33
646dba53-4ece-4fb4-85b3-4e64a011cff0.xml.macaon	25	3	de	de	prep	prep	_	2	dep	_	_	I:Dimension:FE:Object:G:33
646dba53-4ece-4fb4-85b3-4e64a011cff0.xml.macaon	26	4	Florès	Florès	np	np	_	3	obj	_	_	I:Dimension:FE:Object:G:33
646dba53-4ece-4fb4-85b3-4e64a011cff0.xml.macaon	27	5	est	être	v	v	_	_	_	_	_
646dba53-4ece-4fb4-85b3-4e64a011cff0.xml.macaon	28	6	un	un	det	det	_	7	det	_	_	B:Dimension:FE:Object:G:33
646dba53-4ece-4fb4-85b3-4e64a011cff0.xml.macaon	29	7	homme	homme	nc	nc	_	5	ats	_	_	I:Dimension:FE:Object:G:33
646dba53-4ece-4fb4-85b3-4e64a011cff0.xml.macaon	30	8	préhistorique	préhistorique	adj	adj	_	7	mod	_	_	I:Dimension:FE:Object:G:33
646dba53-4ece-4fb4-85b3-4e64a011cff0.xml.macaon	31	9	de	de	prep	prep	_	7	dep	_	_
646dba53-4ece-4fb4-85b3-4e64a011cff0.xml.macaon	32	10	petite	petit	adj	adj	_	11	mod	_	_	B:Dimension:FE:Measurement:G:33
646dba53-4ece-4fb4-85b3-4e64a011cff0.xml.macaon	33	11	taille	taille	nc	nc	_	9	obj	_	_	B:Dimension:TARGET:taille:G:33
646dba53-4ece-4fb4-85b3-4e64a011cff0.xml.macaon	34	12	,	,	ponctw	ponctw	_	11	ponct	_	_
646dba53-4ece-4fb4-85b3-4e64a011cff0.xml.macaon	35	13	qui	qui	prorel	prorel	_	15	suj	_	_
646dba53-4ece-4fb4-85b3-4e64a011cff0.xml.macaon	36	14	a	avoir	v	v	_	15	aux_tps	_	_
646dba53-4ece-4fb4-85b3-4e64a011cff0.xml.macaon	37	15	disparu	disparaître	vppart	vppart	_	7	mod_rel	_	_
646dba53-4ece-4fb4-85b3-4e64a011cff0.xml.macaon	38	16	.	.	poncts	poncts	_	5	ponct	_	_

646dba53-4ece-4fb4-85b3-4e64a011cff0.xml.macaon	39	1	Il	il	cln	cln	_	2	suj	_	_
646dba53-4ece-4fb4-85b3-4e64a011cff0.xml.macaon	40	2	vivait	vivre	v	v	_	_	_	_	_
646dba53-4ece-4fb4-85b3-4e64a011cff0.xml.macaon	41	3	il#y#a	il#y#a	adv	adv	_	2	mod	_	_
646dba53-4ece-4fb4-85b3-4e64a011cff0.xml.macaon	42	4	environ	environ	adv	adv	_	5	mod	_	_
646dba53-4ece-4fb4-85b3-4e64a011cff0.xml.macaon	43	5	95#000	95#000	adj	adj	_	2	ats	_	_
646dba53-4ece-4fb4-85b3-4e64a011cff0.xml.macaon	44	6	à	à	prep	prep	_	2	mod	_	_
646dba53-4ece-4fb4-85b3-4e64a011cff0.xml.macaon	45	7	18#000	18#000	det	det	_	8	det	_	_
646dba53-4ece-4fb4-85b3-4e64a011cff0.xml.macaon	46	8	ans	an	nc	nc	_	6	obj	_	_
646dba53-4ece-4fb4-85b3-4e64a011cff0.xml.macaon	47	9	,	,	ponctw	ponctw	_	2	ponct	_	_
646dba53-4ece-4fb4-85b3-4e64a011cff0.xml.macaon	48	10	sur	sur	prep	prep	_	2	mod	_	_
646dba53-4ece-4fb4-85b3-4e64a011cff0.xml.macaon	49	11	l'	le	det	det	_	12	det	_	_
646dba53-4ece-4fb4-85b3-4e64a011cff0.xml.macaon	50	12	île	île	nc	nc	_	10	obj	_	_
646dba53-4ece-4fb4-85b3-4e64a011cff0.xml.macaon	51	13	de	de	prep	prep	_	12	dep	_	_
646dba53-4ece-4fb4-85b3-4e64a011cff0.xml.macaon	52	14	Florès	Florès	np	np	_	13	obj	_	_
646dba53-4ece-4fb4-85b3-4e64a011cff0.xml.macaon	53	15	,	,	ponctw	ponctw	_	12	ponct	_	_
646dba53-4ece-4fb4-85b3-4e64a011cff0.xml.macaon	54	16	en	en	prep	prep	_	12	dep	_	_
646dba53-4ece-4fb4-85b3-4e64a011cff0.xml.macaon	55	17	Indonésie	Indonésie	np	np	_	16	obj	_	_
646dba53-4ece-4fb4-85b3-4e64a011cff0.xml.macaon	56	18	.	.	poncts	poncts	_	2	ponct	_	_

646dba53-4ece-4fb4-85b3-4e64a011cff0.xml.macaon	57	1	Préhistoire	préhistoire	nc	nc	_	_	_	_	_

646dba53-4ece-4fb4-85b3-4e64a011cff0.xml.macaon	58	1	Homme	homme	nc	nc	_	_	_	_	_
646dba53-4ece-4fb4-85b3-4e64a011cff0.xml.macaon	59	2	de	de	prep	prep	_	1	dep	_	_
646dba53-4ece-4fb4-85b3-4e64a011cff0.xml.macaon	60	3	Florès	Florès	np	np	_	2	obj	_	_

646dba53-4ece-4fb4-85b3-4e64a011cff0.xml.macaon	61	1	L'	L'	det	det	_	2	det	_	_	B:Dimension:FE:Object:G:71
646dba53-4ece-4fb4-85b3-4e64a011cff0.xml.macaon	62	2	Homme	homme	nc	nc	_	5	suj	_	_	I:Dimension:FE:Object:G:71
646dba53-4ece-4fb4-85b3-4e64a011cff0.xml.macaon	63	3	de	de	prep	prep	_	2	dep	_	_	I:Dimension:FE:Object:G:71
646dba53-4ece-4fb4-85b3-4e64a011cff0.xml.macaon	64	4	Florès	Florès	np	np	_	3	obj	_	_	I:Dimension:FE:Object:G:71
646dba53-4ece-4fb4-85b3-4e64a011cff0.xml.macaon	65	5	est	être	v	v	_	_	_	_	_
646dba53-4ece-4fb4-85b3-4e64a011cff0.xml.macaon	66	6	un	un	det	det	_	7	det	_	_	B:Dimension:FE:Object:G:71
646dba53-4ece-4fb4-85b3-4e64a011cff0.xml.macaon	67	7	homme	homme	nc	nc	_	5	ats	_	_	I:Dimension:FE:Object:G:71
646dba53-4ece-4fb4-85b3-4e64a011cff0.xml.macaon	68	8	préhistorique	préhistorique	adj	adj	_	7	mod	_	_	I:Dimension:FE:Object:G:71
646dba53-4ece-4fb4-85b3-4e64a011cff0.xml.macaon	69	9	de	de	prep	prep	_	7	dep	_	_
646dba53-4ece-4fb4-85b3-4e64a011cff0.xml.macaon	70	10	petite	petit	adj	adj	_	11	mod	_	_	B:Dimension:FE:Measurement:G:71
646dba53-4ece-4fb4-85b3-4e64a011cff0.xml.macaon	71	11	taille	taille	nc	nc	_	9	obj	_	_	B:Dimension:TARGET:taille:G:71
646dba53-4ece-4fb4-85b3-4e64a011cff0.xml.macaon	72	12	,	,	ponctw	ponctw	_	11	ponct	_	_
646dba53-4ece-4fb4-85b3-4e64a011cff0.xml.macaon	73	13	qui	qui	prorel	prorel	_	15	suj	_	_
646dba53-4ece-4fb4-85b3-4e64a011cff0.xml.macaon	74	14	a	avoir	v	v	_	15	aux_tps	_	_
646dba53-4ece-4fb4-85b3-4e64a011cff0.xml.macaon	75	15	disparu	disparaître	vppart	vppart	_	7	mod_rel	_	_
646dba53-4ece-4fb4-85b3-4e64a011cff0.xml.macaon	76	16	.	.	poncts	poncts	_	5	ponct	_	_

646dba53-4ece-4fb4-85b3-4e64a011cff0.xml.macaon	77	1	Il	il	cln	cln	_	2	suj	_	_
646dba53-4ece-4fb4-85b3-4e64a011cff0.xml.macaon	78	2	vivait	vivre	v	v	_	_	_	_	_
646dba53-4ece-4fb4-85b3-4e64a011cff0.xml.macaon	79	3	il#y#a	il#y#a	adv	adv	_	2	mod	_	_
646dba53-4ece-4fb4-85b3-4e64a011cff0.xml.macaon	80	4	environ	environ	adv	adv	_	5	mod	_	_
646dba53-4ece-4fb4-85b3-4e64a011cff0.xml.macaon	81	5	95#000	95#000	adj	adj	_	2	ats	_	_
646dba53-4ece-4fb4-85b3-4e64a011cff0.xml.macaon	82	6	à	à	prep	prep	_	2	mod	_	_
646dba53-4ece-4fb4-85b3-4e64a011cff0.xml.macaon	83	7	18#000	18#000	det	det	_	8	det	_	_
646dba53-4ece-4fb4-85b3-4e64a011cff0.xml.macaon	84	8	ans	an	nc	nc	_	6	obj	_	_
646dba53-4ece-4fb4-85b3-4e64a011cff0.xml.macaon	85	9	,	,	ponctw	ponctw	_	2	ponct	_	_
646dba53-4ece-4fb4-85b3-4e64a011cff0.xml.macaon	86	10	sur	sur	prep	prep	_	2	mod	_	_
646dba53-4ece-4fb4-85b3-4e64a011cff0.xml.macaon	87	11	l'	le	det	det	_	12	det	_	_
646dba53-4ece-4fb4-85b3-4e64a011cff0.xml.macaon	88	12	île	île	nc	nc	_	10	obj	_	_
646dba53-4ece-4fb4-85b3-4e64a011cff0.xml.macaon	89	13	de	de	prep	prep	_	12	dep	_	_
646dba53-4ece-4fb4-85b3-4e64a011cff0.xml.macaon	90	14	Florès	Florès	np	np	_	13	obj	_	_
646dba53-4ece-4fb4-85b3-4e64a011cff0.xml.macaon	91	15	,	,	ponctw	ponctw	_	12	ponct	_	_
646dba53-4ece-4fb4-85b3-4e64a011cff0.xml.macaon	92	16	en	en	prep	prep	_	12	dep	_	_
646dba53-4ece-4fb4-85b3-4e64a011cff0.xml.macaon	93	17	Indonésie	Indonésie	np	np	_	16	obj	_	_
646dba53-4ece-4fb4-85b3-4e64a011cff0.xml.macaon	94	18	.	.	poncts	poncts	_	2	ponct	_	_

646dba53-4ece-4fb4-85b3-4e64a011cff0.xml.macaon	95	1	Localisation	localisation	nc	nc	_	_	_	_	_	B:Locating:TARGET:localisation:G:95
646dba53-4ece-4fb4-85b3-4e64a011cff0.xml.macaon	96	2	de#l'	de#l'	prep	prep	_	1	dep	_	_	B:Locating:FE:Sought_entity:G:95
646dba53-4ece-4fb4-85b3-4e64a011cff0.xml.macaon	97	3	île	île	nc	nc	_	2	obj	_	_	I:Locating:FE:Sought_entity:G:95
646dba53-4ece-4fb4-85b3-4e64a011cff0.xml.macaon	98	4	de	de	prep	prep	_	3	dep	_	_	I:Locating:FE:Sought_entity:G:95
646dba53-4ece-4fb4-85b3-4e64a011cff0.xml.macaon	99	5	Florès	Florès	np	np	_	4	obj	_	_	I:Locating:FE:Sought_entity:G:95
646dba53-4ece-4fb4-85b3-4e64a011cff0.xml.macaon	100	6	en	en	prep	prep	_	5	dep	_	_	B:Locating:FE:Location:G:95
646dba53-4ece-4fb4-85b3-4e64a011cff0.xml.macaon	101	7	Indonésie	Indonésie	np	np	_	6	obj	_	_	I:Locating:FE:Location:G:95
646dba53-4ece-4fb4-85b3-4e64a011cff0.xml.macaon	102	8	.	.	poncts	poncts	_	5	__JOKER__	_	_

646dba53-4ece-4fb4-85b3-4e64a011cff0.xml.macaon	103	1	Découverte	Découverte	nc	nc	_	_	_	_	_

646dba53-4ece-4fb4-85b3-4e64a011cff0.xml.macaon	104	1	Les	les	det	det	_	2	det	_	_	B:Becoming_aware:FE:Phenomenon:G:112
646dba53-4ece-4fb4-85b3-4e64a011cff0.xml.macaon	105	2	fossiles	fossile	nc	nc	_	9	suj	_	_	I:Becoming_aware:FE:Phenomenon:G:112
646dba53-4ece-4fb4-85b3-4e64a011cff0.xml.macaon	106	3	de#l'	de#l'	prep	prep	_	9	mod	_	_	I:Becoming_aware:FE:Phenomenon:G:112
646dba53-4ece-4fb4-85b3-4e64a011cff0.xml.macaon	107	4	Homme	Homme	np	np	_	3	obj	_	_	I:Becoming_aware:FE:Phenomenon:G:112
646dba53-4ece-4fb4-85b3-4e64a011cff0.xml.macaon	108	5	de	de	prep	prep	_	9	mod	_	_	I:Becoming_aware:FE:Phenomenon:G:112
646dba53-4ece-4fb4-85b3-4e64a011cff0.xml.macaon	109	6	Florès	Florès	np	np	_	5	obj	_	_	I:Becoming_aware:FE:Phenomenon:G:112
646dba53-4ece-4fb4-85b3-4e64a011cff0.xml.macaon	110	7	ont	avoir	v	v	_	9	aux_tps	_	_
646dba53-4ece-4fb4-85b3-4e64a011cff0.xml.macaon	111	8	été	être	vppart	vppart	_	9	aux_pass	_	_
646dba53-4ece-4fb4-85b3-4e64a011cff0.xml.macaon	112	9	découverts	découvrir	vppart	vppart	_	_	_	_	_	B:Becoming_aware:TARGET:découvrir:G:112
646dba53-4ece-4fb4-85b3-4e64a011cff0.xml.macaon	113	10	par	par	prep	prep	_	9	mod	_	_
646dba53-4ece-4fb4-85b3-4e64a011cff0.xml.macaon	114	11	des	un	det	det	_	12	det	_	_	B:Becoming_aware:FE:Cognizer:G:112
646dba53-4ece-4fb4-85b3-4e64a011cff0.xml.macaon	115	12	chercheurs	chercheur	nc	nc	_	10	obj	_	_	I:Becoming_aware:FE:Cognizer:G:112
646dba53-4ece-4fb4-85b3-4e64a011cff0.xml.macaon	116	13	australiens	australien	adj	adj	_	12	mod	_	_	I:Becoming_aware:FE:Cognizer:G:112
646dba53-4ece-4fb4-85b3-4e64a011cff0.xml.macaon	117	14	et	et	coo	coo	_	13	coord	_	_	I:Becoming_aware:FE:Cognizer:G:112
646dba53-4ece-4fb4-85b3-4e64a011cff0.xml.macaon	118	15	indonésiens	indonésien	adj	adj	_	14	dep_coord	_	_	I:Becoming_aware:FE:Cognizer:G:112
646dba53-4ece-4fb4-85b3-4e64a011cff0.xml.macaon	119	16	en	en	prep	prep	_	9	mod	_	_	B:Becoming_aware:FE:Time:G:112
646dba53-4ece-4fb4-85b3-4e64a011cff0.xml.macaon	120	17	2003	2003	nc	nc	_	16	obj	_	_	I:Becoming_aware:FE:Time:G:112
646dba53-4ece-4fb4-85b3-4e64a011cff0.xml.macaon	121	18	dans	dans	prep	prep	_	9	mod	_	_	B:Becoming_aware:FE:Ground:G:112
646dba53-4ece-4fb4-85b3-4e64a011cff0.xml.macaon	122	19	la	le	det	det	_	20	det	_	_	I:Becoming_aware:FE:Ground:G:112
646dba53-4ece-4fb4-85b3-4e64a011cff0.xml.macaon	123	20	grotte	grotte	nc	nc	_	18	obj	_	_	I:Becoming_aware:FE:Ground:G:112
646dba53-4ece-4fb4-85b3-4e64a011cff0.xml.macaon	124	21	de	de	prep	prep	_	20	dep	_	_	I:Becoming_aware:FE:Ground:G:112
646dba53-4ece-4fb4-85b3-4e64a011cff0.xml.macaon	125	22	Liang	Liang	np	np	_	21	obj	_	_	I:Becoming_aware:FE:Ground:G:112
646dba53-4ece-4fb4-85b3-4e64a011cff0.xml.macaon	126	23	Bua	Bua	np	np	_	21	obj	_	_	I:Becoming_aware:FE:Ground:G:112
646dba53-4ece-4fb4-85b3-4e64a011cff0.xml.macaon	127	24	,	,	ponctw	ponctw	_	20	ponct	_	_	I:Becoming_aware:FE:Ground:G:112
646dba53-4ece-4fb4-85b3-4e64a011cff0.xml.macaon	128	25	sur	sur	prep	prep	_	20	dep	_	_	I:Becoming_aware:FE:Ground:G:112
646dba53-4ece-4fb4-85b3-4e64a011cff0.xml.macaon	129	26	l'	le	det	det	_	27	det	_	_	I:Becoming_aware:FE:Ground:G:112
646dba53-4ece-4fb4-85b3-4e64a011cff0.xml.macaon	130	27	île	île	nc	nc	_	25	obj	_	_	I:Becoming_aware:FE:Ground:G:112
646dba53-4ece-4fb4-85b3-4e64a011cff0.xml.macaon	131	28	de	de	prep	prep	_	27	dep	_	_	I:Becoming_aware:FE:Ground:G:112
646dba53-4ece-4fb4-85b3-4e64a011cff0.xml.macaon	132	29	Florès	Florès	np	np	_	28	obj	_	_	I:Becoming_aware:FE:Ground:G:112
646dba53-4ece-4fb4-85b3-4e64a011cff0.xml.macaon	133	30	,	,	ponctw	ponctw	_	27	ponct	_	_
646dba53-4ece-4fb4-85b3-4e64a011cff0.xml.macaon	134	31	mais	mais	coo	coo	_	27	coord	_	_
646dba53-4ece-4fb4-85b3-4e64a011cff0.xml.macaon	135	32	il	il	cln	cln	_	34	suj	_	_
646dba53-4ece-4fb4-85b3-4e64a011cff0.xml.macaon	136	33	a	avoir	v	v	_	34	aux_tps	_	_
646dba53-4ece-4fb4-85b3-4e64a011cff0.xml.macaon	137	34	pu	pouvoir	vppart	vppart	_	31	dep_coord	_	_
646dba53-4ece-4fb4-85b3-4e64a011cff0.xml.macaon	138	35	vivre	vivre	vinf	vinf	_	34	obj	_	_
646dba53-4ece-4fb4-85b3-4e64a011cff0.xml.macaon	139	36	aussi	aussi	adv	adv	_	35	mod	_	_
646dba53-4ece-4fb4-85b3-4e64a011cff0.xml.macaon	140	37	sur	sur	prep	prep	_	35	mod	_	_
646dba53-4ece-4fb4-85b3-4e64a011cff0.xml.macaon	141	38	l'	le	det	det	_	39	det	_	_
646dba53-4ece-4fb4-85b3-4e64a011cff0.xml.macaon	142	39	île	île	nc	nc	_	37	obj	_	_
646dba53-4ece-4fb4-85b3-4e64a011cff0.xml.macaon	143	40	de	de	prep	prep	_	39	dep	_	_
646dba53-4ece-4fb4-85b3-4e64a011cff0.xml.macaon	144	41	Java	Java	np	np	_	40	obj	_	_
646dba53-4ece-4fb4-85b3-4e64a011cff0.xml.macaon	145	42	.	.	poncts	poncts	_	27	ponct	_	_

646dba53-4ece-4fb4-85b3-4e64a011cff0.xml.macaon	146	1	En	en	prep	prep	_	7	mod	_	_	B:Locating:FE:Time:G:152
646dba53-4ece-4fb4-85b3-4e64a011cff0.xml.macaon	147	2	2004	2004	nc	nc	_	1	obj	_	_	I:Locating:FE:Time:G:152
646dba53-4ece-4fb4-85b3-4e64a011cff0.xml.macaon	148	3	,	,	ponctw	ponctw	_	7	ponct	_	_
646dba53-4ece-4fb4-85b3-4e64a011cff0.xml.macaon	149	4	on	on	cln	cln	_	7	suj	_	_	B:Locating:FE:Perceiver:G:152
646dba53-4ece-4fb4-85b3-4e64a011cff0.xml.macaon	150	5	avait	avoir	v	v	_	7	aux_tps	_	_
646dba53-4ece-4fb4-85b3-4e64a011cff0.xml.macaon	151	6	déjà	déjà	adv	adv	_	7	mod	_	_
646dba53-4ece-4fb4-85b3-4e64a011cff0.xml.macaon	152	7	trouvé	trouver	vppart	vppart	_	_	_	_	_	B:Locating:TARGET:trouver:G:152
646dba53-4ece-4fb4-85b3-4e64a011cff0.xml.macaon	153	8	9	9	det	det	_	9	det	_	_	B:Locating:FE:Sought_entity:G:152
646dba53-4ece-4fb4-85b3-4e64a011cff0.xml.macaon	154	9	individus	individu	nc	nc	_	7	obj	_	_	I:Locating:FE:Sought_entity:G:152
646dba53-4ece-4fb4-85b3-4e64a011cff0.xml.macaon	155	10	.	.	poncts	poncts	_	7	ponct	_	_

646dba53-4ece-4fb4-85b3-4e64a011cff0.xml.macaon	156	1	Caractères	Caractères	np	np	_	_	_	_	_

646dba53-4ece-4fb4-85b3-4e64a011cff0.xml.macaon	157	1	Reconstruction	reconstruction	nc	nc	_	_	_	_	_
646dba53-4ece-4fb4-85b3-4e64a011cff0.xml.macaon	158	2	faciale	facial	adj	adj	_	1	mod	_	_
646dba53-4ece-4fb4-85b3-4e64a011cff0.xml.macaon	159	3	d'	d'	etr	etr	_	5	dep	_	_
646dba53-4ece-4fb4-85b3-4e64a011cff0.xml.macaon	160	4	Homo	Homo	etr	etr	_	5	dep	_	_
646dba53-4ece-4fb4-85b3-4e64a011cff0.xml.macaon	161	5	floresiensis	floresiensis	etr	etr	_	1	dep	_	_

646dba53-4ece-4fb4-85b3-4e64a011cff0.xml.macaon	162	1	L'	L'	det	det	_	2	det	_	_	B:Dimension:FE:Object:G:166
646dba53-4ece-4fb4-85b3-4e64a011cff0.xml.macaon	163	2	Homme	homme	nc	nc	_	5	suj	_	_	I:Dimension:FE:Object:G:166
646dba53-4ece-4fb4-85b3-4e64a011cff0.xml.macaon	164	3	de	de	prep	prep	_	2	dep	_	_	I:Dimension:FE:Object:G:166
646dba53-4ece-4fb4-85b3-4e64a011cff0.xml.macaon	165	4	Florès	Florès	np	np	_	3	obj	_	_	I:Dimension:FE:Object:G:166
646dba53-4ece-4fb4-85b3-4e64a011cff0.xml.macaon	166	5	mesurait	mesurer	v	v	_	_	_	_	_	B:Dimension:TARGET:mesurer:G:166
646dba53-4ece-4fb4-85b3-4e64a011cff0.xml.macaon	167	6	seulement	seulement	adv	adv	_	5	mod	_	_
646dba53-4ece-4fb4-85b3-4e64a011cff0.xml.macaon	168	7	1	1	det	det	_	8	det	_	_	B:Dimension:FE:Measurement:G:166
646dba53-4ece-4fb4-85b3-4e64a011cff0.xml.macaon	169	8	m	m	nc	nc	_	5	obj	_	_	I:Dimension:FE:Measurement:G:166
646dba53-4ece-4fb4-85b3-4e64a011cff0.xml.macaon	170	9	à	à	prep	prep	_	8	dep	_	_	I:Dimension:FE:Measurement:G:166
646dba53-4ece-4fb4-85b3-4e64a011cff0.xml.macaon	171	10	1,15	1,15	nc	nc	_	9	obj	_	_	I:Dimension:FE:Measurement:G:166
646dba53-4ece-4fb4-85b3-4e64a011cff0.xml.macaon	172	11	m	m	adj	adj	_	10	mod	_	_	I:Dimension:FE:Measurement:G:166
646dba53-4ece-4fb4-85b3-4e64a011cff0.xml.macaon	173	12	,	,	ponctw	ponctw	_	8	ponct	_	_
646dba53-4ece-4fb4-85b3-4e64a011cff0.xml.macaon	174	13	atteignant	atteindre	vprespart	vprespart	_	5	__JOKER__	_	_	B:OTHER:G
646dba53-4ece-4fb4-85b3-4e64a011cff0.xml.macaon	175	14	un	un	det	det	_	15	det	_	_
646dba53-4ece-4fb4-85b3-4e64a011cff0.xml.macaon	176	15	poids	poids	nc	nc	_	13	__JOKER__	_	_	B:Dimension:TARGET:poids:G:176
646dba53-4ece-4fb4-85b3-4e64a011cff0.xml.macaon	177	16	de	de	prep	prep	_	15	dep	_	_
646dba53-4ece-4fb4-85b3-4e64a011cff0.xml.macaon	178	17	16	16	nc	nc	_	16	obj	_	_	B:Dimension:FE:Measurement:G:176
646dba53-4ece-4fb4-85b3-4e64a011cff0.xml.macaon	179	18	à	à	prep	prep	_	17	dep	_	_	I:Dimension:FE:Measurement:G:176
646dba53-4ece-4fb4-85b3-4e64a011cff0.xml.macaon	180	19	28	28	det	det	_	20	det	_	_	I:Dimension:FE:Measurement:G:176
646dba53-4ece-4fb4-85b3-4e64a011cff0.xml.macaon	181	20	kg	kg	nc	nc	_	18	obj	_	_	I:Dimension:FE:Measurement:G:176
646dba53-4ece-4fb4-85b3-4e64a011cff0.xml.macaon	182	21	,	,	ponctw	ponctw	_	20	ponct	_	_
646dba53-4ece-4fb4-85b3-4e64a011cff0.xml.macaon	183	22	avec	avec	prep	prep	_	20	dep	_	_
646dba53-4ece-4fb4-85b3-4e64a011cff0.xml.macaon	184	23	une	un	det	det	_	25	det	_	_
646dba53-4ece-4fb4-85b3-4e64a011cff0.xml.macaon	185	24	faible	faible	adj	adj	_	25	mod	_	_
646dba53-4ece-4fb4-85b3-4e64a011cff0.xml.macaon	186	25	capacité	capacité	nc	nc	_	22	obj	_	_
646dba53-4ece-4fb4-85b3-4e64a011cff0.xml.macaon	187	26	crânienne	crânien	adj	adj	_	25	mod	_	_
646dba53-4ece-4fb4-85b3-4e64a011cff0.xml.macaon	188	27	de	de	prep	prep	_	25	dep	_	_
646dba53-4ece-4fb4-85b3-4e64a011cff0.xml.macaon	189	28	400	400	det	det	_	29	det	_	_
646dba53-4ece-4fb4-85b3-4e64a011cff0.xml.macaon	190	29	grammes	gramme	nc	nc	_	27	obj	_	_
646dba53-4ece-4fb4-85b3-4e64a011cff0.xml.macaon	191	30	environ	environ	adv	adv	_	29	mod	_	_
646dba53-4ece-4fb4-85b3-4e64a011cff0.xml.macaon	192	31	.	.	poncts	poncts	_	5	ponct	_	_

646dba53-4ece-4fb4-85b3-4e64a011cff0.xml.macaon	193	1	Il	il	cln	cln	_	3	suj	_	_
646dba53-4ece-4fb4-85b3-4e64a011cff0.xml.macaon	194	2	ne	ne	advneg	advneg	_	3	mod	_	_
646dba53-4ece-4fb4-85b3-4e64a011cff0.xml.macaon	195	3	fait	faire	v	v	_	_	_	_	_
646dba53-4ece-4fb4-85b3-4e64a011cff0.xml.macaon	196	4	pas	pas	advneg	advneg	_	3	mod	_	_
646dba53-4ece-4fb4-85b3-4e64a011cff0.xml.macaon	197	5	partie	partie	nc	nc	_	3	obj	_	_
646dba53-4ece-4fb4-85b3-4e64a011cff0.xml.macaon	198	6	de	de	prep	prep	_	5	dep	_	_
646dba53-4ece-4fb4-85b3-4e64a011cff0.xml.macaon	199	7	notre	son	det	det	_	8	det	_	_
646dba53-4ece-4fb4-85b3-4e64a011cff0.xml.macaon	200	8	espèce	espèce	nc	nc	_	6	obj	_	_
646dba53-4ece-4fb4-85b3-4e64a011cff0.xml.macaon	201	9	,	,	ponctw	ponctw	_	8	ponct	_	_
646dba53-4ece-4fb4-85b3-4e64a011cff0.xml.macaon	202	10	mais	mais	coo	coo	_	6	coord	_	_
646dba53-4ece-4fb4-85b3-4e64a011cff0.xml.macaon	203	11	d'	de	prep	prep	_	10	dep_coord	_	_
646dba53-4ece-4fb4-85b3-4e64a011cff0.xml.macaon	204	12	une	un	det	det	_	13	det	_	_
646dba53-4ece-4fb4-85b3-4e64a011cff0.xml.macaon	205	13	espèce	espèce	nc	nc	_	11	obj	_	_
646dba53-4ece-4fb4-85b3-4e64a011cff0.xml.macaon	206	14	à#part	à#part	adv	adv	_	15	mod	_	_
646dba53-4ece-4fb4-85b3-4e64a011cff0.xml.macaon	207	15	entière	entier	adj	adj	_	13	mod	_	_
646dba53-4ece-4fb4-85b3-4e64a011cff0.xml.macaon	208	16	,	,	ponctw	ponctw	_	13	ponct	_	_
646dba53-4ece-4fb4-85b3-4e64a011cff0.xml.macaon	209	17	dont	dont	prorel	prorel	_	29	__JOKER__	_	_
646dba53-4ece-4fb4-85b3-4e64a011cff0.xml.macaon	210	18	le	le	det	det	_	19	det	_	_
646dba53-4ece-4fb4-85b3-4e64a011cff0.xml.macaon	211	19	nom	nom	nc	nc	_	29	suj	_	_
646dba53-4ece-4fb4-85b3-4e64a011cff0.xml.macaon	212	20	scientifique	scientifique	adj	adj	_	19	mod	_	_
646dba53-4ece-4fb4-85b3-4e64a011cff0.xml.macaon	213	21	est	être	v	v	_	19	mod_rel	_	_
646dba53-4ece-4fb4-85b3-4e64a011cff0.xml.macaon	214	22	Homo	Homo	etr	etr	_	23	dep	_	_
646dba53-4ece-4fb4-85b3-4e64a011cff0.xml.macaon	215	23	floresiensis	floresiensis	etr	etr	_	19	dep	_	_
646dba53-4ece-4fb4-85b3-4e64a011cff0.xml.macaon	216	24	,	,	ponctw	ponctw	_	19	ponct	_	_
646dba53-4ece-4fb4-85b3-4e64a011cff0.xml.macaon	217	25	qui	qui	prorel	prorel	_	26	suj	_	_
646dba53-4ece-4fb4-85b3-4e64a011cff0.xml.macaon	218	26	pourrait	pouvoir	v	v	_	28	aux_tps	_	_
646dba53-4ece-4fb4-85b3-4e64a011cff0.xml.macaon	219	27	avoir	avoir	vinf	vinf	_	26	obj	_	_
646dba53-4ece-4fb4-85b3-4e64a011cff0.xml.macaon	220	28	disparu	disparaître	vppart	vppart	_	19	mod	_	_
646dba53-4ece-4fb4-85b3-4e64a011cff0.xml.macaon	221	29	il#y#a	il#y#a	v	v	_	13	mod_rel	_	_
646dba53-4ece-4fb4-85b3-4e64a011cff0.xml.macaon	222	30	seulement	seulement	adv	adv	_	31	mod	_	_
646dba53-4ece-4fb4-85b3-4e64a011cff0.xml.macaon	223	31	12#000	12#000	adj	adj	_	32	mod	_	_
646dba53-4ece-4fb4-85b3-4e64a011cff0.xml.macaon	224	32	ans	an	nc	nc	_	29	obj	_	_
646dba53-4ece-4fb4-85b3-4e64a011cff0.xml.macaon	225	33	.	.	poncts	poncts	_	3	__JOKER__	_	_

646dba53-4ece-4fb4-85b3-4e64a011cff0.xml.macaon	226	1	Mode	mode	nc	nc	_	_	_	_	_
646dba53-4ece-4fb4-85b3-4e64a011cff0.xml.macaon	227	2	de	de	prep	prep	_	1	dep	_	_
646dba53-4ece-4fb4-85b3-4e64a011cff0.xml.macaon	228	3	vie	vie	nc	nc	_	2	obj	_	_

646dba53-4ece-4fb4-85b3-4e64a011cff0.xml.macaon	229	1	Comme	comme	prep	prep	_	13	mod	_	_
646dba53-4ece-4fb4-85b3-4e64a011cff0.xml.macaon	230	2	l'	le	det	det	_	3	det	_	_
646dba53-4ece-4fb4-85b3-4e64a011cff0.xml.macaon	231	3	Homme	homme	nc	nc	_	1	obj	_	_
646dba53-4ece-4fb4-85b3-4e64a011cff0.xml.macaon	232	4	de	de	prep	prep	_	3	dep	_	_
646dba53-4ece-4fb4-85b3-4e64a011cff0.xml.macaon	233	5	Cro	Cro	np	np	_	4	obj	_	_
646dba53-4ece-4fb4-85b3-4e64a011cff0.xml.macaon	234	6	-	-	ponctw	ponctw	_	3	ponct	_	_
646dba53-4ece-4fb4-85b3-4e64a011cff0.xml.macaon	235	7	Magnon	Magnon	np	np	_	3	mod	_	_
646dba53-4ece-4fb4-85b3-4e64a011cff0.xml.macaon	236	8	,	,	ponctw	ponctw	_	13	ponct	_	_
646dba53-4ece-4fb4-85b3-4e64a011cff0.xml.macaon	237	9	notre	son	det	det	_	10	det	_	_
646dba53-4ece-4fb4-85b3-4e64a011cff0.xml.macaon	238	10	ancêtre	ancêtre	nc	nc	_	13	suj	_	_
646dba53-4ece-4fb4-85b3-4e64a011cff0.xml.macaon	239	11	,	,	ponctw	ponctw	_	13	ponct	_	_
646dba53-4ece-4fb4-85b3-4e64a011cff0.xml.macaon	240	12	il	il	cln	cln	_	13	suj	_	_	B:Hunting:FE:Hunter:G:244	B:Buildings:FE:Agent#Components:G:246	B:Using:FE:Agent:G:251
646dba53-4ece-4fb4-85b3-4e64a011cff0.xml.macaon	241	13	marchait	marcher	v	v	_	_	_	_	_
646dba53-4ece-4fb4-85b3-4e64a011cff0.xml.macaon	242	14	debout	debout	adv	adv	_	13	mod	_	_
646dba53-4ece-4fb4-85b3-4e64a011cff0.xml.macaon	243	15	,	,	ponctw	ponctw	_	16	ponct	_	_
646dba53-4ece-4fb4-85b3-4e64a011cff0.xml.macaon	244	16	chassait	chasser	v	v	_	18	__JOKER__	_	_	B:Hunting:TARGET:chasser:G:244
646dba53-4ece-4fb4-85b3-4e64a011cff0.xml.macaon	245	17	,	,	ponctw	ponctw	_	16	ponct	_	_
646dba53-4ece-4fb4-85b3-4e64a011cff0.xml.macaon	246	18	fabriquait	fabriquer	v	v	_	13	mod	_	_	B:Buildings:TARGET:fabriquer:G:246
646dba53-4ece-4fb4-85b3-4e64a011cff0.xml.macaon	247	19	des	un	det	det	_	20	det	_	_	B:Buildings:FE:Created_entity:G:246
646dba53-4ece-4fb4-85b3-4e64a011cff0.xml.macaon	248	20	outils	outil	nc	nc	_	18	obj	_	_	I:Buildings:FE:Created_entity:G:246
646dba53-4ece-4fb4-85b3-4e64a011cff0.xml.macaon	249	21	et	et	coo	coo	_	18	coord	_	_
646dba53-4ece-4fb4-85b3-4e64a011cff0.xml.macaon	250	22	savait	savoir	v	v	_	21	dep_coord	_	_
646dba53-4ece-4fb4-85b3-4e64a011cff0.xml.macaon	251	23	utiliser	utiliser	vinf	vinf	_	22	obj	_	_	B:Using:TARGET:utiliser:G:251
646dba53-4ece-4fb4-85b3-4e64a011cff0.xml.macaon	252	24	le	le	det	det	_	25	det	_	_	B:Using:FE:Instrument:G:251
646dba53-4ece-4fb4-85b3-4e64a011cff0.xml.macaon	253	25	feu	feu	nc	nc	_	23	obj	_	_	I:Using:FE:Instrument:G:251
646dba53-4ece-4fb4-85b3-4e64a011cff0.xml.macaon	254	26	.	.	poncts	poncts	_	18	ponct	_	_

646dba53-4ece-4fb4-85b3-4e64a011cff0.xml.macaon	255	1	Cette	cette	det	det	_	2	det	_	_	B:Awareness:FE:Content:G:262
646dba53-4ece-4fb4-85b3-4e64a011cff0.xml.macaon	256	2	espèce	espèce	nc	nc	_	8	suj	_	_	I:Awareness:FE:Content:G:262
646dba53-4ece-4fb4-85b3-4e64a011cff0.xml.macaon	257	3	n'	n'	advneg	advneg	_	8	mod	_	_
646dba53-4ece-4fb4-85b3-4e64a011cff0.xml.macaon	258	4	est	être	v	v	_	8	__JOKER__	_	_
646dba53-4ece-4fb4-85b3-4e64a011cff0.xml.macaon	259	5	pas#encore	pas#encore	adv	adv	_	8	mod	_	_
646dba53-4ece-4fb4-85b3-4e64a011cff0.xml.macaon	260	6	très	très	adv	adv	_	8	mod	_	_
646dba53-4ece-4fb4-85b3-4e64a011cff0.xml.macaon	261	7	bien	bien	adv	adv	_	8	mod	_	_
646dba53-4ece-4fb4-85b3-4e64a011cff0.xml.macaon	262	8	connue	connaître	vppart	vppart	_	_	_	_	_	B:Awareness:TARGET:connaître:G:262
646dba53-4ece-4fb4-85b3-4e64a011cff0.xml.macaon	263	9	,	,	ponctw	ponctw	_	11	ponct	_	_
646dba53-4ece-4fb4-85b3-4e64a011cff0.xml.macaon	264	10	on	on	cln	cln	_	11	suj	_	_	B:Awareness:FE:Cognizer:G:262
646dba53-4ece-4fb4-85b3-4e64a011cff0.xml.macaon	265	11	ignore	ignorer	v	v	_	16	__JOKER__	_	_
646dba53-4ece-4fb4-85b3-4e64a011cff0.xml.macaon	266	12	notamment	notamment	adv	adv	_	16	mod	_	_
646dba53-4ece-4fb4-85b3-4e64a011cff0.xml.macaon	267	13	comment	comment	adv	adv	_	16	mod	_	_
646dba53-4ece-4fb4-85b3-4e64a011cff0.xml.macaon	268	14	elle	elle	cln	cln	_	16	suj	_	_
646dba53-4ece-4fb4-85b3-4e64a011cff0.xml.macaon	269	15	a	avoir	v	v	_	16	aux_tps	_	_
646dba53-4ece-4fb4-85b3-4e64a011cff0.xml.macaon	270	16	disparu	disparaître	vppart	vppart	_	8	__JOKER__	_	_
646dba53-4ece-4fb4-85b3-4e64a011cff0.xml.macaon	271	17	.	.	poncts	poncts	_	8	ponct	_	_

646dba53-4ece-4fb4-85b3-4e64a011cff0.xml.macaon	272	1	Il	il	cln	cln	_	2	suj	_	_
646dba53-4ece-4fb4-85b3-4e64a011cff0.xml.macaon	273	2	fréquentait	fréquenter	v	v	_	_	_	_	_
646dba53-4ece-4fb4-85b3-4e64a011cff0.xml.macaon	274	3	les	le	det	det	_	4	det	_	_
646dba53-4ece-4fb4-85b3-4e64a011cff0.xml.macaon	275	4	grottes	grotte	nc	nc	_	2	obj	_	_
646dba53-4ece-4fb4-85b3-4e64a011cff0.xml.macaon	276	5	,	,	ponctw	ponctw	_	2	ponct	_	_
646dba53-4ece-4fb4-85b3-4e64a011cff0.xml.macaon	277	6	et	et	coo	coo	_	2	coord	_	_
646dba53-4ece-4fb4-85b3-4e64a011cff0.xml.macaon	278	7	côtoyait	côtoyer	v	v	_	6	dep_coord	_	_
646dba53-4ece-4fb4-85b3-4e64a011cff0.xml.macaon	279	8	des	un	det	det	_	9	det	_	_
646dba53-4ece-4fb4-85b3-4e64a011cff0.xml.macaon	280	9	éléphants	éléphant	nc	nc	_	7	obj	_	_
646dba53-4ece-4fb4-85b3-4e64a011cff0.xml.macaon	281	10	nains	nain	adj	adj	_	9	mod	_	_
646dba53-4ece-4fb4-85b3-4e64a011cff0.xml.macaon	282	11	,	,	ponctw	ponctw	_	7	ponct	_	_
646dba53-4ece-4fb4-85b3-4e64a011cff0.xml.macaon	283	12	des	un	det	det	_	13	det	_	_
646dba53-4ece-4fb4-85b3-4e64a011cff0.xml.macaon	284	13	rongeurs	rongeur	nc	nc	_	7	obj	_	_
646dba53-4ece-4fb4-85b3-4e64a011cff0.xml.macaon	285	14	géants	géant	adj	adj	_	13	mod	_	_
646dba53-4ece-4fb4-85b3-4e64a011cff0.xml.macaon	286	15	et	et	coo	coo	_	13	coord	_	_
646dba53-4ece-4fb4-85b3-4e64a011cff0.xml.macaon	287	16	des	des	prep	prep	_	15	dep_coord	_	_
646dba53-4ece-4fb4-85b3-4e64a011cff0.xml.macaon	288	17	dragons	dragon	nc	nc	_	16	obj	_	_
646dba53-4ece-4fb4-85b3-4e64a011cff0.xml.macaon	289	18	de	de	prep	prep	_	17	dep	_	_
646dba53-4ece-4fb4-85b3-4e64a011cff0.xml.macaon	290	19	Komodo	Komodo	np	np	_	18	obj	_	_
646dba53-4ece-4fb4-85b3-4e64a011cff0.xml.macaon	291	20	.	.	poncts	poncts	_	2	ponct	_	_
