6fbce2ce-a861-4ab5-b71d-979346f6d3c4.xml.macaon	0	1	vikidia	vikidia	nc	nc	_	_	_	_	_

6fbce2ce-a861-4ab5-b71d-979346f6d3c4.xml.macaon	1	1	6fbce2ce	6fbce2ce	adj	adj	_	3	mod	_	_
6fbce2ce-a861-4ab5-b71d-979346f6d3c4.xml.macaon	2	2	-	-	ponctw	ponctw	_	1	ponct	_	_
6fbce2ce-a861-4ab5-b71d-979346f6d3c4.xml.macaon	3	3	a861	a861	nc	nc	_	_	_	_	_
6fbce2ce-a861-4ab5-b71d-979346f6d3c4.xml.macaon	4	4	-	-	ponctw	ponctw	_	3	ponct	_	_
6fbce2ce-a861-4ab5-b71d-979346f6d3c4.xml.macaon	5	5	4ab5	4ab5	nc	nc	_	3	mod	_	_
6fbce2ce-a861-4ab5-b71d-979346f6d3c4.xml.macaon	6	6	-	-	ponctw	ponctw	_	5	ponct	_	_
6fbce2ce-a861-4ab5-b71d-979346f6d3c4.xml.macaon	7	7	b71d	b71d	nc	nc	_	5	mod	_	_
6fbce2ce-a861-4ab5-b71d-979346f6d3c4.xml.macaon	8	8	-	-	ponctw	ponctw	_	7	ponct	_	_
6fbce2ce-a861-4ab5-b71d-979346f6d3c4.xml.macaon	9	9	979346f6d3c4	979346f6d3c4	adj	adj	_	7	mod	_	_

6fbce2ce-a861-4ab5-b71d-979346f6d3c4.xml.macaon	10	1	ADDED	ADDED	nc	nc	_	_	_	_	_

6fbce2ce-a861-4ab5-b71d-979346f6d3c4.xml.macaon	11	1	2016	2016	adj	adj	_	3	mod	_	_
6fbce2ce-a861-4ab5-b71d-979346f6d3c4.xml.macaon	12	2	-	-	ponctw	ponctw	_	1	ponct	_	_
6fbce2ce-a861-4ab5-b71d-979346f6d3c4.xml.macaon	13	3	06	06	nc	nc	_	_	_	_	_
6fbce2ce-a861-4ab5-b71d-979346f6d3c4.xml.macaon	14	4	-	-	ponctw	ponctw	_	3	ponct	_	_
6fbce2ce-a861-4ab5-b71d-979346f6d3c4.xml.macaon	15	5	15T14	15T14	nc	nc	_	3	mod	_	_
6fbce2ce-a861-4ab5-b71d-979346f6d3c4.xml.macaon	16	6	:	:	ponctw	ponctw	_	5	ponct	_	_
6fbce2ce-a861-4ab5-b71d-979346f6d3c4.xml.macaon	17	7	32	32	nc	nc	_	5	mod	_	_
6fbce2ce-a861-4ab5-b71d-979346f6d3c4.xml.macaon	18	8	:	:	ponctw	ponctw	_	7	ponct	_	_
6fbce2ce-a861-4ab5-b71d-979346f6d3c4.xml.macaon	19	9	38Z	38Z	nc	nc	_	7	mod	_	_

6fbce2ce-a861-4ab5-b71d-979346f6d3c4.xml.macaon	20	1	Yves	Yves	np	np	_	_	_	_	_
6fbce2ce-a861-4ab5-b71d-979346f6d3c4.xml.macaon	21	2	Coppens	Coppens	nc	nc	_	1	mod	_	_

6fbce2ce-a861-4ab5-b71d-979346f6d3c4.xml.macaon	22	1	Yves	Yves	np	np	_	_	_	_	_	B:Becoming_aware:FE:Cognizer:G:45
6fbce2ce-a861-4ab5-b71d-979346f6d3c4.xml.macaon	23	2	Coppens	Coppens	np	np	_	1	mod	_	_	I:Becoming_aware:FE:Cognizer:G:45
6fbce2ce-a861-4ab5-b71d-979346f6d3c4.xml.macaon	24	3	,	,	ponctw	ponctw	_	2	ponct	_	_
6fbce2ce-a861-4ab5-b71d-979346f6d3c4.xml.macaon	25	4	né	naître	vppart	vppart	_	2	mod	_	_
6fbce2ce-a861-4ab5-b71d-979346f6d3c4.xml.macaon	26	5	à	à	prep	prep	_	4	a_obj	_	_
6fbce2ce-a861-4ab5-b71d-979346f6d3c4.xml.macaon	27	6	Vannes	Vannes	np	np	_	5	obj	_	_
6fbce2ce-a861-4ab5-b71d-979346f6d3c4.xml.macaon	28	7	(	(	ponctw	ponctw	_	6	ponct	_	_
6fbce2ce-a861-4ab5-b71d-979346f6d3c4.xml.macaon	29	8	dans	dans	prep	prep	_	4	mod	_	_
6fbce2ce-a861-4ab5-b71d-979346f6d3c4.xml.macaon	30	9	le	le	det	det	_	10	det	_	_
6fbce2ce-a861-4ab5-b71d-979346f6d3c4.xml.macaon	31	10	Morbihan	Morbihan	np	np	_	8	obj	_	_
6fbce2ce-a861-4ab5-b71d-979346f6d3c4.xml.macaon	32	11	)	)	ponctw	ponctw	_	10	ponct	_	_
6fbce2ce-a861-4ab5-b71d-979346f6d3c4.xml.macaon	33	12	le	le	det	det	_	14	det	_	_
6fbce2ce-a861-4ab5-b71d-979346f6d3c4.xml.macaon	34	13	9	9	adj	adj	_	14	mod	_	_
6fbce2ce-a861-4ab5-b71d-979346f6d3c4.xml.macaon	35	14	août	août	nc	nc	_	8	obj	_	_
6fbce2ce-a861-4ab5-b71d-979346f6d3c4.xml.macaon	36	15	1934	1934	adj	adj	_	14	mod	_	_
6fbce2ce-a861-4ab5-b71d-979346f6d3c4.xml.macaon	37	16	,	,	ponctw	ponctw	_	17	ponct	_	_
6fbce2ce-a861-4ab5-b71d-979346f6d3c4.xml.macaon	38	17	est	être	v	v	_	14	mod_rel	_	_
6fbce2ce-a861-4ab5-b71d-979346f6d3c4.xml.macaon	39	18	un	un	det	det	_	19	det	_	_	B:Awareness:FE:Content:G:42
6fbce2ce-a861-4ab5-b71d-979346f6d3c4.xml.macaon	40	19	paléontologue	paléontologue	nc	nc	_	17	ats	_	_	I:Awareness:FE:Content:G:42
6fbce2ce-a861-4ab5-b71d-979346f6d3c4.xml.macaon	41	20	français	français	adj	adj	_	19	mod	_	_	I:Awareness:FE:Content:G:42
6fbce2ce-a861-4ab5-b71d-979346f6d3c4.xml.macaon	42	21	connu	connaître	vppart	vppart	_	19	mod	_	_	B:Awareness:TARGET:connaître:G:42
6fbce2ce-a861-4ab5-b71d-979346f6d3c4.xml.macaon	43	22	pour	pour	prep	prep	_	21	mod	_	_
6fbce2ce-a861-4ab5-b71d-979346f6d3c4.xml.macaon	44	23	avoir	avoir	vinf	vinf	_	22	obj	_	_
6fbce2ce-a861-4ab5-b71d-979346f6d3c4.xml.macaon	45	24	découvert	découvrir	vppart	vppart	_	22	obj	_	_	B:Becoming_aware:TARGET:découvrir:G:45
6fbce2ce-a861-4ab5-b71d-979346f6d3c4.xml.macaon	46	25	Lucy	Lucy	np	np	_	22	obj	_	_	B:Becoming_aware:FE:Phenomenon:G:45
6fbce2ce-a861-4ab5-b71d-979346f6d3c4.xml.macaon	47	26	,	,	ponctw	ponctw	_	25	ponct	_	_
6fbce2ce-a861-4ab5-b71d-979346f6d3c4.xml.macaon	48	27	le	le	det	det	_	29	det	_	_
6fbce2ce-a861-4ab5-b71d-979346f6d3c4.xml.macaon	49	28	premier	premier	adj	adj	_	29	mod	_	_
6fbce2ce-a861-4ab5-b71d-979346f6d3c4.xml.macaon	50	29	fossile	fossile	nc	nc	_	25	mod	_	_
6fbce2ce-a861-4ab5-b71d-979346f6d3c4.xml.macaon	51	30	de	de	prep	prep	_	29	dep	_	_
6fbce2ce-a861-4ab5-b71d-979346f6d3c4.xml.macaon	52	31	femme	femme	nc	nc	_	30	obj	_	_
6fbce2ce-a861-4ab5-b71d-979346f6d3c4.xml.macaon	53	32	australopithèque	australopithèque	nc	nc	_	31	mod	_	_
6fbce2ce-a861-4ab5-b71d-979346f6d3c4.xml.macaon	54	33	en#commun	en#commun	adj	adj	_	32	mod	_	_
6fbce2ce-a861-4ab5-b71d-979346f6d3c4.xml.macaon	55	34	avec	avec	prep	prep	_	32	dep	_	_
6fbce2ce-a861-4ab5-b71d-979346f6d3c4.xml.macaon	56	35	un	un	det	det	_	36	det	_	_
6fbce2ce-a861-4ab5-b71d-979346f6d3c4.xml.macaon	57	36	géologue	géologue	nc	nc	_	34	obj	_	_
6fbce2ce-a861-4ab5-b71d-979346f6d3c4.xml.macaon	58	37	français	français	adj	adj	_	36	mod	_	_
6fbce2ce-a861-4ab5-b71d-979346f6d3c4.xml.macaon	59	38	ainsi#qu'	ainsi#qu'	v	v	_	36	mod_rel	_	_
6fbce2ce-a861-4ab5-b71d-979346f6d3c4.xml.macaon	60	39	un	un	det	det	_	40	det	_	_
6fbce2ce-a861-4ab5-b71d-979346f6d3c4.xml.macaon	61	40	paléoanthropologue	paléoanthropologue	nc	nc	_	38	obj	_	_
6fbce2ce-a861-4ab5-b71d-979346f6d3c4.xml.macaon	62	41	américain	américain	adj	adj	_	40	mod	_	_
6fbce2ce-a861-4ab5-b71d-979346f6d3c4.xml.macaon	63	42	.	.	poncts	poncts	_	17	ponct	_	_

6fbce2ce-a861-4ab5-b71d-979346f6d3c4.xml.macaon	64	1	Il	il	cln	cln	_	2	suj	_	_
6fbce2ce-a861-4ab5-b71d-979346f6d3c4.xml.macaon	65	2	est	être	v	v	_	_	_	_	_
6fbce2ce-a861-4ab5-b71d-979346f6d3c4.xml.macaon	66	3	professeur	professeur	nc	nc	_	2	ats	_	_
6fbce2ce-a861-4ab5-b71d-979346f6d3c4.xml.macaon	67	4	de	de	prep	prep	_	3	dep	_	_
6fbce2ce-a861-4ab5-b71d-979346f6d3c4.xml.macaon	68	5	sa	son	det	det	_	6	det	_	_
6fbce2ce-a861-4ab5-b71d-979346f6d3c4.xml.macaon	69	6	discipline	discipline	nc	nc	_	4	obj	_	_
6fbce2ce-a861-4ab5-b71d-979346f6d3c4.xml.macaon	70	7	au	au	prep	prep	_	6	dep	_	_
6fbce2ce-a861-4ab5-b71d-979346f6d3c4.xml.macaon	71	8	collège	collège	nc	nc	_	7	obj	_	_
6fbce2ce-a861-4ab5-b71d-979346f6d3c4.xml.macaon	72	9	de	de	prep	prep	_	8	dep	_	_
6fbce2ce-a861-4ab5-b71d-979346f6d3c4.xml.macaon	73	10	France	France	np	np	_	9	obj	_	_
6fbce2ce-a861-4ab5-b71d-979346f6d3c4.xml.macaon	74	11	où	où	prorel	prorel	_	13	mod	_	_
6fbce2ce-a861-4ab5-b71d-979346f6d3c4.xml.macaon	75	12	il	il	cln	cln	_	13	suj	_	_
6fbce2ce-a861-4ab5-b71d-979346f6d3c4.xml.macaon	76	13	est	être	v	v	_	10	mod_rel	_	_
6fbce2ce-a861-4ab5-b71d-979346f6d3c4.xml.macaon	77	14	titulaire	titulaire	adj	adj	_	13	ats	_	_
6fbce2ce-a861-4ab5-b71d-979346f6d3c4.xml.macaon	78	15	de	de	prep	prep	_	13	de_obj	_	_
6fbce2ce-a861-4ab5-b71d-979346f6d3c4.xml.macaon	79	16	la	le	det	det	_	17	det	_	_
6fbce2ce-a861-4ab5-b71d-979346f6d3c4.xml.macaon	80	17	chaire	chaire	nc	nc	_	15	obj	_	_
6fbce2ce-a861-4ab5-b71d-979346f6d3c4.xml.macaon	81	18	de	de	prep	prep	_	17	dep	_	_
6fbce2ce-a861-4ab5-b71d-979346f6d3c4.xml.macaon	82	19	Paléoanthropologie	Paléoanthropologie	np	np	_	18	obj	_	_
6fbce2ce-a861-4ab5-b71d-979346f6d3c4.xml.macaon	83	20	et	et	coo	coo	_	15	coord	_	_
6fbce2ce-a861-4ab5-b71d-979346f6d3c4.xml.macaon	84	21	de	de	prep	prep	_	20	dep_coord	_	_
6fbce2ce-a861-4ab5-b71d-979346f6d3c4.xml.macaon	85	22	préhistoire	préhistoire	nc	nc	_	21	obj	_	_
6fbce2ce-a861-4ab5-b71d-979346f6d3c4.xml.macaon	86	23	.	.	poncts	poncts	_	2	ponct	_	_

6fbce2ce-a861-4ab5-b71d-979346f6d3c4.xml.macaon	87	1	Préhistoire	préhistoire	nc	nc	_	_	_	_	_

6fbce2ce-a861-4ab5-b71d-979346f6d3c4.xml.macaon	88	1	Yves	Yves	np	np	_	_	_	_	_
6fbce2ce-a861-4ab5-b71d-979346f6d3c4.xml.macaon	89	2	Coppens	Coppens	nc	nc	_	1	mod	_	_

6fbce2ce-a861-4ab5-b71d-979346f6d3c4.xml.macaon	90	1	Yves	Yves	np	np	_	_	_	_	_	B:Becoming_aware:FE:Cognizer:G:113
6fbce2ce-a861-4ab5-b71d-979346f6d3c4.xml.macaon	91	2	Coppens	Coppens	np	np	_	1	mod	_	_	I:Becoming_aware:FE:Cognizer:G:113
6fbce2ce-a861-4ab5-b71d-979346f6d3c4.xml.macaon	92	3	,	,	ponctw	ponctw	_	2	ponct	_	_
6fbce2ce-a861-4ab5-b71d-979346f6d3c4.xml.macaon	93	4	né	naître	vppart	vppart	_	2	mod	_	_
6fbce2ce-a861-4ab5-b71d-979346f6d3c4.xml.macaon	94	5	à	à	prep	prep	_	4	a_obj	_	_
6fbce2ce-a861-4ab5-b71d-979346f6d3c4.xml.macaon	95	6	Vannes	Vannes	np	np	_	5	obj	_	_
6fbce2ce-a861-4ab5-b71d-979346f6d3c4.xml.macaon	96	7	(	(	ponctw	ponctw	_	6	ponct	_	_
6fbce2ce-a861-4ab5-b71d-979346f6d3c4.xml.macaon	97	8	dans	dans	prep	prep	_	4	mod	_	_
6fbce2ce-a861-4ab5-b71d-979346f6d3c4.xml.macaon	98	9	le	le	det	det	_	10	det	_	_
6fbce2ce-a861-4ab5-b71d-979346f6d3c4.xml.macaon	99	10	Morbihan	Morbihan	np	np	_	8	obj	_	_
6fbce2ce-a861-4ab5-b71d-979346f6d3c4.xml.macaon	100	11	)	)	ponctw	ponctw	_	10	ponct	_	_
6fbce2ce-a861-4ab5-b71d-979346f6d3c4.xml.macaon	101	12	le	le	det	det	_	14	det	_	_
6fbce2ce-a861-4ab5-b71d-979346f6d3c4.xml.macaon	102	13	9	9	adj	adj	_	14	mod	_	_
6fbce2ce-a861-4ab5-b71d-979346f6d3c4.xml.macaon	103	14	août	août	nc	nc	_	8	obj	_	_
6fbce2ce-a861-4ab5-b71d-979346f6d3c4.xml.macaon	104	15	1934	1934	adj	adj	_	14	mod	_	_
6fbce2ce-a861-4ab5-b71d-979346f6d3c4.xml.macaon	105	16	,	,	ponctw	ponctw	_	17	ponct	_	_
6fbce2ce-a861-4ab5-b71d-979346f6d3c4.xml.macaon	106	17	est	être	v	v	_	14	mod_rel	_	_
6fbce2ce-a861-4ab5-b71d-979346f6d3c4.xml.macaon	107	18	un	un	det	det	_	19	det	_	_	B:Awareness:FE:Content:G:110
6fbce2ce-a861-4ab5-b71d-979346f6d3c4.xml.macaon	108	19	paléontologue	paléontologue	nc	nc	_	17	ats	_	_	I:Awareness:FE:Content:G:110
6fbce2ce-a861-4ab5-b71d-979346f6d3c4.xml.macaon	109	20	français	français	adj	adj	_	19	mod	_	_	I:Awareness:FE:Content:G:110
6fbce2ce-a861-4ab5-b71d-979346f6d3c4.xml.macaon	110	21	connu	connaître	vppart	vppart	_	19	mod	_	_	B:Awareness:TARGET:connaître:G:110
6fbce2ce-a861-4ab5-b71d-979346f6d3c4.xml.macaon	111	22	pour	pour	prep	prep	_	21	mod	_	_
6fbce2ce-a861-4ab5-b71d-979346f6d3c4.xml.macaon	112	23	avoir	avoir	vinf	vinf	_	22	obj	_	_
6fbce2ce-a861-4ab5-b71d-979346f6d3c4.xml.macaon	113	24	découvert	découvrir	vppart	vppart	_	22	obj	_	_	B:Becoming_aware:TARGET:découvrir:G:113
6fbce2ce-a861-4ab5-b71d-979346f6d3c4.xml.macaon	114	25	Lucy	Lucy	np	np	_	22	obj	_	_	B:Becoming_aware:FE:Phenomenon:G:113
6fbce2ce-a861-4ab5-b71d-979346f6d3c4.xml.macaon	115	26	,	,	ponctw	ponctw	_	25	ponct	_	_
6fbce2ce-a861-4ab5-b71d-979346f6d3c4.xml.macaon	116	27	le	le	det	det	_	29	det	_	_
6fbce2ce-a861-4ab5-b71d-979346f6d3c4.xml.macaon	117	28	premier	premier	adj	adj	_	29	mod	_	_
6fbce2ce-a861-4ab5-b71d-979346f6d3c4.xml.macaon	118	29	fossile	fossile	nc	nc	_	25	mod	_	_
6fbce2ce-a861-4ab5-b71d-979346f6d3c4.xml.macaon	119	30	de	de	prep	prep	_	29	dep	_	_
6fbce2ce-a861-4ab5-b71d-979346f6d3c4.xml.macaon	120	31	femme	femme	nc	nc	_	30	obj	_	_
6fbce2ce-a861-4ab5-b71d-979346f6d3c4.xml.macaon	121	32	australopithèque	australopithèque	nc	nc	_	31	mod	_	_
6fbce2ce-a861-4ab5-b71d-979346f6d3c4.xml.macaon	122	33	en#commun	en#commun	adj	adj	_	32	mod	_	_
6fbce2ce-a861-4ab5-b71d-979346f6d3c4.xml.macaon	123	34	avec	avec	prep	prep	_	32	dep	_	_
6fbce2ce-a861-4ab5-b71d-979346f6d3c4.xml.macaon	124	35	un	un	det	det	_	36	det	_	_
6fbce2ce-a861-4ab5-b71d-979346f6d3c4.xml.macaon	125	36	géologue	géologue	nc	nc	_	34	obj	_	_
6fbce2ce-a861-4ab5-b71d-979346f6d3c4.xml.macaon	126	37	français	français	adj	adj	_	36	mod	_	_
6fbce2ce-a861-4ab5-b71d-979346f6d3c4.xml.macaon	127	38	ainsi#qu'	ainsi#qu'	v	v	_	36	mod_rel	_	_
6fbce2ce-a861-4ab5-b71d-979346f6d3c4.xml.macaon	128	39	un	un	det	det	_	40	det	_	_
6fbce2ce-a861-4ab5-b71d-979346f6d3c4.xml.macaon	129	40	paléoanthropologue	paléoanthropologue	nc	nc	_	38	obj	_	_
6fbce2ce-a861-4ab5-b71d-979346f6d3c4.xml.macaon	130	41	américain	américain	adj	adj	_	40	mod	_	_
6fbce2ce-a861-4ab5-b71d-979346f6d3c4.xml.macaon	131	42	.	.	poncts	poncts	_	17	ponct	_	_

6fbce2ce-a861-4ab5-b71d-979346f6d3c4.xml.macaon	132	1	Il	il	cln	cln	_	2	suj	_	_
6fbce2ce-a861-4ab5-b71d-979346f6d3c4.xml.macaon	133	2	est	être	v	v	_	_	_	_	_
6fbce2ce-a861-4ab5-b71d-979346f6d3c4.xml.macaon	134	3	professeur	professeur	nc	nc	_	2	ats	_	_
6fbce2ce-a861-4ab5-b71d-979346f6d3c4.xml.macaon	135	4	de	de	prep	prep	_	3	dep	_	_
6fbce2ce-a861-4ab5-b71d-979346f6d3c4.xml.macaon	136	5	sa	son	det	det	_	6	det	_	_
6fbce2ce-a861-4ab5-b71d-979346f6d3c4.xml.macaon	137	6	discipline	discipline	nc	nc	_	4	obj	_	_
6fbce2ce-a861-4ab5-b71d-979346f6d3c4.xml.macaon	138	7	au	au	prep	prep	_	6	dep	_	_
6fbce2ce-a861-4ab5-b71d-979346f6d3c4.xml.macaon	139	8	collège	collège	nc	nc	_	7	obj	_	_
6fbce2ce-a861-4ab5-b71d-979346f6d3c4.xml.macaon	140	9	de	de	prep	prep	_	8	dep	_	_
6fbce2ce-a861-4ab5-b71d-979346f6d3c4.xml.macaon	141	10	France	France	np	np	_	9	obj	_	_
6fbce2ce-a861-4ab5-b71d-979346f6d3c4.xml.macaon	142	11	où	où	prorel	prorel	_	13	mod	_	_
6fbce2ce-a861-4ab5-b71d-979346f6d3c4.xml.macaon	143	12	il	il	cln	cln	_	13	suj	_	_
6fbce2ce-a861-4ab5-b71d-979346f6d3c4.xml.macaon	144	13	est	être	v	v	_	10	mod_rel	_	_
6fbce2ce-a861-4ab5-b71d-979346f6d3c4.xml.macaon	145	14	titulaire	titulaire	adj	adj	_	13	ats	_	_
6fbce2ce-a861-4ab5-b71d-979346f6d3c4.xml.macaon	146	15	de	de	prep	prep	_	13	de_obj	_	_
6fbce2ce-a861-4ab5-b71d-979346f6d3c4.xml.macaon	147	16	la	le	det	det	_	17	det	_	_
6fbce2ce-a861-4ab5-b71d-979346f6d3c4.xml.macaon	148	17	chaire	chaire	nc	nc	_	15	obj	_	_
6fbce2ce-a861-4ab5-b71d-979346f6d3c4.xml.macaon	149	18	de	de	prep	prep	_	17	dep	_	_
6fbce2ce-a861-4ab5-b71d-979346f6d3c4.xml.macaon	150	19	Paléoanthropologie	Paléoanthropologie	np	np	_	18	obj	_	_
6fbce2ce-a861-4ab5-b71d-979346f6d3c4.xml.macaon	151	20	et	et	coo	coo	_	15	coord	_	_
6fbce2ce-a861-4ab5-b71d-979346f6d3c4.xml.macaon	152	21	de	de	prep	prep	_	20	dep_coord	_	_
6fbce2ce-a861-4ab5-b71d-979346f6d3c4.xml.macaon	153	22	préhistoire	préhistoire	nc	nc	_	21	obj	_	_
6fbce2ce-a861-4ab5-b71d-979346f6d3c4.xml.macaon	154	23	.	.	poncts	poncts	_	2	ponct	_	_

6fbce2ce-a861-4ab5-b71d-979346f6d3c4.xml.macaon	155	1	Dès	Dès	prep	prep	_	10	mod	_	_
6fbce2ce-a861-4ab5-b71d-979346f6d3c4.xml.macaon	156	2	son	son	det	det	_	5	det	_	_
6fbce2ce-a861-4ab5-b71d-979346f6d3c4.xml.macaon	157	3	plus	plus	adv	adv	_	4	mod	_	_
6fbce2ce-a861-4ab5-b71d-979346f6d3c4.xml.macaon	158	4	jeune	jeune	adj	adj	_	5	mod	_	_
6fbce2ce-a861-4ab5-b71d-979346f6d3c4.xml.macaon	159	5	âge	âge	nc	nc	_	1	obj	_	_
6fbce2ce-a861-4ab5-b71d-979346f6d3c4.xml.macaon	160	6	,	,	ponctw	ponctw	_	10	ponct	_	_
6fbce2ce-a861-4ab5-b71d-979346f6d3c4.xml.macaon	161	7	Yves	Yves	np	np	_	10	suj	_	_	B:Education_teaching:FE:Student:G:183
6fbce2ce-a861-4ab5-b71d-979346f6d3c4.xml.macaon	162	8	Coppens	Coppens	etr	etr	_	9	dep	_	_	I:Education_teaching:FE:Student:G:183
6fbce2ce-a861-4ab5-b71d-979346f6d3c4.xml.macaon	163	9	s'	s'	etr	etr	_	10	__JOKER__	_	_
6fbce2ce-a861-4ab5-b71d-979346f6d3c4.xml.macaon	164	10	intéresse	intéresser	v	v	_	_	_	_	_
6fbce2ce-a861-4ab5-b71d-979346f6d3c4.xml.macaon	165	11	à	à	prep	prep	_	10	a_obj	_	_
6fbce2ce-a861-4ab5-b71d-979346f6d3c4.xml.macaon	166	12	tous	tout	adj	adj	_	14	mod	_	_
6fbce2ce-a861-4ab5-b71d-979346f6d3c4.xml.macaon	167	13	les	le	det	det	_	14	det	_	_
6fbce2ce-a861-4ab5-b71d-979346f6d3c4.xml.macaon	168	14	domaines	domaine	nc	nc	_	11	obj	_	_
6fbce2ce-a861-4ab5-b71d-979346f6d3c4.xml.macaon	169	15	qui	qui	prorel	prorel	_	16	suj	_	_
6fbce2ce-a861-4ab5-b71d-979346f6d3c4.xml.macaon	170	16	concernent	concerner	v	v	_	14	mod_rel	_	_
6fbce2ce-a861-4ab5-b71d-979346f6d3c4.xml.macaon	171	17	le	le	det	det	_	18	det	_	_
6fbce2ce-a861-4ab5-b71d-979346f6d3c4.xml.macaon	172	18	passé	passé	nc	nc	_	16	obj	_	_
6fbce2ce-a861-4ab5-b71d-979346f6d3c4.xml.macaon	173	19	et	et	coo	coo	_	16	coord	_	_
6fbce2ce-a861-4ab5-b71d-979346f6d3c4.xml.macaon	174	20	il	il	cln	cln	_	21	suj	_	_
6fbce2ce-a861-4ab5-b71d-979346f6d3c4.xml.macaon	175	21	souhaite	souhaiter	v	v	_	19	dep_coord	_	_
6fbce2ce-a861-4ab5-b71d-979346f6d3c4.xml.macaon	176	22	,	,	ponctw	ponctw	_	21	ponct	_	_
6fbce2ce-a861-4ab5-b71d-979346f6d3c4.xml.macaon	177	23	tout#en	tout#en	pro	pro	_	19	__JOKER__	_	_
6fbce2ce-a861-4ab5-b71d-979346f6d3c4.xml.macaon	178	24	vivant	vivre	vprespart	vprespart	_	19	__JOKER__	_	_
6fbce2ce-a861-4ab5-b71d-979346f6d3c4.xml.macaon	179	25	dans	dans	prep	prep	_	24	mod	_	_
6fbce2ce-a861-4ab5-b71d-979346f6d3c4.xml.macaon	180	26	son	son	det	det	_	27	det	_	_
6fbce2ce-a861-4ab5-b71d-979346f6d3c4.xml.macaon	181	27	époque	époque	nc	nc	_	25	obj	_	_
6fbce2ce-a861-4ab5-b71d-979346f6d3c4.xml.macaon	182	28	,	,	ponctw	ponctw	_	27	ponct	_	_
6fbce2ce-a861-4ab5-b71d-979346f6d3c4.xml.macaon	183	29	étudier	étudier	vinf	vinf	_	24	__JOKER__	_	_	B:Education_teaching:TARGET:étudier:G:183
6fbce2ce-a861-4ab5-b71d-979346f6d3c4.xml.macaon	184	30	le	le	det	det	_	31	det	_	_	B:Education_teaching:FE:Subject:G:183
6fbce2ce-a861-4ab5-b71d-979346f6d3c4.xml.macaon	185	31	passé	passé	nc	nc	_	29	obj	_	_	I:Education_teaching:FE:Subject:G:183
6fbce2ce-a861-4ab5-b71d-979346f6d3c4.xml.macaon	186	32	lointain	lointain	adj	adj	_	31	mod	_	_	I:Education_teaching:FE:Subject:G:183
6fbce2ce-a861-4ab5-b71d-979346f6d3c4.xml.macaon	187	33	de	de	prep	prep	_	31	dep	_	_	I:Education_teaching:FE:Subject:G:183
6fbce2ce-a861-4ab5-b71d-979346f6d3c4.xml.macaon	188	34	son	son	det	det	_	35	det	_	_	I:Education_teaching:FE:Subject:G:183
6fbce2ce-a861-4ab5-b71d-979346f6d3c4.xml.macaon	189	35	monde	monde	nc	nc	_	33	obj	_	_	I:Education_teaching:FE:Subject:G:183
6fbce2ce-a861-4ab5-b71d-979346f6d3c4.xml.macaon	190	36	.	.	poncts	poncts	_	10	ponct	_	_

6fbce2ce-a861-4ab5-b71d-979346f6d3c4.xml.macaon	191	1	Il	il	cln	cln	_	3	suj	_	_	B:Education_teaching:FE:Student:G:200
6fbce2ce-a861-4ab5-b71d-979346f6d3c4.xml.macaon	192	2	s'	s'	clr	clr	_	3	aff	_	_
6fbce2ce-a861-4ab5-b71d-979346f6d3c4.xml.macaon	193	3	oriente	orienter	v	v	_	_	_	_	_
6fbce2ce-a861-4ab5-b71d-979346f6d3c4.xml.macaon	194	4	vers	vers	prep	prep	_	3	mod	_	_
6fbce2ce-a861-4ab5-b71d-979346f6d3c4.xml.macaon	195	5	la	le	det	det	_	6	det	_	_	B:Education_teaching:FE:Course:G:200
6fbce2ce-a861-4ab5-b71d-979346f6d3c4.xml.macaon	196	6	paléontologie	paléontologie	nc	nc	_	4	obj	_	_	I:Education_teaching:FE:Course:G:200
6fbce2ce-a861-4ab5-b71d-979346f6d3c4.xml.macaon	197	7	et	et	coo	coo	_	3	coord	_	_
6fbce2ce-a861-4ab5-b71d-979346f6d3c4.xml.macaon	198	8	fait	faire	v	v	_	7	dep_coord	_	_
6fbce2ce-a861-4ab5-b71d-979346f6d3c4.xml.macaon	199	9	des	un	det	det	_	10	det	_	_
6fbce2ce-a861-4ab5-b71d-979346f6d3c4.xml.macaon	200	10	études	étude	nc	nc	_	8	obj	_	_	B:Education_teaching:TARGET:étude:G:200
6fbce2ce-a861-4ab5-b71d-979346f6d3c4.xml.macaon	201	11	dans	dans	prep	prep	_	8	mod	_	_	B:Education_teaching:FE:Course:G:200
6fbce2ce-a861-4ab5-b71d-979346f6d3c4.xml.macaon	202	12	cette	ce	det	det	_	13	det	_	_	I:Education_teaching:FE:Course:G:200
6fbce2ce-a861-4ab5-b71d-979346f6d3c4.xml.macaon	203	13	discipline	discipline	nc	nc	_	11	obj	_	_	I:Education_teaching:FE:Course:G:200
6fbce2ce-a861-4ab5-b71d-979346f6d3c4.xml.macaon	204	14	.	.	poncts	poncts	_	3	ponct	_	_

6fbce2ce-a861-4ab5-b71d-979346f6d3c4.xml.macaon	205	1	Il	il	cln	cln	_	2	suj	_	_	B:Activity_start:FE:Agent:G:211	B:Scrutiny:FE:Cognizer:G:215
6fbce2ce-a861-4ab5-b71d-979346f6d3c4.xml.macaon	206	2	en#fait	en#fait	v	v	_	_	_	_	_
6fbce2ce-a861-4ab5-b71d-979346f6d3c4.xml.macaon	207	3	ensuite	ensuite	adv	adv	_	2	mod	_	_
6fbce2ce-a861-4ab5-b71d-979346f6d3c4.xml.macaon	208	4	sa	son	det	det	_	5	det	_	_
6fbce2ce-a861-4ab5-b71d-979346f6d3c4.xml.macaon	209	5	carrière	carrière	nc	nc	_	2	obj	_	_
6fbce2ce-a861-4ab5-b71d-979346f6d3c4.xml.macaon	210	6	,	,	ponctw	ponctw	_	2	ponct	_	_
6fbce2ce-a861-4ab5-b71d-979346f6d3c4.xml.macaon	211	7	commençant	commencer	vprespart	vprespart	_	2	__JOKER__	_	_	B:Activity_start:TARGET:commencer:G:211
6fbce2ce-a861-4ab5-b71d-979346f6d3c4.xml.macaon	212	8	à	à	prep	prep	_	7	mod	_	_	B:Activity_start:FE:Activity:G:211
6fbce2ce-a861-4ab5-b71d-979346f6d3c4.xml.macaon	213	9	diriger	diriger	vinf	vinf	_	8	obj	_	_	I:Activity_start:FE:Activity:G:211	B:Leadership:TARGET:diriger:G:213
6fbce2ce-a861-4ab5-b71d-979346f6d3c4.xml.macaon	214	10	des	un	det	det	_	11	det	_	_	I:Activity_start:FE:Activity:G:211
6fbce2ce-a861-4ab5-b71d-979346f6d3c4.xml.macaon	215	11	fouilles	fouille	nc	nc	_	9	obj	_	_	I:Activity_start:FE:Activity:G:211	B:Scrutiny:TARGET:fouille:G:215
6fbce2ce-a861-4ab5-b71d-979346f6d3c4.xml.macaon	216	12	:	:	ponctw	ponctw	_	17	ponct	_	_
6fbce2ce-a861-4ab5-b71d-979346f6d3c4.xml.macaon	217	13	en	en	prep	prep	_	17	mod	_	_	B:Scrutiny:FE:Time:G:215
6fbce2ce-a861-4ab5-b71d-979346f6d3c4.xml.macaon	218	14	1961	1961	nc	nc	_	13	obj	_	_	I:Scrutiny:FE:Time:G:215	B:Becoming_aware:FE:Time:G:221
6fbce2ce-a861-4ab5-b71d-979346f6d3c4.xml.macaon	219	15	,	,	ponctw	ponctw	_	17	ponct	_	_
6fbce2ce-a861-4ab5-b71d-979346f6d3c4.xml.macaon	220	16	il	il	cln	cln	_	17	suj	_	_	B:Becoming_aware:FE:Cognizer:G:221
6fbce2ce-a861-4ab5-b71d-979346f6d3c4.xml.macaon	221	17	découvre	découvrir	v	v	_	7	__JOKER__	_	_	B:Becoming_aware:TARGET:découvrir:G:221
6fbce2ce-a861-4ab5-b71d-979346f6d3c4.xml.macaon	222	18	au	au	prep	prep	_	17	mod	_	_	B:Scrutiny:FE:Ground:G:215	B:Becoming_aware:FE:Ground:G:221
6fbce2ce-a861-4ab5-b71d-979346f6d3c4.xml.macaon	223	19	Tchad	Tchad	np	np	_	18	obj	_	_	I:Scrutiny:FE:Ground:G:215	I:Becoming_aware:FE:Ground:G:221
6fbce2ce-a861-4ab5-b71d-979346f6d3c4.xml.macaon	224	20	un	un	det	det	_	21	det	_	_	B:Age:FE:Entity:G:231
6fbce2ce-a861-4ab5-b71d-979346f6d3c4.xml.macaon	225	21	fragment	fragment	nc	nc	_	18	obj	_	_	I:Age:FE:Entity:G:231
6fbce2ce-a861-4ab5-b71d-979346f6d3c4.xml.macaon	226	22	de	de	prep	prep	_	21	dep	_	_	I:Age:FE:Entity:G:231
6fbce2ce-a861-4ab5-b71d-979346f6d3c4.xml.macaon	227	23	crâne	crâne	nc	nc	_	22	obj	_	_	I:Age:FE:Entity:G:231
6fbce2ce-a861-4ab5-b71d-979346f6d3c4.xml.macaon	228	24	extrêmement	extrêmement	adv	adv	_	25	mod	_	_	I:Age:FE:Entity:G:231
6fbce2ce-a861-4ab5-b71d-979346f6d3c4.xml.macaon	229	25	ancien	ancien	adj	adj	_	23	mod	_	_	I:Age:FE:Entity:G:231
6fbce2ce-a861-4ab5-b71d-979346f6d3c4.xml.macaon	230	26	,	,	ponctw	ponctw	_	23	ponct	_	_
6fbce2ce-a861-4ab5-b71d-979346f6d3c4.xml.macaon	231	27	datant	dater	vprespart	vprespart	_	7	__JOKER__	_	_	B:Age:TARGET:dater:G:231
6fbce2ce-a861-4ab5-b71d-979346f6d3c4.xml.macaon	232	28	de	de	prep	prep	_	27	de_obj	_	_	B:Age:FE:Age:G:231
6fbce2ce-a861-4ab5-b71d-979346f6d3c4.xml.macaon	233	29	centaine	centaine	nc	nc	_	28	obj	_	_	I:Age:FE:Age:G:231
6fbce2ce-a861-4ab5-b71d-979346f6d3c4.xml.macaon	234	30	de	de	prep	prep	_	29	dep	_	_	I:Age:FE:Age:G:231
6fbce2ce-a861-4ab5-b71d-979346f6d3c4.xml.macaon	235	31	milliers	millier	nc	nc	_	30	obj	_	_	I:Age:FE:Age:G:231
6fbce2ce-a861-4ab5-b71d-979346f6d3c4.xml.macaon	236	32	d'	de	prep	prep	_	31	dep	_	_	I:Age:FE:Age:G:231
6fbce2ce-a861-4ab5-b71d-979346f6d3c4.xml.macaon	237	33	années	année	nc	nc	_	32	obj	_	_	I:Age:FE:Age:G:231
6fbce2ce-a861-4ab5-b71d-979346f6d3c4.xml.macaon	238	34	.	.	poncts	poncts	_	2	__JOKER__	_	_

6fbce2ce-a861-4ab5-b71d-979346f6d3c4.xml.macaon	239	1	Cette	cette	det	det	_	2	det	_	_
6fbce2ce-a861-4ab5-b71d-979346f6d3c4.xml.macaon	240	2	découverte	découverte	nc	nc	_	4	suj	_	_	B:Becoming_aware:TARGET:découverte:G:240
6fbce2ce-a861-4ab5-b71d-979346f6d3c4.xml.macaon	241	3	lui	lui	clo	clo	_	4	__JOKER__	_	_
6fbce2ce-a861-4ab5-b71d-979346f6d3c4.xml.macaon	242	4	vaut	valoir	v	v	_	_	_	_	_
6fbce2ce-a861-4ab5-b71d-979346f6d3c4.xml.macaon	243	5	l'	le	det	det	_	6	det	_	_
6fbce2ce-a861-4ab5-b71d-979346f6d3c4.xml.macaon	244	6	estime	estime	nc	nc	_	4	obj	_	_
6fbce2ce-a861-4ab5-b71d-979346f6d3c4.xml.macaon	245	7	de	de	prep	prep	_	6	dep	_	_
6fbce2ce-a861-4ab5-b71d-979346f6d3c4.xml.macaon	246	8	la	le	det	det	_	10	det	_	_
6fbce2ce-a861-4ab5-b71d-979346f6d3c4.xml.macaon	247	9	gente	gent	adj	adj	_	10	dep	_	_
6fbce2ce-a861-4ab5-b71d-979346f6d3c4.xml.macaon	248	10	scientifique	scientifique	adj	adj	_	6	mod	_	_
6fbce2ce-a861-4ab5-b71d-979346f6d3c4.xml.macaon	249	11	et	et	coo	coo	_	6	coord	_	_
6fbce2ce-a861-4ab5-b71d-979346f6d3c4.xml.macaon	250	12	,	,	ponctw	ponctw	_	17	ponct	_	_
6fbce2ce-a861-4ab5-b71d-979346f6d3c4.xml.macaon	251	13	de#fait	de#fait	adv	adv	_	17	mod	_	_
6fbce2ce-a861-4ab5-b71d-979346f6d3c4.xml.macaon	252	14	,	,	ponctw	ponctw	_	17	ponct	_	_
6fbce2ce-a861-4ab5-b71d-979346f6d3c4.xml.macaon	253	15	il	il	cln	cln	_	17	suj	_	_	B:Appointing:FE:Official:G:255
6fbce2ce-a861-4ab5-b71d-979346f6d3c4.xml.macaon	254	16	est	être	v	v	_	17	aux_tps	_	_
6fbce2ce-a861-4ab5-b71d-979346f6d3c4.xml.macaon	255	17	nommé	nommer	vppart	vppart	_	6	mod_rel	_	_	B:Appointing:TARGET:nommer:G:255
6fbce2ce-a861-4ab5-b71d-979346f6d3c4.xml.macaon	256	18	directeur	directeur	nc	nc	_	17	obj	_	_	B:Appointing:FE:Role:G:255
6fbce2ce-a861-4ab5-b71d-979346f6d3c4.xml.macaon	257	19	de	de	prep	prep	_	18	dep	_	_	I:Appointing:FE:Role:G:255
6fbce2ce-a861-4ab5-b71d-979346f6d3c4.xml.macaon	258	20	différents	différent	nc	nc	_	19	obj	_	_	I:Appointing:FE:Role:G:255
6fbce2ce-a861-4ab5-b71d-979346f6d3c4.xml.macaon	259	21	musées	muser	vppart	vppart	_	20	mod	_	_	I:Appointing:FE:Role:G:255
6fbce2ce-a861-4ab5-b71d-979346f6d3c4.xml.macaon	260	22	.	.	poncts	poncts	_	4	ponct	_	_

6fbce2ce-a861-4ab5-b71d-979346f6d3c4.xml.macaon	261	1	En	en	prep	prep	_	6	mod	_	_
6fbce2ce-a861-4ab5-b71d-979346f6d3c4.xml.macaon	262	2	1974	1974	nc	nc	_	1	obj	_	_
6fbce2ce-a861-4ab5-b71d-979346f6d3c4.xml.macaon	263	3	,	,	ponctw	ponctw	_	2	ponct	_	_
6fbce2ce-a861-4ab5-b71d-979346f6d3c4.xml.macaon	264	4	alors#qu'	alors#que	csu	csu	_	2	mod	_	_
6fbce2ce-a861-4ab5-b71d-979346f6d3c4.xml.macaon	265	5	il	il	cln	cln	_	6	suj	_	_	B:Scrutiny:FE:Cognizer:G:268
6fbce2ce-a861-4ab5-b71d-979346f6d3c4.xml.macaon	266	6	dirige	diriger	v	v	_	_	_	_	_	B:Leadership:TARGET:diriger:G:266
6fbce2ce-a861-4ab5-b71d-979346f6d3c4.xml.macaon	267	7	des	un	det	det	_	8	det	_	_
6fbce2ce-a861-4ab5-b71d-979346f6d3c4.xml.macaon	268	8	fouilles	fouille	nc	nc	_	6	obj	_	_	B:Scrutiny:TARGET:fouille:G:268
6fbce2ce-a861-4ab5-b71d-979346f6d3c4.xml.macaon	269	9	en	en	prep	prep	_	6	mod	_	_
6fbce2ce-a861-4ab5-b71d-979346f6d3c4.xml.macaon	270	10	Éthiopie	Éthiopie	np	np	_	9	obj	_	_
6fbce2ce-a861-4ab5-b71d-979346f6d3c4.xml.macaon	271	11	avec	avec	prep	prep	_	6	mod	_	_
6fbce2ce-a861-4ab5-b71d-979346f6d3c4.xml.macaon	272	12	le	le	det	det	_	13	det	_	_
6fbce2ce-a861-4ab5-b71d-979346f6d3c4.xml.macaon	273	13	paléoanthropologue	paléoanthropologue	nc	nc	_	11	obj	_	_
6fbce2ce-a861-4ab5-b71d-979346f6d3c4.xml.macaon	274	14	américain	américain	adj	adj	_	13	mod	_	_
6fbce2ce-a861-4ab5-b71d-979346f6d3c4.xml.macaon	275	15	Donald	Donald	np	np	_	13	mod	_	_
6fbce2ce-a861-4ab5-b71d-979346f6d3c4.xml.macaon	276	16	Johanson	Johanson	np	np	_	15	mod	_	_
6fbce2ce-a861-4ab5-b71d-979346f6d3c4.xml.macaon	277	17	et	et	coo	coo	_	16	coord	_	_
6fbce2ce-a861-4ab5-b71d-979346f6d3c4.xml.macaon	278	18	le	le	det	det	_	19	det	_	_
6fbce2ce-a861-4ab5-b71d-979346f6d3c4.xml.macaon	279	19	géologue	géologue	nc	nc	_	26	suj	_	_
6fbce2ce-a861-4ab5-b71d-979346f6d3c4.xml.macaon	280	20	français	français	adj	adj	_	19	mod	_	_
6fbce2ce-a861-4ab5-b71d-979346f6d3c4.xml.macaon	281	21	Maurice	Maurice	np	np	_	19	mod	_	_
6fbce2ce-a861-4ab5-b71d-979346f6d3c4.xml.macaon	282	22	Taieb	Taieb	np	np	_	21	mod	_	_
6fbce2ce-a861-4ab5-b71d-979346f6d3c4.xml.macaon	283	23	,	,	ponctw	ponctw	_	19	ponct	_	_
6fbce2ce-a861-4ab5-b71d-979346f6d3c4.xml.macaon	284	24	Yves	Yves	np	np	_	19	mod	_	_	B:Scrutiny:FE:Cognizer:G:268
6fbce2ce-a861-4ab5-b71d-979346f6d3c4.xml.macaon	285	25	Coppens	Coppens	np	np	_	24	mod	_	_	I:Scrutiny:FE:Cognizer:G:268
6fbce2ce-a861-4ab5-b71d-979346f6d3c4.xml.macaon	286	26	met	mettre	v	v	_	17	dep_coord	_	_
6fbce2ce-a861-4ab5-b71d-979346f6d3c4.xml.macaon	287	27	au	au	prep	prep	_	26	obj	_	_
6fbce2ce-a861-4ab5-b71d-979346f6d3c4.xml.macaon	288	28	jour	jour	nc	nc	_	27	obj	_	_
6fbce2ce-a861-4ab5-b71d-979346f6d3c4.xml.macaon	289	29	,	,	ponctw	ponctw	_	26	ponct	_	_
6fbce2ce-a861-4ab5-b71d-979346f6d3c4.xml.macaon	290	30	avec	avec	prep	prep	_	26	mod	_	_
6fbce2ce-a861-4ab5-b71d-979346f6d3c4.xml.macaon	291	31	son	son	det	det	_	32	det	_	_
6fbce2ce-a861-4ab5-b71d-979346f6d3c4.xml.macaon	292	32	équipe	équipe	nc	nc	_	30	obj	_	_
6fbce2ce-a861-4ab5-b71d-979346f6d3c4.xml.macaon	293	33	,	,	ponctw	ponctw	_	32	ponct	_	_
6fbce2ce-a861-4ab5-b71d-979346f6d3c4.xml.macaon	294	34	le	le	det	det	_	36	det	_	_	B:Age:FE:Entity:G:301
6fbce2ce-a861-4ab5-b71d-979346f6d3c4.xml.macaon	295	35	premier	premier	adj	adj	_	36	mod	_	_	I:Age:FE:Entity:G:301
6fbce2ce-a861-4ab5-b71d-979346f6d3c4.xml.macaon	296	36	fossile	fossile	nc	nc	_	30	obj	_	_	I:Age:FE:Entity:G:301
6fbce2ce-a861-4ab5-b71d-979346f6d3c4.xml.macaon	297	37	d'	de	prep	prep	_	36	dep	_	_	I:Age:FE:Entity:G:301
6fbce2ce-a861-4ab5-b71d-979346f6d3c4.xml.macaon	298	38	une	un	det	det	_	39	det	_	_	I:Age:FE:Entity:G:301
6fbce2ce-a861-4ab5-b71d-979346f6d3c4.xml.macaon	299	39	femme	femme	nc	nc	_	37	obj	_	_	I:Age:FE:Entity:G:301
6fbce2ce-a861-4ab5-b71d-979346f6d3c4.xml.macaon	300	40	australopithèque	australopithèque	nc	nc	_	39	mod	_	_	I:Age:FE:Entity:G:301
6fbce2ce-a861-4ab5-b71d-979346f6d3c4.xml.macaon	301	41	datant	dater	vprespart	vprespart	_	15	__JOKER__	_	_	B:Age:TARGET:dater:G:301
6fbce2ce-a861-4ab5-b71d-979346f6d3c4.xml.macaon	302	42	de#plus	de#plus	adv	adv	_	41	__JOKER__	_	_	B:Age:FE:Age:G:301
6fbce2ce-a861-4ab5-b71d-979346f6d3c4.xml.macaon	303	43	de	de	prep	prep	_	41	de_obj	_	_	I:Age:FE:Age:G:301
6fbce2ce-a861-4ab5-b71d-979346f6d3c4.xml.macaon	304	44	3,4	3,4	det	det	_	45	det	_	_	I:Age:FE:Age:G:301
6fbce2ce-a861-4ab5-b71d-979346f6d3c4.xml.macaon	305	45	millions	million	nc	nc	_	43	obj	_	_	I:Age:FE:Age:G:301
6fbce2ce-a861-4ab5-b71d-979346f6d3c4.xml.macaon	306	46	d'	de	prep	prep	_	45	dep	_	_	I:Age:FE:Age:G:301
6fbce2ce-a861-4ab5-b71d-979346f6d3c4.xml.macaon	307	47	années	année	nc	nc	_	46	obj	_	_	I:Age:FE:Age:G:301
6fbce2ce-a861-4ab5-b71d-979346f6d3c4.xml.macaon	308	48	.	.	poncts	poncts	_	6	ponct	_	_

6fbce2ce-a861-4ab5-b71d-979346f6d3c4.xml.macaon	309	1	Ces	ces	det	det	_	2	det	_	_
6fbce2ce-a861-4ab5-b71d-979346f6d3c4.xml.macaon	310	2	ossements	ossement	nc	nc	_	4	suj	_	_
6fbce2ce-a861-4ab5-b71d-979346f6d3c4.xml.macaon	311	3	,	,	ponctw	ponctw	_	2	ponct	_	_
6fbce2ce-a861-4ab5-b71d-979346f6d3c4.xml.macaon	312	4	appelés	appeler	vppart	vppart	_	_	_	_	_	B:OTHER:G
6fbce2ce-a861-4ab5-b71d-979346f6d3c4.xml.macaon	313	5	«	«	ponctw	ponctw	_	4	ponct	_	_
6fbce2ce-a861-4ab5-b71d-979346f6d3c4.xml.macaon	314	6	Lucy	Lucy	np	np	_	4	__JOKER__	_	_
6fbce2ce-a861-4ab5-b71d-979346f6d3c4.xml.macaon	315	7	»	»	ponctw	ponctw	_	6	ponct	_	_
6fbce2ce-a861-4ab5-b71d-979346f6d3c4.xml.macaon	316	8	,	,	ponctw	ponctw	_	9	ponct	_	_
6fbce2ce-a861-4ab5-b71d-979346f6d3c4.xml.macaon	317	9	sont	être	v	v	_	6	mod_rel	_	_
6fbce2ce-a861-4ab5-b71d-979346f6d3c4.xml.macaon	318	10	une	un	det	det	_	11	det	_	_
6fbce2ce-a861-4ab5-b71d-979346f6d3c4.xml.macaon	319	11	première	premier	adj	adj	_	9	ats	_	_
6fbce2ce-a861-4ab5-b71d-979346f6d3c4.xml.macaon	320	12	dans	dans	prep	prep	_	9	mod	_	_
6fbce2ce-a861-4ab5-b71d-979346f6d3c4.xml.macaon	321	13	l'	le	det	det	_	14	det	_	_
6fbce2ce-a861-4ab5-b71d-979346f6d3c4.xml.macaon	322	14	histoire#de	histoire#de	nc	nc	_	12	obj	_	_
6fbce2ce-a861-4ab5-b71d-979346f6d3c4.xml.macaon	323	15	la	le	det	det	_	16	det	_	_
6fbce2ce-a861-4ab5-b71d-979346f6d3c4.xml.macaon	324	16	paléontologie	paléontologie	nc	nc	_	12	obj	_	_
6fbce2ce-a861-4ab5-b71d-979346f6d3c4.xml.macaon	325	17	,	,	ponctw	ponctw	_	16	ponct	_	_
6fbce2ce-a861-4ab5-b71d-979346f6d3c4.xml.macaon	326	18	un	un	det	det	_	19	det	_	_
6fbce2ce-a861-4ab5-b71d-979346f6d3c4.xml.macaon	327	19	jalon	jalon	nc	nc	_	16	mod	_	_
6fbce2ce-a861-4ab5-b71d-979346f6d3c4.xml.macaon	328	20	inoubliable	inoubliable	adj	adj	_	19	mod	_	_
6fbce2ce-a861-4ab5-b71d-979346f6d3c4.xml.macaon	329	21	.	.	poncts	poncts	_	9	ponct	_	_

6fbce2ce-a861-4ab5-b71d-979346f6d3c4.xml.macaon	330	1	Yves	Yves	np	np	_	_	_	_	_
6fbce2ce-a861-4ab5-b71d-979346f6d3c4.xml.macaon	331	2	Coppens	Coppens	np	np	_	1	mod	_	_
6fbce2ce-a861-4ab5-b71d-979346f6d3c4.xml.macaon	332	3	,	,	ponctw	ponctw	_	2	ponct	_	_
6fbce2ce-a861-4ab5-b71d-979346f6d3c4.xml.macaon	333	4	fort	fort	adj	adj	_	2	mod	_	_
6fbce2ce-a861-4ab5-b71d-979346f6d3c4.xml.macaon	334	5	de	de	prep	prep	_	4	dep	_	_
6fbce2ce-a861-4ab5-b71d-979346f6d3c4.xml.macaon	335	6	son	son	det	det	_	7	det	_	_
6fbce2ce-a861-4ab5-b71d-979346f6d3c4.xml.macaon	336	7	expérience	expérience	nc	nc	_	5	obj	_	_
6fbce2ce-a861-4ab5-b71d-979346f6d3c4.xml.macaon	337	8	de	de	prep	prep	_	7	dep	_	_
6fbce2ce-a861-4ab5-b71d-979346f6d3c4.xml.macaon	338	9	chercheur	chercheur	nc	nc	_	8	obj	_	_
6fbce2ce-a861-4ab5-b71d-979346f6d3c4.xml.macaon	339	10	,	,	ponctw	ponctw	_	11	ponct	_	_
6fbce2ce-a861-4ab5-b71d-979346f6d3c4.xml.macaon	340	11	embrasse	embrasser	v	v	_	7	mod_rel	_	_
6fbce2ce-a861-4ab5-b71d-979346f6d3c4.xml.macaon	341	12	ensuite	ensuite	adv	adv	_	11	mod	_	_
6fbce2ce-a861-4ab5-b71d-979346f6d3c4.xml.macaon	342	13	une	un	det	det	_	14	det	_	_
6fbce2ce-a861-4ab5-b71d-979346f6d3c4.xml.macaon	343	14	carrière	carrière	nc	nc	_	11	obj	_	_
6fbce2ce-a861-4ab5-b71d-979346f6d3c4.xml.macaon	344	15	de	de	prep	prep	_	14	dep	_	_
6fbce2ce-a861-4ab5-b71d-979346f6d3c4.xml.macaon	345	16	pédagogue	pédagogue	nc	nc	_	15	obj	_	_
6fbce2ce-a861-4ab5-b71d-979346f6d3c4.xml.macaon	346	17	.	.	poncts	poncts	_	11	ponct	_	_

6fbce2ce-a861-4ab5-b71d-979346f6d3c4.xml.macaon	347	1	Le	le	det	det	_	2	det	_	_
6fbce2ce-a861-4ab5-b71d-979346f6d3c4.xml.macaon	348	2	sommet	sommet	nc	nc	_	7	suj	_	_
6fbce2ce-a861-4ab5-b71d-979346f6d3c4.xml.macaon	349	3	de	de	prep	prep	_	2	dep	_	_
6fbce2ce-a861-4ab5-b71d-979346f6d3c4.xml.macaon	350	4	cette	ce	det	det	_	5	det	_	_
6fbce2ce-a861-4ab5-b71d-979346f6d3c4.xml.macaon	351	5	profession	profession	nc	nc	_	3	obj	_	_
6fbce2ce-a861-4ab5-b71d-979346f6d3c4.xml.macaon	352	6	est	être	v	v	_	7	aux_tps	_	_
6fbce2ce-a861-4ab5-b71d-979346f6d3c4.xml.macaon	353	7	atteint	atteindre	vppart	vppart	_	_	_	_	_	B:OTHER:G
6fbce2ce-a861-4ab5-b71d-979346f6d3c4.xml.macaon	354	8	par	par	prep	prep	_	7	mod	_	_
6fbce2ce-a861-4ab5-b71d-979346f6d3c4.xml.macaon	355	9	l'	le	det	det	_	10	det	_	_
6fbce2ce-a861-4ab5-b71d-979346f6d3c4.xml.macaon	356	10	obtention	obtention	nc	nc	_	8	obj	_	_
6fbce2ce-a861-4ab5-b71d-979346f6d3c4.xml.macaon	357	11	d'	de	prep	prep	_	10	dep	_	_
6fbce2ce-a861-4ab5-b71d-979346f6d3c4.xml.macaon	358	12	une	un	det	det	_	13	det	_	_
6fbce2ce-a861-4ab5-b71d-979346f6d3c4.xml.macaon	359	13	chaire	chaire	nc	nc	_	11	obj	_	_
6fbce2ce-a861-4ab5-b71d-979346f6d3c4.xml.macaon	360	14	de	de	prep	prep	_	13	dep	_	_
6fbce2ce-a861-4ab5-b71d-979346f6d3c4.xml.macaon	361	15	paléontologie	paléontologie	nc	nc	_	14	obj	_	_
6fbce2ce-a861-4ab5-b71d-979346f6d3c4.xml.macaon	362	16	et	et	coo	coo	_	15	coord	_	_
6fbce2ce-a861-4ab5-b71d-979346f6d3c4.xml.macaon	363	17	préhistoire	préhistoire	nc	nc	_	14	obj	_	_
6fbce2ce-a861-4ab5-b71d-979346f6d3c4.xml.macaon	364	18	au	au	prep	prep	_	17	dep	_	_
6fbce2ce-a861-4ab5-b71d-979346f6d3c4.xml.macaon	365	19	collège	collège	nc	nc	_	18	obj	_	_
6fbce2ce-a861-4ab5-b71d-979346f6d3c4.xml.macaon	366	20	de	de	prep	prep	_	19	dep	_	_
6fbce2ce-a861-4ab5-b71d-979346f6d3c4.xml.macaon	367	21	France	France	np	np	_	20	obj	_	_
6fbce2ce-a861-4ab5-b71d-979346f6d3c4.xml.macaon	368	22	.	.	poncts	poncts	_	7	ponct	_	_

6fbce2ce-a861-4ab5-b71d-979346f6d3c4.xml.macaon	369	1	Il	il	cln	cln	_	2	suj	_	_
6fbce2ce-a861-4ab5-b71d-979346f6d3c4.xml.macaon	370	2	occupe	occuper	v	v	_	_	_	_	_
6fbce2ce-a861-4ab5-b71d-979346f6d3c4.xml.macaon	371	3	maintenant	maintenant	adv	adv	_	4	mod	_	_
6fbce2ce-a861-4ab5-b71d-979346f6d3c4.xml.macaon	372	4	différentes	différent	adj	adj	_	5	mod	_	_
6fbce2ce-a861-4ab5-b71d-979346f6d3c4.xml.macaon	373	5	charges	charge	nc	nc	_	2	obj	_	_
6fbce2ce-a861-4ab5-b71d-979346f6d3c4.xml.macaon	374	6	très	très	adv	adv	_	7	mod	_	_
6fbce2ce-a861-4ab5-b71d-979346f6d3c4.xml.macaon	375	7	importantes	important	adj	adj	_	5	mod	_	_
6fbce2ce-a861-4ab5-b71d-979346f6d3c4.xml.macaon	376	8	,	,	ponctw	ponctw	_	2	ponct	_	_
6fbce2ce-a861-4ab5-b71d-979346f6d3c4.xml.macaon	377	9	en#tant#que	en#tant#que	prep	prep	_	2	mod	_	_
6fbce2ce-a861-4ab5-b71d-979346f6d3c4.xml.macaon	378	10	conservateurs	conservateur	nc	nc	_	9	obj	_	_
6fbce2ce-a861-4ab5-b71d-979346f6d3c4.xml.macaon	379	11	(	(	ponctw	ponctw	_	10	ponct	_	_
6fbce2ce-a861-4ab5-b71d-979346f6d3c4.xml.macaon	380	12	de	de	prep	prep	_	10	dep	_	_
6fbce2ce-a861-4ab5-b71d-979346f6d3c4.xml.macaon	381	13	la	le	det	det	_	14	det	_	_
6fbce2ce-a861-4ab5-b71d-979346f6d3c4.xml.macaon	382	14	grotte	grotte	nc	nc	_	12	obj	_	_
6fbce2ce-a861-4ab5-b71d-979346f6d3c4.xml.macaon	383	15	de	de	prep	prep	_	14	dep	_	_
6fbce2ce-a861-4ab5-b71d-979346f6d3c4.xml.macaon	384	16	Lascaux	Lascaux	np	np	_	15	obj	_	_
6fbce2ce-a861-4ab5-b71d-979346f6d3c4.xml.macaon	385	17	par#exemple	par#exemple	nc	nc	_	15	obj	_	_
6fbce2ce-a861-4ab5-b71d-979346f6d3c4.xml.macaon	386	18	)	)	ponctw	ponctw	_	14	ponct	_	_
6fbce2ce-a861-4ab5-b71d-979346f6d3c4.xml.macaon	387	19	.	.	poncts	poncts	_	2	ponct	_	_

6fbce2ce-a861-4ab5-b71d-979346f6d3c4.xml.macaon	388	1	Il	il	cln	cln	_	2	suj	_	_	B:Statement:FE:Speaker:G:390
6fbce2ce-a861-4ab5-b71d-979346f6d3c4.xml.macaon	389	2	a	avoir	v	v	_	_	_	_	_
6fbce2ce-a861-4ab5-b71d-979346f6d3c4.xml.macaon	390	3	écrit	écrire	vppart	vppart	_	2	__JOKER__	_	_	B:Statement:TARGET:écrire:G:390
6fbce2ce-a861-4ab5-b71d-979346f6d3c4.xml.macaon	391	4	une	un	det	det	_	5	det	_	_	B:Statement:FE:Medium:G:390
6fbce2ce-a861-4ab5-b71d-979346f6d3c4.xml.macaon	392	5	tétralogie	tétralogie	nc	nc	_	2	obj	_	_	I:Statement:FE:Medium:G:390
6fbce2ce-a861-4ab5-b71d-979346f6d3c4.xml.macaon	393	6	,	,	ponctw	ponctw	_	2	ponct	_	_
6fbce2ce-a861-4ab5-b71d-979346f6d3c4.xml.macaon	394	7	Le	Le	det	det	_	8	det	_	_
6fbce2ce-a861-4ab5-b71d-979346f6d3c4.xml.macaon	395	8	Présent	Présent	nc	nc	_	2	obj	_	_
6fbce2ce-a861-4ab5-b71d-979346f6d3c4.xml.macaon	396	9	du	du	prep	prep	_	8	dep	_	_
6fbce2ce-a861-4ab5-b71d-979346f6d3c4.xml.macaon	397	10	Passé	Passé	np	np	_	9	obj	_	_
6fbce2ce-a861-4ab5-b71d-979346f6d3c4.xml.macaon	398	11	,	,	ponctw	ponctw	_	15	ponct	_	_
6fbce2ce-a861-4ab5-b71d-979346f6d3c4.xml.macaon	399	12	dans	dans	prep	prep	_	15	mod	_	_
6fbce2ce-a861-4ab5-b71d-979346f6d3c4.xml.macaon	400	13	laquelle	lequel	prorel	prorel	_	12	obj	_	_
6fbce2ce-a861-4ab5-b71d-979346f6d3c4.xml.macaon	401	14	il	il	cln	cln	_	15	suj	_	_	B:Statement:FE:Message:G:390
6fbce2ce-a861-4ab5-b71d-979346f6d3c4.xml.macaon	402	15	recense	recenser	v	v	_	23	__JOKER__	_	_	I:Statement:FE:Message:G:390
6fbce2ce-a861-4ab5-b71d-979346f6d3c4.xml.macaon	403	16	toutes	tout	adj	adj	_	18	mod	_	_	I:Statement:FE:Message:G:390
6fbce2ce-a861-4ab5-b71d-979346f6d3c4.xml.macaon	404	17	ses	son	det	det	_	18	det	_	_	I:Statement:FE:Message:G:390
6fbce2ce-a861-4ab5-b71d-979346f6d3c4.xml.macaon	405	18	interventions	intervention	nc	nc	_	15	obj	_	_	I:Statement:FE:Message:G:390
6fbce2ce-a861-4ab5-b71d-979346f6d3c4.xml.macaon	406	19	à	à	prep	prep	_	18	dep	_	_	I:Statement:FE:Message:G:390
6fbce2ce-a861-4ab5-b71d-979346f6d3c4.xml.macaon	407	20	la	le	det	det	_	21	det	_	_	I:Statement:FE:Message:G:390
6fbce2ce-a861-4ab5-b71d-979346f6d3c4.xml.macaon	408	21	radio	radio	nc	nc	_	19	obj	_	_	I:Statement:FE:Message:G:390
6fbce2ce-a861-4ab5-b71d-979346f6d3c4.xml.macaon	409	22	en	en	prep	prep	_	21	dep	_	_	I:Statement:FE:Message:G:390
6fbce2ce-a861-4ab5-b71d-979346f6d3c4.xml.macaon	410	23	les	les	clo	clo	_	24	__JOKER__	_	_	I:Statement:FE:Message:G:390
6fbce2ce-a861-4ab5-b71d-979346f6d3c4.xml.macaon	411	24	adaptant	adapter	vprespart	vprespart	_	10	__JOKER__	_	_	I:Statement:FE:Message:G:390
6fbce2ce-a861-4ab5-b71d-979346f6d3c4.xml.macaon	412	25	à	à	prep	prep	_	24	mod	_	_	I:Statement:FE:Message:G:390
6fbce2ce-a861-4ab5-b71d-979346f6d3c4.xml.macaon	413	26	l'	le	det	det	_	27	det	_	_	I:Statement:FE:Message:G:390
6fbce2ce-a861-4ab5-b71d-979346f6d3c4.xml.macaon	414	27	écrit	écrit	nc	nc	_	25	obj	_	_	I:Statement:FE:Message:G:390
6fbce2ce-a861-4ab5-b71d-979346f6d3c4.xml.macaon	415	28	.	.	poncts	poncts	_	2	ponct	_	_
