7454ad1a-f28d-4036-b267-8b5277c83040.xml.macaon	0	1	vikidia	vikidia	nc	nc	_	_	_	_	_

7454ad1a-f28d-4036-b267-8b5277c83040.xml.macaon	1	1	7454ad1a	7454ad1a	adj	adj	_	3	dep	_	_
7454ad1a-f28d-4036-b267-8b5277c83040.xml.macaon	2	2	-	-	ponctw	ponctw	_	1	ponct	_	_
7454ad1a-f28d-4036-b267-8b5277c83040.xml.macaon	3	3	f28d	f28d	adj	adj	_	5	mod	_	_
7454ad1a-f28d-4036-b267-8b5277c83040.xml.macaon	4	4	-	-	ponctw	ponctw	_	3	ponct	_	_
7454ad1a-f28d-4036-b267-8b5277c83040.xml.macaon	5	5	4036	4036	nc	nc	_	_	_	_	_
7454ad1a-f28d-4036-b267-8b5277c83040.xml.macaon	6	6	-	-	ponctw	ponctw	_	5	ponct	_	_
7454ad1a-f28d-4036-b267-8b5277c83040.xml.macaon	7	7	b267	b267	nc	nc	_	5	mod	_	_
7454ad1a-f28d-4036-b267-8b5277c83040.xml.macaon	8	8	-	-	ponctw	ponctw	_	7	ponct	_	_
7454ad1a-f28d-4036-b267-8b5277c83040.xml.macaon	9	9	8b5277c83040	8b5277c83040	nc	nc	_	7	mod	_	_

7454ad1a-f28d-4036-b267-8b5277c83040.xml.macaon	10	1	ADDED	ADDED	nc	nc	_	_	_	_	_

7454ad1a-f28d-4036-b267-8b5277c83040.xml.macaon	11	1	2016	2016	adj	adj	_	3	mod	_	_
7454ad1a-f28d-4036-b267-8b5277c83040.xml.macaon	12	2	-	-	ponctw	ponctw	_	1	ponct	_	_
7454ad1a-f28d-4036-b267-8b5277c83040.xml.macaon	13	3	06	06	nc	nc	_	_	_	_	_
7454ad1a-f28d-4036-b267-8b5277c83040.xml.macaon	14	4	-	-	ponctw	ponctw	_	3	ponct	_	_
7454ad1a-f28d-4036-b267-8b5277c83040.xml.macaon	15	5	15T14	15T14	nc	nc	_	3	mod	_	_
7454ad1a-f28d-4036-b267-8b5277c83040.xml.macaon	16	6	:	:	ponctw	ponctw	_	5	ponct	_	_
7454ad1a-f28d-4036-b267-8b5277c83040.xml.macaon	17	7	32	32	nc	nc	_	5	mod	_	_
7454ad1a-f28d-4036-b267-8b5277c83040.xml.macaon	18	8	:	:	ponctw	ponctw	_	7	ponct	_	_
7454ad1a-f28d-4036-b267-8b5277c83040.xml.macaon	19	9	25Z	25Z	nc	nc	_	7	mod	_	_

7454ad1a-f28d-4036-b267-8b5277c83040.xml.macaon	20	1	Dinofelis	dinofelis	nc	nc	_	_	_	_	_

7454ad1a-f28d-4036-b267-8b5277c83040.xml.macaon	21	1	Dinofelis	Dinofelis	np	np	_	2	suj	_	_
7454ad1a-f28d-4036-b267-8b5277c83040.xml.macaon	22	2	était	être	v	v	_	_	_	_	_
7454ad1a-f28d-4036-b267-8b5277c83040.xml.macaon	23	3	un	un	det	det	_	4	det	_	_
7454ad1a-f28d-4036-b267-8b5277c83040.xml.macaon	24	4	genre	genre	nc	nc	_	2	obj	_	_
7454ad1a-f28d-4036-b267-8b5277c83040.xml.macaon	25	5	de	de	prep	prep	_	4	dep	_	_
7454ad1a-f28d-4036-b267-8b5277c83040.xml.macaon	26	6	tigre	tigre	nc	nc	_	5	obj	_	_
7454ad1a-f28d-4036-b267-8b5277c83040.xml.macaon	27	7	à	à	prep	prep	_	6	dep	_	_
7454ad1a-f28d-4036-b267-8b5277c83040.xml.macaon	28	8	dents	dent	nc	nc	_	7	obj	_	_
7454ad1a-f28d-4036-b267-8b5277c83040.xml.macaon	29	9	de	de	prep	prep	_	8	dep	_	_
7454ad1a-f28d-4036-b267-8b5277c83040.xml.macaon	30	10	sabre	sabre	nc	nc	_	9	obj	_	_
7454ad1a-f28d-4036-b267-8b5277c83040.xml.macaon	31	11	.	.	poncts	poncts	_	2	ponct	_	_

7454ad1a-f28d-4036-b267-8b5277c83040.xml.macaon	32	1	Son	son	det	det	_	2	det	_	_
7454ad1a-f28d-4036-b267-8b5277c83040.xml.macaon	33	2	nom	nom	nc	nc	_	3	suj	_	_
7454ad1a-f28d-4036-b267-8b5277c83040.xml.macaon	34	3	veut	vouloir	v	v	_	_	_	_	_
7454ad1a-f28d-4036-b267-8b5277c83040.xml.macaon	35	4	dire	dire	vinf	vinf	_	3	obj	_	_	B:OTHER:G
7454ad1a-f28d-4036-b267-8b5277c83040.xml.macaon	36	5	"	"	ponctw	ponctw	_	3	ponct	_	_
7454ad1a-f28d-4036-b267-8b5277c83040.xml.macaon	37	6	félin	félin	nc	nc	_	3	obj	_	_
7454ad1a-f28d-4036-b267-8b5277c83040.xml.macaon	38	7	terrible	terrible	adj	adj	_	6	mod	_	_
7454ad1a-f28d-4036-b267-8b5277c83040.xml.macaon	39	8	"	"	ponctw	ponctw	_	6	ponct	_	_
7454ad1a-f28d-4036-b267-8b5277c83040.xml.macaon	40	9	.	.	poncts	poncts	_	3	ponct	_	_

7454ad1a-f28d-4036-b267-8b5277c83040.xml.macaon	41	1	Il	il	cln	cln	_	2	suj	_	_	B:Dimension:FE:Object:G:42
7454ad1a-f28d-4036-b267-8b5277c83040.xml.macaon	42	2	mesurait	mesurer	v	v	_	_	_	_	_	B:Dimension:TARGET:mesurer:G:42
7454ad1a-f28d-4036-b267-8b5277c83040.xml.macaon	43	3	1,8	1,8	det	det	_	4	det	_	_	B:Dimension:FE:Measurement:G:42
7454ad1a-f28d-4036-b267-8b5277c83040.xml.macaon	44	4	m	m	nc	nc	_	2	obj	_	_	I:Dimension:FE:Measurement:G:42
7454ad1a-f28d-4036-b267-8b5277c83040.xml.macaon	45	5	de	de	prep	prep	_	4	dep	_	_	I:Dimension:FE:Measurement:G:42
7454ad1a-f28d-4036-b267-8b5277c83040.xml.macaon	46	6	long	long	nc	nc	_	5	obj	_	_	I:Dimension:FE:Measurement:G:42
7454ad1a-f28d-4036-b267-8b5277c83040.xml.macaon	47	7	pour	pour	prep	prep	_	6	dep	_	_
7454ad1a-f28d-4036-b267-8b5277c83040.xml.macaon	48	8	environ	environ	adv	adv	_	7	mod	_	_
7454ad1a-f28d-4036-b267-8b5277c83040.xml.macaon	49	9	80	80	det	det	_	10	det	_	_
7454ad1a-f28d-4036-b267-8b5277c83040.xml.macaon	50	10	kg	kg	nc	nc	_	7	obj	_	_
7454ad1a-f28d-4036-b267-8b5277c83040.xml.macaon	51	11	.	.	poncts	poncts	_	2	ponct	_	_

7454ad1a-f28d-4036-b267-8b5277c83040.xml.macaon	52	1	Il	il	cln	cln	_	2	suj	_	_
7454ad1a-f28d-4036-b267-8b5277c83040.xml.macaon	53	2	vivait	vivre	v	v	_	_	_	_	_
7454ad1a-f28d-4036-b267-8b5277c83040.xml.macaon	54	3	en	en	prep	prep	_	2	mod	_	_
7454ad1a-f28d-4036-b267-8b5277c83040.xml.macaon	55	4	Amérique#du#Nord	Amérique#du#Nord	np	np	_	3	obj	_	_
7454ad1a-f28d-4036-b267-8b5277c83040.xml.macaon	56	5	,	,	ponctw	ponctw	_	2	ponct	_	_
7454ad1a-f28d-4036-b267-8b5277c83040.xml.macaon	57	6	en	en	prep	prep	_	2	mod	_	_
7454ad1a-f28d-4036-b267-8b5277c83040.xml.macaon	58	7	Asie	Asie	np	np	_	6	obj	_	_
7454ad1a-f28d-4036-b267-8b5277c83040.xml.macaon	59	8	,	,	ponctw	ponctw	_	2	ponct	_	_
7454ad1a-f28d-4036-b267-8b5277c83040.xml.macaon	60	9	en	en	prep	prep	_	2	mod	_	_
7454ad1a-f28d-4036-b267-8b5277c83040.xml.macaon	61	10	Afrique	Afrique	np	np	_	9	obj	_	_
7454ad1a-f28d-4036-b267-8b5277c83040.xml.macaon	62	11	et	et	coo	coo	_	10	coord	_	_
7454ad1a-f28d-4036-b267-8b5277c83040.xml.macaon	63	12	en	en	prep	prep	_	11	dep_coord	_	_
7454ad1a-f28d-4036-b267-8b5277c83040.xml.macaon	64	13	Europe	Europe	np	np	_	12	obj	_	_
7454ad1a-f28d-4036-b267-8b5277c83040.xml.macaon	65	14	au	au	prep	prep	_	11	dep_coord	_	_
7454ad1a-f28d-4036-b267-8b5277c83040.xml.macaon	66	15	Pliocène	Pliocène	np	np	_	14	obj	_	_
7454ad1a-f28d-4036-b267-8b5277c83040.xml.macaon	67	16	et	et	coo	coo	_	15	coord	_	_
7454ad1a-f28d-4036-b267-8b5277c83040.xml.macaon	68	17	au	au	prep	prep	_	11	dep_coord	_	_
7454ad1a-f28d-4036-b267-8b5277c83040.xml.macaon	69	18	Pléistocène	Pléistocène	np	np	_	17	obj	_	_
7454ad1a-f28d-4036-b267-8b5277c83040.xml.macaon	70	19	.	.	poncts	poncts	_	2	ponct	_	_

7454ad1a-f28d-4036-b267-8b5277c83040.xml.macaon	71	1	Sa	sa	det	det	_	2	det	_	_
7454ad1a-f28d-4036-b267-8b5277c83040.xml.macaon	72	2	proie	proie	nc	nc	_	4	suj	_	_
7454ad1a-f28d-4036-b267-8b5277c83040.xml.macaon	73	3	principale	principal	adj	adj	_	2	mod	_	_
7454ad1a-f28d-4036-b267-8b5277c83040.xml.macaon	74	4	était	être	v	v	_	_	_	_	_
7454ad1a-f28d-4036-b267-8b5277c83040.xml.macaon	75	5	Ancylotherium	Ancylotherium	np	np	_	4	__JOKER__	_	_
7454ad1a-f28d-4036-b267-8b5277c83040.xml.macaon	76	6	.	.	poncts	poncts	_	4	ponct	_	_

7454ad1a-f28d-4036-b267-8b5277c83040.xml.macaon	77	1	Préhistoire	préhistoire	nc	nc	_	_	_	_	_

7454ad1a-f28d-4036-b267-8b5277c83040.xml.macaon	78	1	Dinofelis	dinofelis	nc	nc	_	_	_	_	_

7454ad1a-f28d-4036-b267-8b5277c83040.xml.macaon	79	1	Dinofelis	Dinofelis	np	np	_	2	suj	_	_
7454ad1a-f28d-4036-b267-8b5277c83040.xml.macaon	80	2	était	être	v	v	_	_	_	_	_
7454ad1a-f28d-4036-b267-8b5277c83040.xml.macaon	81	3	un	un	det	det	_	4	det	_	_
7454ad1a-f28d-4036-b267-8b5277c83040.xml.macaon	82	4	genre	genre	nc	nc	_	2	obj	_	_
7454ad1a-f28d-4036-b267-8b5277c83040.xml.macaon	83	5	de	de	prep	prep	_	4	dep	_	_
7454ad1a-f28d-4036-b267-8b5277c83040.xml.macaon	84	6	tigre	tigre	nc	nc	_	5	obj	_	_
7454ad1a-f28d-4036-b267-8b5277c83040.xml.macaon	85	7	à	à	prep	prep	_	6	dep	_	_
7454ad1a-f28d-4036-b267-8b5277c83040.xml.macaon	86	8	dents	dent	nc	nc	_	7	obj	_	_
7454ad1a-f28d-4036-b267-8b5277c83040.xml.macaon	87	9	de	de	prep	prep	_	8	dep	_	_
7454ad1a-f28d-4036-b267-8b5277c83040.xml.macaon	88	10	sabre	sabre	nc	nc	_	9	obj	_	_
7454ad1a-f28d-4036-b267-8b5277c83040.xml.macaon	89	11	.	.	poncts	poncts	_	2	ponct	_	_

7454ad1a-f28d-4036-b267-8b5277c83040.xml.macaon	90	1	Son	son	det	det	_	2	det	_	_
7454ad1a-f28d-4036-b267-8b5277c83040.xml.macaon	91	2	nom	nom	nc	nc	_	3	suj	_	_
7454ad1a-f28d-4036-b267-8b5277c83040.xml.macaon	92	3	veut	vouloir	v	v	_	_	_	_	_
7454ad1a-f28d-4036-b267-8b5277c83040.xml.macaon	93	4	dire	dire	vinf	vinf	_	3	obj	_	_	B:OTHER:G
7454ad1a-f28d-4036-b267-8b5277c83040.xml.macaon	94	5	"	"	ponctw	ponctw	_	3	ponct	_	_
7454ad1a-f28d-4036-b267-8b5277c83040.xml.macaon	95	6	félin	félin	nc	nc	_	3	obj	_	_
7454ad1a-f28d-4036-b267-8b5277c83040.xml.macaon	96	7	terrible	terrible	adj	adj	_	6	mod	_	_
7454ad1a-f28d-4036-b267-8b5277c83040.xml.macaon	97	8	"	"	ponctw	ponctw	_	6	ponct	_	_
7454ad1a-f28d-4036-b267-8b5277c83040.xml.macaon	98	9	.	.	poncts	poncts	_	3	ponct	_	_

7454ad1a-f28d-4036-b267-8b5277c83040.xml.macaon	99	1	Il	il	cln	cln	_	2	suj	_	_	B:Dimension:FE:Object:G:100
7454ad1a-f28d-4036-b267-8b5277c83040.xml.macaon	100	2	mesurait	mesurer	v	v	_	_	_	_	_	B:Dimension:TARGET:mesurer:G:100
7454ad1a-f28d-4036-b267-8b5277c83040.xml.macaon	101	3	1,8	1,8	det	det	_	4	det	_	_	B:Dimension:FE:Measurement:G:100
7454ad1a-f28d-4036-b267-8b5277c83040.xml.macaon	102	4	m	m	nc	nc	_	2	obj	_	_	I:Dimension:FE:Measurement:G:100
7454ad1a-f28d-4036-b267-8b5277c83040.xml.macaon	103	5	de	de	prep	prep	_	4	dep	_	_	I:Dimension:FE:Measurement:G:100
7454ad1a-f28d-4036-b267-8b5277c83040.xml.macaon	104	6	long	long	nc	nc	_	5	obj	_	_	I:Dimension:FE:Measurement:G:100
7454ad1a-f28d-4036-b267-8b5277c83040.xml.macaon	105	7	pour	pour	prep	prep	_	6	dep	_	_
7454ad1a-f28d-4036-b267-8b5277c83040.xml.macaon	106	8	environ	environ	adv	adv	_	7	mod	_	_
7454ad1a-f28d-4036-b267-8b5277c83040.xml.macaon	107	9	80	80	det	det	_	10	det	_	_
7454ad1a-f28d-4036-b267-8b5277c83040.xml.macaon	108	10	kg	kg	nc	nc	_	7	obj	_	_
7454ad1a-f28d-4036-b267-8b5277c83040.xml.macaon	109	11	.	.	poncts	poncts	_	2	ponct	_	_

7454ad1a-f28d-4036-b267-8b5277c83040.xml.macaon	110	1	Il	il	cln	cln	_	2	suj	_	_
7454ad1a-f28d-4036-b267-8b5277c83040.xml.macaon	111	2	vivait	vivre	v	v	_	_	_	_	_
7454ad1a-f28d-4036-b267-8b5277c83040.xml.macaon	112	3	en	en	prep	prep	_	2	mod	_	_
7454ad1a-f28d-4036-b267-8b5277c83040.xml.macaon	113	4	Amérique#du#Nord	Amérique#du#Nord	np	np	_	3	obj	_	_
7454ad1a-f28d-4036-b267-8b5277c83040.xml.macaon	114	5	,	,	ponctw	ponctw	_	2	ponct	_	_
7454ad1a-f28d-4036-b267-8b5277c83040.xml.macaon	115	6	en	en	prep	prep	_	2	mod	_	_
7454ad1a-f28d-4036-b267-8b5277c83040.xml.macaon	116	7	Asie	Asie	np	np	_	6	obj	_	_
7454ad1a-f28d-4036-b267-8b5277c83040.xml.macaon	117	8	,	,	ponctw	ponctw	_	2	ponct	_	_
7454ad1a-f28d-4036-b267-8b5277c83040.xml.macaon	118	9	en	en	prep	prep	_	2	mod	_	_
7454ad1a-f28d-4036-b267-8b5277c83040.xml.macaon	119	10	Afrique	Afrique	np	np	_	9	obj	_	_
7454ad1a-f28d-4036-b267-8b5277c83040.xml.macaon	120	11	et	et	coo	coo	_	10	coord	_	_
7454ad1a-f28d-4036-b267-8b5277c83040.xml.macaon	121	12	en	en	prep	prep	_	11	dep_coord	_	_
7454ad1a-f28d-4036-b267-8b5277c83040.xml.macaon	122	13	Europe	Europe	np	np	_	12	obj	_	_
7454ad1a-f28d-4036-b267-8b5277c83040.xml.macaon	123	14	au	au	prep	prep	_	11	dep_coord	_	_
7454ad1a-f28d-4036-b267-8b5277c83040.xml.macaon	124	15	Pliocène	Pliocène	np	np	_	14	obj	_	_
7454ad1a-f28d-4036-b267-8b5277c83040.xml.macaon	125	16	et	et	coo	coo	_	15	coord	_	_
7454ad1a-f28d-4036-b267-8b5277c83040.xml.macaon	126	17	au	au	prep	prep	_	11	dep_coord	_	_
7454ad1a-f28d-4036-b267-8b5277c83040.xml.macaon	127	18	Pléistocène	Pléistocène	np	np	_	17	obj	_	_
7454ad1a-f28d-4036-b267-8b5277c83040.xml.macaon	128	19	.	.	poncts	poncts	_	2	ponct	_	_

7454ad1a-f28d-4036-b267-8b5277c83040.xml.macaon	129	1	Sa	sa	det	det	_	2	det	_	_
7454ad1a-f28d-4036-b267-8b5277c83040.xml.macaon	130	2	proie	proie	nc	nc	_	4	suj	_	_
7454ad1a-f28d-4036-b267-8b5277c83040.xml.macaon	131	3	principale	principal	adj	adj	_	2	mod	_	_
7454ad1a-f28d-4036-b267-8b5277c83040.xml.macaon	132	4	était	être	v	v	_	_	_	_	_
7454ad1a-f28d-4036-b267-8b5277c83040.xml.macaon	133	5	Ancylotherium	Ancylotherium	np	np	_	4	__JOKER__	_	_
7454ad1a-f28d-4036-b267-8b5277c83040.xml.macaon	134	6	.	.	poncts	poncts	_	4	ponct	_	_
