c433b8be-c434-4daa-a463-7cf038198974.xml.macaon	0	1	vikidia	vikidia	nc	nc	_	_	_	_	_

c433b8be-c434-4daa-a463-7cf038198974.xml.macaon	1	1	c433b8be	c433b8be	adj	adj	_	3	mod	_	_
c433b8be-c434-4daa-a463-7cf038198974.xml.macaon	2	2	-	-	ponctw	ponctw	_	1	ponct	_	_
c433b8be-c434-4daa-a463-7cf038198974.xml.macaon	3	3	c434	c434	nc	nc	_	_	_	_	_
c433b8be-c434-4daa-a463-7cf038198974.xml.macaon	4	4	-	-	ponctw	ponctw	_	3	ponct	_	_
c433b8be-c434-4daa-a463-7cf038198974.xml.macaon	5	5	4daa	4daa	nc	nc	_	3	mod	_	_
c433b8be-c434-4daa-a463-7cf038198974.xml.macaon	6	6	-	-	ponctw	ponctw	_	5	ponct	_	_
c433b8be-c434-4daa-a463-7cf038198974.xml.macaon	7	7	a463	a463	nc	nc	_	5	mod	_	_
c433b8be-c434-4daa-a463-7cf038198974.xml.macaon	8	8	-	-	ponctw	ponctw	_	7	ponct	_	_
c433b8be-c434-4daa-a463-7cf038198974.xml.macaon	9	9	7cf038198974	7cf038198974	nc	nc	_	7	mod	_	_

c433b8be-c434-4daa-a463-7cf038198974.xml.macaon	10	1	ADDED	ADDED	nc	nc	_	_	_	_	_

c433b8be-c434-4daa-a463-7cf038198974.xml.macaon	11	1	2016	2016	adj	adj	_	3	mod	_	_
c433b8be-c434-4daa-a463-7cf038198974.xml.macaon	12	2	-	-	ponctw	ponctw	_	1	ponct	_	_
c433b8be-c434-4daa-a463-7cf038198974.xml.macaon	13	3	06	06	nc	nc	_	_	_	_	_
c433b8be-c434-4daa-a463-7cf038198974.xml.macaon	14	4	-	-	ponctw	ponctw	_	3	ponct	_	_
c433b8be-c434-4daa-a463-7cf038198974.xml.macaon	15	5	15T14	15T14	nc	nc	_	3	mod	_	_
c433b8be-c434-4daa-a463-7cf038198974.xml.macaon	16	6	:	:	ponctw	ponctw	_	5	ponct	_	_
c433b8be-c434-4daa-a463-7cf038198974.xml.macaon	17	7	32	32	nc	nc	_	5	mod	_	_
c433b8be-c434-4daa-a463-7cf038198974.xml.macaon	18	8	:	:	ponctw	ponctw	_	7	ponct	_	_
c433b8be-c434-4daa-a463-7cf038198974.xml.macaon	19	9	33Z	33Z	nc	nc	_	7	mod	_	_

c433b8be-c434-4daa-a463-7cf038198974.xml.macaon	20	1	Homo#ergaster	homo#ergaster	vinf	vinf	_	_	_	_	_

c433b8be-c434-4daa-a463-7cf038198974.xml.macaon	21	1	Homo#ergaster	Homo#ergaster	np	np	_	_	_	_	_
c433b8be-c434-4daa-a463-7cf038198974.xml.macaon	22	2	(	(	ponctw	ponctw	_	1	ponct	_	_
c433b8be-c434-4daa-a463-7cf038198974.xml.macaon	23	3	qui	qui	prorel	prorel	_	4	suj	_	_
c433b8be-c434-4daa-a463-7cf038198974.xml.macaon	24	4	veut	vouloir	v	v	_	1	mod_rel	_	_
c433b8be-c434-4daa-a463-7cf038198974.xml.macaon	25	5	dire	dire	vinf	vinf	_	4	obj	_	_	B:OTHER:G
c433b8be-c434-4daa-a463-7cf038198974.xml.macaon	26	6	«	«	ponctw	ponctw	_	4	ponct	_	_
c433b8be-c434-4daa-a463-7cf038198974.xml.macaon	27	7	l'	le	det	det	_	8	det	_	_
c433b8be-c434-4daa-a463-7cf038198974.xml.macaon	28	8	homme	homme	nc	nc	_	4	obj	_	_
c433b8be-c434-4daa-a463-7cf038198974.xml.macaon	29	9	artisan	artisan	nc	nc	_	8	mod	_	_
c433b8be-c434-4daa-a463-7cf038198974.xml.macaon	30	10	»	»	ponctw	ponctw	_	8	ponct	_	_
c433b8be-c434-4daa-a463-7cf038198974.xml.macaon	31	11	en	en	prep	prep	_	14	mod	_	_
c433b8be-c434-4daa-a463-7cf038198974.xml.macaon	32	12	latin	latin	nc	nc	_	11	obj	_	_
c433b8be-c434-4daa-a463-7cf038198974.xml.macaon	33	13	)	)	ponctw	ponctw	_	14	ponct	_	_
c433b8be-c434-4daa-a463-7cf038198974.xml.macaon	34	14	est	être	v	v	_	8	mod_rel	_	_
c433b8be-c434-4daa-a463-7cf038198974.xml.macaon	35	15	un	un	det	det	_	16	det	_	_
c433b8be-c434-4daa-a463-7cf038198974.xml.macaon	36	16	homme	homme	nc	nc	_	14	ats	_	_
c433b8be-c434-4daa-a463-7cf038198974.xml.macaon	37	17	préhistorique	préhistorique	adj	adj	_	16	mod	_	_
c433b8be-c434-4daa-a463-7cf038198974.xml.macaon	38	18	appartenant	appartenir	vprespart	vprespart	_	17	__JOKER__	_	_
c433b8be-c434-4daa-a463-7cf038198974.xml.macaon	39	19	au	au	prep	prep	_	24	mod	_	_
c433b8be-c434-4daa-a463-7cf038198974.xml.macaon	40	20	genre	genre	nc	nc	_	19	obj	_	_
c433b8be-c434-4daa-a463-7cf038198974.xml.macaon	41	21	Homo	Homo	np	np	_	20	mod	_	_
c433b8be-c434-4daa-a463-7cf038198974.xml.macaon	42	22	,	,	ponctw	ponctw	_	20	ponct	_	_
c433b8be-c434-4daa-a463-7cf038198974.xml.macaon	43	23	autrefois	autrefois	adv	adv	_	24	mod	_	_
c433b8be-c434-4daa-a463-7cf038198974.xml.macaon	44	24	rattaché	rattacher	vppart	vppart	_	16	mod	_	_
c433b8be-c434-4daa-a463-7cf038198974.xml.macaon	45	25	à	à	prep	prep	_	24	a_obj	_	_
c433b8be-c434-4daa-a463-7cf038198974.xml.macaon	46	26	l'	le	det	det	_	27	det	_	_
c433b8be-c434-4daa-a463-7cf038198974.xml.macaon	47	27	espèce	espèce	nc	nc	_	25	obj	_	_
c433b8be-c434-4daa-a463-7cf038198974.xml.macaon	48	28	Homo#erectus	Homo#erectus	np	np	_	25	obj	_	_
c433b8be-c434-4daa-a463-7cf038198974.xml.macaon	49	29	.	.	poncts	poncts	_	4	ponct	_	_

c433b8be-c434-4daa-a463-7cf038198974.xml.macaon	50	1	Certains	certains	det	det	_	2	det	_	_
c433b8be-c434-4daa-a463-7cf038198974.xml.macaon	51	2	scientifiques	scientifique	adj	adj	_	3	__JOKER__	_	_
c433b8be-c434-4daa-a463-7cf038198974.xml.macaon	52	3	continuent	continuer	v	v	_	_	_	_	_
c433b8be-c434-4daa-a463-7cf038198974.xml.macaon	53	4	d'ailleurs	d'ailleurs	adv	adv	_	3	mod	_	_
c433b8be-c434-4daa-a463-7cf038198974.xml.macaon	54	5	à	à	prep	prep	_	3	a_obj	_	_
c433b8be-c434-4daa-a463-7cf038198974.xml.macaon	55	6	considérer	considérer	vinf	vinf	_	5	obj	_	_
c433b8be-c434-4daa-a463-7cf038198974.xml.macaon	56	7	qu'	qu'	csu	csu	_	6	obj	_	_
c433b8be-c434-4daa-a463-7cf038198974.xml.macaon	57	8	il	il	cln	cln	_	11	suj	_	_
c433b8be-c434-4daa-a463-7cf038198974.xml.macaon	58	9	ne	ne	advneg	advneg	_	11	mod	_	_
c433b8be-c434-4daa-a463-7cf038198974.xml.macaon	59	10	s'	s'	clr	clr	_	11	aff	_	_
c433b8be-c434-4daa-a463-7cf038198974.xml.macaon	60	11	agit	agir	v	v	_	7	obj	_	_	B:OTHER:G
c433b8be-c434-4daa-a463-7cf038198974.xml.macaon	61	12	que	que	advneg	advneg	_	11	mod	_	_
c433b8be-c434-4daa-a463-7cf038198974.xml.macaon	62	13	d'	de	prep	prep	_	11	de_obj	_	_
c433b8be-c434-4daa-a463-7cf038198974.xml.macaon	63	14	une	un	det	det	_	15	det	_	_
c433b8be-c434-4daa-a463-7cf038198974.xml.macaon	64	15	variété	variété	nc	nc	_	13	obj	_	_
c433b8be-c434-4daa-a463-7cf038198974.xml.macaon	65	16	africaine	africain	adj	adj	_	15	mod	_	_
c433b8be-c434-4daa-a463-7cf038198974.xml.macaon	66	17	d'	de	prep	prep	_	15	dep	_	_
c433b8be-c434-4daa-a463-7cf038198974.xml.macaon	67	18	Homo#erectus	Homo#erectus	np	np	_	17	obj	_	_
c433b8be-c434-4daa-a463-7cf038198974.xml.macaon	68	19	.	.	poncts	poncts	_	3	ponct	_	_

c433b8be-c434-4daa-a463-7cf038198974.xml.macaon	69	1	Préhistoire	préhistoire	nc	nc	_	_	_	_	_

c433b8be-c434-4daa-a463-7cf038198974.xml.macaon	70	1	Homo#ergaster	homo#ergaster	vinf	vinf	_	_	_	_	_

c433b8be-c434-4daa-a463-7cf038198974.xml.macaon	71	1	Homo#ergaster	Homo#ergaster	np	np	_	_	_	_	_
c433b8be-c434-4daa-a463-7cf038198974.xml.macaon	72	2	(	(	ponctw	ponctw	_	1	ponct	_	_
c433b8be-c434-4daa-a463-7cf038198974.xml.macaon	73	3	qui	qui	prorel	prorel	_	4	suj	_	_
c433b8be-c434-4daa-a463-7cf038198974.xml.macaon	74	4	veut	vouloir	v	v	_	1	mod_rel	_	_
c433b8be-c434-4daa-a463-7cf038198974.xml.macaon	75	5	dire	dire	vinf	vinf	_	4	obj	_	_	B:OTHER:G
c433b8be-c434-4daa-a463-7cf038198974.xml.macaon	76	6	«	«	ponctw	ponctw	_	4	ponct	_	_
c433b8be-c434-4daa-a463-7cf038198974.xml.macaon	77	7	l'	le	det	det	_	8	det	_	_
c433b8be-c434-4daa-a463-7cf038198974.xml.macaon	78	8	homme	homme	nc	nc	_	4	obj	_	_
c433b8be-c434-4daa-a463-7cf038198974.xml.macaon	79	9	artisan	artisan	nc	nc	_	8	mod	_	_
c433b8be-c434-4daa-a463-7cf038198974.xml.macaon	80	10	»	»	ponctw	ponctw	_	8	ponct	_	_
c433b8be-c434-4daa-a463-7cf038198974.xml.macaon	81	11	en	en	prep	prep	_	14	mod	_	_
c433b8be-c434-4daa-a463-7cf038198974.xml.macaon	82	12	latin	latin	nc	nc	_	11	obj	_	_
c433b8be-c434-4daa-a463-7cf038198974.xml.macaon	83	13	)	)	ponctw	ponctw	_	14	ponct	_	_
c433b8be-c434-4daa-a463-7cf038198974.xml.macaon	84	14	est	être	v	v	_	8	mod_rel	_	_
c433b8be-c434-4daa-a463-7cf038198974.xml.macaon	85	15	un	un	det	det	_	16	det	_	_
c433b8be-c434-4daa-a463-7cf038198974.xml.macaon	86	16	homme	homme	nc	nc	_	14	ats	_	_
c433b8be-c434-4daa-a463-7cf038198974.xml.macaon	87	17	préhistorique	préhistorique	adj	adj	_	16	mod	_	_
c433b8be-c434-4daa-a463-7cf038198974.xml.macaon	88	18	appartenant	appartenir	vprespart	vprespart	_	17	__JOKER__	_	_
c433b8be-c434-4daa-a463-7cf038198974.xml.macaon	89	19	au	au	prep	prep	_	24	mod	_	_
c433b8be-c434-4daa-a463-7cf038198974.xml.macaon	90	20	genre	genre	nc	nc	_	19	obj	_	_
c433b8be-c434-4daa-a463-7cf038198974.xml.macaon	91	21	Homo	Homo	np	np	_	20	mod	_	_
c433b8be-c434-4daa-a463-7cf038198974.xml.macaon	92	22	,	,	ponctw	ponctw	_	20	ponct	_	_
c433b8be-c434-4daa-a463-7cf038198974.xml.macaon	93	23	autrefois	autrefois	adv	adv	_	24	mod	_	_
c433b8be-c434-4daa-a463-7cf038198974.xml.macaon	94	24	rattaché	rattacher	vppart	vppart	_	16	mod	_	_
c433b8be-c434-4daa-a463-7cf038198974.xml.macaon	95	25	à	à	prep	prep	_	24	a_obj	_	_
c433b8be-c434-4daa-a463-7cf038198974.xml.macaon	96	26	l'	le	det	det	_	27	det	_	_
c433b8be-c434-4daa-a463-7cf038198974.xml.macaon	97	27	espèce	espèce	nc	nc	_	25	obj	_	_
c433b8be-c434-4daa-a463-7cf038198974.xml.macaon	98	28	Homo#erectus	Homo#erectus	np	np	_	25	obj	_	_
c433b8be-c434-4daa-a463-7cf038198974.xml.macaon	99	29	.	.	poncts	poncts	_	4	ponct	_	_

c433b8be-c434-4daa-a463-7cf038198974.xml.macaon	100	1	Certains	certains	det	det	_	2	det	_	_
c433b8be-c434-4daa-a463-7cf038198974.xml.macaon	101	2	scientifiques	scientifique	adj	adj	_	3	__JOKER__	_	_
c433b8be-c434-4daa-a463-7cf038198974.xml.macaon	102	3	continuent	continuer	v	v	_	_	_	_	_
c433b8be-c434-4daa-a463-7cf038198974.xml.macaon	103	4	d'ailleurs	d'ailleurs	adv	adv	_	3	mod	_	_
c433b8be-c434-4daa-a463-7cf038198974.xml.macaon	104	5	à	à	prep	prep	_	3	a_obj	_	_
c433b8be-c434-4daa-a463-7cf038198974.xml.macaon	105	6	considérer	considérer	vinf	vinf	_	5	obj	_	_
c433b8be-c434-4daa-a463-7cf038198974.xml.macaon	106	7	qu'	qu'	csu	csu	_	6	obj	_	_
c433b8be-c434-4daa-a463-7cf038198974.xml.macaon	107	8	il	il	cln	cln	_	11	suj	_	_
c433b8be-c434-4daa-a463-7cf038198974.xml.macaon	108	9	ne	ne	advneg	advneg	_	11	mod	_	_
c433b8be-c434-4daa-a463-7cf038198974.xml.macaon	109	10	s'	s'	clr	clr	_	11	aff	_	_
c433b8be-c434-4daa-a463-7cf038198974.xml.macaon	110	11	agit	agir	v	v	_	7	obj	_	_
c433b8be-c434-4daa-a463-7cf038198974.xml.macaon	111	12	que	que	advneg	advneg	_	11	mod	_	_
c433b8be-c434-4daa-a463-7cf038198974.xml.macaon	112	13	d'	de	prep	prep	_	11	de_obj	_	_
c433b8be-c434-4daa-a463-7cf038198974.xml.macaon	113	14	une	un	det	det	_	15	det	_	_
c433b8be-c434-4daa-a463-7cf038198974.xml.macaon	114	15	variété	variété	nc	nc	_	13	obj	_	_
c433b8be-c434-4daa-a463-7cf038198974.xml.macaon	115	16	africaine	africain	adj	adj	_	15	mod	_	_
c433b8be-c434-4daa-a463-7cf038198974.xml.macaon	116	17	d'	de	prep	prep	_	15	dep	_	_
c433b8be-c434-4daa-a463-7cf038198974.xml.macaon	117	18	Homo#erectus	Homo#erectus	np	np	_	17	obj	_	_
c433b8be-c434-4daa-a463-7cf038198974.xml.macaon	118	19	.	.	poncts	poncts	_	3	ponct	_	_

c433b8be-c434-4daa-a463-7cf038198974.xml.macaon	119	1	Homo#ergaster	Homo#ergaster	np	np	_	2	suj	_	_
c433b8be-c434-4daa-a463-7cf038198974.xml.macaon	120	2	vivait	vivre	v	v	_	_	_	_	_
c433b8be-c434-4daa-a463-7cf038198974.xml.macaon	121	3	en	en	prep	prep	_	2	mod	_	_
c433b8be-c434-4daa-a463-7cf038198974.xml.macaon	122	4	Afrique	Afrique	np	np	_	3	obj	_	_
c433b8be-c434-4daa-a463-7cf038198974.xml.macaon	123	5	il#y#a	il#y#a	v	v	_	4	mod_rel	_	_
c433b8be-c434-4daa-a463-7cf038198974.xml.macaon	124	6	1,8	1,8	det	det	_	5	__JOKER__	_	_
c433b8be-c434-4daa-a463-7cf038198974.xml.macaon	125	7	à	à	prep	prep	_	5	a_obj	_	_
c433b8be-c434-4daa-a463-7cf038198974.xml.macaon	126	8	1	1	det	det	_	9	det	_	_
c433b8be-c434-4daa-a463-7cf038198974.xml.macaon	127	9	million	million	nc	nc	_	7	obj	_	_
c433b8be-c434-4daa-a463-7cf038198974.xml.macaon	128	10	d'	de	prep	prep	_	9	dep	_	_
c433b8be-c434-4daa-a463-7cf038198974.xml.macaon	129	11	années	année	nc	nc	_	10	obj	_	_
c433b8be-c434-4daa-a463-7cf038198974.xml.macaon	130	12	.	.	poncts	poncts	_	2	ponct	_	_

c433b8be-c434-4daa-a463-7cf038198974.xml.macaon	131	1	Sa	sa	det	det	_	2	det	_	_
c433b8be-c434-4daa-a463-7cf038198974.xml.macaon	132	2	capacité	capacité	nc	nc	_	4	suj	_	_
c433b8be-c434-4daa-a463-7cf038198974.xml.macaon	133	3	crânienne	crânien	adj	adj	_	2	mod	_	_
c433b8be-c434-4daa-a463-7cf038198974.xml.macaon	134	4	est	être	v	v	_	_	_	_	_
c433b8be-c434-4daa-a463-7cf038198974.xml.macaon	135	5	de	de	prep	prep	_	4	de_obj	_	_
c433b8be-c434-4daa-a463-7cf038198974.xml.macaon	136	6	850	850	det	det	_	7	det	_	_
c433b8be-c434-4daa-a463-7cf038198974.xml.macaon	137	7	cm3	cm3	nc	nc	_	5	obj	_	_
c433b8be-c434-4daa-a463-7cf038198974.xml.macaon	138	8	.	.	poncts	poncts	_	4	ponct	_	_

c433b8be-c434-4daa-a463-7cf038198974.xml.macaon	139	1	Les	les	det	det	_	2	det	_	_	B:Awareness:FE:Content:G:141	B:Dimension:FE:Object:G:142
c433b8be-c434-4daa-a463-7cf038198974.xml.macaon	140	2	spécimens	spécimen	nc	nc	_	4	suj	_	_	I:Awareness:FE:Content:G:141	I:Dimension:FE:Object:G:142
c433b8be-c434-4daa-a463-7cf038198974.xml.macaon	141	3	connus	connaître	adj	adj	_	2	mod	_	_	B:Awareness:TARGET:connaître:G:141	I:Dimension:FE:Object:G:142
c433b8be-c434-4daa-a463-7cf038198974.xml.macaon	142	4	mesuraient	mesurer	v	v	_	_	_	_	_	B:Dimension:TARGET:mesurer:G:142
c433b8be-c434-4daa-a463-7cf038198974.xml.macaon	143	5	entre	entre	prep	prep	_	4	mod	_	_	B:Dimension:FE:Measurement:G:142
c433b8be-c434-4daa-a463-7cf038198974.xml.macaon	144	6	1,55	1,55	nc	nc	_	5	obj	_	_	I:Dimension:FE:Measurement:G:142
c433b8be-c434-4daa-a463-7cf038198974.xml.macaon	145	7	m	m	adj	adj	_	6	mod	_	_	I:Dimension:FE:Measurement:G:142
c433b8be-c434-4daa-a463-7cf038198974.xml.macaon	146	8	et	et	coo	coo	_	7	coord	_	_	I:Dimension:FE:Measurement:G:142
c433b8be-c434-4daa-a463-7cf038198974.xml.macaon	147	9	1,70	1,70	adj	adj	_	10	mod	_	_	I:Dimension:FE:Measurement:G:142
c433b8be-c434-4daa-a463-7cf038198974.xml.macaon	148	10	m	m	nc	nc	_	5	obj	_	_	I:Dimension:FE:Measurement:G:142
c433b8be-c434-4daa-a463-7cf038198974.xml.macaon	149	11	,	,	ponctw	ponctw	_	4	ponct	_	_
c433b8be-c434-4daa-a463-7cf038198974.xml.macaon	150	12	pour	pour	prep	prep	_	4	mod	_	_
c433b8be-c434-4daa-a463-7cf038198974.xml.macaon	151	13	un	un	det	det	_	14	det	_	_
c433b8be-c434-4daa-a463-7cf038198974.xml.macaon	152	14	poids	poids	nc	nc	_	12	obj	_	_	B:Dimension:TARGET:poids:G:152
c433b8be-c434-4daa-a463-7cf038198974.xml.macaon	153	15	de	de	prep	prep	_	14	dep	_	_
c433b8be-c434-4daa-a463-7cf038198974.xml.macaon	154	16	50	50	det	det	_	19	det	_	_	B:Dimension:FE:Measurement:G:152
c433b8be-c434-4daa-a463-7cf038198974.xml.macaon	155	17	à	à	prep	prep	_	16	__JOKER__	_	_	I:Dimension:FE:Measurement:G:152
c433b8be-c434-4daa-a463-7cf038198974.xml.macaon	156	18	65	65	det	det	_	19	det	_	_	I:Dimension:FE:Measurement:G:152
c433b8be-c434-4daa-a463-7cf038198974.xml.macaon	157	19	kg	kg	nc	nc	_	15	obj	_	_	I:Dimension:FE:Measurement:G:152
c433b8be-c434-4daa-a463-7cf038198974.xml.macaon	158	20	.	.	poncts	poncts	_	4	ponct	_	_

c433b8be-c434-4daa-a463-7cf038198974.xml.macaon	159	1	Homo#ergaster	Homo#ergaster	np	np	_	2	suj	_	_
c433b8be-c434-4daa-a463-7cf038198974.xml.macaon	160	2	a	avoir	v	v	_	_	_	_	_
c433b8be-c434-4daa-a463-7cf038198974.xml.macaon	161	3	un	un	det	det	_	4	det	_	_
c433b8be-c434-4daa-a463-7cf038198974.xml.macaon	162	4	faciès	faciès	nc	nc	_	2	obj	_	_
c433b8be-c434-4daa-a463-7cf038198974.xml.macaon	163	5	archaïque	archaïque	adj	adj	_	4	mod	_	_
c433b8be-c434-4daa-a463-7cf038198974.xml.macaon	164	6	,	,	ponctw	ponctw	_	2	ponct	_	_
c433b8be-c434-4daa-a463-7cf038198974.xml.macaon	165	7	avec	avec	prep	prep	_	2	mod	_	_
c433b8be-c434-4daa-a463-7cf038198974.xml.macaon	166	8	un	un	det	det	_	9	det	_	_
c433b8be-c434-4daa-a463-7cf038198974.xml.macaon	167	9	nez	nez	nc	nc	_	7	obj	_	_
c433b8be-c434-4daa-a463-7cf038198974.xml.macaon	168	10	absent	absent	adj	adj	_	9	mod	_	_
c433b8be-c434-4daa-a463-7cf038198974.xml.macaon	169	11	et	et	coo	coo	_	9	coord	_	_
c433b8be-c434-4daa-a463-7cf038198974.xml.macaon	170	12	une	un	det	det	_	13	det	_	_
c433b8be-c434-4daa-a463-7cf038198974.xml.macaon	171	13	mâchoire	mâchoire	nc	nc	_	11	dep_coord	_	_
c433b8be-c434-4daa-a463-7cf038198974.xml.macaon	172	14	très	très	adv	adv	_	15	mod	_	_
c433b8be-c434-4daa-a463-7cf038198974.xml.macaon	173	15	proéminente	proéminent	adj	adj	_	13	mod	_	_
c433b8be-c434-4daa-a463-7cf038198974.xml.macaon	174	16	.	.	poncts	poncts	_	2	ponct	_	_

c433b8be-c434-4daa-a463-7cf038198974.xml.macaon	175	1	Homo#ergaster	Homo#ergaster	np	np	_	2	suj	_	_
c433b8be-c434-4daa-a463-7cf038198974.xml.macaon	176	2	est	être	v	v	_	_	_	_	_
c433b8be-c434-4daa-a463-7cf038198974.xml.macaon	177	3	probablement	probablement	adv	adv	_	4	mod	_	_
c433b8be-c434-4daa-a463-7cf038198974.xml.macaon	178	4	l	l	adj	adj	_	2	ats	_	_
c433b8be-c434-4daa-a463-7cf038198974.xml.macaon	179	5	’	’	prep	prep	_	2	mod	_	_
c433b8be-c434-4daa-a463-7cf038198974.xml.macaon	180	6	ancêtre	ancêtre	nc	nc	_	5	obj	_	_
c433b8be-c434-4daa-a463-7cf038198974.xml.macaon	181	7	d	d	prep	prep	_	2	mod	_	_
c433b8be-c434-4daa-a463-7cf038198974.xml.macaon	182	8	’	’	det	det	_	9	det	_	_
c433b8be-c434-4daa-a463-7cf038198974.xml.macaon	183	9	Homo#erectus	Homo#erectus	np	np	_	7	obj	_	_
c433b8be-c434-4daa-a463-7cf038198974.xml.macaon	184	10	,	,	ponctw	ponctw	_	9	ponct	_	_
c433b8be-c434-4daa-a463-7cf038198974.xml.macaon	185	11	et#aussi	et#aussi	coo	coo	_	9	coord	_	_
c433b8be-c434-4daa-a463-7cf038198974.xml.macaon	186	12	celui	celui	pro	pro	_	11	dep_coord	_	_
c433b8be-c434-4daa-a463-7cf038198974.xml.macaon	187	13	d	d	etr	etr	_	16	dep	_	_
c433b8be-c434-4daa-a463-7cf038198974.xml.macaon	188	14	’	’	etr	etr	_	16	dep	_	_
c433b8be-c434-4daa-a463-7cf038198974.xml.macaon	189	15	Homo	Homo	etr	etr	_	16	dep	_	_
c433b8be-c434-4daa-a463-7cf038198974.xml.macaon	190	16	antecessor	antecessor	etr	etr	_	11	__JOKER__	_	_
c433b8be-c434-4daa-a463-7cf038198974.xml.macaon	191	17	.	.	poncts	poncts	_	2	ponct	_	_

c433b8be-c434-4daa-a463-7cf038198974.xml.macaon	192	1	Techniques	technique	adj	adj	_	_	_	_	_

c433b8be-c434-4daa-a463-7cf038198974.xml.macaon	193	1	Comme	comme	prep	prep	_	5	mod	_	_
c433b8be-c434-4daa-a463-7cf038198974.xml.macaon	194	2	Homo#habilis	Homo#habilis	np	np	_	1	obj	_	_
c433b8be-c434-4daa-a463-7cf038198974.xml.macaon	195	3	,	,	ponctw	ponctw	_	5	ponct	_	_
c433b8be-c434-4daa-a463-7cf038198974.xml.macaon	196	4	Homo#ergaster	Homo#ergaster	np	np	_	5	suj	_	_	B:Using:FE:Agent:G:197
c433b8be-c434-4daa-a463-7cf038198974.xml.macaon	197	5	utilisait	utiliser	v	v	_	_	_	_	_	B:Using:TARGET:utiliser:G:197
c433b8be-c434-4daa-a463-7cf038198974.xml.macaon	198	6	des	un	det	det	_	7	det	_	_
c433b8be-c434-4daa-a463-7cf038198974.xml.macaon	199	7	outils	outil	nc	nc	_	5	obj	_	_
c433b8be-c434-4daa-a463-7cf038198974.xml.macaon	200	8	de	de	prep	prep	_	7	dep	_	_
c433b8be-c434-4daa-a463-7cf038198974.xml.macaon	201	9	pierre	pierre	nc	nc	_	8	obj	_	_
c433b8be-c434-4daa-a463-7cf038198974.xml.macaon	202	10	taillée	tailler	adj	adj	_	9	mod	_	_
c433b8be-c434-4daa-a463-7cf038198974.xml.macaon	203	11	.	.	poncts	poncts	_	5	ponct	_	_

c433b8be-c434-4daa-a463-7cf038198974.xml.macaon	204	1	Il	il	cln	cln	_	2	suj	_	_
c433b8be-c434-4daa-a463-7cf038198974.xml.macaon	205	2	est	être	v	v	_	_	_	_	_
c433b8be-c434-4daa-a463-7cf038198974.xml.macaon	206	3	l'	le	det	det	_	4	det	_	_
c433b8be-c434-4daa-a463-7cf038198974.xml.macaon	207	4	inventeur	inventeur	nc	nc	_	2	ats	_	_
c433b8be-c434-4daa-a463-7cf038198974.xml.macaon	208	5	du	du	prep	prep	_	4	dep	_	_
c433b8be-c434-4daa-a463-7cf038198974.xml.macaon	209	6	biface	biface	nc	nc	_	5	obj	_	_
c433b8be-c434-4daa-a463-7cf038198974.xml.macaon	210	7	,	,	ponctw	ponctw	_	6	ponct	_	_
c433b8be-c434-4daa-a463-7cf038198974.xml.macaon	211	8	caractéristique	caractéristique	nc	nc	_	6	mod	_	_
c433b8be-c434-4daa-a463-7cf038198974.xml.macaon	212	9	de#l'	de#l'	prep	prep	_	8	dep	_	_
c433b8be-c434-4daa-a463-7cf038198974.xml.macaon	213	10	Acheuléen	Acheuléen	np	np	_	9	obj	_	_
c433b8be-c434-4daa-a463-7cf038198974.xml.macaon	214	11	.	.	poncts	poncts	_	2	ponct	_	_

c433b8be-c434-4daa-a463-7cf038198974.xml.macaon	215	1	Il	il	cln	cln	_	3	suj	_	_	B:Awareness:FE:Cognizer:G:217	B:Using:FE:Agent:G:220
c433b8be-c434-4daa-a463-7cf038198974.xml.macaon	216	2	a	avoir	v	v	_	3	aux_tps	_	_
c433b8be-c434-4daa-a463-7cf038198974.xml.macaon	217	3	connu	connaître	vppart	vppart	_	_	_	_	_	B:Awareness:TARGET:connaître:G:217
c433b8be-c434-4daa-a463-7cf038198974.xml.macaon	218	4	l	l	det	det	_	5	det	_	_	B:Awareness:FE:Content:G:217
c433b8be-c434-4daa-a463-7cf038198974.xml.macaon	219	5	’	’	nc	nc	_	3	obj	_	_	I:Awareness:FE:Content:G:217
c433b8be-c434-4daa-a463-7cf038198974.xml.macaon	220	6	usage	usage	nc	nc	_	5	mod	_	_	I:Awareness:FE:Content:G:217	B:Using:TARGET:usage:G:220
c433b8be-c434-4daa-a463-7cf038198974.xml.macaon	221	7	du	du	prep	prep	_	3	mod	_	_	I:Awareness:FE:Content:G:217	B:Using:FE:Instrument:G:220
c433b8be-c434-4daa-a463-7cf038198974.xml.macaon	222	8	feu	feu	nc	nc	_	7	obj	_	_	I:Awareness:FE:Content:G:217	I:Using:FE:Instrument:G:220
c433b8be-c434-4daa-a463-7cf038198974.xml.macaon	223	9	.	.	poncts	poncts	_	3	__JOKER__	_	_
