d10005ba-0505-4739-a423-18be7a10bfe4.xml.macaon	0	1	vikidia	vikidia	nc	nc	_	_	_	_	_

d10005ba-0505-4739-a423-18be7a10bfe4.xml.macaon	1	1	d10005ba	d10005ba	det	det	_	3	det	_	_
d10005ba-0505-4739-a423-18be7a10bfe4.xml.macaon	2	2	-	-	ponctw	ponctw	_	3	ponct	_	_
d10005ba-0505-4739-a423-18be7a10bfe4.xml.macaon	3	3	0505	0505	nc	nc	_	_	_	_	_
d10005ba-0505-4739-a423-18be7a10bfe4.xml.macaon	4	4	-	-	ponctw	ponctw	_	3	ponct	_	_
d10005ba-0505-4739-a423-18be7a10bfe4.xml.macaon	5	5	4739	4739	nc	nc	_	3	mod	_	_
d10005ba-0505-4739-a423-18be7a10bfe4.xml.macaon	6	6	-	-	ponctw	ponctw	_	5	ponct	_	_
d10005ba-0505-4739-a423-18be7a10bfe4.xml.macaon	7	7	a423	a423	nc	nc	_	5	mod	_	_
d10005ba-0505-4739-a423-18be7a10bfe4.xml.macaon	8	8	-	-	ponctw	ponctw	_	7	ponct	_	_
d10005ba-0505-4739-a423-18be7a10bfe4.xml.macaon	9	9	18be7a10bfe4	18be7a10bfe4	nc	nc	_	7	mod	_	_

d10005ba-0505-4739-a423-18be7a10bfe4.xml.macaon	10	1	ADDED	ADDED	nc	nc	_	_	_	_	_

d10005ba-0505-4739-a423-18be7a10bfe4.xml.macaon	11	1	2016	2016	adj	adj	_	3	mod	_	_
d10005ba-0505-4739-a423-18be7a10bfe4.xml.macaon	12	2	-	-	ponctw	ponctw	_	1	ponct	_	_
d10005ba-0505-4739-a423-18be7a10bfe4.xml.macaon	13	3	06	06	nc	nc	_	_	_	_	_
d10005ba-0505-4739-a423-18be7a10bfe4.xml.macaon	14	4	-	-	ponctw	ponctw	_	3	ponct	_	_
d10005ba-0505-4739-a423-18be7a10bfe4.xml.macaon	15	5	15T14	15T14	nc	nc	_	3	mod	_	_
d10005ba-0505-4739-a423-18be7a10bfe4.xml.macaon	16	6	:	:	ponctw	ponctw	_	5	ponct	_	_
d10005ba-0505-4739-a423-18be7a10bfe4.xml.macaon	17	7	32	32	nc	nc	_	5	mod	_	_
d10005ba-0505-4739-a423-18be7a10bfe4.xml.macaon	18	8	:	:	ponctw	ponctw	_	7	ponct	_	_
d10005ba-0505-4739-a423-18be7a10bfe4.xml.macaon	19	9	34Z	34Z	nc	nc	_	7	mod	_	_

d10005ba-0505-4739-a423-18be7a10bfe4.xml.macaon	20	1	Os	Os	etr	etr	_	3	dep	_	_
d10005ba-0505-4739-a423-18be7a10bfe4.xml.macaon	21	2	d'	d'	etr	etr	_	3	dep	_	_
d10005ba-0505-4739-a423-18be7a10bfe4.xml.macaon	22	3	Ishango	Ishango	etr	etr	_	_	_	_	_

d10005ba-0505-4739-a423-18be7a10bfe4.xml.macaon	23	1	L'	L'	det	det	_	2	det	_	_	B:Age:FE:Entity:G:32
d10005ba-0505-4739-a423-18be7a10bfe4.xml.macaon	24	2	os	os	nc	nc	_	5	suj	_	_	I:Age:FE:Entity:G:32
d10005ba-0505-4739-a423-18be7a10bfe4.xml.macaon	25	3	d'	de	prep	prep	_	2	dep	_	_	I:Age:FE:Entity:G:32
d10005ba-0505-4739-a423-18be7a10bfe4.xml.macaon	26	4	Ishango	Ishango	np	np	_	3	obj	_	_	I:Age:FE:Entity:G:32
d10005ba-0505-4739-a423-18be7a10bfe4.xml.macaon	27	5	est	être	v	v	_	_	_	_	_
d10005ba-0505-4739-a423-18be7a10bfe4.xml.macaon	28	6	un	un	det	det	_	7	det	_	_	B:Age:FE:Attribute:G:32
d10005ba-0505-4739-a423-18be7a10bfe4.xml.macaon	29	7	os	os	nc	nc	_	5	obj	_	_	I:Age:FE:Attribute:G:32
d10005ba-0505-4739-a423-18be7a10bfe4.xml.macaon	30	8	de	de	prep	prep	_	7	dep	_	_	I:Age:FE:Attribute:G:32
d10005ba-0505-4739-a423-18be7a10bfe4.xml.macaon	31	9	babouin	babouin	nc	nc	_	8	obj	_	_	I:Age:FE:Attribute:G:32
d10005ba-0505-4739-a423-18be7a10bfe4.xml.macaon	32	10	datant	dater	vprespart	vprespart	_	9	__JOKER__	_	_	B:Age:TARGET:dater:G:32
d10005ba-0505-4739-a423-18be7a10bfe4.xml.macaon	33	11	du	du	prep	prep	_	10	mod	_	_	B:Age:FE:Age:G:32
d10005ba-0505-4739-a423-18be7a10bfe4.xml.macaon	34	12	paléolithique	paléolithique	nc	nc	_	11	obj	_	_	I:Age:FE:Age:G:32
d10005ba-0505-4739-a423-18be7a10bfe4.xml.macaon	35	13	retrouvé	retrouver	vppart	vppart	_	7	mod	_	_	B:Locating:TARGET:retrouver:G:35
d10005ba-0505-4739-a423-18be7a10bfe4.xml.macaon	36	14	en	en	prep	prep	_	13	mod	_	_
d10005ba-0505-4739-a423-18be7a10bfe4.xml.macaon	37	15	1950	1950	nc	nc	_	14	obj	_	_
d10005ba-0505-4739-a423-18be7a10bfe4.xml.macaon	38	16	par	par	prep	prep	_	13	mod	_	_
d10005ba-0505-4739-a423-18be7a10bfe4.xml.macaon	39	17	l'	le	det	det	_	18	det	_	_
d10005ba-0505-4739-a423-18be7a10bfe4.xml.macaon	40	18	archéologue	archéologue	nc	nc	_	16	obj	_	_
d10005ba-0505-4739-a423-18be7a10bfe4.xml.macaon	41	19	belge	belge	adj	adj	_	18	mod	_	_
d10005ba-0505-4739-a423-18be7a10bfe4.xml.macaon	42	20	Jean	Jean	np	np	_	18	mod	_	_
d10005ba-0505-4739-a423-18be7a10bfe4.xml.macaon	43	21	de	de	prep	prep	_	18	dep	_	_
d10005ba-0505-4739-a423-18be7a10bfe4.xml.macaon	44	22	Heinzelin	Heinzelin	np	np	_	21	obj	_	_
d10005ba-0505-4739-a423-18be7a10bfe4.xml.macaon	45	23	de	de	prep	prep	_	18	dep	_	_
d10005ba-0505-4739-a423-18be7a10bfe4.xml.macaon	46	24	Braucourt	Braucourt	np	np	_	23	obj	_	_
d10005ba-0505-4739-a423-18be7a10bfe4.xml.macaon	47	25	.	.	poncts	poncts	_	5	ponct	_	_

d10005ba-0505-4739-a423-18be7a10bfe4.xml.macaon	48	1	Il	il	cln	cln	_	4	suj	_	_	B:Locating:FE:Sought_entity:G:51
d10005ba-0505-4739-a423-18be7a10bfe4.xml.macaon	49	2	a	avoir	v	v	_	4	aux_tps	_	_
d10005ba-0505-4739-a423-18be7a10bfe4.xml.macaon	50	3	été	être	vppart	vppart	_	4	aux_pass	_	_
d10005ba-0505-4739-a423-18be7a10bfe4.xml.macaon	51	4	trouvé	trouver	vppart	vppart	_	_	_	_	_	B:Locating:TARGET:trouver:G:51
d10005ba-0505-4739-a423-18be7a10bfe4.xml.macaon	52	5	dans	dans	prep	prep	_	4	mod	_	_	B:Locating:FE:Ground:G:51
d10005ba-0505-4739-a423-18be7a10bfe4.xml.macaon	53	6	des	un	det	det	_	7	det	_	_	I:Locating:FE:Ground:G:51
d10005ba-0505-4739-a423-18be7a10bfe4.xml.macaon	54	7	couches	couche	nc	nc	_	5	obj	_	_	I:Locating:FE:Ground:G:51
d10005ba-0505-4739-a423-18be7a10bfe4.xml.macaon	55	8	de	de	prep	prep	_	7	dep	_	_	I:Locating:FE:Ground:G:51
d10005ba-0505-4739-a423-18be7a10bfe4.xml.macaon	56	9	cendre	cendre	nc	nc	_	8	obj	_	_	I:Locating:FE:Ground:G:51
d10005ba-0505-4739-a423-18be7a10bfe4.xml.macaon	57	10	volcanique	volcanique	adj	adj	_	9	mod	_	_	I:Locating:FE:Ground:G:51
d10005ba-0505-4739-a423-18be7a10bfe4.xml.macaon	58	11	en	en	prep	prep	_	4	mod	_	_	B:Locating:FE:Location:G:51
d10005ba-0505-4739-a423-18be7a10bfe4.xml.macaon	59	12	Afrique	Afrique	np	np	_	11	obj	_	_	I:Locating:FE:Location:G:51
d10005ba-0505-4739-a423-18be7a10bfe4.xml.macaon	60	13	centrale	central	adj	adj	_	12	mod	_	_	I:Locating:FE:Location:G:51
d10005ba-0505-4739-a423-18be7a10bfe4.xml.macaon	61	14	,	,	ponctw	ponctw	_	13	ponct	_	_
d10005ba-0505-4739-a423-18be7a10bfe4.xml.macaon	62	15	plus	plus	adv	adv	_	16	mod	_	_
d10005ba-0505-4739-a423-18be7a10bfe4.xml.macaon	63	16	précisement	précisement	adv	adv	_	13	mod	_	_
d10005ba-0505-4739-a423-18be7a10bfe4.xml.macaon	64	17	dans	dans	prep	prep	_	13	dep	_	_	B:Locating:FE:Location:G:51
d10005ba-0505-4739-a423-18be7a10bfe4.xml.macaon	65	18	la	le	det	det	_	19	det	_	_	I:Locating:FE:Location:G:51
d10005ba-0505-4739-a423-18be7a10bfe4.xml.macaon	66	19	région	région	nc	nc	_	17	obj	_	_	I:Locating:FE:Location:G:51
d10005ba-0505-4739-a423-18be7a10bfe4.xml.macaon	67	20	d'	de	prep	prep	_	19	dep	_	_	I:Locating:FE:Location:G:51
d10005ba-0505-4739-a423-18be7a10bfe4.xml.macaon	68	21	Ishanfo	Ishanfo	np	np	_	20	obj	_	_	I:Locating:FE:Location:G:51
d10005ba-0505-4739-a423-18be7a10bfe4.xml.macaon	69	22	au	au	prep	prep	_	26	mod	_	_	I:Locating:FE:Location:G:51
d10005ba-0505-4739-a423-18be7a10bfe4.xml.macaon	70	23	Congo	Congo	np	np	_	22	obj	_	_	I:Locating:FE:Location:G:51	B:Becoming:FE:Entity:G:73
d10005ba-0505-4739-a423-18be7a10bfe4.xml.macaon	71	24	belge	belge	adj	adj	_	23	mod	_	_	I:Locating:FE:Location:G:51	I:Becoming:FE:Entity:G:73
d10005ba-0505-4739-a423-18be7a10bfe4.xml.macaon	72	25	,	,	ponctw	ponctw	_	23	ponct	_	_	I:Locating:FE:Location:G:51
d10005ba-0505-4739-a423-18be7a10bfe4.xml.macaon	73	26	devenu	devenir	vppart	vppart	_	19	mod	_	_	I:Locating:FE:Location:G:51	B:Becoming:TARGET:devenir:G:73
d10005ba-0505-4739-a423-18be7a10bfe4.xml.macaon	74	27	depuis	depuis	prep	prep	_	26	mod	_	_	I:Locating:FE:Location:G:51
d10005ba-0505-4739-a423-18be7a10bfe4.xml.macaon	75	28	la	le	det	det	_	29	det	_	_	I:Locating:FE:Location:G:51	B:Becoming:FE:Final_category:G:73
d10005ba-0505-4739-a423-18be7a10bfe4.xml.macaon	76	29	République	République	nc	nc	_	27	obj	_	_	I:Locating:FE:Location:G:51	I:Becoming:FE:Final_category:G:73
d10005ba-0505-4739-a423-18be7a10bfe4.xml.macaon	77	30	démocratique	démocratique	adj	adj	_	29	mod	_	_	I:Locating:FE:Location:G:51	I:Becoming:FE:Final_category:G:73
d10005ba-0505-4739-a423-18be7a10bfe4.xml.macaon	78	31	du	du	prep	prep	_	26	mod	_	_	I:Locating:FE:Location:G:51	I:Becoming:FE:Final_category:G:73
d10005ba-0505-4739-a423-18be7a10bfe4.xml.macaon	79	32	Congo	Congo	np	np	_	31	obj	_	_	I:Locating:FE:Location:G:51	I:Becoming:FE:Final_category:G:73
d10005ba-0505-4739-a423-18be7a10bfe4.xml.macaon	80	33	.	.	poncts	poncts	_	4	ponct	_	_

d10005ba-0505-4739-a423-18be7a10bfe4.xml.macaon	81	1	L'	L'	det	det	_	2	det	_	_
d10005ba-0505-4739-a423-18be7a10bfe4.xml.macaon	82	2	os	os	nc	nc	_	3	suj	_	_
d10005ba-0505-4739-a423-18be7a10bfe4.xml.macaon	83	3	est	être	v	v	_	_	_	_	_
d10005ba-0505-4739-a423-18be7a10bfe4.xml.macaon	84	4	aujourd'hui	aujourd'hui	adv	adv	_	5	mod	_	_
d10005ba-0505-4739-a423-18be7a10bfe4.xml.macaon	85	5	exposé	exposer	vppart	vppart	_	3	ats	_	_
d10005ba-0505-4739-a423-18be7a10bfe4.xml.macaon	86	6	au	au	prep	prep	_	5	mod	_	_
d10005ba-0505-4739-a423-18be7a10bfe4.xml.macaon	87	7	Muséum	Muséum	np	np	_	6	obj	_	_
d10005ba-0505-4739-a423-18be7a10bfe4.xml.macaon	88	8	des	des	prep	prep	_	5	mod	_	_
d10005ba-0505-4739-a423-18be7a10bfe4.xml.macaon	89	9	Sciences	science	nc	nc	_	8	obj	_	_
d10005ba-0505-4739-a423-18be7a10bfe4.xml.macaon	90	10	naturelles	naturel	adj	adj	_	9	mod	_	_
d10005ba-0505-4739-a423-18be7a10bfe4.xml.macaon	91	11	à	à	prep	prep	_	10	dep	_	_
d10005ba-0505-4739-a423-18be7a10bfe4.xml.macaon	92	12	Bruxelles	Bruxelles	np	np	_	11	obj	_	_
d10005ba-0505-4739-a423-18be7a10bfe4.xml.macaon	93	13	en	en	prep	prep	_	10	dep	_	_
d10005ba-0505-4739-a423-18be7a10bfe4.xml.macaon	94	14	Belgique	Belgique	np	np	_	13	obj	_	_
d10005ba-0505-4739-a423-18be7a10bfe4.xml.macaon	95	15	.	.	poncts	poncts	_	3	ponct	_	_

d10005ba-0505-4739-a423-18be7a10bfe4.xml.macaon	96	1	Préhistoire	préhistoire	nc	nc	_	_	_	_	_

d10005ba-0505-4739-a423-18be7a10bfe4.xml.macaon	97	1	Os	Os	etr	etr	_	3	dep	_	_
d10005ba-0505-4739-a423-18be7a10bfe4.xml.macaon	98	2	d'	d'	etr	etr	_	3	dep	_	_
d10005ba-0505-4739-a423-18be7a10bfe4.xml.macaon	99	3	Ishango	Ishango	etr	etr	_	_	_	_	_

d10005ba-0505-4739-a423-18be7a10bfe4.xml.macaon	100	1	L'	L'	det	det	_	2	det	_	_	B:Age:FE:Entity:G:109
d10005ba-0505-4739-a423-18be7a10bfe4.xml.macaon	101	2	os	os	nc	nc	_	5	suj	_	_	I:Age:FE:Entity:G:109
d10005ba-0505-4739-a423-18be7a10bfe4.xml.macaon	102	3	d'	de	prep	prep	_	2	dep	_	_	I:Age:FE:Entity:G:109
d10005ba-0505-4739-a423-18be7a10bfe4.xml.macaon	103	4	Ishango	Ishango	np	np	_	3	obj	_	_	I:Age:FE:Entity:G:109
d10005ba-0505-4739-a423-18be7a10bfe4.xml.macaon	104	5	est	être	v	v	_	_	_	_	_
d10005ba-0505-4739-a423-18be7a10bfe4.xml.macaon	105	6	un	un	det	det	_	7	det	_	_	B:Age:FE:Attribute:G:109
d10005ba-0505-4739-a423-18be7a10bfe4.xml.macaon	106	7	os	os	nc	nc	_	5	obj	_	_	I:Age:FE:Attribute:G:109
d10005ba-0505-4739-a423-18be7a10bfe4.xml.macaon	107	8	de	de	prep	prep	_	7	dep	_	_	I:Age:FE:Attribute:G:109
d10005ba-0505-4739-a423-18be7a10bfe4.xml.macaon	108	9	babouin	babouin	nc	nc	_	8	obj	_	_	I:Age:FE:Attribute:G:109
d10005ba-0505-4739-a423-18be7a10bfe4.xml.macaon	109	10	datant	dater	vprespart	vprespart	_	9	__JOKER__	_	_	B:Age:TARGET:dater:G:109
d10005ba-0505-4739-a423-18be7a10bfe4.xml.macaon	110	11	du	du	prep	prep	_	10	mod	_	_	B:Age:FE:Age:G:109
d10005ba-0505-4739-a423-18be7a10bfe4.xml.macaon	111	12	paléolithique	paléolithique	nc	nc	_	11	obj	_	_	I:Age:FE:Age:G:109
d10005ba-0505-4739-a423-18be7a10bfe4.xml.macaon	112	13	retrouvé	retrouver	vppart	vppart	_	7	mod	_	_	B:Locating:TARGET:retrouver:G:112
d10005ba-0505-4739-a423-18be7a10bfe4.xml.macaon	113	14	en	en	prep	prep	_	13	mod	_	_
d10005ba-0505-4739-a423-18be7a10bfe4.xml.macaon	114	15	1950	1950	nc	nc	_	14	obj	_	_
d10005ba-0505-4739-a423-18be7a10bfe4.xml.macaon	115	16	par	par	prep	prep	_	13	mod	_	_
d10005ba-0505-4739-a423-18be7a10bfe4.xml.macaon	116	17	l'	le	det	det	_	18	det	_	_
d10005ba-0505-4739-a423-18be7a10bfe4.xml.macaon	117	18	archéologue	archéologue	nc	nc	_	16	obj	_	_
d10005ba-0505-4739-a423-18be7a10bfe4.xml.macaon	118	19	belge	belge	adj	adj	_	18	mod	_	_
d10005ba-0505-4739-a423-18be7a10bfe4.xml.macaon	119	20	Jean	Jean	np	np	_	18	mod	_	_
d10005ba-0505-4739-a423-18be7a10bfe4.xml.macaon	120	21	de	de	prep	prep	_	18	dep	_	_
d10005ba-0505-4739-a423-18be7a10bfe4.xml.macaon	121	22	Heinzelin	Heinzelin	np	np	_	21	obj	_	_
d10005ba-0505-4739-a423-18be7a10bfe4.xml.macaon	122	23	de	de	prep	prep	_	18	dep	_	_
d10005ba-0505-4739-a423-18be7a10bfe4.xml.macaon	123	24	Braucourt	Braucourt	np	np	_	23	obj	_	_
d10005ba-0505-4739-a423-18be7a10bfe4.xml.macaon	124	25	.	.	poncts	poncts	_	5	ponct	_	_

d10005ba-0505-4739-a423-18be7a10bfe4.xml.macaon	125	1	Il	il	cln	cln	_	4	suj	_	_	B:Locating:FE:Sought_entity:G:128
d10005ba-0505-4739-a423-18be7a10bfe4.xml.macaon	126	2	a	avoir	v	v	_	4	aux_tps	_	_
d10005ba-0505-4739-a423-18be7a10bfe4.xml.macaon	127	3	été	être	vppart	vppart	_	4	aux_pass	_	_
d10005ba-0505-4739-a423-18be7a10bfe4.xml.macaon	128	4	trouvé	trouver	vppart	vppart	_	_	_	_	_	B:Locating:TARGET:trouver:G:128
d10005ba-0505-4739-a423-18be7a10bfe4.xml.macaon	129	5	dans	dans	prep	prep	_	4	mod	_	_	B:Locating:FE:Ground:G:128
d10005ba-0505-4739-a423-18be7a10bfe4.xml.macaon	130	6	des	un	det	det	_	7	det	_	_	I:Locating:FE:Ground:G:128
d10005ba-0505-4739-a423-18be7a10bfe4.xml.macaon	131	7	couches	couche	nc	nc	_	5	obj	_	_	I:Locating:FE:Ground:G:128
d10005ba-0505-4739-a423-18be7a10bfe4.xml.macaon	132	8	de	de	prep	prep	_	7	dep	_	_	I:Locating:FE:Ground:G:128
d10005ba-0505-4739-a423-18be7a10bfe4.xml.macaon	133	9	cendre	cendre	nc	nc	_	8	obj	_	_	I:Locating:FE:Ground:G:128
d10005ba-0505-4739-a423-18be7a10bfe4.xml.macaon	134	10	volcanique	volcanique	adj	adj	_	9	mod	_	_	I:Locating:FE:Ground:G:128
d10005ba-0505-4739-a423-18be7a10bfe4.xml.macaon	135	11	en	en	prep	prep	_	4	mod	_	_	B:Locating:FE:Location:G:128
d10005ba-0505-4739-a423-18be7a10bfe4.xml.macaon	136	12	Afrique	Afrique	np	np	_	11	obj	_	_	I:Locating:FE:Location:G:128
d10005ba-0505-4739-a423-18be7a10bfe4.xml.macaon	137	13	centrale	central	adj	adj	_	12	mod	_	_	I:Locating:FE:Location:G:128
d10005ba-0505-4739-a423-18be7a10bfe4.xml.macaon	138	14	,	,	ponctw	ponctw	_	13	ponct	_	_
d10005ba-0505-4739-a423-18be7a10bfe4.xml.macaon	139	15	plus	plus	adv	adv	_	16	mod	_	_
d10005ba-0505-4739-a423-18be7a10bfe4.xml.macaon	140	16	précisement	précisement	adv	adv	_	13	mod	_	_
d10005ba-0505-4739-a423-18be7a10bfe4.xml.macaon	141	17	dans	dans	prep	prep	_	13	dep	_	_	B:Locating:FE:Location:G:128
d10005ba-0505-4739-a423-18be7a10bfe4.xml.macaon	142	18	la	le	det	det	_	19	det	_	_	I:Locating:FE:Location:G:128
d10005ba-0505-4739-a423-18be7a10bfe4.xml.macaon	143	19	région	région	nc	nc	_	17	obj	_	_	I:Locating:FE:Location:G:128
d10005ba-0505-4739-a423-18be7a10bfe4.xml.macaon	144	20	d'	de	prep	prep	_	19	dep	_	_	I:Locating:FE:Location:G:128
d10005ba-0505-4739-a423-18be7a10bfe4.xml.macaon	145	21	Ishanfo	Ishanfo	np	np	_	20	obj	_	_	I:Locating:FE:Location:G:128
d10005ba-0505-4739-a423-18be7a10bfe4.xml.macaon	146	22	au	au	prep	prep	_	26	mod	_	_	I:Locating:FE:Location:G:128
d10005ba-0505-4739-a423-18be7a10bfe4.xml.macaon	147	23	Congo	Congo	np	np	_	22	obj	_	_	I:Locating:FE:Location:G:128	B:Becoming:FE:Entity:G:150
d10005ba-0505-4739-a423-18be7a10bfe4.xml.macaon	148	24	belge	belge	adj	adj	_	23	mod	_	_	I:Locating:FE:Location:G:128	I:Becoming:FE:Entity:G:150
d10005ba-0505-4739-a423-18be7a10bfe4.xml.macaon	149	25	,	,	ponctw	ponctw	_	23	ponct	_	_	I:Locating:FE:Location:G:128
d10005ba-0505-4739-a423-18be7a10bfe4.xml.macaon	150	26	devenu	devenir	vppart	vppart	_	19	mod	_	_	I:Locating:FE:Location:G:128	B:Becoming:TARGET:devenir:G:150
d10005ba-0505-4739-a423-18be7a10bfe4.xml.macaon	151	27	depuis	depuis	prep	prep	_	26	mod	_	_	I:Locating:FE:Location:G:128
d10005ba-0505-4739-a423-18be7a10bfe4.xml.macaon	152	28	la	le	det	det	_	29	det	_	_	I:Locating:FE:Location:G:128	B:Becoming:FE:Final_category:G:150
d10005ba-0505-4739-a423-18be7a10bfe4.xml.macaon	153	29	République	République	nc	nc	_	27	obj	_	_	I:Locating:FE:Location:G:128	I:Becoming:FE:Final_category:G:150
d10005ba-0505-4739-a423-18be7a10bfe4.xml.macaon	154	30	démocratique	démocratique	adj	adj	_	29	mod	_	_	I:Locating:FE:Location:G:128	I:Becoming:FE:Final_category:G:150
d10005ba-0505-4739-a423-18be7a10bfe4.xml.macaon	155	31	du	du	prep	prep	_	26	mod	_	_	I:Locating:FE:Location:G:128	I:Becoming:FE:Final_category:G:150
d10005ba-0505-4739-a423-18be7a10bfe4.xml.macaon	156	32	Congo	Congo	np	np	_	31	obj	_	_	I:Locating:FE:Location:G:128	I:Becoming:FE:Final_category:G:150
d10005ba-0505-4739-a423-18be7a10bfe4.xml.macaon	157	33	.	.	poncts	poncts	_	4	ponct	_	_

d10005ba-0505-4739-a423-18be7a10bfe4.xml.macaon	158	1	L'	L'	det	det	_	2	det	_	_
d10005ba-0505-4739-a423-18be7a10bfe4.xml.macaon	159	2	os	os	nc	nc	_	3	suj	_	_
d10005ba-0505-4739-a423-18be7a10bfe4.xml.macaon	160	3	est	être	v	v	_	_	_	_	_
d10005ba-0505-4739-a423-18be7a10bfe4.xml.macaon	161	4	aujourd'hui	aujourd'hui	adv	adv	_	5	mod	_	_
d10005ba-0505-4739-a423-18be7a10bfe4.xml.macaon	162	5	exposé	exposer	vppart	vppart	_	3	ats	_	_
d10005ba-0505-4739-a423-18be7a10bfe4.xml.macaon	163	6	au	au	prep	prep	_	5	mod	_	_
d10005ba-0505-4739-a423-18be7a10bfe4.xml.macaon	164	7	Muséum	Muséum	np	np	_	6	obj	_	_
d10005ba-0505-4739-a423-18be7a10bfe4.xml.macaon	165	8	des	des	prep	prep	_	5	mod	_	_
d10005ba-0505-4739-a423-18be7a10bfe4.xml.macaon	166	9	Sciences	science	nc	nc	_	8	obj	_	_
d10005ba-0505-4739-a423-18be7a10bfe4.xml.macaon	167	10	naturelles	naturel	adj	adj	_	9	mod	_	_
d10005ba-0505-4739-a423-18be7a10bfe4.xml.macaon	168	11	à	à	prep	prep	_	10	dep	_	_
d10005ba-0505-4739-a423-18be7a10bfe4.xml.macaon	169	12	Bruxelles	Bruxelles	np	np	_	11	obj	_	_
d10005ba-0505-4739-a423-18be7a10bfe4.xml.macaon	170	13	en	en	prep	prep	_	10	dep	_	_
d10005ba-0505-4739-a423-18be7a10bfe4.xml.macaon	171	14	Belgique	Belgique	np	np	_	13	obj	_	_
d10005ba-0505-4739-a423-18be7a10bfe4.xml.macaon	172	15	.	.	poncts	poncts	_	3	ponct	_	_

d10005ba-0505-4739-a423-18be7a10bfe4.xml.macaon	173	1	Description	description	nc	nc	_	_	_	_	_

d10005ba-0505-4739-a423-18be7a10bfe4.xml.macaon	174	1	L'	L'	det	det	_	2	det	_	_
d10005ba-0505-4739-a423-18be7a10bfe4.xml.macaon	175	2	os	os	nc	nc	_	_	_	_	_
d10005ba-0505-4739-a423-18be7a10bfe4.xml.macaon	176	3	d'	de	prep	prep	_	2	dep	_	_
d10005ba-0505-4739-a423-18be7a10bfe4.xml.macaon	177	4	Ishango	Ishango	np	np	_	3	obj	_	_
d10005ba-0505-4739-a423-18be7a10bfe4.xml.macaon	178	5	.	.	poncts	poncts	_	4	__JOKER__	_	_

d10005ba-0505-4739-a423-18be7a10bfe4.xml.macaon	179	1	Il	il	cln	cln	_	2	suj	_	_	B:Dimension:FE:Object:G:180	B:Age:FE:Entity:G:185
d10005ba-0505-4739-a423-18be7a10bfe4.xml.macaon	180	2	mesure	mesurer	v	v	_	_	_	_	_	B:Dimension:TARGET:mesurer:G:180	B:Age:FE:Attribute:G:185
d10005ba-0505-4739-a423-18be7a10bfe4.xml.macaon	181	3	10	10	det	det	_	4	det	_	_	B:Dimension:FE:Measurement:G:180	I:Age:FE:Attribute:G:185
d10005ba-0505-4739-a423-18be7a10bfe4.xml.macaon	182	4	cm	centimètre	nc	nc	_	2	obj	_	_	I:Dimension:FE:Measurement:G:180	I:Age:FE:Attribute:G:185
d10005ba-0505-4739-a423-18be7a10bfe4.xml.macaon	183	5	environ	environ	adv	adv	_	4	mod	_	_	I:Dimension:FE:Measurement:G:180	I:Age:FE:Attribute:G:185
d10005ba-0505-4739-a423-18be7a10bfe4.xml.macaon	184	6	et	et	coo	coo	_	4	coord	_	_
d10005ba-0505-4739-a423-18be7a10bfe4.xml.macaon	185	7	date	date	nc	nc	_	6	dep_coord	_	_	B:Age:TARGET:date:G:185
d10005ba-0505-4739-a423-18be7a10bfe4.xml.macaon	186	8	du	du	prep	prep	_	7	dep	_	_	B:Age:FE:Age:G:185
d10005ba-0505-4739-a423-18be7a10bfe4.xml.macaon	187	9	paléolithique	paléolithique	nc	nc	_	8	obj	_	_	I:Age:FE:Age:G:185
d10005ba-0505-4739-a423-18be7a10bfe4.xml.macaon	188	10	supérieur	supérieur	adj	adj	_	9	mod	_	_	I:Age:FE:Age:G:185
d10005ba-0505-4739-a423-18be7a10bfe4.xml.macaon	189	11	(	(	ponctw	ponctw	_	9	ponct	_	_	I:Age:FE:Age:G:185
d10005ba-0505-4739-a423-18be7a10bfe4.xml.macaon	190	12	vers	ver	nc	nc	_	9	mod	_	_	I:Age:FE:Age:G:185
d10005ba-0505-4739-a423-18be7a10bfe4.xml.macaon	191	13	-	-	ponctw	ponctw	_	12	ponct	_	_	I:Age:FE:Age:G:185
d10005ba-0505-4739-a423-18be7a10bfe4.xml.macaon	192	14	20#000	20#000	nc	nc	_	12	mod	_	_	I:Age:FE:Age:G:185
d10005ba-0505-4739-a423-18be7a10bfe4.xml.macaon	193	15	)	)	ponctw	ponctw	_	7	ponct	_	_	I:Age:FE:Age:G:185
d10005ba-0505-4739-a423-18be7a10bfe4.xml.macaon	194	16	.	.	poncts	poncts	_	2	ponct	_	_

d10005ba-0505-4739-a423-18be7a10bfe4.xml.macaon	195	1	L'	L'	det	det	_	2	det	_	_
d10005ba-0505-4739-a423-18be7a10bfe4.xml.macaon	196	2	os	os	nc	nc	_	3	suj	_	_
d10005ba-0505-4739-a423-18be7a10bfe4.xml.macaon	197	3	est	être	v	v	_	_	_	_	_
d10005ba-0505-4739-a423-18be7a10bfe4.xml.macaon	198	4	intéressant	intéressant	adj	adj	_	3	ats	_	_
d10005ba-0505-4739-a423-18be7a10bfe4.xml.macaon	199	5	parce#qu'	parce#que	csu	csu	_	4	dep	_	_
d10005ba-0505-4739-a423-18be7a10bfe4.xml.macaon	200	6	il	il	cln	cln	_	7	suj	_	_
d10005ba-0505-4739-a423-18be7a10bfe4.xml.macaon	201	7	présente	présenter	v	v	_	5	obj	_	_
d10005ba-0505-4739-a423-18be7a10bfe4.xml.macaon	202	8	des	un	det	det	_	9	det	_	_
d10005ba-0505-4739-a423-18be7a10bfe4.xml.macaon	203	9	entailles	entaille	nc	nc	_	7	obj	_	_
d10005ba-0505-4739-a423-18be7a10bfe4.xml.macaon	204	10	.	.	poncts	poncts	_	3	ponct	_	_

d10005ba-0505-4739-a423-18be7a10bfe4.xml.macaon	205	1	Les	les	det	det	_	2	det	_	_
d10005ba-0505-4739-a423-18be7a10bfe4.xml.macaon	206	2	entailles	entaille	nc	nc	_	3	suj	_	_
d10005ba-0505-4739-a423-18be7a10bfe4.xml.macaon	207	3	diffèrent	différer	v	v	_	_	_	_	_
d10005ba-0505-4739-a423-18be7a10bfe4.xml.macaon	208	4	d'	de	prep	prep	_	3	de_obj	_	_
d10005ba-0505-4739-a423-18be7a10bfe4.xml.macaon	209	5	une	un	det	det	_	6	det	_	_
d10005ba-0505-4739-a423-18be7a10bfe4.xml.macaon	210	6	colonne	colonne	nc	nc	_	4	obj	_	_
d10005ba-0505-4739-a423-18be7a10bfe4.xml.macaon	211	7	à	à	prep	prep	_	6	dep	_	_
d10005ba-0505-4739-a423-18be7a10bfe4.xml.macaon	212	8	l'autre	l'autre	vinf	vinf	_	7	obj	_	_
d10005ba-0505-4739-a423-18be7a10bfe4.xml.macaon	213	9	.	.	poncts	poncts	_	3	ponct	_	_

d10005ba-0505-4739-a423-18be7a10bfe4.xml.macaon	214	1	Il	il	cln	cln	_	3	suj	_	_
d10005ba-0505-4739-a423-18be7a10bfe4.xml.macaon	215	2	ne	ne	advneg	advneg	_	3	mod	_	_
d10005ba-0505-4739-a423-18be7a10bfe4.xml.macaon	216	3	peut	pouvoir	v	v	_	_	_	_	_
d10005ba-0505-4739-a423-18be7a10bfe4.xml.macaon	217	4	donc	donc	adv	adv	_	3	mod	_	_
d10005ba-0505-4739-a423-18be7a10bfe4.xml.macaon	218	5	pas	pas	advneg	advneg	_	3	mod	_	_
d10005ba-0505-4739-a423-18be7a10bfe4.xml.macaon	219	6	s'	s'	clo	clo	_	7	__JOKER__	_	_
d10005ba-0505-4739-a423-18be7a10bfe4.xml.macaon	220	7	agir	agir	vinf	vinf	_	3	obj	_	_	B:OTHER:G
d10005ba-0505-4739-a423-18be7a10bfe4.xml.macaon	221	8	d'	de	prep	prep	_	7	de_obj	_	_
d10005ba-0505-4739-a423-18be7a10bfe4.xml.macaon	222	9	une	un	det	det	_	11	det	_	_
d10005ba-0505-4739-a423-18be7a10bfe4.xml.macaon	223	10	simple	simple	adj	adj	_	11	mod	_	_
d10005ba-0505-4739-a423-18be7a10bfe4.xml.macaon	224	11	décoration	décoration	nc	nc	_	8	obj	_	_
d10005ba-0505-4739-a423-18be7a10bfe4.xml.macaon	225	12	.	.	poncts	poncts	_	3	ponct	_	_

d10005ba-0505-4739-a423-18be7a10bfe4.xml.macaon	226	1	En#fait	en#fait	adv	adv	_	6	mod	_	_
d10005ba-0505-4739-a423-18be7a10bfe4.xml.macaon	227	2	,	,	ponctw	ponctw	_	6	ponct	_	_
d10005ba-0505-4739-a423-18be7a10bfe4.xml.macaon	228	3	les	le	det	det	_	4	det	_	_
d10005ba-0505-4739-a423-18be7a10bfe4.xml.macaon	229	4	entailles	entaille	nc	nc	_	6	suj	_	_
d10005ba-0505-4739-a423-18be7a10bfe4.xml.macaon	230	5	sont	être	v	v	_	6	aux_tps	_	_
d10005ba-0505-4739-a423-18be7a10bfe4.xml.macaon	231	6	groupées	grouper	vppart	vppart	_	_	_	_	_
d10005ba-0505-4739-a423-18be7a10bfe4.xml.macaon	232	7	en	en	prep	prep	_	6	mod	_	_
d10005ba-0505-4739-a423-18be7a10bfe4.xml.macaon	233	8	plusieurs	plusieurs	det	det	_	9	det	_	_
d10005ba-0505-4739-a423-18be7a10bfe4.xml.macaon	234	9	groupes	groupe	nc	nc	_	7	obj	_	_
d10005ba-0505-4739-a423-18be7a10bfe4.xml.macaon	235	10	et	et	coo	coo	_	6	coord	_	_
d10005ba-0505-4739-a423-18be7a10bfe4.xml.macaon	236	11	alignés	aligner	vppart	vppart	_	10	dep_coord	_	_
d10005ba-0505-4739-a423-18be7a10bfe4.xml.macaon	237	12	sur	sur	prep	prep	_	11	mod	_	_
d10005ba-0505-4739-a423-18be7a10bfe4.xml.macaon	238	13	trois	trois	det	det	_	14	det	_	_
d10005ba-0505-4739-a423-18be7a10bfe4.xml.macaon	239	14	colonnes	colonne	nc	nc	_	12	obj	_	_
d10005ba-0505-4739-a423-18be7a10bfe4.xml.macaon	240	15	.	.	poncts	poncts	_	6	ponct	_	_

d10005ba-0505-4739-a423-18be7a10bfe4.xml.macaon	241	1	Les	les	det	det	_	2	det	_	_
d10005ba-0505-4739-a423-18be7a10bfe4.xml.macaon	242	2	groupes	groupe	nc	nc	_	5	suj	_	_
d10005ba-0505-4739-a423-18be7a10bfe4.xml.macaon	243	3	d'	de	prep	prep	_	2	dep	_	_
d10005ba-0505-4739-a423-18be7a10bfe4.xml.macaon	244	4	entailles	entaille	nc	nc	_	3	obj	_	_
d10005ba-0505-4739-a423-18be7a10bfe4.xml.macaon	245	5	représentent	représenter	v	v	_	_	_	_	_
d10005ba-0505-4739-a423-18be7a10bfe4.xml.macaon	246	6	des	un	det	det	_	7	det	_	_
d10005ba-0505-4739-a423-18be7a10bfe4.xml.macaon	247	7	nombres	nombre	nc	nc	_	5	obj	_	_
d10005ba-0505-4739-a423-18be7a10bfe4.xml.macaon	248	8	naturels	naturel	adj	adj	_	7	mod	_	_
d10005ba-0505-4739-a423-18be7a10bfe4.xml.macaon	249	9	.	.	poncts	poncts	_	5	ponct	_	_

d10005ba-0505-4739-a423-18be7a10bfe4.xml.macaon	250	1	Les	les	det	det	_	2	det	_	_
d10005ba-0505-4739-a423-18be7a10bfe4.xml.macaon	251	2	entiers	entier	nc	nc	_	4	suj	_	_
d10005ba-0505-4739-a423-18be7a10bfe4.xml.macaon	252	3	naturels	naturel	adj	adj	_	2	mod	_	_
d10005ba-0505-4739-a423-18be7a10bfe4.xml.macaon	253	4	sont	être	v	v	_	6	aux_tps	_	_
d10005ba-0505-4739-a423-18be7a10bfe4.xml.macaon	254	5	ici	ici	adv	adv	_	6	mod	_	_
d10005ba-0505-4739-a423-18be7a10bfe4.xml.macaon	255	6	notés	noter	vppart	vppart	_	_	_	_	_
d10005ba-0505-4739-a423-18be7a10bfe4.xml.macaon	256	7	dans	dans	prep	prep	_	6	mod	_	_
d10005ba-0505-4739-a423-18be7a10bfe4.xml.macaon	257	8	un	un	det	det	_	9	det	_	_
d10005ba-0505-4739-a423-18be7a10bfe4.xml.macaon	258	9	système	système	nc	nc	_	7	obj	_	_
d10005ba-0505-4739-a423-18be7a10bfe4.xml.macaon	259	10	unaire	unaire	adj	adj	_	9	mod	_	_
d10005ba-0505-4739-a423-18be7a10bfe4.xml.macaon	260	11	.	.	poncts	poncts	_	6	__JOKER__	_	_

d10005ba-0505-4739-a423-18be7a10bfe4.xml.macaon	261	1	L'	L'	det	det	_	2	det	_	_
d10005ba-0505-4739-a423-18be7a10bfe4.xml.macaon	262	2	entier	entier	nc	nc	_	5	suj	_	_
d10005ba-0505-4739-a423-18be7a10bfe4.xml.macaon	263	3	naturel	naturel	adj	adj	_	2	mod	_	_
d10005ba-0505-4739-a423-18be7a10bfe4.xml.macaon	264	4	5	5	adj	adj	_	2	mod	_	_
d10005ba-0505-4739-a423-18be7a10bfe4.xml.macaon	265	5	correspond	correspondre	v	v	_	_	_	_	_
d10005ba-0505-4739-a423-18be7a10bfe4.xml.macaon	266	6	à	à	prep	prep	_	5	a_obj	_	_
d10005ba-0505-4739-a423-18be7a10bfe4.xml.macaon	267	7	un	un	det	det	_	8	det	_	_
d10005ba-0505-4739-a423-18be7a10bfe4.xml.macaon	268	8	groupe	groupe	nc	nc	_	6	obj	_	_
d10005ba-0505-4739-a423-18be7a10bfe4.xml.macaon	269	9	de	de	prep	prep	_	8	dep	_	_
d10005ba-0505-4739-a423-18be7a10bfe4.xml.macaon	270	10	5	5	det	det	_	11	det	_	_
d10005ba-0505-4739-a423-18be7a10bfe4.xml.macaon	271	11	entailles	entaille	nc	nc	_	9	obj	_	_
d10005ba-0505-4739-a423-18be7a10bfe4.xml.macaon	272	12	.	.	poncts	poncts	_	5	ponct	_	_

d10005ba-0505-4739-a423-18be7a10bfe4.xml.macaon	273	1	Aujourd'hui	aujourd'hui	adv	adv	_	7	mod	_	_
d10005ba-0505-4739-a423-18be7a10bfe4.xml.macaon	274	2	,	,	ponctw	ponctw	_	7	ponct	_	_
d10005ba-0505-4739-a423-18be7a10bfe4.xml.macaon	275	3	ce	ce	det	det	_	4	det	_	_
d10005ba-0505-4739-a423-18be7a10bfe4.xml.macaon	276	4	système	système	nc	nc	_	7	suj	_	_
d10005ba-0505-4739-a423-18be7a10bfe4.xml.macaon	277	5	de	de	prep	prep	_	4	dep	_	_
d10005ba-0505-4739-a423-18be7a10bfe4.xml.macaon	278	6	numération	numération	nc	nc	_	5	obj	_	_
d10005ba-0505-4739-a423-18be7a10bfe4.xml.macaon	279	7	est	être	v	v	_	_	_	_	_
d10005ba-0505-4739-a423-18be7a10bfe4.xml.macaon	280	8	toujours	toujours	adv	adv	_	9	mod	_	_
d10005ba-0505-4739-a423-18be7a10bfe4.xml.macaon	281	9	utile	utile	adj	adj	_	7	ats	_	_
d10005ba-0505-4739-a423-18be7a10bfe4.xml.macaon	282	10	,	,	ponctw	ponctw	_	9	ponct	_	_
d10005ba-0505-4739-a423-18be7a10bfe4.xml.macaon	283	11	par#exemple	par#exemple	adv	adv	_	9	mod	_	_
d10005ba-0505-4739-a423-18be7a10bfe4.xml.macaon	284	12	pour	pour	prep	prep	_	7	mod	_	_
d10005ba-0505-4739-a423-18be7a10bfe4.xml.macaon	285	13	noter	noter	vinf	vinf	_	12	obj	_	_
d10005ba-0505-4739-a423-18be7a10bfe4.xml.macaon	286	14	les	le	det	det	_	15	det	_	_
d10005ba-0505-4739-a423-18be7a10bfe4.xml.macaon	287	15	scores	score	nc	nc	_	13	obj	_	_
d10005ba-0505-4739-a423-18be7a10bfe4.xml.macaon	288	16	dans	dans	prep	prep	_	13	mod	_	_
d10005ba-0505-4739-a423-18be7a10bfe4.xml.macaon	289	17	un	un	det	det	_	18	det	_	_
d10005ba-0505-4739-a423-18be7a10bfe4.xml.macaon	290	18	sport	sport	nc	nc	_	16	obj	_	_
d10005ba-0505-4739-a423-18be7a10bfe4.xml.macaon	291	19	.	.	poncts	poncts	_	7	ponct	_	_

d10005ba-0505-4739-a423-18be7a10bfe4.xml.macaon	292	1	De	de	prep	prep	_	9	mod	_	_
d10005ba-0505-4739-a423-18be7a10bfe4.xml.macaon	293	2	manière	manière	nc	nc	_	1	obj	_	_
d10005ba-0505-4739-a423-18be7a10bfe4.xml.macaon	294	3	certaine	certain	adj	adj	_	2	mod	_	_
d10005ba-0505-4739-a423-18be7a10bfe4.xml.macaon	295	4	,	,	ponctw	ponctw	_	9	ponct	_	_
d10005ba-0505-4739-a423-18be7a10bfe4.xml.macaon	296	5	l'	le	det	det	_	6	det	_	_
d10005ba-0505-4739-a423-18be7a10bfe4.xml.macaon	297	6	os	os	nc	nc	_	9	suj	_	_
d10005ba-0505-4739-a423-18be7a10bfe4.xml.macaon	298	7	d'	de	prep	prep	_	6	dep	_	_
d10005ba-0505-4739-a423-18be7a10bfe4.xml.macaon	299	8	Ishango	Ishango	np	np	_	7	obj	_	_
d10005ba-0505-4739-a423-18be7a10bfe4.xml.macaon	300	9	démontre	démontrer	v	v	_	_	_	_	_
d10005ba-0505-4739-a423-18be7a10bfe4.xml.macaon	301	10	que	que	csu	csu	_	9	obj	_	_
d10005ba-0505-4739-a423-18be7a10bfe4.xml.macaon	302	11	l'	le	det	det	_	12	det	_	_
d10005ba-0505-4739-a423-18be7a10bfe4.xml.macaon	303	12	homme	homme	nc	nc	_	13	suj	_	_
d10005ba-0505-4739-a423-18be7a10bfe4.xml.macaon	304	13	savait	savoir	v	v	_	10	obj	_	_
d10005ba-0505-4739-a423-18be7a10bfe4.xml.macaon	305	14	compter	compter	vinf	vinf	_	13	obj	_	_
d10005ba-0505-4739-a423-18be7a10bfe4.xml.macaon	306	15	au	au	prep	prep	_	14	mod	_	_
d10005ba-0505-4739-a423-18be7a10bfe4.xml.macaon	307	16	Paléolithique	Paléolithique	np	np	_	15	obj	_	_
d10005ba-0505-4739-a423-18be7a10bfe4.xml.macaon	308	17	,	,	ponctw	ponctw	_	16	ponct	_	_
d10005ba-0505-4739-a423-18be7a10bfe4.xml.macaon	309	18	bien	bien	adv	adv	_	15	mod	_	_
d10005ba-0505-4739-a423-18be7a10bfe4.xml.macaon	310	19	avant	avant	prep	prep	_	14	mod	_	_
d10005ba-0505-4739-a423-18be7a10bfe4.xml.macaon	311	20	l'	le	det	det	_	21	det	_	_
d10005ba-0505-4739-a423-18be7a10bfe4.xml.macaon	312	21	apparition	apparition	nc	nc	_	19	obj	_	_
d10005ba-0505-4739-a423-18be7a10bfe4.xml.macaon	313	22	de#l'	de#l'	prep	prep	_	14	mod	_	_
d10005ba-0505-4739-a423-18be7a10bfe4.xml.macaon	314	23	écriture	écriture	nc	nc	_	22	obj	_	_
d10005ba-0505-4739-a423-18be7a10bfe4.xml.macaon	315	24	.	.	poncts	poncts	_	9	ponct	_	_

d10005ba-0505-4739-a423-18be7a10bfe4.xml.macaon	316	1	Un	un	det	det	_	2	det	_	_
d10005ba-0505-4739-a423-18be7a10bfe4.xml.macaon	317	2	artefact	artefact	nc	nc	_	_	_	_	_
d10005ba-0505-4739-a423-18be7a10bfe4.xml.macaon	318	3	mathématique	mathématique	adj	adj	_	2	mod	_	_
d10005ba-0505-4739-a423-18be7a10bfe4.xml.macaon	319	4	?	?	poncts	poncts	_	3	__JOKER__	_	_

d10005ba-0505-4739-a423-18be7a10bfe4.xml.macaon	320	1	Première	première	adj	adj	_	2	mod	_	_
d10005ba-0505-4739-a423-18be7a10bfe4.xml.macaon	321	2	colonne	colonne	nc	nc	_	_	_	_	_
d10005ba-0505-4739-a423-18be7a10bfe4.xml.macaon	322	3	d'	de	prep	prep	_	2	dep	_	_
d10005ba-0505-4739-a423-18be7a10bfe4.xml.macaon	323	4	entailles	entaille	nc	nc	_	3	obj	_	_

d10005ba-0505-4739-a423-18be7a10bfe4.xml.macaon	324	1	Deuxième	deuxième	adj	adj	_	2	mod	_	_
d10005ba-0505-4739-a423-18be7a10bfe4.xml.macaon	325	2	colonne	colonne	nc	nc	_	_	_	_	_
d10005ba-0505-4739-a423-18be7a10bfe4.xml.macaon	326	3	d'	de	prep	prep	_	2	dep	_	_
d10005ba-0505-4739-a423-18be7a10bfe4.xml.macaon	327	4	entailles	entaille	nc	nc	_	3	obj	_	_

d10005ba-0505-4739-a423-18be7a10bfe4.xml.macaon	328	1	Troisième	troisième	adj	adj	_	_	_	_	_
d10005ba-0505-4739-a423-18be7a10bfe4.xml.macaon	329	2	et	et	coo	coo	_	1	coord	_	_
d10005ba-0505-4739-a423-18be7a10bfe4.xml.macaon	330	3	dernière	dernier	adj	adj	_	4	mod	_	_
d10005ba-0505-4739-a423-18be7a10bfe4.xml.macaon	331	4	colonne	colonne	nc	nc	_	2	dep_coord	_	_
d10005ba-0505-4739-a423-18be7a10bfe4.xml.macaon	332	5	d'	de	prep	prep	_	4	dep	_	_
d10005ba-0505-4739-a423-18be7a10bfe4.xml.macaon	333	6	entailles	entaille	nc	nc	_	5	obj	_	_

d10005ba-0505-4739-a423-18be7a10bfe4.xml.macaon	334	1	Cependant	cependant	adv	adv	_	5	mod	_	_
d10005ba-0505-4739-a423-18be7a10bfe4.xml.macaon	335	2	,	,	ponctw	ponctw	_	5	ponct	_	_
d10005ba-0505-4739-a423-18be7a10bfe4.xml.macaon	336	3	on	on	cln	cln	_	5	suj	_	_
d10005ba-0505-4739-a423-18be7a10bfe4.xml.macaon	337	4	ne	ne	advneg	advneg	_	5	mod	_	_
d10005ba-0505-4739-a423-18be7a10bfe4.xml.macaon	338	5	sait	savoir	v	v	_	_	_	_	_
d10005ba-0505-4739-a423-18be7a10bfe4.xml.macaon	339	6	pas	pas	advneg	advneg	_	5	mod	_	_
d10005ba-0505-4739-a423-18be7a10bfe4.xml.macaon	340	7	ce#que	ce#que	pro	pro	_	5	__JOKER__	_	_
d10005ba-0505-4739-a423-18be7a10bfe4.xml.macaon	341	8	représente	représenter	v	v	_	7	mod_rel	_	_
d10005ba-0505-4739-a423-18be7a10bfe4.xml.macaon	342	9	cette	ce	det	det	_	10	det	_	_
d10005ba-0505-4739-a423-18be7a10bfe4.xml.macaon	343	10	séquence	séquence	nc	nc	_	8	obj	_	_
d10005ba-0505-4739-a423-18be7a10bfe4.xml.macaon	344	11	d'	de	prep	prep	_	10	dep	_	_
d10005ba-0505-4739-a423-18be7a10bfe4.xml.macaon	345	12	entiers	entier	nc	nc	_	11	obj	_	_
d10005ba-0505-4739-a423-18be7a10bfe4.xml.macaon	346	13	naturels	naturel	adj	adj	_	12	mod	_	_
d10005ba-0505-4739-a423-18be7a10bfe4.xml.macaon	347	14	.	.	poncts	poncts	_	5	ponct	_	_

d10005ba-0505-4739-a423-18be7a10bfe4.xml.macaon	348	1	L'	L'	det	det	_	2	det	_	_
d10005ba-0505-4739-a423-18be7a10bfe4.xml.macaon	349	2	os	os	nc	nc	_	3	suj	_	_
d10005ba-0505-4739-a423-18be7a10bfe4.xml.macaon	350	3	est	être	v	v	_	_	_	_	_
d10005ba-0505-4739-a423-18be7a10bfe4.xml.macaon	351	4	-il	-il	cln	cln	_	3	suj	_	_
d10005ba-0505-4739-a423-18be7a10bfe4.xml.macaon	352	5	l'	le	det	det	_	6	det	_	_
d10005ba-0505-4739-a423-18be7a10bfe4.xml.macaon	353	6	inscription	inscription	nc	nc	_	3	ats	_	_
d10005ba-0505-4739-a423-18be7a10bfe4.xml.macaon	354	7	d'	de	prep	prep	_	6	dep	_	_
d10005ba-0505-4739-a423-18be7a10bfe4.xml.macaon	355	8	un	un	det	det	_	10	det	_	_	B:Accomplishment:FE:Goal:G:358
d10005ba-0505-4739-a423-18be7a10bfe4.xml.macaon	356	9	simple	simple	adj	adj	_	10	mod	_	_	I:Accomplishment:FE:Goal:G:358
d10005ba-0505-4739-a423-18be7a10bfe4.xml.macaon	357	10	dénombrement	dénombrement	nc	nc	_	7	obj	_	_	I:Accomplishment:FE:Goal:G:358
d10005ba-0505-4739-a423-18be7a10bfe4.xml.macaon	358	11	réalisé	réaliser	vppart	vppart	_	10	mod	_	_	B:Accomplishment:TARGET:réaliser:G:358
d10005ba-0505-4739-a423-18be7a10bfe4.xml.macaon	359	12	?	?	poncts	poncts	_	3	ponct	_	_

d10005ba-0505-4739-a423-18be7a10bfe4.xml.macaon	360	1	Ou	ou	coo	coo	_	_	_	_	_
d10005ba-0505-4739-a423-18be7a10bfe4.xml.macaon	361	2	au#contraire	au#contraire	adv	adv	_	3	mod	_	_
d10005ba-0505-4739-a423-18be7a10bfe4.xml.macaon	362	3	communique	communiquer	v	v	_	1	dep_coord	_	_
d10005ba-0505-4739-a423-18be7a10bfe4.xml.macaon	363	4	-t-il	-t-il	cln	cln	_	3	suj	_	_
d10005ba-0505-4739-a423-18be7a10bfe4.xml.macaon	364	5	une	un	det	det	_	6	det	_	_
d10005ba-0505-4739-a423-18be7a10bfe4.xml.macaon	365	6	connaissance	connaissance	nc	nc	_	3	obj	_	_	B:Awareness:TARGET:connaissance:G:365
d10005ba-0505-4739-a423-18be7a10bfe4.xml.macaon	366	7	primitive	primitif	adj	adj	_	6	mod	_	_
d10005ba-0505-4739-a423-18be7a10bfe4.xml.macaon	367	8	de#l'	de#l'	nc	nc	_	6	mod	_	_	B:Awareness:FE:Content:G:365
d10005ba-0505-4739-a423-18be7a10bfe4.xml.macaon	368	9	arithmétique	arithmétique	adj	adj	_	8	mod	_	_	I:Awareness:FE:Content:G:365
d10005ba-0505-4739-a423-18be7a10bfe4.xml.macaon	369	10	chez	chez	prep	prep	_	3	mod	_	_
d10005ba-0505-4739-a423-18be7a10bfe4.xml.macaon	370	11	l'	le	det	det	_	12	det	_	_	B:Awareness:FE:Cognizer:G:365
d10005ba-0505-4739-a423-18be7a10bfe4.xml.macaon	371	12	homme	homme	nc	nc	_	10	obj	_	_	I:Awareness:FE:Cognizer:G:365
d10005ba-0505-4739-a423-18be7a10bfe4.xml.macaon	372	13	?	?	poncts	poncts	_	3	ponct	_	_

d10005ba-0505-4739-a423-18be7a10bfe4.xml.macaon	373	1	Cette	cette	det	det	_	2	det	_	_
d10005ba-0505-4739-a423-18be7a10bfe4.xml.macaon	374	2	affirmation	affirmation	nc	nc	_	3	suj	_	_
d10005ba-0505-4739-a423-18be7a10bfe4.xml.macaon	375	3	est	être	v	v	_	_	_	_	_
d10005ba-0505-4739-a423-18be7a10bfe4.xml.macaon	376	4	discutable	discutable	adj	adj	_	3	ats	_	_
d10005ba-0505-4739-a423-18be7a10bfe4.xml.macaon	377	5	,	,	ponctw	ponctw	_	3	ponct	_	_
d10005ba-0505-4739-a423-18be7a10bfe4.xml.macaon	378	6	mais	mais	coo	coo	_	3	coord	_	_
d10005ba-0505-4739-a423-18be7a10bfe4.xml.macaon	379	7	il	il	cln	cln	_	8	suj	_	_
d10005ba-0505-4739-a423-18be7a10bfe4.xml.macaon	380	8	existe	exister	v	v	_	6	dep_coord	_	_	B:Existence:TARGET:exister:G:380
d10005ba-0505-4739-a423-18be7a10bfe4.xml.macaon	381	9	tout	tout	adv	adv	_	8	mod	_	_
d10005ba-0505-4739-a423-18be7a10bfe4.xml.macaon	382	10	un	un	det	det	_	11	det	_	_	B:Existence:FE:Entity:G:380
d10005ba-0505-4739-a423-18be7a10bfe4.xml.macaon	383	11	débat	débat	nc	nc	_	8	obj	_	_	I:Existence:FE:Entity:G:380
d10005ba-0505-4739-a423-18be7a10bfe4.xml.macaon	384	12	entre	entre	prep	prep	_	3	mod	_	_	I:Existence:FE:Entity:G:380
d10005ba-0505-4739-a423-18be7a10bfe4.xml.macaon	385	13	archéologues	archéologue	nc	nc	_	12	obj	_	_	I:Existence:FE:Entity:G:380
d10005ba-0505-4739-a423-18be7a10bfe4.xml.macaon	386	14	,	,	ponctw	ponctw	_	13	ponct	_	_	I:Existence:FE:Entity:G:380
d10005ba-0505-4739-a423-18be7a10bfe4.xml.macaon	387	15	mathématiciens	mathématicien	nc	nc	_	13	mod	_	_	I:Existence:FE:Entity:G:380
d10005ba-0505-4739-a423-18be7a10bfe4.xml.macaon	388	16	et	et	coo	coo	_	13	coord	_	_	I:Existence:FE:Entity:G:380
d10005ba-0505-4739-a423-18be7a10bfe4.xml.macaon	389	17	ethnologues	ethnologue	nc	nc	_	16	dep_coord	_	_	I:Existence:FE:Entity:G:380
d10005ba-0505-4739-a423-18be7a10bfe4.xml.macaon	390	18	.	.	poncts	poncts	_	3	ponct	_	_

d10005ba-0505-4739-a423-18be7a10bfe4.xml.macaon	391	1	Les	les	det	det	_	2	det	_	_
d10005ba-0505-4739-a423-18be7a10bfe4.xml.macaon	392	2	nombres	nombre	nc	nc	_	8	suj	_	_
d10005ba-0505-4739-a423-18be7a10bfe4.xml.macaon	393	3	des	des	prep	prep	_	2	dep	_	_
d10005ba-0505-4739-a423-18be7a10bfe4.xml.macaon	394	4	première	premier	adj	adj	_	7	mod	_	_
d10005ba-0505-4739-a423-18be7a10bfe4.xml.macaon	395	5	et	et	coo	coo	_	4	coord	_	_
d10005ba-0505-4739-a423-18be7a10bfe4.xml.macaon	396	6	troisième	troisième	adj	adj	_	7	mod	_	_
d10005ba-0505-4739-a423-18be7a10bfe4.xml.macaon	397	7	colonnes	colonne	nc	nc	_	3	obj	_	_
d10005ba-0505-4739-a423-18be7a10bfe4.xml.macaon	398	8	semblent	sembler	v	v	_	_	_	_	_
d10005ba-0505-4739-a423-18be7a10bfe4.xml.macaon	399	9	avoir	avoir	vinf	vinf	_	8	obj	_	_
d10005ba-0505-4739-a423-18be7a10bfe4.xml.macaon	400	10	une	un	det	det	_	11	det	_	_
d10005ba-0505-4739-a423-18be7a10bfe4.xml.macaon	401	11	signification	signification	nc	nc	_	9	obj	_	_
d10005ba-0505-4739-a423-18be7a10bfe4.xml.macaon	402	12	particulière	particulier	adj	adj	_	11	mod	_	_
d10005ba-0505-4739-a423-18be7a10bfe4.xml.macaon	403	13	.	.	poncts	poncts	_	8	ponct	_	_

d10005ba-0505-4739-a423-18be7a10bfe4.xml.macaon	404	1	Les	les	det	det	_	2	det	_	_
d10005ba-0505-4739-a423-18be7a10bfe4.xml.macaon	405	2	nombres	nombre	nc	nc	_	7	suj	_	_
d10005ba-0505-4739-a423-18be7a10bfe4.xml.macaon	406	3	de	de	prep	prep	_	2	dep	_	_
d10005ba-0505-4739-a423-18be7a10bfe4.xml.macaon	407	4	la	le	det	det	_	6	det	_	_
d10005ba-0505-4739-a423-18be7a10bfe4.xml.macaon	408	5	première	premier	adj	adj	_	6	mod	_	_
d10005ba-0505-4739-a423-18be7a10bfe4.xml.macaon	409	6	colonne	colonne	nc	nc	_	3	obj	_	_
d10005ba-0505-4739-a423-18be7a10bfe4.xml.macaon	410	7	sont	être	v	v	_	_	_	_	_
d10005ba-0505-4739-a423-18be7a10bfe4.xml.macaon	411	8	les	le	det	det	_	10	det	_	_
d10005ba-0505-4739-a423-18be7a10bfe4.xml.macaon	412	9	quatre	quatre	adj	adj	_	10	mod	_	_
d10005ba-0505-4739-a423-18be7a10bfe4.xml.macaon	413	10	nombres	nombre	nc	nc	_	7	ats	_	_
d10005ba-0505-4739-a423-18be7a10bfe4.xml.macaon	414	11	premiers	premier	adj	adj	_	10	mod	_	_
d10005ba-0505-4739-a423-18be7a10bfe4.xml.macaon	415	12	compris	comprendre	vppart	vppart	_	10	mod	_	_	B:OTHER:G
d10005ba-0505-4739-a423-18be7a10bfe4.xml.macaon	416	13	entre	entre	prep	prep	_	12	mod	_	_
d10005ba-0505-4739-a423-18be7a10bfe4.xml.macaon	417	14	10	10	nc	nc	_	13	obj	_	_
d10005ba-0505-4739-a423-18be7a10bfe4.xml.macaon	418	15	et	et	coo	coo	_	14	coord	_	_
d10005ba-0505-4739-a423-18be7a10bfe4.xml.macaon	419	16	20	20	nc	nc	_	15	dep_coord	_	_
d10005ba-0505-4739-a423-18be7a10bfe4.xml.macaon	420	17	,	,	ponctw	ponctw	_	10	ponct	_	_
d10005ba-0505-4739-a423-18be7a10bfe4.xml.macaon	421	18	donnés	donner	vppart	vppart	_	10	mod	_	_	B:OTHER:G
d10005ba-0505-4739-a423-18be7a10bfe4.xml.macaon	422	19	dans	dans	prep	prep	_	18	mod	_	_
d10005ba-0505-4739-a423-18be7a10bfe4.xml.macaon	423	20	l'	le	det	det	_	21	det	_	_
d10005ba-0505-4739-a423-18be7a10bfe4.xml.macaon	424	21	ordre	ordre	nc	nc	_	19	obj	_	_
d10005ba-0505-4739-a423-18be7a10bfe4.xml.macaon	425	22	croissant	croissant	adj	adj	_	21	mod	_	_
d10005ba-0505-4739-a423-18be7a10bfe4.xml.macaon	426	23	.	.	poncts	poncts	_	7	ponct	_	_

d10005ba-0505-4739-a423-18be7a10bfe4.xml.macaon	427	1	Le	le	det	det	_	2	det	_	_
d10005ba-0505-4739-a423-18be7a10bfe4.xml.macaon	428	2	rôle	rôle	nc	nc	_	_	_	_	_
d10005ba-0505-4739-a423-18be7a10bfe4.xml.macaon	429	3	joué	jouer	vppart	vppart	_	2	mod	_	_
d10005ba-0505-4739-a423-18be7a10bfe4.xml.macaon	430	4	par	par	prep	prep	_	3	p_obj	_	_
d10005ba-0505-4739-a423-18be7a10bfe4.xml.macaon	431	5	les	le	det	det	_	6	det	_	_
d10005ba-0505-4739-a423-18be7a10bfe4.xml.macaon	432	6	nombres	nombre	nc	nc	_	4	obj	_	_
d10005ba-0505-4739-a423-18be7a10bfe4.xml.macaon	433	7	premiers	premier	adj	adj	_	6	mod	_	_
d10005ba-0505-4739-a423-18be7a10bfe4.xml.macaon	434	8	en	en	prep	prep	_	13	mod	_	_
d10005ba-0505-4739-a423-18be7a10bfe4.xml.macaon	435	9	arithmétique	arithmétique	nc	nc	_	8	obj	_	_
d10005ba-0505-4739-a423-18be7a10bfe4.xml.macaon	436	10	avait	avoir	v	v	_	13	aux_tps	_	_
d10005ba-0505-4739-a423-18be7a10bfe4.xml.macaon	437	11	-il	-il	cln	cln	_	12	suj	_	_
d10005ba-0505-4739-a423-18be7a10bfe4.xml.macaon	438	12	été	être	vppart	vppart	_	13	aux_pass	_	_
d10005ba-0505-4739-a423-18be7a10bfe4.xml.macaon	439	13	perçu	percevoir	vppart	vppart	_	6	mod	_	_
d10005ba-0505-4739-a423-18be7a10bfe4.xml.macaon	440	14	?	?	poncts	poncts	_	3	ponct	_	_

d10005ba-0505-4739-a423-18be7a10bfe4.xml.macaon	441	1	Les	les	det	det	_	2	det	_	_
d10005ba-0505-4739-a423-18be7a10bfe4.xml.macaon	442	2	nombres	nombre	nc	nc	_	7	suj	_	_
d10005ba-0505-4739-a423-18be7a10bfe4.xml.macaon	443	3	de	de	prep	prep	_	2	dep	_	_
d10005ba-0505-4739-a423-18be7a10bfe4.xml.macaon	444	4	la	le	det	det	_	6	det	_	_
d10005ba-0505-4739-a423-18be7a10bfe4.xml.macaon	445	5	troisième	troisième	adj	adj	_	6	mod	_	_
d10005ba-0505-4739-a423-18be7a10bfe4.xml.macaon	446	6	colonne	colonne	nc	nc	_	3	obj	_	_
d10005ba-0505-4739-a423-18be7a10bfe4.xml.macaon	447	7	sont	être	v	v	_	_	_	_	_
d10005ba-0505-4739-a423-18be7a10bfe4.xml.macaon	448	8	exactement	exactement	adv	adv	_	7	mod	_	_
d10005ba-0505-4739-a423-18be7a10bfe4.xml.macaon	449	9	10	10	det	det	_	13	det	_	_
d10005ba-0505-4739-a423-18be7a10bfe4.xml.macaon	450	10	+	plus	adv	adv	_	11	mod	_	_
d10005ba-0505-4739-a423-18be7a10bfe4.xml.macaon	451	11	1	1	adj	adj	_	13	mod	_	_
d10005ba-0505-4739-a423-18be7a10bfe4.xml.macaon	452	12	;	;	ponctw	ponctw	_	11	ponct	_	_
d10005ba-0505-4739-a423-18be7a10bfe4.xml.macaon	453	13	10	10	nc	nc	_	7	obj	_	_
d10005ba-0505-4739-a423-18be7a10bfe4.xml.macaon	454	14	-	-	ponctw	ponctw	_	13	ponct	_	_
d10005ba-0505-4739-a423-18be7a10bfe4.xml.macaon	455	15	1	1	adj	adj	_	13	mod	_	_
d10005ba-0505-4739-a423-18be7a10bfe4.xml.macaon	456	16	;	;	ponctw	ponctw	_	13	ponct	_	_
d10005ba-0505-4739-a423-18be7a10bfe4.xml.macaon	457	17	20	20	det	det	_	19	det	_	_
d10005ba-0505-4739-a423-18be7a10bfe4.xml.macaon	458	18	+	plus	adv	adv	_	19	mod	_	_
d10005ba-0505-4739-a423-18be7a10bfe4.xml.macaon	459	19	1	1	adj	adj	_	13	mod	_	_
d10005ba-0505-4739-a423-18be7a10bfe4.xml.macaon	460	20	et	et	coo	coo	_	13	coord	_	_
d10005ba-0505-4739-a423-18be7a10bfe4.xml.macaon	461	21	20	20	nc	nc	_	20	dep_coord	_	_
d10005ba-0505-4739-a423-18be7a10bfe4.xml.macaon	462	22	-	-	ponctw	ponctw	_	21	ponct	_	_
d10005ba-0505-4739-a423-18be7a10bfe4.xml.macaon	463	23	1	1	adj	adj	_	20	dep_coord	_	_
d10005ba-0505-4739-a423-18be7a10bfe4.xml.macaon	464	24	.	.	poncts	poncts	_	7	ponct	_	_

d10005ba-0505-4739-a423-18be7a10bfe4.xml.macaon	465	1	La	la	det	det	_	2	det	_	_	B:Awareness:FE:Content:G:469
d10005ba-0505-4739-a423-18be7a10bfe4.xml.macaon	466	2	soustraction	soustraction	nc	nc	_	3	suj	_	_	I:Awareness:FE:Content:G:469
d10005ba-0505-4739-a423-18be7a10bfe4.xml.macaon	467	3	était	être	v	v	_	5	aux_tps	_	_
d10005ba-0505-4739-a423-18be7a10bfe4.xml.macaon	468	4	-elle	-elle	cln	cln	_	5	suj	_	_
d10005ba-0505-4739-a423-18be7a10bfe4.xml.macaon	469	5	connue	connaître	vppart	vppart	_	_	_	_	_	B:Awareness:TARGET:connaître:G:469
d10005ba-0505-4739-a423-18be7a10bfe4.xml.macaon	470	6	?	?	poncts	poncts	_	5	ponct	_	_

d10005ba-0505-4739-a423-18be7a10bfe4.xml.macaon	471	1	60	60	nc	nc	_	2	suj	_	_
d10005ba-0505-4739-a423-18be7a10bfe4.xml.macaon	472	2	est	être	v	v	_	_	_	_	_
d10005ba-0505-4739-a423-18be7a10bfe4.xml.macaon	473	3	la	le	det	det	_	4	det	_	_
d10005ba-0505-4739-a423-18be7a10bfe4.xml.macaon	474	4	somme	somme	nc	nc	_	2	obj	_	_
d10005ba-0505-4739-a423-18be7a10bfe4.xml.macaon	475	5	des	des	prep	prep	_	4	dep	_	_
d10005ba-0505-4739-a423-18be7a10bfe4.xml.macaon	476	6	nombres	nombre	nc	nc	_	5	obj	_	_
d10005ba-0505-4739-a423-18be7a10bfe4.xml.macaon	477	7	de	de	prep	prep	_	6	dep	_	_
d10005ba-0505-4739-a423-18be7a10bfe4.xml.macaon	478	8	la	le	det	det	_	10	det	_	_
d10005ba-0505-4739-a423-18be7a10bfe4.xml.macaon	479	9	première	premier	adj	adj	_	10	mod	_	_
d10005ba-0505-4739-a423-18be7a10bfe4.xml.macaon	480	10	colonne	colonne	nc	nc	_	7	obj	_	_
d10005ba-0505-4739-a423-18be7a10bfe4.xml.macaon	481	11	et	et	coo	coo	_	10	coord	_	_
d10005ba-0505-4739-a423-18be7a10bfe4.xml.macaon	482	12	la	le	det	det	_	13	det	_	_
d10005ba-0505-4739-a423-18be7a10bfe4.xml.macaon	483	13	somme	somme	nc	nc	_	11	dep_coord	_	_
d10005ba-0505-4739-a423-18be7a10bfe4.xml.macaon	484	14	des	des	prep	prep	_	13	dep	_	_
d10005ba-0505-4739-a423-18be7a10bfe4.xml.macaon	485	15	nombres	nombre	nc	nc	_	14	obj	_	_
d10005ba-0505-4739-a423-18be7a10bfe4.xml.macaon	486	16	de	de	prep	prep	_	15	dep	_	_
d10005ba-0505-4739-a423-18be7a10bfe4.xml.macaon	487	17	la	le	det	det	_	19	det	_	_
d10005ba-0505-4739-a423-18be7a10bfe4.xml.macaon	488	18	troisième	troisième	adj	adj	_	19	mod	_	_
d10005ba-0505-4739-a423-18be7a10bfe4.xml.macaon	489	19	colonne	colonne	nc	nc	_	16	obj	_	_
d10005ba-0505-4739-a423-18be7a10bfe4.xml.macaon	490	20	.	.	poncts	poncts	_	2	ponct	_	_

d10005ba-0505-4739-a423-18be7a10bfe4.xml.macaon	491	1	Cette	cette	det	det	_	2	det	_	_
d10005ba-0505-4739-a423-18be7a10bfe4.xml.macaon	492	2	égalité	égalité	nc	nc	_	3	suj	_	_
d10005ba-0505-4739-a423-18be7a10bfe4.xml.macaon	493	3	pourrait	pouvoir	v	v	_	_	_	_	_
d10005ba-0505-4739-a423-18be7a10bfe4.xml.macaon	494	4	très	très	adv	adv	_	5	mod	_	_
d10005ba-0505-4739-a423-18be7a10bfe4.xml.macaon	495	5	bien	bien	adv	adv	_	6	mod	_	_
d10005ba-0505-4739-a423-18be7a10bfe4.xml.macaon	496	6	être	être	vinf	vinf	_	3	obj	_	_
d10005ba-0505-4739-a423-18be7a10bfe4.xml.macaon	497	7	une	un	det	det	_	9	det	_	_
d10005ba-0505-4739-a423-18be7a10bfe4.xml.macaon	498	8	simple	simple	adj	adj	_	9	mod	_	_
d10005ba-0505-4739-a423-18be7a10bfe4.xml.macaon	499	9	coïncidence	coïncidence	nc	nc	_	6	obj	_	_
d10005ba-0505-4739-a423-18be7a10bfe4.xml.macaon	500	10	.	.	poncts	poncts	_	3	ponct	_	_

d10005ba-0505-4739-a423-18be7a10bfe4.xml.macaon	501	1	La	la	det	det	_	2	det	_	_
d10005ba-0505-4739-a423-18be7a10bfe4.xml.macaon	502	2	somme	somme	nc	nc	_	9	suj	_	_
d10005ba-0505-4739-a423-18be7a10bfe4.xml.macaon	503	3	des	des	prep	prep	_	2	dep	_	_
d10005ba-0505-4739-a423-18be7a10bfe4.xml.macaon	504	4	nombres	nombre	nc	nc	_	3	obj	_	_
d10005ba-0505-4739-a423-18be7a10bfe4.xml.macaon	505	5	de	de	prep	prep	_	4	dep	_	_
d10005ba-0505-4739-a423-18be7a10bfe4.xml.macaon	506	6	la	le	det	det	_	8	det	_	_
d10005ba-0505-4739-a423-18be7a10bfe4.xml.macaon	507	7	deuxième	deuxième	adj	adj	_	8	mod	_	_
d10005ba-0505-4739-a423-18be7a10bfe4.xml.macaon	508	8	colonne	colonne	nc	nc	_	5	obj	_	_
d10005ba-0505-4739-a423-18be7a10bfe4.xml.macaon	509	9	vaut	valoir	v	v	_	_	_	_	_
d10005ba-0505-4739-a423-18be7a10bfe4.xml.macaon	510	10	48	48	pro	pro	_	9	__JOKER__	_	_
d10005ba-0505-4739-a423-18be7a10bfe4.xml.macaon	511	11	.	.	poncts	poncts	_	9	ponct	_	_

d10005ba-0505-4739-a423-18be7a10bfe4.xml.macaon	512	1	On	on	cln	cln	_	2	suj	_	_
d10005ba-0505-4739-a423-18be7a10bfe4.xml.macaon	513	2	peut	pouvoir	v	v	_	_	_	_	_
d10005ba-0505-4739-a423-18be7a10bfe4.xml.macaon	514	3	constater	constater	vinf	vinf	_	2	obj	_	_
d10005ba-0505-4739-a423-18be7a10bfe4.xml.macaon	515	4	que	que	csu	csu	_	3	obj	_	_
d10005ba-0505-4739-a423-18be7a10bfe4.xml.macaon	516	5	4	4	det	det	_	6	det	_	_
d10005ba-0505-4739-a423-18be7a10bfe4.xml.macaon	517	6	*	*	nc	nc	_	3	obj	_	_
d10005ba-0505-4739-a423-18be7a10bfe4.xml.macaon	518	7	12	12	adj	adj	_	6	mod	_	_
d10005ba-0505-4739-a423-18be7a10bfe4.xml.macaon	519	8	=	=	ponctw	ponctw	_	6	ponct	_	_
d10005ba-0505-4739-a423-18be7a10bfe4.xml.macaon	520	9	48	48	det	det	_	12	det	_	_
d10005ba-0505-4739-a423-18be7a10bfe4.xml.macaon	521	10	et	et	coo	coo	_	9	__JOKER__	_	_
d10005ba-0505-4739-a423-18be7a10bfe4.xml.macaon	522	11	5	5	det	det	_	12	det	_	_
d10005ba-0505-4739-a423-18be7a10bfe4.xml.macaon	523	12	*	*	nc	nc	_	3	obj	_	_
d10005ba-0505-4739-a423-18be7a10bfe4.xml.macaon	524	13	12	12	adj	adj	_	12	mod	_	_
d10005ba-0505-4739-a423-18be7a10bfe4.xml.macaon	525	14	=	=	ponctw	ponctw	_	12	ponct	_	_
d10005ba-0505-4739-a423-18be7a10bfe4.xml.macaon	526	15	60	60	nc	nc	_	12	mod	_	_
d10005ba-0505-4739-a423-18be7a10bfe4.xml.macaon	527	16	.	.	poncts	poncts	_	2	ponct	_	_

d10005ba-0505-4739-a423-18be7a10bfe4.xml.macaon	528	1	Ce	ce	det	det	_	2	det	_	_
d10005ba-0505-4739-a423-18be7a10bfe4.xml.macaon	529	2	constat	constat	nc	nc	_	3	suj	_	_
d10005ba-0505-4739-a423-18be7a10bfe4.xml.macaon	530	3	sert	servir	v	v	_	_	_	_	_
d10005ba-0505-4739-a423-18be7a10bfe4.xml.macaon	531	4	d'	un	det	det	_	5	det	_	_
d10005ba-0505-4739-a423-18be7a10bfe4.xml.macaon	532	5	argument	argument	nc	nc	_	3	obj	_	_
d10005ba-0505-4739-a423-18be7a10bfe4.xml.macaon	533	6	pour	pour	prep	prep	_	5	dep	_	_
d10005ba-0505-4739-a423-18be7a10bfe4.xml.macaon	534	7	dire#que	dire#que	vinf	vinf	_	6	obj	_	_
d10005ba-0505-4739-a423-18be7a10bfe4.xml.macaon	535	8	les	le	det	det	_	9	det	_	_	B:Awareness:FE:Cognizer:G:540
d10005ba-0505-4739-a423-18be7a10bfe4.xml.macaon	536	9	hommes	homme	nc	nc	_	7	obj	_	_	I:Awareness:FE:Cognizer:G:540
d10005ba-0505-4739-a423-18be7a10bfe4.xml.macaon	537	10	avaient	avoir	v	v	_	3	mod	_	_
d10005ba-0505-4739-a423-18be7a10bfe4.xml.macaon	538	11	une	un	det	det	_	13	det	_	_
d10005ba-0505-4739-a423-18be7a10bfe4.xml.macaon	539	12	bonne	bon	adj	adj	_	13	mod	_	_
d10005ba-0505-4739-a423-18be7a10bfe4.xml.macaon	540	13	connaissance	connaissance	nc	nc	_	10	obj	_	_	B:Awareness:TARGET:connaissance:G:540
d10005ba-0505-4739-a423-18be7a10bfe4.xml.macaon	541	14	intuitive	intuitif	adj	adj	_	13	mod	_	_
d10005ba-0505-4739-a423-18be7a10bfe4.xml.macaon	542	15	des	des	prep	prep	_	10	mod	_	_	B:Awareness:FE:Content:G:540
d10005ba-0505-4739-a423-18be7a10bfe4.xml.macaon	543	16	multiplications	multiplication	nc	nc	_	15	obj	_	_	I:Awareness:FE:Content:G:540
d10005ba-0505-4739-a423-18be7a10bfe4.xml.macaon	544	17	et	et	coo	coo	_	16	coord	_	_	I:Awareness:FE:Content:G:540
d10005ba-0505-4739-a423-18be7a10bfe4.xml.macaon	545	18	divisions	division	nc	nc	_	17	dep_coord	_	_	I:Awareness:FE:Content:G:540
d10005ba-0505-4739-a423-18be7a10bfe4.xml.macaon	546	19	.	.	poncts	poncts	_	3	ponct	_	_

d10005ba-0505-4739-a423-18be7a10bfe4.xml.macaon	547	1	Un	un	det	det	_	2	det	_	_
d10005ba-0505-4739-a423-18be7a10bfe4.xml.macaon	548	2	calendrier	calendrier	nc	nc	_	_	_	_	_
d10005ba-0505-4739-a423-18be7a10bfe4.xml.macaon	549	3	lunaire	lunaire	nc	nc	_	2	mod	_	_
d10005ba-0505-4739-a423-18be7a10bfe4.xml.macaon	550	4	?	?	poncts	poncts	_	2	__JOKER__	_	_

d10005ba-0505-4739-a423-18be7a10bfe4.xml.macaon	551	1	La	la	det	det	_	2	det	_	_
d10005ba-0505-4739-a423-18be7a10bfe4.xml.macaon	552	2	lune	lune	nc	nc	_	7	suj	_	_
d10005ba-0505-4739-a423-18be7a10bfe4.xml.macaon	553	3	:	:	ponctw	ponctw	_	2	ponct	_	_
d10005ba-0505-4739-a423-18be7a10bfe4.xml.macaon	554	4	elle	elle	cln	cln	_	7	suj	_	_
d10005ba-0505-4739-a423-18be7a10bfe4.xml.macaon	555	5	a	avoir	v	v	_	7	aux_tps	_	_
d10005ba-0505-4739-a423-18be7a10bfe4.xml.macaon	556	6	toujours	toujours	adv	adv	_	7	mod	_	_
d10005ba-0505-4739-a423-18be7a10bfe4.xml.macaon	557	7	fasciné	fasciner	vppart	vppart	_	_	_	_	_
d10005ba-0505-4739-a423-18be7a10bfe4.xml.macaon	558	8	l'	le	det	det	_	9	det	_	_
d10005ba-0505-4739-a423-18be7a10bfe4.xml.macaon	559	9	homme	homme	nc	nc	_	7	obj	_	_
d10005ba-0505-4739-a423-18be7a10bfe4.xml.macaon	560	10	!	!	poncts	poncts	_	7	ponct	_	_

d10005ba-0505-4739-a423-18be7a10bfe4.xml.macaon	561	1	Une	une	det	det	_	3	det	_	_
d10005ba-0505-4739-a423-18be7a10bfe4.xml.macaon	562	2	autre	autre	adj	adj	_	3	mod	_	_
d10005ba-0505-4739-a423-18be7a10bfe4.xml.macaon	563	3	hypothèse	hypothèse	nc	nc	_	4	suj	_	_
d10005ba-0505-4739-a423-18be7a10bfe4.xml.macaon	564	4	est	être	v	v	_	_	_	_	_
d10005ba-0505-4739-a423-18be7a10bfe4.xml.macaon	565	5	que	que	csu	csu	_	4	obj	_	_
d10005ba-0505-4739-a423-18be7a10bfe4.xml.macaon	566	6	l'	le	det	det	_	7	det	_	_
d10005ba-0505-4739-a423-18be7a10bfe4.xml.macaon	567	7	os	os	nc	nc	_	10	suj	_	_
d10005ba-0505-4739-a423-18be7a10bfe4.xml.macaon	568	8	d'	de	prep	prep	_	7	dep	_	_
d10005ba-0505-4739-a423-18be7a10bfe4.xml.macaon	569	9	Ishango	Ishango	np	np	_	8	obj	_	_
d10005ba-0505-4739-a423-18be7a10bfe4.xml.macaon	570	10	serait	être	v	v	_	5	obj	_	_
d10005ba-0505-4739-a423-18be7a10bfe4.xml.macaon	571	11	...	...	poncts	poncts	_	4	ponct	_	_

d10005ba-0505-4739-a423-18be7a10bfe4.xml.macaon	572	1	un	un	det	det	_	2	det	_	_
d10005ba-0505-4739-a423-18be7a10bfe4.xml.macaon	573	2	calendrier	calendrier	nc	nc	_	_	_	_	_
d10005ba-0505-4739-a423-18be7a10bfe4.xml.macaon	574	3	lunaire	lunaire	nc	nc	_	2	mod	_	_
d10005ba-0505-4739-a423-18be7a10bfe4.xml.macaon	575	4	.	.	poncts	poncts	_	2	__JOKER__	_	_

d10005ba-0505-4739-a423-18be7a10bfe4.xml.macaon	576	1	Les	les	det	det	_	2	det	_	_
d10005ba-0505-4739-a423-18be7a10bfe4.xml.macaon	577	2	mouvements	mouvement	nc	nc	_	6	suj	_	_
d10005ba-0505-4739-a423-18be7a10bfe4.xml.macaon	578	3	de	de	prep	prep	_	2	dep	_	_
d10005ba-0505-4739-a423-18be7a10bfe4.xml.macaon	579	4	la	le	det	det	_	5	det	_	_
d10005ba-0505-4739-a423-18be7a10bfe4.xml.macaon	580	5	lune	lune	nc	nc	_	3	obj	_	_
d10005ba-0505-4739-a423-18be7a10bfe4.xml.macaon	581	6	peuvent	pouvoir	v	v	_	8	aux_tps	_	_
d10005ba-0505-4739-a423-18be7a10bfe4.xml.macaon	582	7	être	être	vinf	vinf	_	8	aux_pass	_	_
d10005ba-0505-4739-a423-18be7a10bfe4.xml.macaon	583	8	observés	observer	vppart	vppart	_	_	_	_	_
d10005ba-0505-4739-a423-18be7a10bfe4.xml.macaon	584	9	et	et	coo	coo	_	8	__JOKER__	_	_
d10005ba-0505-4739-a423-18be7a10bfe4.xml.macaon	585	10	les	le	det	det	_	11	det	_	_
d10005ba-0505-4739-a423-18be7a10bfe4.xml.macaon	586	11	hommes	homme	nc	nc	_	9	dep_coord	_	_
d10005ba-0505-4739-a423-18be7a10bfe4.xml.macaon	587	12	ont	avoir	v	v	_	13	aux_tps	_	_
d10005ba-0505-4739-a423-18be7a10bfe4.xml.macaon	588	13	noté	noter	vppart	vppart	_	11	mod	_	_
d10005ba-0505-4739-a423-18be7a10bfe4.xml.macaon	589	14	très	très	adv	adv	_	15	mod	_	_
d10005ba-0505-4739-a423-18be7a10bfe4.xml.macaon	590	15	tôt	tôt	adv	adv	_	13	mod	_	_
d10005ba-0505-4739-a423-18be7a10bfe4.xml.macaon	591	16	les	le	det	det	_	17	det	_	_
d10005ba-0505-4739-a423-18be7a10bfe4.xml.macaon	592	17	mouvements	mouvement	nc	nc	_	13	__JOKER__	_	_
d10005ba-0505-4739-a423-18be7a10bfe4.xml.macaon	593	18	des	des	prep	prep	_	13	mod	_	_
d10005ba-0505-4739-a423-18be7a10bfe4.xml.macaon	594	19	astres	astre	nc	nc	_	18	obj	_	_
d10005ba-0505-4739-a423-18be7a10bfe4.xml.macaon	595	20	.	.	poncts	poncts	_	8	ponct	_	_

d10005ba-0505-4739-a423-18be7a10bfe4.xml.macaon	596	1	Cette	cette	det	det	_	2	det	_	_
d10005ba-0505-4739-a423-18be7a10bfe4.xml.macaon	597	2	attitude	attitude	nc	nc	_	3	suj	_	_
d10005ba-0505-4739-a423-18be7a10bfe4.xml.macaon	598	3	montre	montrer	v	v	_	_	_	_	_
d10005ba-0505-4739-a423-18be7a10bfe4.xml.macaon	599	4	une	un	det	det	_	5	det	_	_
d10005ba-0505-4739-a423-18be7a10bfe4.xml.macaon	600	5	volonté	volonté	nc	nc	_	3	obj	_	_
d10005ba-0505-4739-a423-18be7a10bfe4.xml.macaon	601	6	de	de	prep	prep	_	5	dep	_	_
d10005ba-0505-4739-a423-18be7a10bfe4.xml.macaon	602	7	comprendre	comprendre	vinf	vinf	_	6	obj	_	_	B:Awareness:TARGET:comprendre:G:602
d10005ba-0505-4739-a423-18be7a10bfe4.xml.macaon	603	8	les	le	det	det	_	9	det	_	_	B:Awareness:FE:Content:G:602
d10005ba-0505-4739-a423-18be7a10bfe4.xml.macaon	604	9	phénomènes	phénomène	nc	nc	_	7	obj	_	_	I:Awareness:FE:Content:G:602
d10005ba-0505-4739-a423-18be7a10bfe4.xml.macaon	605	10	observés	observer	vppart	vppart	_	9	mod	_	_	I:Awareness:FE:Content:G:602
d10005ba-0505-4739-a423-18be7a10bfe4.xml.macaon	606	11	et	et	coo	coo	_	6	coord	_	_
d10005ba-0505-4739-a423-18be7a10bfe4.xml.macaon	607	12	de	de	prep	prep	_	11	dep_coord	_	_
d10005ba-0505-4739-a423-18be7a10bfe4.xml.macaon	608	13	maitriser	maitriser	vinf	vinf	_	12	obj	_	_
d10005ba-0505-4739-a423-18be7a10bfe4.xml.macaon	609	14	leur	son	det	det	_	15	det	_	_
d10005ba-0505-4739-a423-18be7a10bfe4.xml.macaon	610	15	évolution	évolution	nc	nc	_	13	obj	_	_
d10005ba-0505-4739-a423-18be7a10bfe4.xml.macaon	611	16	.	.	poncts	poncts	_	3	ponct	_	_

d10005ba-0505-4739-a423-18be7a10bfe4.xml.macaon	612	1	Claudia	Claudia	np	np	_	4	suj	_	_
d10005ba-0505-4739-a423-18be7a10bfe4.xml.macaon	613	2	Zaslavsky	Zaslavsky	np	np	_	1	mod	_	_
d10005ba-0505-4739-a423-18be7a10bfe4.xml.macaon	614	3	y	y	clo	clo	_	4	__JOKER__	_	_
d10005ba-0505-4739-a423-18be7a10bfe4.xml.macaon	615	4	voit	voir	v	v	_	_	_	_	_
d10005ba-0505-4739-a423-18be7a10bfe4.xml.macaon	616	5	les	le	det	det	_	6	det	_	_
d10005ba-0505-4739-a423-18be7a10bfe4.xml.macaon	617	6	notations	notation	nc	nc	_	4	obj	_	_
d10005ba-0505-4739-a423-18be7a10bfe4.xml.macaon	618	7	des	des	prep	prep	_	6	dep	_	_
d10005ba-0505-4739-a423-18be7a10bfe4.xml.macaon	619	8	périodes	période	nc	nc	_	7	obj	_	_
d10005ba-0505-4739-a423-18be7a10bfe4.xml.macaon	620	9	de	de	prep	prep	_	8	dep	_	_
d10005ba-0505-4739-a423-18be7a10bfe4.xml.macaon	621	10	menstruation	menstruation	nc	nc	_	9	obj	_	_
d10005ba-0505-4739-a423-18be7a10bfe4.xml.macaon	622	11	d'	de	prep	prep	_	10	dep	_	_
d10005ba-0505-4739-a423-18be7a10bfe4.xml.macaon	623	12	une	un	det	det	_	13	det	_	_
d10005ba-0505-4739-a423-18be7a10bfe4.xml.macaon	624	13	femme	femme	nc	nc	_	11	obj	_	_
d10005ba-0505-4739-a423-18be7a10bfe4.xml.macaon	625	14	.	.	poncts	poncts	_	4	ponct	_	_

d10005ba-0505-4739-a423-18be7a10bfe4.xml.macaon	626	1	Ces	ces	det	det	_	4	det	_	_
d10005ba-0505-4739-a423-18be7a10bfe4.xml.macaon	627	2	deux	deux	adj	adj	_	3	dep	_	_
d10005ba-0505-4739-a423-18be7a10bfe4.xml.macaon	628	3	dernières	dernier	adj	adj	_	4	mod	_	_
d10005ba-0505-4739-a423-18be7a10bfe4.xml.macaon	629	4	hypothèses	hypothèse	nc	nc	_	7	suj	_	_
d10005ba-0505-4739-a423-18be7a10bfe4.xml.macaon	630	5	ne	ne	advneg	advneg	_	7	mod	_	_
d10005ba-0505-4739-a423-18be7a10bfe4.xml.macaon	631	6	se	se	clr	clr	_	7	aff	_	_
d10005ba-0505-4739-a423-18be7a10bfe4.xml.macaon	632	7	contredisent	contredire	v	v	_	_	_	_	_
d10005ba-0505-4739-a423-18be7a10bfe4.xml.macaon	633	8	pas	pas	advneg	advneg	_	7	mod	_	_
d10005ba-0505-4739-a423-18be7a10bfe4.xml.macaon	634	9	forcément	forcément	adv	adv	_	7	mod	_	_
d10005ba-0505-4739-a423-18be7a10bfe4.xml.macaon	635	10	...	...	poncts	poncts	_	7	ponct	_	_
