d24a7ab9-a8cf-4e7a-a14b-1fd28087e2fb.xml.macaon	0	1	vikidia	vikidia	nc	nc	_	_	_	_	_

d24a7ab9-a8cf-4e7a-a14b-1fd28087e2fb.xml.macaon	1	1	d24a7ab9	d24a7ab9	adj	adj	_	3	dep	_	_
d24a7ab9-a8cf-4e7a-a14b-1fd28087e2fb.xml.macaon	2	2	-	-	ponctw	ponctw	_	1	ponct	_	_
d24a7ab9-a8cf-4e7a-a14b-1fd28087e2fb.xml.macaon	3	3	a8cf	a8cf	adj	adj	_	5	mod	_	_
d24a7ab9-a8cf-4e7a-a14b-1fd28087e2fb.xml.macaon	4	4	-	-	ponctw	ponctw	_	3	ponct	_	_
d24a7ab9-a8cf-4e7a-a14b-1fd28087e2fb.xml.macaon	5	5	4e7a	4e7a	nc	nc	_	_	_	_	_
d24a7ab9-a8cf-4e7a-a14b-1fd28087e2fb.xml.macaon	6	6	-	-	ponctw	ponctw	_	5	ponct	_	_
d24a7ab9-a8cf-4e7a-a14b-1fd28087e2fb.xml.macaon	7	7	a14b	a14b	nc	nc	_	5	mod	_	_
d24a7ab9-a8cf-4e7a-a14b-1fd28087e2fb.xml.macaon	8	8	-	-	ponctw	ponctw	_	7	ponct	_	_
d24a7ab9-a8cf-4e7a-a14b-1fd28087e2fb.xml.macaon	9	9	1fd28087e2fb	1fd28087e2fb	nc	nc	_	7	mod	_	_

d24a7ab9-a8cf-4e7a-a14b-1fd28087e2fb.xml.macaon	10	1	ADDED	ADDED	nc	nc	_	_	_	_	_

d24a7ab9-a8cf-4e7a-a14b-1fd28087e2fb.xml.macaon	11	1	2016	2016	adj	adj	_	3	mod	_	_
d24a7ab9-a8cf-4e7a-a14b-1fd28087e2fb.xml.macaon	12	2	-	-	ponctw	ponctw	_	1	ponct	_	_
d24a7ab9-a8cf-4e7a-a14b-1fd28087e2fb.xml.macaon	13	3	06	06	nc	nc	_	_	_	_	_
d24a7ab9-a8cf-4e7a-a14b-1fd28087e2fb.xml.macaon	14	4	-	-	ponctw	ponctw	_	3	ponct	_	_
d24a7ab9-a8cf-4e7a-a14b-1fd28087e2fb.xml.macaon	15	5	15T14	15T14	nc	nc	_	3	mod	_	_
d24a7ab9-a8cf-4e7a-a14b-1fd28087e2fb.xml.macaon	16	6	:	:	ponctw	ponctw	_	5	ponct	_	_
d24a7ab9-a8cf-4e7a-a14b-1fd28087e2fb.xml.macaon	17	7	32	32	nc	nc	_	5	mod	_	_
d24a7ab9-a8cf-4e7a-a14b-1fd28087e2fb.xml.macaon	18	8	:	:	ponctw	ponctw	_	7	ponct	_	_
d24a7ab9-a8cf-4e7a-a14b-1fd28087e2fb.xml.macaon	19	9	52Z	52Z	nc	nc	_	7	mod	_	_

d24a7ab9-a8cf-4e7a-a14b-1fd28087e2fb.xml.macaon	20	1	Ancylotherium	ancylotherium	nc	nc	_	_	_	_	_

d24a7ab9-a8cf-4e7a-a14b-1fd28087e2fb.xml.macaon	21	1	Plus	plus	adv	adv	_	2	mod	_	_
d24a7ab9-a8cf-4e7a-a14b-1fd28087e2fb.xml.macaon	22	2	grand	grand	adj	adj	_	3	__JOKER__	_	_
d24a7ab9-a8cf-4e7a-a14b-1fd28087e2fb.xml.macaon	23	3	mais	mais	coo	coo	_	_	_	_	_
d24a7ab9-a8cf-4e7a-a14b-1fd28087e2fb.xml.macaon	24	4	de	de	prep	prep	_	3	dep_coord	_	_
d24a7ab9-a8cf-4e7a-a14b-1fd28087e2fb.xml.macaon	25	5	la	le	det	det	_	7	det	_	_
d24a7ab9-a8cf-4e7a-a14b-1fd28087e2fb.xml.macaon	26	6	même	même	adj	adj	_	7	mod	_	_
d24a7ab9-a8cf-4e7a-a14b-1fd28087e2fb.xml.macaon	27	7	famille	famille	nc	nc	_	4	obj	_	_
d24a7ab9-a8cf-4e7a-a14b-1fd28087e2fb.xml.macaon	28	8	que	que	csu	csu	_	7	mod	_	_
d24a7ab9-a8cf-4e7a-a14b-1fd28087e2fb.xml.macaon	29	9	Chalicotherium	Chalicotherium	np	np	_	12	suj	_	_
d24a7ab9-a8cf-4e7a-a14b-1fd28087e2fb.xml.macaon	30	10	,	,	ponctw	ponctw	_	12	ponct	_	_
d24a7ab9-a8cf-4e7a-a14b-1fd28087e2fb.xml.macaon	31	11	Ancylotherium	Ancylotherium	np	np	_	12	suj	_	_
d24a7ab9-a8cf-4e7a-a14b-1fd28087e2fb.xml.macaon	32	12	signifie	signifier	v	v	_	8	obj	_	_
d24a7ab9-a8cf-4e7a-a14b-1fd28087e2fb.xml.macaon	33	13	"	"	ponctw	ponctw	_	12	ponct	_	_
d24a7ab9-a8cf-4e7a-a14b-1fd28087e2fb.xml.macaon	34	14	bête	bête	nc	nc	_	12	obj	_	_
d24a7ab9-a8cf-4e7a-a14b-1fd28087e2fb.xml.macaon	35	15	accrochée	accrocher	vppart	vppart	_	14	mod	_	_
d24a7ab9-a8cf-4e7a-a14b-1fd28087e2fb.xml.macaon	36	16	"	"	ponctw	ponctw	_	14	ponct	_	_
d24a7ab9-a8cf-4e7a-a14b-1fd28087e2fb.xml.macaon	37	17	.	.	poncts	poncts	_	7	ponct	_	_

d24a7ab9-a8cf-4e7a-a14b-1fd28087e2fb.xml.macaon	38	1	Il	il	cln	cln	_	2	suj	_	_
d24a7ab9-a8cf-4e7a-a14b-1fd28087e2fb.xml.macaon	39	2	vivait	vivre	v	v	_	_	_	_	_
d24a7ab9-a8cf-4e7a-a14b-1fd28087e2fb.xml.macaon	40	3	en	en	prep	prep	_	2	mod	_	_
d24a7ab9-a8cf-4e7a-a14b-1fd28087e2fb.xml.macaon	41	4	Afrique	Afrique	np	np	_	3	obj	_	_
d24a7ab9-a8cf-4e7a-a14b-1fd28087e2fb.xml.macaon	42	5	,	,	ponctw	ponctw	_	2	ponct	_	_
d24a7ab9-a8cf-4e7a-a14b-1fd28087e2fb.xml.macaon	43	6	en	en	prep	prep	_	2	mod	_	_
d24a7ab9-a8cf-4e7a-a14b-1fd28087e2fb.xml.macaon	44	7	Asie	Asie	np	np	_	6	obj	_	_
d24a7ab9-a8cf-4e7a-a14b-1fd28087e2fb.xml.macaon	45	8	et	et	coo	coo	_	2	coord	_	_
d24a7ab9-a8cf-4e7a-a14b-1fd28087e2fb.xml.macaon	46	9	en	en	prep	prep	_	8	dep_coord	_	_
d24a7ab9-a8cf-4e7a-a14b-1fd28087e2fb.xml.macaon	47	10	Europe	Europe	np	np	_	9	obj	_	_
d24a7ab9-a8cf-4e7a-a14b-1fd28087e2fb.xml.macaon	48	11	du	du	prep	prep	_	8	dep_coord	_	_
d24a7ab9-a8cf-4e7a-a14b-1fd28087e2fb.xml.macaon	49	12	Miocène	Miocène	np	np	_	11	obj	_	_
d24a7ab9-a8cf-4e7a-a14b-1fd28087e2fb.xml.macaon	50	13	au	au	prep	prep	_	8	dep_coord	_	_
d24a7ab9-a8cf-4e7a-a14b-1fd28087e2fb.xml.macaon	51	14	Pliocène	Pliocène	np	np	_	13	obj	_	_
d24a7ab9-a8cf-4e7a-a14b-1fd28087e2fb.xml.macaon	52	15	.	.	poncts	poncts	_	2	ponct	_	_

d24a7ab9-a8cf-4e7a-a14b-1fd28087e2fb.xml.macaon	53	1	Il	il	cln	cln	_	2	suj	_	_	B:Dimension:FE:Object:G:54
d24a7ab9-a8cf-4e7a-a14b-1fd28087e2fb.xml.macaon	54	2	mesurait	mesurer	v	v	_	_	_	_	_	B:Dimension:TARGET:mesurer:G:54
d24a7ab9-a8cf-4e7a-a14b-1fd28087e2fb.xml.macaon	55	3	2	2	det	det	_	4	det	_	_	B:Dimension:FE:Measurement:G:54
d24a7ab9-a8cf-4e7a-a14b-1fd28087e2fb.xml.macaon	56	4	m	m	nc	nc	_	2	obj	_	_	I:Dimension:FE:Measurement:G:54
d24a7ab9-a8cf-4e7a-a14b-1fd28087e2fb.xml.macaon	57	5	au	au	prep	prep	_	4	dep	_	_	I:Dimension:FE:Measurement:G:54
d24a7ab9-a8cf-4e7a-a14b-1fd28087e2fb.xml.macaon	58	6	garrot	garrot	nc	nc	_	5	obj	_	_	I:Dimension:FE:Measurement:G:54
d24a7ab9-a8cf-4e7a-a14b-1fd28087e2fb.xml.macaon	59	7	,	,	ponctw	ponctw	_	4	ponct	_	_	I:Dimension:FE:Measurement:G:54
d24a7ab9-a8cf-4e7a-a14b-1fd28087e2fb.xml.macaon	60	8	pour	pour	prep	prep	_	2	mod	_	_	I:Dimension:FE:Measurement:G:54
d24a7ab9-a8cf-4e7a-a14b-1fd28087e2fb.xml.macaon	61	9	une	un	det	det	_	10	det	_	_	I:Dimension:FE:Measurement:G:54
d24a7ab9-a8cf-4e7a-a14b-1fd28087e2fb.xml.macaon	62	10	longueur	longueur	nc	nc	_	8	obj	_	_	I:Dimension:FE:Measurement:G:54
d24a7ab9-a8cf-4e7a-a14b-1fd28087e2fb.xml.macaon	63	11	d'	de	prep	prep	_	10	dep	_	_	I:Dimension:FE:Measurement:G:54
d24a7ab9-a8cf-4e7a-a14b-1fd28087e2fb.xml.macaon	64	12	environ	environ	adv	adv	_	14	mod	_	_	I:Dimension:FE:Measurement:G:54
d24a7ab9-a8cf-4e7a-a14b-1fd28087e2fb.xml.macaon	65	13	3	3	det	det	_	14	det	_	_	I:Dimension:FE:Measurement:G:54
d24a7ab9-a8cf-4e7a-a14b-1fd28087e2fb.xml.macaon	66	14	m	m	nc	nc	_	11	obj	_	_	I:Dimension:FE:Measurement:G:54
d24a7ab9-a8cf-4e7a-a14b-1fd28087e2fb.xml.macaon	67	15	pour	pour	prep	prep	_	14	dep	_	_
d24a7ab9-a8cf-4e7a-a14b-1fd28087e2fb.xml.macaon	68	16	un	un	det	det	_	17	det	_	_
d24a7ab9-a8cf-4e7a-a14b-1fd28087e2fb.xml.macaon	69	17	poids	poids	nc	nc	_	15	obj	_	_	B:Dimension:TARGET:poids:G:69
d24a7ab9-a8cf-4e7a-a14b-1fd28087e2fb.xml.macaon	70	18	de	de	prep	prep	_	17	dep	_	_
d24a7ab9-a8cf-4e7a-a14b-1fd28087e2fb.xml.macaon	71	19	450	450	det	det	_	20	det	_	_	B:Dimension:FE:Measurement:G:69
d24a7ab9-a8cf-4e7a-a14b-1fd28087e2fb.xml.macaon	72	20	kg	kg	nc	nc	_	18	obj	_	_	I:Dimension:FE:Measurement:G:69
d24a7ab9-a8cf-4e7a-a14b-1fd28087e2fb.xml.macaon	73	21	.	.	poncts	poncts	_	2	ponct	_	_

d24a7ab9-a8cf-4e7a-a14b-1fd28087e2fb.xml.macaon	74	1	Il	il	cln	cln	_	2	suj	_	_
d24a7ab9-a8cf-4e7a-a14b-1fd28087e2fb.xml.macaon	75	2	ressemblait	ressembler	v	v	_	_	_	_	_
d24a7ab9-a8cf-4e7a-a14b-1fd28087e2fb.xml.macaon	76	3	un#peu	un#peu	adv	adv	_	2	mod	_	_
d24a7ab9-a8cf-4e7a-a14b-1fd28087e2fb.xml.macaon	77	4	à	à	prep	prep	_	2	a_obj	_	_
d24a7ab9-a8cf-4e7a-a14b-1fd28087e2fb.xml.macaon	78	5	une	un	det	det	_	6	det	_	_
d24a7ab9-a8cf-4e7a-a14b-1fd28087e2fb.xml.macaon	79	6	chèvre	chèvre	nc	nc	_	4	obj	_	_
d24a7ab9-a8cf-4e7a-a14b-1fd28087e2fb.xml.macaon	80	7	.	.	poncts	poncts	_	2	ponct	_	_

d24a7ab9-a8cf-4e7a-a14b-1fd28087e2fb.xml.macaon	81	1	Préhistoire	préhistoire	nc	nc	_	_	_	_	_

d24a7ab9-a8cf-4e7a-a14b-1fd28087e2fb.xml.macaon	82	1	Ancylotherium	ancylotherium	nc	nc	_	_	_	_	_

d24a7ab9-a8cf-4e7a-a14b-1fd28087e2fb.xml.macaon	83	1	Plus	plus	adv	adv	_	2	mod	_	_
d24a7ab9-a8cf-4e7a-a14b-1fd28087e2fb.xml.macaon	84	2	grand	grand	adj	adj	_	3	__JOKER__	_	_
d24a7ab9-a8cf-4e7a-a14b-1fd28087e2fb.xml.macaon	85	3	mais	mais	coo	coo	_	_	_	_	_
d24a7ab9-a8cf-4e7a-a14b-1fd28087e2fb.xml.macaon	86	4	de	de	prep	prep	_	3	dep_coord	_	_
d24a7ab9-a8cf-4e7a-a14b-1fd28087e2fb.xml.macaon	87	5	la	le	det	det	_	7	det	_	_
d24a7ab9-a8cf-4e7a-a14b-1fd28087e2fb.xml.macaon	88	6	même	même	adj	adj	_	7	mod	_	_
d24a7ab9-a8cf-4e7a-a14b-1fd28087e2fb.xml.macaon	89	7	famille	famille	nc	nc	_	4	obj	_	_
d24a7ab9-a8cf-4e7a-a14b-1fd28087e2fb.xml.macaon	90	8	que	que	csu	csu	_	7	mod	_	_
d24a7ab9-a8cf-4e7a-a14b-1fd28087e2fb.xml.macaon	91	9	Chalicotherium	Chalicotherium	np	np	_	12	suj	_	_
d24a7ab9-a8cf-4e7a-a14b-1fd28087e2fb.xml.macaon	92	10	,	,	ponctw	ponctw	_	12	ponct	_	_
d24a7ab9-a8cf-4e7a-a14b-1fd28087e2fb.xml.macaon	93	11	Ancylotherium	Ancylotherium	np	np	_	12	suj	_	_
d24a7ab9-a8cf-4e7a-a14b-1fd28087e2fb.xml.macaon	94	12	signifie	signifier	v	v	_	8	obj	_	_
d24a7ab9-a8cf-4e7a-a14b-1fd28087e2fb.xml.macaon	95	13	"	"	ponctw	ponctw	_	12	ponct	_	_
d24a7ab9-a8cf-4e7a-a14b-1fd28087e2fb.xml.macaon	96	14	bête	bête	nc	nc	_	12	obj	_	_
d24a7ab9-a8cf-4e7a-a14b-1fd28087e2fb.xml.macaon	97	15	accrochée	accrocher	vppart	vppart	_	14	mod	_	_
d24a7ab9-a8cf-4e7a-a14b-1fd28087e2fb.xml.macaon	98	16	"	"	ponctw	ponctw	_	14	ponct	_	_
d24a7ab9-a8cf-4e7a-a14b-1fd28087e2fb.xml.macaon	99	17	.	.	poncts	poncts	_	7	ponct	_	_

d24a7ab9-a8cf-4e7a-a14b-1fd28087e2fb.xml.macaon	100	1	Il	il	cln	cln	_	2	suj	_	_
d24a7ab9-a8cf-4e7a-a14b-1fd28087e2fb.xml.macaon	101	2	vivait	vivre	v	v	_	_	_	_	_
d24a7ab9-a8cf-4e7a-a14b-1fd28087e2fb.xml.macaon	102	3	en	en	prep	prep	_	2	mod	_	_
d24a7ab9-a8cf-4e7a-a14b-1fd28087e2fb.xml.macaon	103	4	Afrique	Afrique	np	np	_	3	obj	_	_
d24a7ab9-a8cf-4e7a-a14b-1fd28087e2fb.xml.macaon	104	5	,	,	ponctw	ponctw	_	2	ponct	_	_
d24a7ab9-a8cf-4e7a-a14b-1fd28087e2fb.xml.macaon	105	6	en	en	prep	prep	_	2	mod	_	_
d24a7ab9-a8cf-4e7a-a14b-1fd28087e2fb.xml.macaon	106	7	Asie	Asie	np	np	_	6	obj	_	_
d24a7ab9-a8cf-4e7a-a14b-1fd28087e2fb.xml.macaon	107	8	et	et	coo	coo	_	2	coord	_	_
d24a7ab9-a8cf-4e7a-a14b-1fd28087e2fb.xml.macaon	108	9	en	en	prep	prep	_	8	dep_coord	_	_
d24a7ab9-a8cf-4e7a-a14b-1fd28087e2fb.xml.macaon	109	10	Europe	Europe	np	np	_	9	obj	_	_
d24a7ab9-a8cf-4e7a-a14b-1fd28087e2fb.xml.macaon	110	11	du	du	prep	prep	_	8	dep_coord	_	_
d24a7ab9-a8cf-4e7a-a14b-1fd28087e2fb.xml.macaon	111	12	Miocène	Miocène	np	np	_	11	obj	_	_
d24a7ab9-a8cf-4e7a-a14b-1fd28087e2fb.xml.macaon	112	13	au	au	prep	prep	_	8	dep_coord	_	_
d24a7ab9-a8cf-4e7a-a14b-1fd28087e2fb.xml.macaon	113	14	Pliocène	Pliocène	np	np	_	13	obj	_	_
d24a7ab9-a8cf-4e7a-a14b-1fd28087e2fb.xml.macaon	114	15	.	.	poncts	poncts	_	2	ponct	_	_

d24a7ab9-a8cf-4e7a-a14b-1fd28087e2fb.xml.macaon	115	1	Il	il	cln	cln	_	2	suj	_	_	B:Dimension:FE:Object:G:116
d24a7ab9-a8cf-4e7a-a14b-1fd28087e2fb.xml.macaon	116	2	mesurait	mesurer	v	v	_	_	_	_	_	B:Dimension:TARGET:mesurer:G:116
d24a7ab9-a8cf-4e7a-a14b-1fd28087e2fb.xml.macaon	117	3	2	2	det	det	_	4	det	_	_	B:Dimension:FE:Measurement:G:116
d24a7ab9-a8cf-4e7a-a14b-1fd28087e2fb.xml.macaon	118	4	m	m	nc	nc	_	2	obj	_	_	I:Dimension:FE:Measurement:G:116
d24a7ab9-a8cf-4e7a-a14b-1fd28087e2fb.xml.macaon	119	5	au	au	prep	prep	_	4	dep	_	_	I:Dimension:FE:Measurement:G:116
d24a7ab9-a8cf-4e7a-a14b-1fd28087e2fb.xml.macaon	120	6	garrot	garrot	nc	nc	_	5	obj	_	_	I:Dimension:FE:Measurement:G:116
d24a7ab9-a8cf-4e7a-a14b-1fd28087e2fb.xml.macaon	121	7	,	,	ponctw	ponctw	_	4	ponct	_	_	I:Dimension:FE:Measurement:G:116
d24a7ab9-a8cf-4e7a-a14b-1fd28087e2fb.xml.macaon	122	8	pour	pour	prep	prep	_	2	mod	_	_	I:Dimension:FE:Measurement:G:116
d24a7ab9-a8cf-4e7a-a14b-1fd28087e2fb.xml.macaon	123	9	une	un	det	det	_	10	det	_	_	I:Dimension:FE:Measurement:G:116
d24a7ab9-a8cf-4e7a-a14b-1fd28087e2fb.xml.macaon	124	10	longueur	longueur	nc	nc	_	8	obj	_	_	I:Dimension:FE:Measurement:G:116
d24a7ab9-a8cf-4e7a-a14b-1fd28087e2fb.xml.macaon	125	11	d'	de	prep	prep	_	10	dep	_	_	I:Dimension:FE:Measurement:G:116
d24a7ab9-a8cf-4e7a-a14b-1fd28087e2fb.xml.macaon	126	12	environ	environ	adv	adv	_	14	mod	_	_	I:Dimension:FE:Measurement:G:116
d24a7ab9-a8cf-4e7a-a14b-1fd28087e2fb.xml.macaon	127	13	3	3	det	det	_	14	det	_	_	I:Dimension:FE:Measurement:G:116
d24a7ab9-a8cf-4e7a-a14b-1fd28087e2fb.xml.macaon	128	14	m	m	nc	nc	_	11	obj	_	_	I:Dimension:FE:Measurement:G:116
d24a7ab9-a8cf-4e7a-a14b-1fd28087e2fb.xml.macaon	129	15	pour	pour	prep	prep	_	14	dep	_	_
d24a7ab9-a8cf-4e7a-a14b-1fd28087e2fb.xml.macaon	130	16	un	un	det	det	_	17	det	_	_
d24a7ab9-a8cf-4e7a-a14b-1fd28087e2fb.xml.macaon	131	17	poids	poids	nc	nc	_	15	obj	_	_	B:Dimension:TARGET:poids:G:131
d24a7ab9-a8cf-4e7a-a14b-1fd28087e2fb.xml.macaon	132	18	de	de	prep	prep	_	17	dep	_	_
d24a7ab9-a8cf-4e7a-a14b-1fd28087e2fb.xml.macaon	133	19	450	450	det	det	_	20	det	_	_	B:Dimension:FE:Measurement:G:131
d24a7ab9-a8cf-4e7a-a14b-1fd28087e2fb.xml.macaon	134	20	kg	kg	nc	nc	_	18	obj	_	_	I:Dimension:FE:Measurement:G:131
d24a7ab9-a8cf-4e7a-a14b-1fd28087e2fb.xml.macaon	135	21	.	.	poncts	poncts	_	2	ponct	_	_

d24a7ab9-a8cf-4e7a-a14b-1fd28087e2fb.xml.macaon	136	1	Il	il	cln	cln	_	2	suj	_	_
d24a7ab9-a8cf-4e7a-a14b-1fd28087e2fb.xml.macaon	137	2	ressemblait	ressembler	v	v	_	_	_	_	_
d24a7ab9-a8cf-4e7a-a14b-1fd28087e2fb.xml.macaon	138	3	un#peu	un#peu	adv	adv	_	2	mod	_	_
d24a7ab9-a8cf-4e7a-a14b-1fd28087e2fb.xml.macaon	139	4	à	à	prep	prep	_	2	a_obj	_	_
d24a7ab9-a8cf-4e7a-a14b-1fd28087e2fb.xml.macaon	140	5	une	un	det	det	_	6	det	_	_
d24a7ab9-a8cf-4e7a-a14b-1fd28087e2fb.xml.macaon	141	6	chèvre	chèvre	nc	nc	_	4	obj	_	_
d24a7ab9-a8cf-4e7a-a14b-1fd28087e2fb.xml.macaon	142	7	.	.	poncts	poncts	_	2	ponct	_	_
