fca0206e-7dea-4beb-bb61-2f25001588e1.xml.macaon	0	1	vikidia	vikidia	nc	nc	_	_	_	_	_

fca0206e-7dea-4beb-bb61-2f25001588e1.xml.macaon	1	1	fca0206e	fca0206e	adj	adj	_	3	mod	_	_
fca0206e-7dea-4beb-bb61-2f25001588e1.xml.macaon	2	2	-	-	ponctw	ponctw	_	1	ponct	_	_
fca0206e-7dea-4beb-bb61-2f25001588e1.xml.macaon	3	3	7dea	7dea	nc	nc	_	_	_	_	_
fca0206e-7dea-4beb-bb61-2f25001588e1.xml.macaon	4	4	-	-	ponctw	ponctw	_	3	ponct	_	_
fca0206e-7dea-4beb-bb61-2f25001588e1.xml.macaon	5	5	4beb	4beb	nc	nc	_	3	mod	_	_
fca0206e-7dea-4beb-bb61-2f25001588e1.xml.macaon	6	6	-	-	ponctw	ponctw	_	5	ponct	_	_
fca0206e-7dea-4beb-bb61-2f25001588e1.xml.macaon	7	7	bb61	bb61	nc	nc	_	5	mod	_	_
fca0206e-7dea-4beb-bb61-2f25001588e1.xml.macaon	8	8	-	-	ponctw	ponctw	_	7	ponct	_	_
fca0206e-7dea-4beb-bb61-2f25001588e1.xml.macaon	9	9	2f25001588e1	2f25001588e1	adj	adj	_	7	mod	_	_

fca0206e-7dea-4beb-bb61-2f25001588e1.xml.macaon	10	1	ADDED	ADDED	nc	nc	_	_	_	_	_

fca0206e-7dea-4beb-bb61-2f25001588e1.xml.macaon	11	1	2016	2016	adj	adj	_	3	mod	_	_
fca0206e-7dea-4beb-bb61-2f25001588e1.xml.macaon	12	2	-	-	ponctw	ponctw	_	1	ponct	_	_
fca0206e-7dea-4beb-bb61-2f25001588e1.xml.macaon	13	3	06	06	nc	nc	_	_	_	_	_
fca0206e-7dea-4beb-bb61-2f25001588e1.xml.macaon	14	4	-	-	ponctw	ponctw	_	3	ponct	_	_
fca0206e-7dea-4beb-bb61-2f25001588e1.xml.macaon	15	5	15T14	15T14	nc	nc	_	3	mod	_	_
fca0206e-7dea-4beb-bb61-2f25001588e1.xml.macaon	16	6	:	:	ponctw	ponctw	_	5	ponct	_	_
fca0206e-7dea-4beb-bb61-2f25001588e1.xml.macaon	17	7	32	32	nc	nc	_	5	mod	_	_
fca0206e-7dea-4beb-bb61-2f25001588e1.xml.macaon	18	8	:	:	ponctw	ponctw	_	7	ponct	_	_
fca0206e-7dea-4beb-bb61-2f25001588e1.xml.macaon	19	9	41Z	41Z	nc	nc	_	7	mod	_	_

fca0206e-7dea-4beb-bb61-2f25001588e1.xml.macaon	20	1	Propulseur	propulseur	nc	nc	_	_	_	_	_
fca0206e-7dea-4beb-bb61-2f25001588e1.xml.macaon	21	2	préhistorique	préhistorique	adj	adj	_	1	mod	_	_

fca0206e-7dea-4beb-bb61-2f25001588e1.xml.macaon	22	1	Le	le	det	det	_	2	det	_	_	B:Hostile_encounter:FE:Instrument:G:40
fca0206e-7dea-4beb-bb61-2f25001588e1.xml.macaon	23	2	propulseur	propulseur	nc	nc	_	4	suj	_	_	B:Hunting:FE:Instrument:G:33	I:Hostile_encounter:FE:Instrument:G:40
fca0206e-7dea-4beb-bb61-2f25001588e1.xml.macaon	24	3	préhistorique	préhistorique	adj	adj	_	2	mod	_	_	I:Hunting:FE:Instrument:G:33	I:Hostile_encounter:FE:Instrument:G:40
fca0206e-7dea-4beb-bb61-2f25001588e1.xml.macaon	25	4	est	être	v	v	_	_	_	_	_
fca0206e-7dea-4beb-bb61-2f25001588e1.xml.macaon	26	5	une	un	det	det	_	6	det	_	_	B:Hunting:FE:Instrument:G:33
fca0206e-7dea-4beb-bb61-2f25001588e1.xml.macaon	27	6	arme	arme	nc	nc	_	4	ats	_	_	I:Hunting:FE:Instrument:G:33
fca0206e-7dea-4beb-bb61-2f25001588e1.xml.macaon	28	7	de	de	prep	prep	_	6	dep	_	_	I:Hunting:FE:Instrument:G:33
fca0206e-7dea-4beb-bb61-2f25001588e1.xml.macaon	29	8	jet	jet	nc	nc	_	7	obj	_	_	I:Hunting:FE:Instrument:G:33
fca0206e-7dea-4beb-bb61-2f25001588e1.xml.macaon	30	9	destinée	destiner	vppart	vppart	_	6	mod	_	_
fca0206e-7dea-4beb-bb61-2f25001588e1.xml.macaon	31	10	à	à	prep	prep	_	9	a_obj	_	_
fca0206e-7dea-4beb-bb61-2f25001588e1.xml.macaon	32	11	la	le	det	det	_	12	det	_	_
fca0206e-7dea-4beb-bb61-2f25001588e1.xml.macaon	33	12	chasse	chasse	nc	nc	_	10	obj	_	_	B:Hunting:TARGET:chasse:G:33
fca0206e-7dea-4beb-bb61-2f25001588e1.xml.macaon	34	13	,	,	ponctw	ponctw	_	12	ponct	_	_
fca0206e-7dea-4beb-bb61-2f25001588e1.xml.macaon	35	14	à	à	prep	prep	_	9	a_obj	_	_
fca0206e-7dea-4beb-bb61-2f25001588e1.xml.macaon	36	15	la	le	det	det	_	16	det	_	_
fca0206e-7dea-4beb-bb61-2f25001588e1.xml.macaon	37	16	pêche	pêche	nc	nc	_	14	obj	_	_	B:Hunting:TARGET:pêche:G:37
fca0206e-7dea-4beb-bb61-2f25001588e1.xml.macaon	38	17	ou	ou	coo	coo	_	14	coord	_	_
fca0206e-7dea-4beb-bb61-2f25001588e1.xml.macaon	39	18	au	au	prep	prep	_	17	dep_coord	_	_
fca0206e-7dea-4beb-bb61-2f25001588e1.xml.macaon	40	19	combat	combat	nc	nc	_	18	obj	_	_	B:Hostile_encounter:TARGET:combat:G:40
fca0206e-7dea-4beb-bb61-2f25001588e1.xml.macaon	41	20	.	.	poncts	poncts	_	4	ponct	_	_

fca0206e-7dea-4beb-bb61-2f25001588e1.xml.macaon	42	1	Il	il	cln	cln	_	2	suj	_	_
fca0206e-7dea-4beb-bb61-2f25001588e1.xml.macaon	43	2	apparaît	apparaître	v	v	_	_	_	_	_
fca0206e-7dea-4beb-bb61-2f25001588e1.xml.macaon	44	3	au	au	prep	prep	_	2	obj	_	_
fca0206e-7dea-4beb-bb61-2f25001588e1.xml.macaon	45	4	paléolithique	paléolithique	nc	nc	_	3	obj	_	_
fca0206e-7dea-4beb-bb61-2f25001588e1.xml.macaon	46	5	supérieur	supérieur	adj	adj	_	4	mod	_	_
fca0206e-7dea-4beb-bb61-2f25001588e1.xml.macaon	47	6	.	.	poncts	poncts	_	2	ponct	_	_

fca0206e-7dea-4beb-bb61-2f25001588e1.xml.macaon	48	1	Il	il	cln	cln	_	2	suj	_	_
fca0206e-7dea-4beb-bb61-2f25001588e1.xml.macaon	49	2	permet	permettre	v	v	_	_	_	_	_
fca0206e-7dea-4beb-bb61-2f25001588e1.xml.macaon	50	3	le	le	det	det	_	4	det	_	_
fca0206e-7dea-4beb-bb61-2f25001588e1.xml.macaon	51	4	tir	tir	nc	nc	_	2	obj	_	_
fca0206e-7dea-4beb-bb61-2f25001588e1.xml.macaon	52	5	de	de	prep	prep	_	4	dep	_	_
fca0206e-7dea-4beb-bb61-2f25001588e1.xml.macaon	53	6	projectile	projectile	nc	nc	_	5	obj	_	_
fca0206e-7dea-4beb-bb61-2f25001588e1.xml.macaon	54	7	comme	comme	prep	prep	_	6	dep	_	_
fca0206e-7dea-4beb-bb61-2f25001588e1.xml.macaon	55	8	une	un	det	det	_	9	det	_	_
fca0206e-7dea-4beb-bb61-2f25001588e1.xml.macaon	56	9	sagaie	sagaie	nc	nc	_	7	obj	_	_
fca0206e-7dea-4beb-bb61-2f25001588e1.xml.macaon	57	10	,	,	ponctw	ponctw	_	9	ponct	_	_
fca0206e-7dea-4beb-bb61-2f25001588e1.xml.macaon	58	11	un	un	det	det	_	12	det	_	_
fca0206e-7dea-4beb-bb61-2f25001588e1.xml.macaon	59	12	harpon	harpon	nc	nc	_	7	obj	_	_
fca0206e-7dea-4beb-bb61-2f25001588e1.xml.macaon	60	13	ou	ou	coo	coo	_	12	coord	_	_
fca0206e-7dea-4beb-bb61-2f25001588e1.xml.macaon	61	14	une	un	det	det	_	16	det	_	_
fca0206e-7dea-4beb-bb61-2f25001588e1.xml.macaon	62	15	longue	long	adj	adj	_	16	mod	_	_
fca0206e-7dea-4beb-bb61-2f25001588e1.xml.macaon	63	16	flèche	flèche	nc	nc	_	13	dep_coord	_	_
fca0206e-7dea-4beb-bb61-2f25001588e1.xml.macaon	64	17	,	,	ponctw	ponctw	_	16	ponct	_	_
fca0206e-7dea-4beb-bb61-2f25001588e1.xml.macaon	65	18	empenné	empenner	vppart	vppart	_	16	mod	_	_
fca0206e-7dea-4beb-bb61-2f25001588e1.xml.macaon	66	19	ou	ou	coo	coo	_	16	coord	_	_
fca0206e-7dea-4beb-bb61-2f25001588e1.xml.macaon	67	20	non	non	advneg	advneg	_	19	__JOKER__	_	_
fca0206e-7dea-4beb-bb61-2f25001588e1.xml.macaon	68	21	.	.	poncts	poncts	_	2	ponct	_	_

fca0206e-7dea-4beb-bb61-2f25001588e1.xml.macaon	69	1	Préhistoire	préhistoire	nc	nc	_	_	_	_	_

fca0206e-7dea-4beb-bb61-2f25001588e1.xml.macaon	70	1	Propulseur	propulseur	nc	nc	_	_	_	_	_
fca0206e-7dea-4beb-bb61-2f25001588e1.xml.macaon	71	2	préhistorique	préhistorique	adj	adj	_	1	mod	_	_

fca0206e-7dea-4beb-bb61-2f25001588e1.xml.macaon	72	1	Le	le	det	det	_	2	det	_	_	B:Hostile_encounter:FE:Instrument:G:90
fca0206e-7dea-4beb-bb61-2f25001588e1.xml.macaon	73	2	propulseur	propulseur	nc	nc	_	4	suj	_	_	B:Hunting:FE:Instrument:G:83	I:Hostile_encounter:FE:Instrument:G:90
fca0206e-7dea-4beb-bb61-2f25001588e1.xml.macaon	74	3	préhistorique	préhistorique	adj	adj	_	2	mod	_	_	I:Hunting:FE:Instrument:G:83	I:Hostile_encounter:FE:Instrument:G:90
fca0206e-7dea-4beb-bb61-2f25001588e1.xml.macaon	75	4	est	être	v	v	_	_	_	_	_
fca0206e-7dea-4beb-bb61-2f25001588e1.xml.macaon	76	5	une	un	det	det	_	6	det	_	_	B:Hunting:FE:Instrument:G:83
fca0206e-7dea-4beb-bb61-2f25001588e1.xml.macaon	77	6	arme	arme	nc	nc	_	4	ats	_	_	I:Hunting:FE:Instrument:G:83
fca0206e-7dea-4beb-bb61-2f25001588e1.xml.macaon	78	7	de	de	prep	prep	_	6	dep	_	_	I:Hunting:FE:Instrument:G:83
fca0206e-7dea-4beb-bb61-2f25001588e1.xml.macaon	79	8	jet	jet	nc	nc	_	7	obj	_	_	I:Hunting:FE:Instrument:G:83
fca0206e-7dea-4beb-bb61-2f25001588e1.xml.macaon	80	9	destinée	destiner	vppart	vppart	_	6	mod	_	_
fca0206e-7dea-4beb-bb61-2f25001588e1.xml.macaon	81	10	à	à	prep	prep	_	9	a_obj	_	_
fca0206e-7dea-4beb-bb61-2f25001588e1.xml.macaon	82	11	la	le	det	det	_	12	det	_	_
fca0206e-7dea-4beb-bb61-2f25001588e1.xml.macaon	83	12	chasse	chasse	nc	nc	_	10	obj	_	_	B:Hunting:TARGET:chasse:G:83
fca0206e-7dea-4beb-bb61-2f25001588e1.xml.macaon	84	13	,	,	ponctw	ponctw	_	12	ponct	_	_
fca0206e-7dea-4beb-bb61-2f25001588e1.xml.macaon	85	14	à	à	prep	prep	_	9	a_obj	_	_
fca0206e-7dea-4beb-bb61-2f25001588e1.xml.macaon	86	15	la	le	det	det	_	16	det	_	_
fca0206e-7dea-4beb-bb61-2f25001588e1.xml.macaon	87	16	pêche	pêche	nc	nc	_	14	obj	_	_	B:Hunting:TARGET:pêche:G:87
fca0206e-7dea-4beb-bb61-2f25001588e1.xml.macaon	88	17	ou	ou	coo	coo	_	14	coord	_	_
fca0206e-7dea-4beb-bb61-2f25001588e1.xml.macaon	89	18	au	au	prep	prep	_	17	dep_coord	_	_
fca0206e-7dea-4beb-bb61-2f25001588e1.xml.macaon	90	19	combat	combat	nc	nc	_	18	obj	_	_	B:Hostile_encounter:TARGET:combat:G:90
fca0206e-7dea-4beb-bb61-2f25001588e1.xml.macaon	91	20	.	.	poncts	poncts	_	4	ponct	_	_

fca0206e-7dea-4beb-bb61-2f25001588e1.xml.macaon	92	1	Il	il	cln	cln	_	2	suj	_	_
fca0206e-7dea-4beb-bb61-2f25001588e1.xml.macaon	93	2	apparaît	apparaître	v	v	_	_	_	_	_
fca0206e-7dea-4beb-bb61-2f25001588e1.xml.macaon	94	3	au	au	prep	prep	_	2	obj	_	_
fca0206e-7dea-4beb-bb61-2f25001588e1.xml.macaon	95	4	paléolithique	paléolithique	nc	nc	_	3	obj	_	_
fca0206e-7dea-4beb-bb61-2f25001588e1.xml.macaon	96	5	supérieur	supérieur	adj	adj	_	4	mod	_	_
fca0206e-7dea-4beb-bb61-2f25001588e1.xml.macaon	97	6	.	.	poncts	poncts	_	2	ponct	_	_

fca0206e-7dea-4beb-bb61-2f25001588e1.xml.macaon	98	1	Il	il	cln	cln	_	2	suj	_	_
fca0206e-7dea-4beb-bb61-2f25001588e1.xml.macaon	99	2	permet	permettre	v	v	_	_	_	_	_
fca0206e-7dea-4beb-bb61-2f25001588e1.xml.macaon	100	3	le	le	det	det	_	4	det	_	_
fca0206e-7dea-4beb-bb61-2f25001588e1.xml.macaon	101	4	tir	tir	nc	nc	_	2	obj	_	_
fca0206e-7dea-4beb-bb61-2f25001588e1.xml.macaon	102	5	de	de	prep	prep	_	4	dep	_	_
fca0206e-7dea-4beb-bb61-2f25001588e1.xml.macaon	103	6	projectile	projectile	nc	nc	_	5	obj	_	_
fca0206e-7dea-4beb-bb61-2f25001588e1.xml.macaon	104	7	comme	comme	prep	prep	_	6	dep	_	_
fca0206e-7dea-4beb-bb61-2f25001588e1.xml.macaon	105	8	une	un	det	det	_	9	det	_	_
fca0206e-7dea-4beb-bb61-2f25001588e1.xml.macaon	106	9	sagaie	sagaie	nc	nc	_	7	obj	_	_
fca0206e-7dea-4beb-bb61-2f25001588e1.xml.macaon	107	10	,	,	ponctw	ponctw	_	9	ponct	_	_
fca0206e-7dea-4beb-bb61-2f25001588e1.xml.macaon	108	11	un	un	det	det	_	12	det	_	_
fca0206e-7dea-4beb-bb61-2f25001588e1.xml.macaon	109	12	harpon	harpon	nc	nc	_	7	obj	_	_
fca0206e-7dea-4beb-bb61-2f25001588e1.xml.macaon	110	13	ou	ou	coo	coo	_	12	coord	_	_
fca0206e-7dea-4beb-bb61-2f25001588e1.xml.macaon	111	14	une	un	det	det	_	16	det	_	_
fca0206e-7dea-4beb-bb61-2f25001588e1.xml.macaon	112	15	longue	long	adj	adj	_	16	mod	_	_
fca0206e-7dea-4beb-bb61-2f25001588e1.xml.macaon	113	16	flèche	flèche	nc	nc	_	13	dep_coord	_	_
fca0206e-7dea-4beb-bb61-2f25001588e1.xml.macaon	114	17	,	,	ponctw	ponctw	_	16	ponct	_	_
fca0206e-7dea-4beb-bb61-2f25001588e1.xml.macaon	115	18	empenné	empenner	vppart	vppart	_	16	mod	_	_
fca0206e-7dea-4beb-bb61-2f25001588e1.xml.macaon	116	19	ou	ou	coo	coo	_	16	coord	_	_
fca0206e-7dea-4beb-bb61-2f25001588e1.xml.macaon	117	20	non	non	advneg	advneg	_	19	__JOKER__	_	_
fca0206e-7dea-4beb-bb61-2f25001588e1.xml.macaon	118	21	.	.	poncts	poncts	_	2	ponct	_	_

fca0206e-7dea-4beb-bb61-2f25001588e1.xml.macaon	119	1	Aujourd'hui	aujourd'hui	adv	adv	_	3	mod	_	_	B:Existence:FE:Time:G:121
fca0206e-7dea-4beb-bb61-2f25001588e1.xml.macaon	120	2	il	il	cln	cln	_	3	suj	_	_
fca0206e-7dea-4beb-bb61-2f25001588e1.xml.macaon	121	3	existe	exister	v	v	_	_	_	_	_	B:Existence:TARGET:exister:G:121
fca0206e-7dea-4beb-bb61-2f25001588e1.xml.macaon	122	4	des	un	det	det	_	5	det	_	_
fca0206e-7dea-4beb-bb61-2f25001588e1.xml.macaon	123	5	compétitions	compétition	nc	nc	_	3	obj	_	_	B:Existence:FE:Entity:G:121
fca0206e-7dea-4beb-bb61-2f25001588e1.xml.macaon	124	6	sportives	sportif	adj	adj	_	5	mod	_	_	I:Existence:FE:Entity:G:121
fca0206e-7dea-4beb-bb61-2f25001588e1.xml.macaon	125	7	de	de	prep	prep	_	5	dep	_	_	I:Existence:FE:Entity:G:121
fca0206e-7dea-4beb-bb61-2f25001588e1.xml.macaon	126	8	tir	tir	nc	nc	_	7	obj	_	_	I:Existence:FE:Entity:G:121
fca0206e-7dea-4beb-bb61-2f25001588e1.xml.macaon	127	9	au	au	prep	prep	_	8	dep	_	_	I:Existence:FE:Entity:G:121
fca0206e-7dea-4beb-bb61-2f25001588e1.xml.macaon	128	10	propulseur	propulseur	nc	nc	_	9	obj	_	_	I:Existence:FE:Entity:G:121
fca0206e-7dea-4beb-bb61-2f25001588e1.xml.macaon	129	11	.	.	poncts	poncts	_	3	ponct	_	_

fca0206e-7dea-4beb-bb61-2f25001588e1.xml.macaon	130	1	Le	le	det	det	_	2	det	_	_
fca0206e-7dea-4beb-bb61-2f25001588e1.xml.macaon	131	2	propulseur	propulseur	nc	nc	_	_	_	_	_

fca0206e-7dea-4beb-bb61-2f25001588e1.xml.macaon	132	1	Le	le	det	det	_	2	det	_	_
fca0206e-7dea-4beb-bb61-2f25001588e1.xml.macaon	133	2	propulseur	propulseur	nc	nc	_	4	suj	_	_
fca0206e-7dea-4beb-bb61-2f25001588e1.xml.macaon	134	3	est	être	v	v	_	4	aux_tps	_	_
fca0206e-7dea-4beb-bb61-2f25001588e1.xml.macaon	135	4	formé	former	vppart	vppart	_	_	_	_	_
fca0206e-7dea-4beb-bb61-2f25001588e1.xml.macaon	136	5	d	d	det	det	_	6	det	_	_
fca0206e-7dea-4beb-bb61-2f25001588e1.xml.macaon	137	6	’	’	nc	nc	_	4	obj	_	_
fca0206e-7dea-4beb-bb61-2f25001588e1.xml.macaon	138	7	une	un	det	det	_	8	det	_	_
fca0206e-7dea-4beb-bb61-2f25001588e1.xml.macaon	139	8	baguette	baguette	nc	nc	_	6	mod	_	_
fca0206e-7dea-4beb-bb61-2f25001588e1.xml.macaon	140	9	ou	ou	coo	coo	_	8	coord	_	_
fca0206e-7dea-4beb-bb61-2f25001588e1.xml.macaon	141	10	d	d	det	det	_	11	det	_	_
fca0206e-7dea-4beb-bb61-2f25001588e1.xml.macaon	142	11	’	’	nc	nc	_	9	dep_coord	_	_
fca0206e-7dea-4beb-bb61-2f25001588e1.xml.macaon	143	12	une	un	det	det	_	13	det	_	_
fca0206e-7dea-4beb-bb61-2f25001588e1.xml.macaon	144	13	planchette	planchette	nc	nc	_	11	mod	_	_
fca0206e-7dea-4beb-bb61-2f25001588e1.xml.macaon	145	14	rigide	rigide	adj	adj	_	13	mod	_	_
fca0206e-7dea-4beb-bb61-2f25001588e1.xml.macaon	146	15	souvent	souvent	adv	adv	_	14	mod	_	_
fca0206e-7dea-4beb-bb61-2f25001588e1.xml.macaon	147	16	en	en	prep	prep	_	9	dep_coord	_	_
fca0206e-7dea-4beb-bb61-2f25001588e1.xml.macaon	148	17	bois	bois	nc	nc	_	16	obj	_	_
fca0206e-7dea-4beb-bb61-2f25001588e1.xml.macaon	149	18	de	de	prep	prep	_	17	dep	_	_
fca0206e-7dea-4beb-bb61-2f25001588e1.xml.macaon	150	19	renne	renne	nc	nc	_	18	obj	_	_
fca0206e-7dea-4beb-bb61-2f25001588e1.xml.macaon	151	20	,	,	ponctw	ponctw	_	17	ponct	_	_
fca0206e-7dea-4beb-bb61-2f25001588e1.xml.macaon	152	21	de	de	prep	prep	_	17	dep	_	_
fca0206e-7dea-4beb-bb61-2f25001588e1.xml.macaon	153	22	forme	forme	nc	nc	_	21	obj	_	_
fca0206e-7dea-4beb-bb61-2f25001588e1.xml.macaon	154	23	et	et	coo	coo	_	21	coord	_	_
fca0206e-7dea-4beb-bb61-2f25001588e1.xml.macaon	155	24	de	de	prep	prep	_	23	dep_coord	_	_
fca0206e-7dea-4beb-bb61-2f25001588e1.xml.macaon	156	25	dimensions	dimension	nc	nc	_	24	obj	_	_
fca0206e-7dea-4beb-bb61-2f25001588e1.xml.macaon	157	26	variables	variable	adj	adj	_	25	mod	_	_
fca0206e-7dea-4beb-bb61-2f25001588e1.xml.macaon	158	27	.	.	poncts	poncts	_	4	ponct	_	_

fca0206e-7dea-4beb-bb61-2f25001588e1.xml.macaon	159	1	Il	il	cln	cln	_	3	suj	_	_
fca0206e-7dea-4beb-bb61-2f25001588e1.xml.macaon	160	2	est	être	v	v	_	3	aux_tps	_	_
fca0206e-7dea-4beb-bb61-2f25001588e1.xml.macaon	161	3	terminé	terminer	vppart	vppart	_	5	aux_pass	_	_
fca0206e-7dea-4beb-bb61-2f25001588e1.xml.macaon	162	4	du	du	prep	prep	_	3	mod	_	_
fca0206e-7dea-4beb-bb61-2f25001588e1.xml.macaon	163	5	coté	coter	vppart	vppart	_	7	aux_pass	_	_
fca0206e-7dea-4beb-bb61-2f25001588e1.xml.macaon	164	6	le#plus	le#plus	adv	adv	_	7	mod	_	_
fca0206e-7dea-4beb-bb61-2f25001588e1.xml.macaon	165	7	éloigné	éloigner	vppart	vppart	_	_	_	_	_
fca0206e-7dea-4beb-bb61-2f25001588e1.xml.macaon	166	8	de	de	prep	prep	_	7	de_obj	_	_
fca0206e-7dea-4beb-bb61-2f25001588e1.xml.macaon	167	9	la	le	det	det	_	10	det	_	_
fca0206e-7dea-4beb-bb61-2f25001588e1.xml.macaon	168	10	main	main	nc	nc	_	8	obj	_	_
fca0206e-7dea-4beb-bb61-2f25001588e1.xml.macaon	169	11	par	par	prep	prep	_	7	mod	_	_
fca0206e-7dea-4beb-bb61-2f25001588e1.xml.macaon	170	12	un	un	det	det	_	13	det	_	_
fca0206e-7dea-4beb-bb61-2f25001588e1.xml.macaon	171	13	dispositif	dispositif	nc	nc	_	11	obj	_	_
fca0206e-7dea-4beb-bb61-2f25001588e1.xml.macaon	172	14	d	d	prep	prep	_	7	mod	_	_
fca0206e-7dea-4beb-bb61-2f25001588e1.xml.macaon	173	15	’	’	det	det	_	16	det	_	_
fca0206e-7dea-4beb-bb61-2f25001588e1.xml.macaon	174	16	appui	appui	nc	nc	_	14	obj	_	_
fca0206e-7dea-4beb-bb61-2f25001588e1.xml.macaon	175	17	(	(	ponctw	ponctw	_	16	ponct	_	_
fca0206e-7dea-4beb-bb61-2f25001588e1.xml.macaon	176	18	crochet	crochet	nc	nc	_	16	mod	_	_
fca0206e-7dea-4beb-bb61-2f25001588e1.xml.macaon	177	19	,	,	ponctw	ponctw	_	18	ponct	_	_
fca0206e-7dea-4beb-bb61-2f25001588e1.xml.macaon	178	20	éperon	éperon	nc	nc	_	18	mod	_	_
fca0206e-7dea-4beb-bb61-2f25001588e1.xml.macaon	179	21	ou	ou	coo	coo	_	20	coord	_	_
fca0206e-7dea-4beb-bb61-2f25001588e1.xml.macaon	180	22	«	«	ponctw	ponctw	_	20	ponct	_	_
fca0206e-7dea-4beb-bb61-2f25001588e1.xml.macaon	181	23	cul	cul	nc	nc	_	20	mod	_	_
fca0206e-7dea-4beb-bb61-2f25001588e1.xml.macaon	182	24	de	de	prep	prep	_	23	dep	_	_
fca0206e-7dea-4beb-bb61-2f25001588e1.xml.macaon	183	25	sac	sac	nc	nc	_	24	obj	_	_
fca0206e-7dea-4beb-bb61-2f25001588e1.xml.macaon	184	26	»	»	ponctw	ponctw	_	23	ponct	_	_
fca0206e-7dea-4beb-bb61-2f25001588e1.xml.macaon	185	27	)	)	ponctw	ponctw	_	23	ponct	_	_
fca0206e-7dea-4beb-bb61-2f25001588e1.xml.macaon	186	28	sur	sur	prep	prep	_	30	mod	_	_
fca0206e-7dea-4beb-bb61-2f25001588e1.xml.macaon	187	29	lequel	lequel	prorel	prorel	_	30	suj	_	_
fca0206e-7dea-4beb-bb61-2f25001588e1.xml.macaon	188	30	vient	venir	v	v	_	23	mod_rel	_	_
fca0206e-7dea-4beb-bb61-2f25001588e1.xml.macaon	189	31	s	s	cln	cln	_	30	suj	_	_
fca0206e-7dea-4beb-bb61-2f25001588e1.xml.macaon	190	32	’	’	clo	clo	_	33	__JOKER__	_	_
fca0206e-7dea-4beb-bb61-2f25001588e1.xml.macaon	191	33	appuyer	appuyer	vinf	vinf	_	30	obj	_	_
fca0206e-7dea-4beb-bb61-2f25001588e1.xml.macaon	192	34	le	le	det	det	_	35	det	_	_
fca0206e-7dea-4beb-bb61-2f25001588e1.xml.macaon	193	35	talon	talon	nc	nc	_	33	obj	_	_
fca0206e-7dea-4beb-bb61-2f25001588e1.xml.macaon	194	36	du	du	prep	prep	_	33	mod	_	_
fca0206e-7dea-4beb-bb61-2f25001588e1.xml.macaon	195	37	projectile	projectile	nc	nc	_	36	obj	_	_
fca0206e-7dea-4beb-bb61-2f25001588e1.xml.macaon	196	38	.	.	poncts	poncts	_	7	ponct	_	_

fca0206e-7dea-4beb-bb61-2f25001588e1.xml.macaon	197	1	Par#contre	par#contre	prep	prep	_	10	mod	_	_
fca0206e-7dea-4beb-bb61-2f25001588e1.xml.macaon	198	2	du	du	prep	prep	_	1	obj	_	_
fca0206e-7dea-4beb-bb61-2f25001588e1.xml.macaon	199	3	coté	coter	vppart	vppart	_	2	obj	_	_
fca0206e-7dea-4beb-bb61-2f25001588e1.xml.macaon	200	4	le#plus	le#plus	adv	adv	_	5	mod	_	_
fca0206e-7dea-4beb-bb61-2f25001588e1.xml.macaon	201	5	proche	proche	adj	adj	_	3	ats	_	_
fca0206e-7dea-4beb-bb61-2f25001588e1.xml.macaon	202	6	de	de	prep	prep	_	3	de_obj	_	_
fca0206e-7dea-4beb-bb61-2f25001588e1.xml.macaon	203	7	la	le	det	det	_	8	det	_	_
fca0206e-7dea-4beb-bb61-2f25001588e1.xml.macaon	204	8	main	main	nc	nc	_	6	obj	_	_
fca0206e-7dea-4beb-bb61-2f25001588e1.xml.macaon	205	9	il	il	cln	cln	_	10	suj	_	_
fca0206e-7dea-4beb-bb61-2f25001588e1.xml.macaon	206	10	dispose	disposer	v	v	_	_	_	_	_
fca0206e-7dea-4beb-bb61-2f25001588e1.xml.macaon	207	11	d'	de	prep	prep	_	10	de_obj	_	_
fca0206e-7dea-4beb-bb61-2f25001588e1.xml.macaon	208	12	une	un	det	det	_	13	det	_	_
fca0206e-7dea-4beb-bb61-2f25001588e1.xml.macaon	209	13	partie	partie	nc	nc	_	11	obj	_	_
fca0206e-7dea-4beb-bb61-2f25001588e1.xml.macaon	210	14	destinée	destiner	vppart	vppart	_	13	mod	_	_
fca0206e-7dea-4beb-bb61-2f25001588e1.xml.macaon	211	15	à	à	prep	prep	_	14	a_obj	_	_
fca0206e-7dea-4beb-bb61-2f25001588e1.xml.macaon	212	16	la	le	det	det	_	17	det	_	_
fca0206e-7dea-4beb-bb61-2f25001588e1.xml.macaon	213	17	préhension	préhension	nc	nc	_	15	obj	_	_
fca0206e-7dea-4beb-bb61-2f25001588e1.xml.macaon	214	18	.	.	poncts	poncts	_	10	ponct	_	_

fca0206e-7dea-4beb-bb61-2f25001588e1.xml.macaon	215	1	Le	le	det	det	_	2	det	_	_
fca0206e-7dea-4beb-bb61-2f25001588e1.xml.macaon	216	2	dispositif	dispositif	nc	nc	_	8	suj	_	_
fca0206e-7dea-4beb-bb61-2f25001588e1.xml.macaon	217	3	d	d	prep	prep	_	2	dep	_	_
fca0206e-7dea-4beb-bb61-2f25001588e1.xml.macaon	218	4	’	’	det	det	_	5	det	_	_
fca0206e-7dea-4beb-bb61-2f25001588e1.xml.macaon	219	5	appui	appui	nc	nc	_	3	obj	_	_
fca0206e-7dea-4beb-bb61-2f25001588e1.xml.macaon	220	6	du	du	prep	prep	_	5	dep	_	_
fca0206e-7dea-4beb-bb61-2f25001588e1.xml.macaon	221	7	projectile	projectile	nc	nc	_	6	obj	_	_
fca0206e-7dea-4beb-bb61-2f25001588e1.xml.macaon	222	8	peut	pouvoir	v	v	_	_	_	_	_
fca0206e-7dea-4beb-bb61-2f25001588e1.xml.macaon	223	9	,	,	ponctw	ponctw	_	8	ponct	_	_
fca0206e-7dea-4beb-bb61-2f25001588e1.xml.macaon	224	10	être	être	vinf	vinf	_	8	obj	_	_
fca0206e-7dea-4beb-bb61-2f25001588e1.xml.macaon	225	11	,	,	ponctw	ponctw	_	12	ponct	_	_
fca0206e-7dea-4beb-bb61-2f25001588e1.xml.macaon	226	12	taillé	tailler	vppart	vppart	_	8	__JOKER__	_	_
fca0206e-7dea-4beb-bb61-2f25001588e1.xml.macaon	227	13	dans	dans	prep	prep	_	12	mod	_	_
fca0206e-7dea-4beb-bb61-2f25001588e1.xml.macaon	228	14	la	le	det	det	_	15	det	_	_
fca0206e-7dea-4beb-bb61-2f25001588e1.xml.macaon	229	15	masse	masse	nc	nc	_	13	obj	_	_
fca0206e-7dea-4beb-bb61-2f25001588e1.xml.macaon	230	16	du	du	prep	prep	_	25	mod	_	_
fca0206e-7dea-4beb-bb61-2f25001588e1.xml.macaon	231	17	matériau	matériau	nc	nc	_	16	obj	_	_
fca0206e-7dea-4beb-bb61-2f25001588e1.xml.macaon	232	18	ou#bien	ou#bien	adv	adv	_	20	mod	_	_
fca0206e-7dea-4beb-bb61-2f25001588e1.xml.macaon	233	19	être	être	vinf	vinf	_	20	aux_pass	_	_
fca0206e-7dea-4beb-bb61-2f25001588e1.xml.macaon	234	20	ajouté	ajouter	vppart	vppart	_	17	mod	_	_
fca0206e-7dea-4beb-bb61-2f25001588e1.xml.macaon	235	21	et	et	coo	coo	_	16	coord	_	_
fca0206e-7dea-4beb-bb61-2f25001588e1.xml.macaon	236	22	dans#ce#cas	dans#ce#cas	adv	adv	_	25	mod	_	_
fca0206e-7dea-4beb-bb61-2f25001588e1.xml.macaon	237	23	il	il	cln	cln	_	25	suj	_	_
fca0206e-7dea-4beb-bb61-2f25001588e1.xml.macaon	238	24	est	être	v	v	_	25	aux_tps	_	_
fca0206e-7dea-4beb-bb61-2f25001588e1.xml.macaon	239	25	fixé	fixer	vppart	vppart	_	15	mod_rel	_	_
fca0206e-7dea-4beb-bb61-2f25001588e1.xml.macaon	240	26	à	à	prep	prep	_	25	mod	_	_
fca0206e-7dea-4beb-bb61-2f25001588e1.xml.macaon	241	27	l	l	nc	nc	_	26	obj	_	_
fca0206e-7dea-4beb-bb61-2f25001588e1.xml.macaon	242	28	’	’	prep	prep	_	25	mod	_	_
fca0206e-7dea-4beb-bb61-2f25001588e1.xml.macaon	243	29	aide	aide	nc	nc	_	28	obj	_	_	B:OTHER:G
fca0206e-7dea-4beb-bb61-2f25001588e1.xml.macaon	244	30	de	de	prep	prep	_	29	dep	_	_
fca0206e-7dea-4beb-bb61-2f25001588e1.xml.macaon	245	31	colles	colle	nc	nc	_	30	obj	_	_
fca0206e-7dea-4beb-bb61-2f25001588e1.xml.macaon	246	32	ou	ou	coo	coo	_	28	coord	_	_
fca0206e-7dea-4beb-bb61-2f25001588e1.xml.macaon	247	33	de	de	prep	prep	_	32	dep_coord	_	_
fca0206e-7dea-4beb-bb61-2f25001588e1.xml.macaon	248	34	ligatures	ligature	nc	nc	_	33	obj	_	_
fca0206e-7dea-4beb-bb61-2f25001588e1.xml.macaon	249	35	en	en	prep	prep	_	32	dep_coord	_	_
fca0206e-7dea-4beb-bb61-2f25001588e1.xml.macaon	250	36	matériaux	matériau	nc	nc	_	35	obj	_	_
fca0206e-7dea-4beb-bb61-2f25001588e1.xml.macaon	251	37	naturels	naturel	adj	adj	_	36	mod	_	_
fca0206e-7dea-4beb-bb61-2f25001588e1.xml.macaon	252	38	(	(	ponctw	ponctw	_	36	ponct	_	_
fca0206e-7dea-4beb-bb61-2f25001588e1.xml.macaon	253	39	tendons	tendon	nc	nc	_	36	mod	_	_
fca0206e-7dea-4beb-bb61-2f25001588e1.xml.macaon	254	40	ou	ou	coo	coo	_	36	coord	_	_
fca0206e-7dea-4beb-bb61-2f25001588e1.xml.macaon	255	41	boyaux	boyau	nc	nc	_	40	dep_coord	_	_
fca0206e-7dea-4beb-bb61-2f25001588e1.xml.macaon	256	42	découpés	découper	vppart	vppart	_	41	mod	_	_
fca0206e-7dea-4beb-bb61-2f25001588e1.xml.macaon	257	43	en	en	prep	prep	_	42	mod	_	_
fca0206e-7dea-4beb-bb61-2f25001588e1.xml.macaon	258	44	lanières	lanière	nc	nc	_	43	obj	_	_
fca0206e-7dea-4beb-bb61-2f25001588e1.xml.macaon	259	45	et	et	coo	coo	_	13	__JOKER__	_	_
fca0206e-7dea-4beb-bb61-2f25001588e1.xml.macaon	260	46	séchés	sécher	vppart	vppart	_	45	dep_coord	_	_
fca0206e-7dea-4beb-bb61-2f25001588e1.xml.macaon	261	47	)	)	ponctw	ponctw	_	46	ponct	_	_
fca0206e-7dea-4beb-bb61-2f25001588e1.xml.macaon	262	48	.	.	poncts	poncts	_	8	ponct	_	_

fca0206e-7dea-4beb-bb61-2f25001588e1.xml.macaon	263	1	La	la	det	det	_	2	det	_	_
fca0206e-7dea-4beb-bb61-2f25001588e1.xml.macaon	264	2	réalisation	réalisation	nc	nc	_	5	suj	_	_	B:Creating:TARGET:réalisation:G:264
fca0206e-7dea-4beb-bb61-2f25001588e1.xml.macaon	265	3	de	de	prep	prep	_	2	dep	_	_	B:Creating:FE:Created_entity:G:264
fca0206e-7dea-4beb-bb61-2f25001588e1.xml.macaon	266	4	propulseur	propulseur	nc	nc	_	3	obj	_	_	I:Creating:FE:Created_entity:G:264
fca0206e-7dea-4beb-bb61-2f25001588e1.xml.macaon	267	5	est	être	v	v	_	_	_	_	_
fca0206e-7dea-4beb-bb61-2f25001588e1.xml.macaon	268	6	assez	assez	adv	adv	_	7	mod	_	_
fca0206e-7dea-4beb-bb61-2f25001588e1.xml.macaon	269	7	rapide	rapide	adj	adj	_	5	ats	_	_
fca0206e-7dea-4beb-bb61-2f25001588e1.xml.macaon	270	8	et	et	coo	coo	_	5	coord	_	_
fca0206e-7dea-4beb-bb61-2f25001588e1.xml.macaon	271	9	demande	demander	v	v	_	8	dep_coord	_	_	B:OTHER:G
fca0206e-7dea-4beb-bb61-2f25001588e1.xml.macaon	272	10	peu#de	peu#de	prep	prep	_	9	mod	_	_
fca0206e-7dea-4beb-bb61-2f25001588e1.xml.macaon	273	11	matériaux	matériau	nc	nc	_	10	obj	_	_
fca0206e-7dea-4beb-bb61-2f25001588e1.xml.macaon	274	12	,	,	ponctw	ponctw	_	9	ponct	_	_
fca0206e-7dea-4beb-bb61-2f25001588e1.xml.macaon	275	13	d'autant#qu'	d'autant#que	csu	csu	_	9	mod	_	_
fca0206e-7dea-4beb-bb61-2f25001588e1.xml.macaon	276	14	il	il	cln	cln	_	16	suj	_	_
fca0206e-7dea-4beb-bb61-2f25001588e1.xml.macaon	277	15	reste	rester	v	v	_	16	aux_tps	_	_
fca0206e-7dea-4beb-bb61-2f25001588e1.xml.macaon	278	16	fixé	fixer	vppart	vppart	_	13	obj	_	_
fca0206e-7dea-4beb-bb61-2f25001588e1.xml.macaon	279	17	au	au	prep	prep	_	16	mod	_	_
fca0206e-7dea-4beb-bb61-2f25001588e1.xml.macaon	280	18	poignet	poignet	nc	nc	_	17	obj	_	_
fca0206e-7dea-4beb-bb61-2f25001588e1.xml.macaon	281	19	du	du	prep	prep	_	16	mod	_	_
fca0206e-7dea-4beb-bb61-2f25001588e1.xml.macaon	282	20	tireur	tireur	nc	nc	_	19	obj	_	_
fca0206e-7dea-4beb-bb61-2f25001588e1.xml.macaon	283	21	.	.	poncts	poncts	_	5	ponct	_	_

fca0206e-7dea-4beb-bb61-2f25001588e1.xml.macaon	284	1	Il	il	cln	cln	_	3	suj	_	_	B:Objective_influence:FE:Dependent_situation:G:288
fca0206e-7dea-4beb-bb61-2f25001588e1.xml.macaon	285	2	ne	ne	advneg	advneg	_	3	mod	_	_
fca0206e-7dea-4beb-bb61-2f25001588e1.xml.macaon	286	3	semble	sembler	v	v	_	5	aux_tps	_	_
fca0206e-7dea-4beb-bb61-2f25001588e1.xml.macaon	287	4	pas	pas	advneg	advneg	_	5	mod	_	_
fca0206e-7dea-4beb-bb61-2f25001588e1.xml.macaon	288	5	affecté	affecter	vppart	vppart	_	_	_	_	_	B:Objective_influence:TARGET:affecter:G:288
fca0206e-7dea-4beb-bb61-2f25001588e1.xml.macaon	289	6	par	par	prep	prep	_	5	p_obj	_	_	B:Objective_influence:FE:Influencing_situation:G:288
fca0206e-7dea-4beb-bb61-2f25001588e1.xml.macaon	290	7	les	le	det	det	_	8	det	_	_	I:Objective_influence:FE:Influencing_situation:G:288
fca0206e-7dea-4beb-bb61-2f25001588e1.xml.macaon	291	8	conditions	condition	nc	nc	_	6	obj	_	_	I:Objective_influence:FE:Influencing_situation:G:288
fca0206e-7dea-4beb-bb61-2f25001588e1.xml.macaon	292	9	atmosphériques	atmosphérique	adj	adj	_	8	mod	_	_	I:Objective_influence:FE:Influencing_situation:G:288
fca0206e-7dea-4beb-bb61-2f25001588e1.xml.macaon	293	10	(	(	ponctw	ponctw	_	8	ponct	_	_
fca0206e-7dea-4beb-bb61-2f25001588e1.xml.macaon	294	11	contrairement	contrairement	adv	adv	_	17	mod	_	_
fca0206e-7dea-4beb-bb61-2f25001588e1.xml.macaon	295	12	à	à	prep	prep	_	17	mod	_	_
fca0206e-7dea-4beb-bb61-2f25001588e1.xml.macaon	296	13	l'	le	det	det	_	14	det	_	_
fca0206e-7dea-4beb-bb61-2f25001588e1.xml.macaon	297	14	arc	arc	nc	nc	_	12	obj	_	_
fca0206e-7dea-4beb-bb61-2f25001588e1.xml.macaon	298	15	qui	qui	prorel	prorel	_	17	suj	_	_
fca0206e-7dea-4beb-bb61-2f25001588e1.xml.macaon	299	16	y	y	clo	clo	_	17	__JOKER__	_	_
fca0206e-7dea-4beb-bb61-2f25001588e1.xml.macaon	300	17	est	être	v	v	_	8	mod_rel	_	_
fca0206e-7dea-4beb-bb61-2f25001588e1.xml.macaon	301	18	plus	plus	adv	adv	_	19	mod	_	_
fca0206e-7dea-4beb-bb61-2f25001588e1.xml.macaon	302	19	sensible	sensible	adj	adj	_	17	ats	_	_
fca0206e-7dea-4beb-bb61-2f25001588e1.xml.macaon	303	20	)	)	ponctw	ponctw	_	17	ponct	_	_
fca0206e-7dea-4beb-bb61-2f25001588e1.xml.macaon	304	21	.	.	poncts	poncts	_	5	__JOKER__	_	_

fca0206e-7dea-4beb-bb61-2f25001588e1.xml.macaon	305	1	Le	le	det	det	_	2	det	_	_
fca0206e-7dea-4beb-bb61-2f25001588e1.xml.macaon	306	2	maniement	maniement	nc	nc	_	_	_	_	_
fca0206e-7dea-4beb-bb61-2f25001588e1.xml.macaon	307	3	du	du	prep	prep	_	2	dep	_	_
fca0206e-7dea-4beb-bb61-2f25001588e1.xml.macaon	308	4	propulseur	propulseur	nc	nc	_	3	obj	_	_

fca0206e-7dea-4beb-bb61-2f25001588e1.xml.macaon	309	1	Le	le	det	det	_	2	det	_	_
fca0206e-7dea-4beb-bb61-2f25001588e1.xml.macaon	310	2	maniement	maniement	nc	nc	_	_	_	_	_
fca0206e-7dea-4beb-bb61-2f25001588e1.xml.macaon	311	3	du	du	prep	prep	_	2	dep	_	_
fca0206e-7dea-4beb-bb61-2f25001588e1.xml.macaon	312	4	propulseur	propulseur	nc	nc	_	3	obj	_	_

fca0206e-7dea-4beb-bb61-2f25001588e1.xml.macaon	313	1	Le	le	det	det	_	2	det	_	_
fca0206e-7dea-4beb-bb61-2f25001588e1.xml.macaon	314	2	but	but	nc	nc	_	7	suj	_	_
fca0206e-7dea-4beb-bb61-2f25001588e1.xml.macaon	315	3	de#l'	de#l'	prep	prep	_	2	dep	_	_
fca0206e-7dea-4beb-bb61-2f25001588e1.xml.macaon	316	4	utilisation	utilisation	nc	nc	_	3	obj	_	_	B:Using:TARGET:utilisation:G:316
fca0206e-7dea-4beb-bb61-2f25001588e1.xml.macaon	317	5	du	du	prep	prep	_	4	dep	_	_	B:Using:FE:Instrument:G:316
fca0206e-7dea-4beb-bb61-2f25001588e1.xml.macaon	318	6	propulseur	propulseur	nc	nc	_	5	obj	_	_	I:Using:FE:Instrument:G:316
fca0206e-7dea-4beb-bb61-2f25001588e1.xml.macaon	319	7	est	être	v	v	_	_	_	_	_
fca0206e-7dea-4beb-bb61-2f25001588e1.xml.macaon	320	8	de	de	prep	prep	_	7	obj	_	_
fca0206e-7dea-4beb-bb61-2f25001588e1.xml.macaon	321	9	pouvoir	pouvoir	vinf	vinf	_	8	obj	_	_	B:Using:FE:Purpose:G:316
fca0206e-7dea-4beb-bb61-2f25001588e1.xml.macaon	322	10	lancer	lancer	vinf	vinf	_	8	obj	_	_	I:Using:FE:Purpose:G:316
fca0206e-7dea-4beb-bb61-2f25001588e1.xml.macaon	323	11	un	un	det	det	_	12	det	_	_	I:Using:FE:Purpose:G:316
fca0206e-7dea-4beb-bb61-2f25001588e1.xml.macaon	324	12	projectile	projectile	nc	nc	_	10	obj	_	_	I:Using:FE:Purpose:G:316
fca0206e-7dea-4beb-bb61-2f25001588e1.xml.macaon	325	13	ressemblant	ressembler	vprespart	vprespart	_	12	__JOKER__	_	_	I:Using:FE:Purpose:G:316
fca0206e-7dea-4beb-bb61-2f25001588e1.xml.macaon	326	14	à	à	prep	prep	_	10	a_obj	_	_	I:Using:FE:Purpose:G:316
fca0206e-7dea-4beb-bb61-2f25001588e1.xml.macaon	327	15	une	un	det	det	_	16	det	_	_	I:Using:FE:Purpose:G:316
fca0206e-7dea-4beb-bb61-2f25001588e1.xml.macaon	328	16	lance	lance	nc	nc	_	14	obj	_	_	I:Using:FE:Purpose:G:316
fca0206e-7dea-4beb-bb61-2f25001588e1.xml.macaon	329	17	de	de	prep	prep	_	16	dep	_	_	I:Using:FE:Purpose:G:316
fca0206e-7dea-4beb-bb61-2f25001588e1.xml.macaon	330	18	grande	grand	adj	adj	_	19	mod	_	_	I:Using:FE:Purpose:G:316
fca0206e-7dea-4beb-bb61-2f25001588e1.xml.macaon	331	19	dimension	dimension	nc	nc	_	17	obj	_	_	I:Using:FE:Purpose:G:316
fca0206e-7dea-4beb-bb61-2f25001588e1.xml.macaon	332	20	beaucoup	beaucoup	adv	adv	_	22	mod	_	_	I:Using:FE:Purpose:G:316
fca0206e-7dea-4beb-bb61-2f25001588e1.xml.macaon	333	21	plus	plus	adv	adv	_	22	mod	_	_	I:Using:FE:Purpose:G:316
fca0206e-7dea-4beb-bb61-2f25001588e1.xml.macaon	334	22	loin	loin	adv	adv	_	19	mod	_	_	I:Using:FE:Purpose:G:316
fca0206e-7dea-4beb-bb61-2f25001588e1.xml.macaon	335	23	qu	qu	det	det	_	24	det	_	_	I:Using:FE:Purpose:G:316
fca0206e-7dea-4beb-bb61-2f25001588e1.xml.macaon	336	24	’	’	nc	nc	_	17	obj	_	_	I:Using:FE:Purpose:G:316
fca0206e-7dea-4beb-bb61-2f25001588e1.xml.macaon	337	25	à	à	prep	prep	_	24	dep	_	_	I:Using:FE:Purpose:G:316
fca0206e-7dea-4beb-bb61-2f25001588e1.xml.macaon	338	26	la	le	det	det	_	27	det	_	_	I:Using:FE:Purpose:G:316
fca0206e-7dea-4beb-bb61-2f25001588e1.xml.macaon	339	27	main	main	nc	nc	_	25	obj	_	_	I:Using:FE:Purpose:G:316
fca0206e-7dea-4beb-bb61-2f25001588e1.xml.macaon	340	28	,	,	ponctw	ponctw	_	27	ponct	_	_
fca0206e-7dea-4beb-bb61-2f25001588e1.xml.macaon	341	29	en	en	prep	prep	_	27	dep	_	_
fca0206e-7dea-4beb-bb61-2f25001588e1.xml.macaon	342	30	augmentant	augmenter	vprespart	vprespart	_	29	__JOKER__	_	_
fca0206e-7dea-4beb-bb61-2f25001588e1.xml.macaon	343	31	sa	son	det	det	_	32	det	_	_
fca0206e-7dea-4beb-bb61-2f25001588e1.xml.macaon	344	32	vitesse	vitesse	nc	nc	_	29	obj	_	_
fca0206e-7dea-4beb-bb61-2f25001588e1.xml.macaon	345	33	initiale	initial	adj	adj	_	32	mod	_	_
fca0206e-7dea-4beb-bb61-2f25001588e1.xml.macaon	346	34	.	.	poncts	poncts	_	7	ponct	_	_

fca0206e-7dea-4beb-bb61-2f25001588e1.xml.macaon	347	1	De#ce#fait	de#ce#fait	adv	adv	_	9	mod	_	_
fca0206e-7dea-4beb-bb61-2f25001588e1.xml.macaon	348	2	l'	le	det	det	_	3	det	_	_
fca0206e-7dea-4beb-bb61-2f25001588e1.xml.macaon	349	3	efficacité	efficacité	nc	nc	_	9	suj	_	_
fca0206e-7dea-4beb-bb61-2f25001588e1.xml.macaon	350	4	de	de	prep	prep	_	3	dep	_	_
fca0206e-7dea-4beb-bb61-2f25001588e1.xml.macaon	351	5	pénétration	pénétration	nc	nc	_	4	obj	_	_
fca0206e-7dea-4beb-bb61-2f25001588e1.xml.macaon	352	6	dans	dans	prep	prep	_	9	mod	_	_
fca0206e-7dea-4beb-bb61-2f25001588e1.xml.macaon	353	7	l'	le	det	det	_	8	det	_	_
fca0206e-7dea-4beb-bb61-2f25001588e1.xml.macaon	354	8	objectif	objectif	nc	nc	_	6	obj	_	_
fca0206e-7dea-4beb-bb61-2f25001588e1.xml.macaon	355	9	est	être	v	v	_	_	_	_	_
fca0206e-7dea-4beb-bb61-2f25001588e1.xml.macaon	356	10	supérieure	supérieur	adj	adj	_	9	ats	_	_
fca0206e-7dea-4beb-bb61-2f25001588e1.xml.macaon	357	11	à	à	prep	prep	_	9	a_obj	_	_
fca0206e-7dea-4beb-bb61-2f25001588e1.xml.macaon	358	12	celle	celui	pro	pro	_	11	obj	_	_
fca0206e-7dea-4beb-bb61-2f25001588e1.xml.macaon	359	13	du	du	prep	prep	_	9	mod	_	_
fca0206e-7dea-4beb-bb61-2f25001588e1.xml.macaon	360	14	lancer	lancer	vinf	vinf	_	13	obj	_	_
fca0206e-7dea-4beb-bb61-2f25001588e1.xml.macaon	361	15	à	à	prep	prep	_	14	a_obj	_	_
fca0206e-7dea-4beb-bb61-2f25001588e1.xml.macaon	362	16	la	le	det	det	_	17	det	_	_
fca0206e-7dea-4beb-bb61-2f25001588e1.xml.macaon	363	17	main	main	nc	nc	_	15	obj	_	_
fca0206e-7dea-4beb-bb61-2f25001588e1.xml.macaon	364	18	.	.	poncts	poncts	_	9	ponct	_	_

fca0206e-7dea-4beb-bb61-2f25001588e1.xml.macaon	365	1	Le	le	det	det	_	2	det	_	_
fca0206e-7dea-4beb-bb61-2f25001588e1.xml.macaon	366	2	propulseur	propulseur	nc	nc	_	3	suj	_	_
fca0206e-7dea-4beb-bb61-2f25001588e1.xml.macaon	367	3	prolonge	prolonger	v	v	_	_	_	_	_
fca0206e-7dea-4beb-bb61-2f25001588e1.xml.macaon	368	4	la	le	det	det	_	5	det	_	_
fca0206e-7dea-4beb-bb61-2f25001588e1.xml.macaon	369	5	main	main	nc	nc	_	3	obj	_	_
fca0206e-7dea-4beb-bb61-2f25001588e1.xml.macaon	370	6	et	et	coo	coo	_	5	coord	_	_
fca0206e-7dea-4beb-bb61-2f25001588e1.xml.macaon	371	7	le	le	det	det	_	8	det	_	_
fca0206e-7dea-4beb-bb61-2f25001588e1.xml.macaon	372	8	bras	bras	nc	nc	_	6	dep_coord	_	_
fca0206e-7dea-4beb-bb61-2f25001588e1.xml.macaon	373	9	.	.	poncts	poncts	_	3	ponct	_	_

fca0206e-7dea-4beb-bb61-2f25001588e1.xml.macaon	374	1	Il	il	cln	cln	_	2	suj	_	_
fca0206e-7dea-4beb-bb61-2f25001588e1.xml.macaon	375	2	fait	faire	v	v	_	_	_	_	_
fca0206e-7dea-4beb-bb61-2f25001588e1.xml.macaon	376	3	alors	alors	adv	adv	_	2	mod	_	_
fca0206e-7dea-4beb-bb61-2f25001588e1.xml.macaon	377	4	partie	partie	nc	nc	_	2	obj	_	_
fca0206e-7dea-4beb-bb61-2f25001588e1.xml.macaon	378	5	d'	de	prep	prep	_	4	dep	_	_
fca0206e-7dea-4beb-bb61-2f25001588e1.xml.macaon	379	6	un	un	det	det	_	9	det	_	_
fca0206e-7dea-4beb-bb61-2f25001588e1.xml.macaon	380	7	dans	dans	prep	prep	_	6	__JOKER__	_	_
fca0206e-7dea-4beb-bb61-2f25001588e1.xml.macaon	381	8	un	un	det	det	_	9	det	_	_
fca0206e-7dea-4beb-bb61-2f25001588e1.xml.macaon	382	9	système	système	nc	nc	_	5	obj	_	_
fca0206e-7dea-4beb-bb61-2f25001588e1.xml.macaon	383	10	de	de	prep	prep	_	9	dep	_	_
fca0206e-7dea-4beb-bb61-2f25001588e1.xml.macaon	384	11	leviers	levier	nc	nc	_	10	obj	_	_
fca0206e-7dea-4beb-bb61-2f25001588e1.xml.macaon	385	12	,	,	ponctw	ponctw	_	9	ponct	_	_
fca0206e-7dea-4beb-bb61-2f25001588e1.xml.macaon	386	13	dont	dont	prorel	prorel	_	17	__JOKER__	_	_
fca0206e-7dea-4beb-bb61-2f25001588e1.xml.macaon	387	14	les	le	det	det	_	15	det	_	_
fca0206e-7dea-4beb-bb61-2f25001588e1.xml.macaon	388	15	pivots	pivot	nc	nc	_	17	suj	_	_
fca0206e-7dea-4beb-bb61-2f25001588e1.xml.macaon	389	16	principaux	principal	adj	adj	_	15	mod	_	_
fca0206e-7dea-4beb-bb61-2f25001588e1.xml.macaon	390	17	sont	être	v	v	_	9	mod_rel	_	_
fca0206e-7dea-4beb-bb61-2f25001588e1.xml.macaon	391	18	le	le	det	det	_	19	det	_	_
fca0206e-7dea-4beb-bb61-2f25001588e1.xml.macaon	392	19	bassin	bassin	nc	nc	_	17	ats	_	_
fca0206e-7dea-4beb-bb61-2f25001588e1.xml.macaon	393	20	et	et	coo	coo	_	17	coord	_	_
fca0206e-7dea-4beb-bb61-2f25001588e1.xml.macaon	394	21	l	l	adj	adj	_	20	dep_coord	_	_
fca0206e-7dea-4beb-bb61-2f25001588e1.xml.macaon	395	22	’	’	prep	prep	_	20	dep_coord	_	_
fca0206e-7dea-4beb-bb61-2f25001588e1.xml.macaon	396	23	épaule	épaule	nc	nc	_	22	obj	_	_
fca0206e-7dea-4beb-bb61-2f25001588e1.xml.macaon	397	24	,	,	ponctw	ponctw	_	20	ponct	_	_
fca0206e-7dea-4beb-bb61-2f25001588e1.xml.macaon	398	25	le	le	det	det	_	26	det	_	_
fca0206e-7dea-4beb-bb61-2f25001588e1.xml.macaon	399	26	coude	coude	nc	nc	_	20	__JOKER__	_	_
fca0206e-7dea-4beb-bb61-2f25001588e1.xml.macaon	400	27	et	et	coo	coo	_	26	coord	_	_
fca0206e-7dea-4beb-bb61-2f25001588e1.xml.macaon	401	28	surtout	surtout	adv	adv	_	27	mod	_	_
fca0206e-7dea-4beb-bb61-2f25001588e1.xml.macaon	402	29	le	le	det	det	_	30	det	_	_	B:Giving:FE:Donor:G:412
fca0206e-7dea-4beb-bb61-2f25001588e1.xml.macaon	403	30	poignet	poignet	nc	nc	_	27	dep_coord	_	_	I:Giving:FE:Donor:G:412
fca0206e-7dea-4beb-bb61-2f25001588e1.xml.macaon	404	31	qui	qui	prorel	prorel	_	32	suj	_	_	B:Giving:FE:Donor:G:412
fca0206e-7dea-4beb-bb61-2f25001588e1.xml.macaon	405	32	grâce#à	grâce#à	v	v	_	30	mod_rel	_	_	B:Giving:FE:Manner:G:412
fca0206e-7dea-4beb-bb61-2f25001588e1.xml.macaon	406	33	une	un	det	det	_	34	det	_	_	I:Giving:FE:Manner:G:412
fca0206e-7dea-4beb-bb61-2f25001588e1.xml.macaon	407	34	rotation	rotation	nc	nc	_	32	obj	_	_	I:Giving:FE:Manner:G:412
fca0206e-7dea-4beb-bb61-2f25001588e1.xml.macaon	408	35	très	très	adv	adv	_	36	mod	_	_	I:Giving:FE:Manner:G:412
fca0206e-7dea-4beb-bb61-2f25001588e1.xml.macaon	409	36	rapide	rapide	adj	adj	_	34	mod	_	_	I:Giving:FE:Manner:G:412
fca0206e-7dea-4beb-bb61-2f25001588e1.xml.macaon	410	37	en#fin#de	en#fin#de	prep	prep	_	32	mod	_	_	I:Giving:FE:Manner:G:412
fca0206e-7dea-4beb-bb61-2f25001588e1.xml.macaon	411	38	mouvement	mouvement	nc	nc	_	37	obj	_	_	I:Giving:FE:Manner:G:412
fca0206e-7dea-4beb-bb61-2f25001588e1.xml.macaon	412	39	donne	donner	v	v	_	32	mod	_	_	B:Giving:TARGET:donner:G:412
fca0206e-7dea-4beb-bb61-2f25001588e1.xml.macaon	413	40	la	le	det	det	_	41	det	_	_	B:Giving:FE:Theme:G:412
fca0206e-7dea-4beb-bb61-2f25001588e1.xml.macaon	414	41	vitesse	vitesse	nc	nc	_	39	obj	_	_	I:Giving:FE:Theme:G:412
fca0206e-7dea-4beb-bb61-2f25001588e1.xml.macaon	415	42	.	.	poncts	poncts	_	2	ponct	_	_

fca0206e-7dea-4beb-bb61-2f25001588e1.xml.macaon	416	1	La	la	det	det	_	2	det	_	_
fca0206e-7dea-4beb-bb61-2f25001588e1.xml.macaon	417	2	vitesse	vitesse	nc	nc	_	_	_	_	_
fca0206e-7dea-4beb-bb61-2f25001588e1.xml.macaon	418	3	de	de	prep	prep	_	2	dep	_	_
fca0206e-7dea-4beb-bb61-2f25001588e1.xml.macaon	419	4	la	le	det	det	_	5	det	_	_
fca0206e-7dea-4beb-bb61-2f25001588e1.xml.macaon	420	5	sagaie	sagaie	nc	nc	_	3	obj	_	_
fca0206e-7dea-4beb-bb61-2f25001588e1.xml.macaon	421	6	peut	pouvoir	v	v	_	2	mod_rel	_	_
fca0206e-7dea-4beb-bb61-2f25001588e1.xml.macaon	422	7	atteindre	atteindre	vinf	vinf	_	6	obj	_	_	B:OTHER:G
fca0206e-7dea-4beb-bb61-2f25001588e1.xml.macaon	423	8	100	100	det	det	_	9	det	_	_
fca0206e-7dea-4beb-bb61-2f25001588e1.xml.macaon	424	9	km/h	kilomètre#par#heure	nc	nc	_	7	obj	_	_
fca0206e-7dea-4beb-bb61-2f25001588e1.xml.macaon	425	10	.	.	poncts	poncts	_	2	ponct	_	_

fca0206e-7dea-4beb-bb61-2f25001588e1.xml.macaon	426	1	L'	L'	det	det	_	2	det	_	_
fca0206e-7dea-4beb-bb61-2f25001588e1.xml.macaon	427	2	utilisation	utilisation	nc	nc	_	_	_	_	_	B:Using:TARGET:utilisation:G:427
fca0206e-7dea-4beb-bb61-2f25001588e1.xml.macaon	428	3	du	du	prep	prep	_	2	dep	_	_
fca0206e-7dea-4beb-bb61-2f25001588e1.xml.macaon	429	4	propulseur	propulseur	nc	nc	_	3	obj	_	_

fca0206e-7dea-4beb-bb61-2f25001588e1.xml.macaon	430	1	Le	le	det	det	_	2	det	_	_
fca0206e-7dea-4beb-bb61-2f25001588e1.xml.macaon	431	2	propulseur	propulseur	nc	nc	_	3	suj	_	_	B:Using:FE:Instrument:G:434
fca0206e-7dea-4beb-bb61-2f25001588e1.xml.macaon	432	3	peut	pouvoir	v	v	_	5	aux_tps	_	_
fca0206e-7dea-4beb-bb61-2f25001588e1.xml.macaon	433	4	être	être	vinf	vinf	_	5	aux_pass	_	_
fca0206e-7dea-4beb-bb61-2f25001588e1.xml.macaon	434	5	utilisé	utiliser	vppart	vppart	_	_	_	_	_	B:Using:TARGET:utiliser:G:434
fca0206e-7dea-4beb-bb61-2f25001588e1.xml.macaon	435	6	pour	pour	prep	prep	_	5	mod	_	_	B:Using:FE:Purpose:G:434
fca0206e-7dea-4beb-bb61-2f25001588e1.xml.macaon	436	7	avoir	avoir	vinf	vinf	_	6	obj	_	_	I:Using:FE:Purpose:G:434
fca0206e-7dea-4beb-bb61-2f25001588e1.xml.macaon	437	8	un	un	det	det	_	9	det	_	_	I:Using:FE:Purpose:G:434
fca0206e-7dea-4beb-bb61-2f25001588e1.xml.macaon	438	9	impact	impact	nc	nc	_	7	obj	_	_	I:Using:FE:Purpose:G:434
fca0206e-7dea-4beb-bb61-2f25001588e1.xml.macaon	439	10	puissant	puissant	adj	adj	_	9	mod	_	_	I:Using:FE:Purpose:G:434
fca0206e-7dea-4beb-bb61-2f25001588e1.xml.macaon	440	11	et	et	coo	coo	_	10	coord	_	_	I:Using:FE:Purpose:G:434
fca0206e-7dea-4beb-bb61-2f25001588e1.xml.macaon	441	12	précis	précis	adj	adj	_	11	dep_coord	_	_	I:Using:FE:Purpose:G:434
fca0206e-7dea-4beb-bb61-2f25001588e1.xml.macaon	442	13	à	à	prep	prep	_	7	a_obj	_	_	I:Using:FE:Purpose:G:434
fca0206e-7dea-4beb-bb61-2f25001588e1.xml.macaon	443	14	courte	court	adj	adj	_	15	mod	_	_	I:Using:FE:Purpose:G:434
fca0206e-7dea-4beb-bb61-2f25001588e1.xml.macaon	444	15	distance	distance	nc	nc	_	13	obj	_	_	I:Using:FE:Purpose:G:434
fca0206e-7dea-4beb-bb61-2f25001588e1.xml.macaon	445	16	.	.	poncts	poncts	_	5	ponct	_	_

fca0206e-7dea-4beb-bb61-2f25001588e1.xml.macaon	446	1	On	on	cln	cln	_	2	suj	_	_	B:Hunting:FE:Hunter:G:458
fca0206e-7dea-4beb-bb61-2f25001588e1.xml.macaon	447	2	utilise	utiliser	v	v	_	_	_	_	_	B:Using:TARGET:utiliser:G:447
fca0206e-7dea-4beb-bb61-2f25001588e1.xml.macaon	448	3	alors	alors	adv	adv	_	2	mod	_	_
fca0206e-7dea-4beb-bb61-2f25001588e1.xml.macaon	449	4	un	un	det	det	_	5	det	_	_	B:Hunting:FE:Instrument:G:458
fca0206e-7dea-4beb-bb61-2f25001588e1.xml.macaon	450	5	projectile	projectile	nc	nc	_	2	obj	_	_	I:Hunting:FE:Instrument:G:458
fca0206e-7dea-4beb-bb61-2f25001588e1.xml.macaon	451	6	plutôt	plutôt	adv	adv	_	7	mod	_	_	I:Hunting:FE:Instrument:G:458
fca0206e-7dea-4beb-bb61-2f25001588e1.xml.macaon	452	7	long	long	adj	adj	_	5	mod	_	_	I:Hunting:FE:Instrument:G:458
fca0206e-7dea-4beb-bb61-2f25001588e1.xml.macaon	453	8	et	et	coo	coo	_	7	coord	_	_	I:Hunting:FE:Instrument:G:458
fca0206e-7dea-4beb-bb61-2f25001588e1.xml.macaon	454	9	lourd	lourd	adj	adj	_	8	dep_coord	_	_	I:Hunting:FE:Instrument:G:458
fca0206e-7dea-4beb-bb61-2f25001588e1.xml.macaon	455	10	,	,	ponctw	ponctw	_	2	ponct	_	_
fca0206e-7dea-4beb-bb61-2f25001588e1.xml.macaon	456	11	pour	pour	prep	prep	_	2	mod	_	_
fca0206e-7dea-4beb-bb61-2f25001588e1.xml.macaon	457	12	la	le	det	det	_	13	det	_	_
fca0206e-7dea-4beb-bb61-2f25001588e1.xml.macaon	458	13	chasse	chasse	nc	nc	_	11	obj	_	_	B:Hunting:TARGET:chasse:G:458
fca0206e-7dea-4beb-bb61-2f25001588e1.xml.macaon	459	14	et	et	coo	coo	_	13	coord	_	_
fca0206e-7dea-4beb-bb61-2f25001588e1.xml.macaon	460	15	la	le	det	det	_	16	det	_	_
fca0206e-7dea-4beb-bb61-2f25001588e1.xml.macaon	461	16	pêche	pêche	nc	nc	_	14	dep_coord	_	_	B:Hunting:TARGET:pêche:G:461
fca0206e-7dea-4beb-bb61-2f25001588e1.xml.macaon	462	17	.	.	poncts	poncts	_	2	ponct	_	_

fca0206e-7dea-4beb-bb61-2f25001588e1.xml.macaon	463	1	On	on	cln	cln	_	2	suj	_	_
fca0206e-7dea-4beb-bb61-2f25001588e1.xml.macaon	464	2	peut	pouvoir	v	v	_	_	_	_	_
fca0206e-7dea-4beb-bb61-2f25001588e1.xml.macaon	465	3	alors	alors	adv	adv	_	2	mod	_	_
fca0206e-7dea-4beb-bb61-2f25001588e1.xml.macaon	466	4	abattre	abattre	vinf	vinf	_	2	obj	_	_
fca0206e-7dea-4beb-bb61-2f25001588e1.xml.macaon	467	5	à#coup#sûr	à#coup#sûr	prep	prep	_	4	mod	_	_
fca0206e-7dea-4beb-bb61-2f25001588e1.xml.macaon	468	6	un	un	det	det	_	7	det	_	_
fca0206e-7dea-4beb-bb61-2f25001588e1.xml.macaon	469	7	bouquetin	bouquetin	nc	nc	_	5	obj	_	_
fca0206e-7dea-4beb-bb61-2f25001588e1.xml.macaon	470	8	à	à	prep	prep	_	4	a_obj	_	_
fca0206e-7dea-4beb-bb61-2f25001588e1.xml.macaon	471	9	20	20	det	det	_	10	det	_	_
fca0206e-7dea-4beb-bb61-2f25001588e1.xml.macaon	472	10	mètres	mètre	nc	nc	_	8	obj	_	_
fca0206e-7dea-4beb-bb61-2f25001588e1.xml.macaon	473	11	.	.	poncts	poncts	_	2	ponct	_	_

fca0206e-7dea-4beb-bb61-2f25001588e1.xml.macaon	474	1	Le	le	det	det	_	2	det	_	_
fca0206e-7dea-4beb-bb61-2f25001588e1.xml.macaon	475	2	projectile	projectile	nc	nc	_	3	suj	_	_
fca0206e-7dea-4beb-bb61-2f25001588e1.xml.macaon	476	3	perfore	perforer	v	v	_	_	_	_	_
fca0206e-7dea-4beb-bb61-2f25001588e1.xml.macaon	477	4	les	le	det	det	_	5	det	_	_
fca0206e-7dea-4beb-bb61-2f25001588e1.xml.macaon	478	5	muscles	muscle	nc	nc	_	3	obj	_	_
fca0206e-7dea-4beb-bb61-2f25001588e1.xml.macaon	479	6	et	et	coo	coo	_	3	coord	_	_
fca0206e-7dea-4beb-bb61-2f25001588e1.xml.macaon	480	7	arrive	arriver	v	v	_	6	dep_coord	_	_	B:OTHER:G
fca0206e-7dea-4beb-bb61-2f25001588e1.xml.macaon	481	8	à	à	prep	prep	_	7	a_obj	_	_
fca0206e-7dea-4beb-bb61-2f25001588e1.xml.macaon	482	9	pénétrer	pénétrer	vinf	vinf	_	8	obj	_	_
fca0206e-7dea-4beb-bb61-2f25001588e1.xml.macaon	483	10	dans	dans	prep	prep	_	9	mod	_	_
fca0206e-7dea-4beb-bb61-2f25001588e1.xml.macaon	484	11	l'	le	det	det	_	12	det	_	_
fca0206e-7dea-4beb-bb61-2f25001588e1.xml.macaon	485	12	os	os	nc	nc	_	10	obj	_	_
fca0206e-7dea-4beb-bb61-2f25001588e1.xml.macaon	486	13	.	.	poncts	poncts	_	3	ponct	_	_

fca0206e-7dea-4beb-bb61-2f25001588e1.xml.macaon	487	1	L'	L'	det	det	_	2	det	_	_
fca0206e-7dea-4beb-bb61-2f25001588e1.xml.macaon	488	2	expérimentation	expérimentation	nc	nc	_	4	suj	_	_
fca0206e-7dea-4beb-bb61-2f25001588e1.xml.macaon	489	3	archéologique	archéologique	adj	adj	_	2	mod	_	_
fca0206e-7dea-4beb-bb61-2f25001588e1.xml.macaon	490	4	montre	montrer	v	v	_	_	_	_	_
fca0206e-7dea-4beb-bb61-2f25001588e1.xml.macaon	491	5	que	que	csu	csu	_	4	obj	_	_
fca0206e-7dea-4beb-bb61-2f25001588e1.xml.macaon	492	6	le	le	det	det	_	7	det	_	_	B:Sending:FE:Theme:G:503
fca0206e-7dea-4beb-bb61-2f25001588e1.xml.macaon	493	7	projectile	projectile	nc	nc	_	5	obj	_	_	I:Sending:FE:Theme:G:503
fca0206e-7dea-4beb-bb61-2f25001588e1.xml.macaon	494	8	(	(	ponctw	ponctw	_	7	ponct	_	_
fca0206e-7dea-4beb-bb61-2f25001588e1.xml.macaon	495	9	une	un	det	det	_	10	det	_	_	B:Sending:FE:Theme:G:503
fca0206e-7dea-4beb-bb61-2f25001588e1.xml.macaon	496	10	sagaie	sagaie	nc	nc	_	7	mod	_	_	I:Sending:FE:Theme:G:503
fca0206e-7dea-4beb-bb61-2f25001588e1.xml.macaon	497	11	de	de	prep	prep	_	10	dep	_	_	I:Sending:FE:Theme:G:503
fca0206e-7dea-4beb-bb61-2f25001588e1.xml.macaon	498	12	2	2	det	det	_	13	det	_	_	I:Sending:FE:Theme:G:503
fca0206e-7dea-4beb-bb61-2f25001588e1.xml.macaon	499	13	mètres	mètre	nc	nc	_	11	obj	_	_	I:Sending:FE:Theme:G:503
fca0206e-7dea-4beb-bb61-2f25001588e1.xml.macaon	500	14	de	de	prep	prep	_	13	dep	_	_	I:Sending:FE:Theme:G:503
fca0206e-7dea-4beb-bb61-2f25001588e1.xml.macaon	501	15	long	long	nc	nc	_	14	obj	_	_	I:Sending:FE:Theme:G:503
fca0206e-7dea-4beb-bb61-2f25001588e1.xml.macaon	502	16	)	)	ponctw	ponctw	_	13	ponct	_	_
fca0206e-7dea-4beb-bb61-2f25001588e1.xml.macaon	503	17	envoyée	envoyer	vppart	vppart	_	13	mod	_	_	B:Sending:TARGET:envoyer:G:503
fca0206e-7dea-4beb-bb61-2f25001588e1.xml.macaon	504	18	avec	avec	prep	prep	_	17	mod	_	_	B:Sending:FE:Transport_means:G:503
fca0206e-7dea-4beb-bb61-2f25001588e1.xml.macaon	505	19	un	un	det	det	_	20	det	_	_	I:Sending:FE:Transport_means:G:503
fca0206e-7dea-4beb-bb61-2f25001588e1.xml.macaon	506	20	propulseur	propulseur	nc	nc	_	18	obj	_	_	I:Sending:FE:Transport_means:G:503	B:Dimension:FE:Object:G:508
fca0206e-7dea-4beb-bb61-2f25001588e1.xml.macaon	507	21	de	de	prep	prep	_	20	dep	_	_	I:Sending:FE:Transport_means:G:503
fca0206e-7dea-4beb-bb61-2f25001588e1.xml.macaon	508	22	taille	taille	nc	nc	_	21	obj	_	_	I:Sending:FE:Transport_means:G:503	B:Dimension:TARGET:taille:G:508
fca0206e-7dea-4beb-bb61-2f25001588e1.xml.macaon	509	23	moyenne	moyen	adj	adj	_	22	mod	_	_	I:Sending:FE:Transport_means:G:503	B:Dimension:FE:Measurement:G:508
fca0206e-7dea-4beb-bb61-2f25001588e1.xml.macaon	510	24	(	(	ponctw	ponctw	_	28	ponct	_	_	I:Dimension:FE:Measurement:G:508
fca0206e-7dea-4beb-bb61-2f25001588e1.xml.macaon	511	25	75	75	det	det	_	26	det	_	_	I:Dimension:FE:Measurement:G:508
fca0206e-7dea-4beb-bb61-2f25001588e1.xml.macaon	512	26	centimètres	centimètre	nc	nc	_	28	suj	_	_	I:Dimension:FE:Measurement:G:508
fca0206e-7dea-4beb-bb61-2f25001588e1.xml.macaon	513	27	)	)	ponctw	ponctw	_	28	ponct	_	_	I:Dimension:FE:Measurement:G:508
fca0206e-7dea-4beb-bb61-2f25001588e1.xml.macaon	514	28	peut	pouvoir	v	v	_	5	obj	_	_
fca0206e-7dea-4beb-bb61-2f25001588e1.xml.macaon	515	29	être	être	vinf	vinf	_	30	aux_pass	_	_
fca0206e-7dea-4beb-bb61-2f25001588e1.xml.macaon	516	30	projetée	projeter	vppart	vppart	_	4	__JOKER__	_	_
fca0206e-7dea-4beb-bb61-2f25001588e1.xml.macaon	517	31	à	à	prep	prep	_	30	a_obj	_	_
fca0206e-7dea-4beb-bb61-2f25001588e1.xml.macaon	518	32	70/100	70/100	det	det	_	33	det	_	_
fca0206e-7dea-4beb-bb61-2f25001588e1.xml.macaon	519	33	m	m	nc	nc	_	31	obj	_	_
fca0206e-7dea-4beb-bb61-2f25001588e1.xml.macaon	520	34	(	(	ponctw	ponctw	_	33	ponct	_	_
fca0206e-7dea-4beb-bb61-2f25001588e1.xml.macaon	521	35	mais	mais	coo	coo	_	33	coord	_	_
fca0206e-7dea-4beb-bb61-2f25001588e1.xml.macaon	522	36	la	le	det	det	_	37	det	_	_
fca0206e-7dea-4beb-bb61-2f25001588e1.xml.macaon	523	37	précision	précision	nc	nc	_	35	dep_coord	_	_
fca0206e-7dea-4beb-bb61-2f25001588e1.xml.macaon	524	38	du	du	prep	prep	_	37	dep	_	_
fca0206e-7dea-4beb-bb61-2f25001588e1.xml.macaon	525	39	tir	tir	nc	nc	_	38	obj	_	_
fca0206e-7dea-4beb-bb61-2f25001588e1.xml.macaon	526	40	est	être	v	v	_	35	dep_coord	_	_
fca0206e-7dea-4beb-bb61-2f25001588e1.xml.macaon	527	41	moindre	moindre	adj	adj	_	40	ats	_	_
fca0206e-7dea-4beb-bb61-2f25001588e1.xml.macaon	528	42	)	)	ponctw	ponctw	_	40	ponct	_	_
fca0206e-7dea-4beb-bb61-2f25001588e1.xml.macaon	529	43	.	.	poncts	poncts	_	4	ponct	_	_

fca0206e-7dea-4beb-bb61-2f25001588e1.xml.macaon	530	1	Le	le	det	det	_	2	det	_	_	B:Hostile_encounter:FE:Instrument:G:543
fca0206e-7dea-4beb-bb61-2f25001588e1.xml.macaon	531	2	propulseur	propulseur	nc	nc	_	3	suj	_	_	I:Hostile_encounter:FE:Instrument:G:543
fca0206e-7dea-4beb-bb61-2f25001588e1.xml.macaon	532	3	peut	pouvoir	v	v	_	_	_	_	_
fca0206e-7dea-4beb-bb61-2f25001588e1.xml.macaon	533	4	aussi	aussi	adv	adv	_	3	mod	_	_
fca0206e-7dea-4beb-bb61-2f25001588e1.xml.macaon	534	5	servir	servir	vinf	vinf	_	3	obj	_	_
fca0206e-7dea-4beb-bb61-2f25001588e1.xml.macaon	535	6	pour	pour	prep	prep	_	5	mod	_	_
fca0206e-7dea-4beb-bb61-2f25001588e1.xml.macaon	536	7	un	un	det	det	_	8	det	_	_
fca0206e-7dea-4beb-bb61-2f25001588e1.xml.macaon	537	8	tir	tir	nc	nc	_	6	obj	_	_
fca0206e-7dea-4beb-bb61-2f25001588e1.xml.macaon	538	9	à	à	prep	prep	_	5	a_obj	_	_
fca0206e-7dea-4beb-bb61-2f25001588e1.xml.macaon	539	10	longue	long	adj	adj	_	11	mod	_	_
fca0206e-7dea-4beb-bb61-2f25001588e1.xml.macaon	540	11	distance	distance	nc	nc	_	9	obj	_	_
fca0206e-7dea-4beb-bb61-2f25001588e1.xml.macaon	541	12	dans	dans	prep	prep	_	5	mod	_	_
fca0206e-7dea-4beb-bb61-2f25001588e1.xml.macaon	542	13	les	le	det	det	_	14	det	_	_
fca0206e-7dea-4beb-bb61-2f25001588e1.xml.macaon	543	14	combats	combat	nc	nc	_	12	obj	_	_	B:Hostile_encounter:TARGET:combat:G:543
fca0206e-7dea-4beb-bb61-2f25001588e1.xml.macaon	544	15	.	.	poncts	poncts	_	3	ponct	_	_

fca0206e-7dea-4beb-bb61-2f25001588e1.xml.macaon	545	1	Mais	mais	coo	coo	_	_	_	_	_
fca0206e-7dea-4beb-bb61-2f25001588e1.xml.macaon	546	2	généralement	généralement	adv	adv	_	4	mod	_	_
fca0206e-7dea-4beb-bb61-2f25001588e1.xml.macaon	547	3	il	il	cln	cln	_	4	suj	_	_
fca0206e-7dea-4beb-bb61-2f25001588e1.xml.macaon	548	4	vaut	valoir	v	v	_	1	dep_coord	_	_
fca0206e-7dea-4beb-bb61-2f25001588e1.xml.macaon	549	5	mieux	mieux	adv	adv	_	4	mod	_	_
fca0206e-7dea-4beb-bb61-2f25001588e1.xml.macaon	550	6	utiliser	utiliser	vinf	vinf	_	4	obj	_	_	B:Using:TARGET:utiliser:G:550
fca0206e-7dea-4beb-bb61-2f25001588e1.xml.macaon	551	7	un	un	det	det	_	8	det	_	_
fca0206e-7dea-4beb-bb61-2f25001588e1.xml.macaon	552	8	projectile	projectile	nc	nc	_	6	obj	_	_
fca0206e-7dea-4beb-bb61-2f25001588e1.xml.macaon	553	9	léger	léger	adj	adj	_	8	mod	_	_
fca0206e-7dea-4beb-bb61-2f25001588e1.xml.macaon	554	10	.	.	poncts	poncts	_	4	ponct	_	_

fca0206e-7dea-4beb-bb61-2f25001588e1.xml.macaon	555	1	Le	le	det	det	_	2	det	_	_
fca0206e-7dea-4beb-bb61-2f25001588e1.xml.macaon	556	2	propulseur	propulseur	nc	nc	_	3	suj	_	_
fca0206e-7dea-4beb-bb61-2f25001588e1.xml.macaon	557	3	est	être	v	v	_	_	_	_	_
fca0206e-7dea-4beb-bb61-2f25001588e1.xml.macaon	558	4	plus	plus	adv	adv	_	5	mod	_	_
fca0206e-7dea-4beb-bb61-2f25001588e1.xml.macaon	559	5	efficace	efficace	adj	adj	_	3	ats	_	_
fca0206e-7dea-4beb-bb61-2f25001588e1.xml.macaon	560	6	quand	quand	csu	csu	_	3	obj	_	_
fca0206e-7dea-4beb-bb61-2f25001588e1.xml.macaon	561	7	il	il	cln	cln	_	9	suj	_	_	B:Using:FE:Instrument:G:563
fca0206e-7dea-4beb-bb61-2f25001588e1.xml.macaon	562	8	est	être	v	v	_	9	aux_tps	_	_
fca0206e-7dea-4beb-bb61-2f25001588e1.xml.macaon	563	9	utilisé	utiliser	vppart	vppart	_	6	obj	_	_	B:Using:TARGET:utiliser:G:563
fca0206e-7dea-4beb-bb61-2f25001588e1.xml.macaon	564	10	dans	dans	prep	prep	_	9	mod	_	_	B:Using:FE:Place:G:563
fca0206e-7dea-4beb-bb61-2f25001588e1.xml.macaon	565	11	un	un	det	det	_	12	det	_	_	I:Using:FE:Place:G:563
fca0206e-7dea-4beb-bb61-2f25001588e1.xml.macaon	566	12	environnement	environnement	nc	nc	_	10	obj	_	_	I:Using:FE:Place:G:563
fca0206e-7dea-4beb-bb61-2f25001588e1.xml.macaon	567	13	sans	sans	prep	prep	_	9	mod	_	_	I:Using:FE:Place:G:563
fca0206e-7dea-4beb-bb61-2f25001588e1.xml.macaon	568	14	arbres	arbre	nc	nc	_	13	obj	_	_	I:Using:FE:Place:G:563
fca0206e-7dea-4beb-bb61-2f25001588e1.xml.macaon	569	15	ou	ou	coo	coo	_	14	coord	_	_	I:Using:FE:Place:G:563
fca0206e-7dea-4beb-bb61-2f25001588e1.xml.macaon	570	16	arbustes	arbuste	nc	nc	_	15	dep_coord	_	_	I:Using:FE:Place:G:563
fca0206e-7dea-4beb-bb61-2f25001588e1.xml.macaon	571	17	,	,	ponctw	ponctw	_	14	ponct	_	_
fca0206e-7dea-4beb-bb61-2f25001588e1.xml.macaon	572	18	car	car	coo	coo	_	14	coord	_	_
fca0206e-7dea-4beb-bb61-2f25001588e1.xml.macaon	573	19	sa	son	det	det	_	20	det	_	_
fca0206e-7dea-4beb-bb61-2f25001588e1.xml.macaon	574	20	mise	mise	nc	nc	_	18	dep_coord	_	_
fca0206e-7dea-4beb-bb61-2f25001588e1.xml.macaon	575	21	en	en	prep	prep	_	20	dep	_	_
fca0206e-7dea-4beb-bb61-2f25001588e1.xml.macaon	576	22	action	action	nc	nc	_	21	obj	_	_
fca0206e-7dea-4beb-bb61-2f25001588e1.xml.macaon	577	23	demande	demander	v	v	_	6	obj	_	_	B:OTHER:G
fca0206e-7dea-4beb-bb61-2f25001588e1.xml.macaon	578	24	un	un	det	det	_	26	det	_	_
fca0206e-7dea-4beb-bb61-2f25001588e1.xml.macaon	579	25	grand	grand	adj	adj	_	26	mod	_	_
fca0206e-7dea-4beb-bb61-2f25001588e1.xml.macaon	580	26	mouvement	mouvement	nc	nc	_	23	obj	_	_
fca0206e-7dea-4beb-bb61-2f25001588e1.xml.macaon	581	27	et	et	coo	coo	_	26	coord	_	_
fca0206e-7dea-4beb-bb61-2f25001588e1.xml.macaon	582	28	son	son	det	det	_	29	det	_	_
fca0206e-7dea-4beb-bb61-2f25001588e1.xml.macaon	583	29	trajet	trajet	nc	nc	_	27	dep_coord	_	_
fca0206e-7dea-4beb-bb61-2f25001588e1.xml.macaon	584	30	nécessite	nécessiter	v	v	_	27	dep_coord	_	_
fca0206e-7dea-4beb-bb61-2f25001588e1.xml.macaon	585	31	de#l'	du	det	det	_	32	det	_	_
fca0206e-7dea-4beb-bb61-2f25001588e1.xml.macaon	586	32	espace	espace	nc	nc	_	30	obj	_	_
fca0206e-7dea-4beb-bb61-2f25001588e1.xml.macaon	587	33	sans	sans	prep	prep	_	32	dep	_	_
fca0206e-7dea-4beb-bb61-2f25001588e1.xml.macaon	588	34	obstacles	obstacle	nc	nc	_	33	obj	_	_
fca0206e-7dea-4beb-bb61-2f25001588e1.xml.macaon	589	35	.	.	poncts	poncts	_	3	__JOKER__	_	_

fca0206e-7dea-4beb-bb61-2f25001588e1.xml.macaon	590	1	Il	il	cln	cln	_	2	suj	_	_
fca0206e-7dea-4beb-bb61-2f25001588e1.xml.macaon	591	2	semble	sembler	v	v	_	_	_	_	_
fca0206e-7dea-4beb-bb61-2f25001588e1.xml.macaon	592	3	qu'	qu'	csu	csu	_	2	obj	_	_
fca0206e-7dea-4beb-bb61-2f25001588e1.xml.macaon	593	4	il	il	cln	cln	_	5	suj	_	_
fca0206e-7dea-4beb-bb61-2f25001588e1.xml.macaon	594	5	convienne	convenir	v	v	_	3	obj	_	_
fca0206e-7dea-4beb-bb61-2f25001588e1.xml.macaon	595	6	bien	bien	adv	adv	_	5	mod	_	_
fca0206e-7dea-4beb-bb61-2f25001588e1.xml.macaon	596	7	à	à	prep	prep	_	5	a_obj	_	_
fca0206e-7dea-4beb-bb61-2f25001588e1.xml.macaon	597	8	une	un	det	det	_	9	det	_	_
fca0206e-7dea-4beb-bb61-2f25001588e1.xml.macaon	598	9	chasse	chasse	nc	nc	_	7	obj	_	_	B:Hunting:TARGET:chasse:G:598
fca0206e-7dea-4beb-bb61-2f25001588e1.xml.macaon	599	10	en	en	prep	prep	_	9	dep	_	_
fca0206e-7dea-4beb-bb61-2f25001588e1.xml.macaon	600	11	groupe	groupe	nc	nc	_	10	obj	_	_
fca0206e-7dea-4beb-bb61-2f25001588e1.xml.macaon	601	12	(	(	ponctw	ponctw	_	11	ponct	_	_
fca0206e-7dea-4beb-bb61-2f25001588e1.xml.macaon	602	13	alors#que	alors#que	csu	csu	_	11	mod	_	_
fca0206e-7dea-4beb-bb61-2f25001588e1.xml.macaon	603	14	l'	le	det	det	_	15	det	_	_
fca0206e-7dea-4beb-bb61-2f25001588e1.xml.macaon	604	15	arc	arc	nc	nc	_	16	suj	_	_
fca0206e-7dea-4beb-bb61-2f25001588e1.xml.macaon	605	16	est	être	v	v	_	13	obj	_	_
fca0206e-7dea-4beb-bb61-2f25001588e1.xml.macaon	606	17	plus	plus	advneg	advneg	_	18	mod	_	_
fca0206e-7dea-4beb-bb61-2f25001588e1.xml.macaon	607	18	adapté	adapter	vppart	vppart	_	13	obj	_	_
fca0206e-7dea-4beb-bb61-2f25001588e1.xml.macaon	608	19	à	à	prep	prep	_	18	a_obj	_	_
fca0206e-7dea-4beb-bb61-2f25001588e1.xml.macaon	609	20	une	un	det	det	_	21	det	_	_
fca0206e-7dea-4beb-bb61-2f25001588e1.xml.macaon	610	21	chasse	chasse	nc	nc	_	19	obj	_	_	B:Hunting:TARGET:chasse:G:610
fca0206e-7dea-4beb-bb61-2f25001588e1.xml.macaon	611	22	individuelle	individuel	adj	adj	_	21	mod	_	_
fca0206e-7dea-4beb-bb61-2f25001588e1.xml.macaon	612	23	)	)	ponctw	ponctw	_	21	ponct	_	_
fca0206e-7dea-4beb-bb61-2f25001588e1.xml.macaon	613	24	.	.	poncts	poncts	_	2	ponct	_	_

fca0206e-7dea-4beb-bb61-2f25001588e1.xml.macaon	614	1	Le	le	det	det	_	2	det	_	_
fca0206e-7dea-4beb-bb61-2f25001588e1.xml.macaon	615	2	propulseur	propulseur	nc	nc	_	5	suj	_	_	B:Hunting:FE:Instrument:G:655
fca0206e-7dea-4beb-bb61-2f25001588e1.xml.macaon	616	3	qui	qui	prorel	prorel	_	5	suj	_	_
fca0206e-7dea-4beb-bb61-2f25001588e1.xml.macaon	617	4	ne	ne	advneg	advneg	_	5	mod	_	_
fca0206e-7dea-4beb-bb61-2f25001588e1.xml.macaon	618	5	nécessite	nécessiter	v	v	_	_	_	_	_
fca0206e-7dea-4beb-bb61-2f25001588e1.xml.macaon	619	6	que	que	csu	csu	_	5	obj	_	_
fca0206e-7dea-4beb-bb61-2f25001588e1.xml.macaon	620	7	l'	le	det	det	_	8	det	_	_
fca0206e-7dea-4beb-bb61-2f25001588e1.xml.macaon	621	8	utilisation	utilisation	nc	nc	_	13	suj	_	_	B:Using:TARGET:utilisation:G:621
fca0206e-7dea-4beb-bb61-2f25001588e1.xml.macaon	622	9	d'	de	prep	prep	_	8	dep	_	_
fca0206e-7dea-4beb-bb61-2f25001588e1.xml.macaon	623	10	un	un	det	det	_	12	det	_	_
fca0206e-7dea-4beb-bb61-2f25001588e1.xml.macaon	624	11	seul	seul	adj	adj	_	12	mod	_	_
fca0206e-7dea-4beb-bb61-2f25001588e1.xml.macaon	625	12	bras	bras	nc	nc	_	9	obj	_	_
fca0206e-7dea-4beb-bb61-2f25001588e1.xml.macaon	626	13	est	être	v	v	_	6	obj	_	_
fca0206e-7dea-4beb-bb61-2f25001588e1.xml.macaon	627	14	de	de	prep	prep	_	13	ats	_	_
fca0206e-7dea-4beb-bb61-2f25001588e1.xml.macaon	628	15	ce	ce	det	det	_	16	det	_	_
fca0206e-7dea-4beb-bb61-2f25001588e1.xml.macaon	629	16	point	point	nc	nc	_	14	obj	_	_
fca0206e-7dea-4beb-bb61-2f25001588e1.xml.macaon	630	17	de	de	prep	prep	_	16	dep	_	_
fca0206e-7dea-4beb-bb61-2f25001588e1.xml.macaon	631	18	vue	vue	nc	nc	_	17	obj	_	_
fca0206e-7dea-4beb-bb61-2f25001588e1.xml.macaon	632	19	plus	plus	adv	adv	_	20	mod	_	_
fca0206e-7dea-4beb-bb61-2f25001588e1.xml.macaon	633	20	avantageux	avantageux	adj	adj	_	18	mod	_	_
fca0206e-7dea-4beb-bb61-2f25001588e1.xml.macaon	634	21	que	que	csu	csu	_	18	mod	_	_
fca0206e-7dea-4beb-bb61-2f25001588e1.xml.macaon	635	22	l'	le	det	det	_	23	det	_	_	B:Using:FE:Instrument:G:649
fca0206e-7dea-4beb-bb61-2f25001588e1.xml.macaon	636	23	arc	arc	nc	nc	_	21	obj	_	_	I:Using:FE:Instrument:G:649
fca0206e-7dea-4beb-bb61-2f25001588e1.xml.macaon	637	24	qui	qui	prorel	prorel	_	25	suj	_	_
fca0206e-7dea-4beb-bb61-2f25001588e1.xml.macaon	638	25	demande	demander	v	v	_	21	obj	_	_	B:OTHER:G
fca0206e-7dea-4beb-bb61-2f25001588e1.xml.macaon	639	26	les	le	det	det	_	28	det	_	_
fca0206e-7dea-4beb-bb61-2f25001588e1.xml.macaon	640	27	deux	deux	adj	adj	_	28	mod	_	_
fca0206e-7dea-4beb-bb61-2f25001588e1.xml.macaon	641	28	bras	bras	nc	nc	_	25	obj	_	_
fca0206e-7dea-4beb-bb61-2f25001588e1.xml.macaon	642	29	(	(	ponctw	ponctw	_	28	ponct	_	_
fca0206e-7dea-4beb-bb61-2f25001588e1.xml.macaon	643	30	c'	c'	nc	nc	_	28	mod	_	_
fca0206e-7dea-4beb-bb61-2f25001588e1.xml.macaon	644	31	est	être	v	v	_	21	obj	_	_
fca0206e-7dea-4beb-bb61-2f25001588e1.xml.macaon	645	32	le	le	det	det	_	33	det	_	_
fca0206e-7dea-4beb-bb61-2f25001588e1.xml.macaon	646	33	cas	cas	nc	nc	_	31	ats	_	_
fca0206e-7dea-4beb-bb61-2f25001588e1.xml.macaon	647	34	pour	pour	prep	prep	_	31	mod	_	_
fca0206e-7dea-4beb-bb61-2f25001588e1.xml.macaon	648	35	son	son	det	det	_	36	det	_	_
fca0206e-7dea-4beb-bb61-2f25001588e1.xml.macaon	649	36	utilisation	utilisation	nc	nc	_	34	obj	_	_	B:Using:TARGET:utilisation:G:649
fca0206e-7dea-4beb-bb61-2f25001588e1.xml.macaon	650	37	par	par	prep	prep	_	36	dep	_	_
fca0206e-7dea-4beb-bb61-2f25001588e1.xml.macaon	651	38	les	le	det	det	_	39	det	_	_	B:Hunting:FE:Hunter:G:655
fca0206e-7dea-4beb-bb61-2f25001588e1.xml.macaon	652	39	Inuits	inuit	nc	nc	_	37	obj	_	_	I:Hunting:FE:Hunter:G:655
fca0206e-7dea-4beb-bb61-2f25001588e1.xml.macaon	653	40	dans	dans	prep	prep	_	39	dep	_	_	B:Using:FE:Explanation:G:649
fca0206e-7dea-4beb-bb61-2f25001588e1.xml.macaon	654	41	leur	son	det	det	_	42	det	_	_	I:Using:FE:Explanation:G:649
fca0206e-7dea-4beb-bb61-2f25001588e1.xml.macaon	655	42	chasse	chasse	nc	nc	_	40	obj	_	_	I:Using:FE:Explanation:G:649	B:Hunting:TARGET:chasse:G:655
fca0206e-7dea-4beb-bb61-2f25001588e1.xml.macaon	656	43	en	en	prep	prep	_	42	dep	_	_	I:Using:FE:Explanation:G:649
fca0206e-7dea-4beb-bb61-2f25001588e1.xml.macaon	657	44	kayak	kayak	nc	nc	_	43	obj	_	_	I:Using:FE:Explanation:G:649
fca0206e-7dea-4beb-bb61-2f25001588e1.xml.macaon	658	45	où	où	prorel	prorel	_	47	mod	_	_
fca0206e-7dea-4beb-bb61-2f25001588e1.xml.macaon	659	46	ils	ils	cln	cln	_	47	suj	_	_
fca0206e-7dea-4beb-bb61-2f25001588e1.xml.macaon	660	47	manient	manier	v	v	_	6	obj	_	_
fca0206e-7dea-4beb-bb61-2f25001588e1.xml.macaon	661	48	aussi	aussi	adv	adv	_	47	mod	_	_
fca0206e-7dea-4beb-bb61-2f25001588e1.xml.macaon	662	49	la	le	det	det	_	50	det	_	_
fca0206e-7dea-4beb-bb61-2f25001588e1.xml.macaon	663	50	pagaie	pagaie	nc	nc	_	47	obj	_	_
fca0206e-7dea-4beb-bb61-2f25001588e1.xml.macaon	664	51	)	)	ponctw	ponctw	_	47	ponct	_	_
fca0206e-7dea-4beb-bb61-2f25001588e1.xml.macaon	665	52	.	.	poncts	poncts	_	5	ponct	_	_
